source,target,sim_value
인구,가구,0.39145052
인구,사업체수,0.3992187
인구,취업자,0.35666922
인구,종사자수,0.338378
인구,면적,0.491891
인구,가구주,0.31737685
인구,성별,0.35018066
인구,매출액,0.30817258
인구,가구원수,0.33324462
인구,소득,0.43511158
인구,취업인구,0.35422823
인구,1인가구,0.32290816
인구,경제활동인구,0.40363806
인구,농가인구,0.4662382
인구,산업,0.33624852
인구,주택,0.3956625
인구,가구원,0.34053528
인구,이민자,0.32089612
인구,비경제활동인구,0.34650692
인구,저축액,0.31671107
인구,가구수,0.45423993
인구,실업자,0.31744608
인구,혼인상태,0.39621013
인구,연간소득,0.31218734
인구,유업자,0.37460476
인구,생산액,0.3796717
인구,종업원수,0.35609838
인구,자녀,0.338381
인구,연령,0.37117854
인구,출생아수,0.44854853
인구,총자산,0.33978006
인구,혼인,0.35653746
인구,수입액,0.32405308
인구,취업,0.32036635
인구,사망자수,0.35497725
인구,점포수,0.34664366
인구,주택수,0.37801844
인구,월평균소득,0.3361707
인구,여성인구,0.5231558
인구,출하액,0.33490813
인구,가구소득,0.34771237
인구,경지면적,0.40386224
인구,취업자수,0.42781806
인구,순자산,0.31157508
인구,가족,0.3289827
인구,실업률,0.33919835
인구,농가부채,0.31012765
인구,객실수,0.32768533
인구,보유대수,0.32188085
인구,고용률,0.34206846
인구,구성비,0.39283514
인구,사교육비,0.30630657
가구,인구,0.39145052
가구,농가,0.43884605
가구,사업체수,0.37580436
가구,취업자,0.30722973
가구,면적,0.38969025
가구,가구주,0.38063416
가구,임가,0.30893207
가구,사업체,0.3697701
가구,일반가구,0.42175615
가구,가구원수,0.37850937
가구,소득,0.38482097
가구,고령자,0.3131331
가구,1인가구,0.396025
가구,부채,0.32092565
가구,산업,0.3902164
가구,주택,0.5248278
가구,가구원,0.47641325
가구,종사자,0.30051368
가구,급여액,0.30447826
가구,가구수,0.47491625
가구,광업,0.3532374
가구,혼인상태,0.3640075
가구,연간소득,0.3826183
가구,생산액,0.35784367
가구,이혼,0.36308894
가구,종업원수,0.31114742
가구,자녀,0.3481982
가구,연령,0.34940702
가구,혼인,0.30904898
가구,수입액,0.3181317
가구,직업,0.309911
가구,취업,0.33363098
가구,임차료,0.3675649
가구,월평균소득,0.4068334
가구,여성인구,0.3075207
가구,출하액,0.32054326
가구,가구소득,0.3202454
가구,기업,0.32264674
가구,판매액,0.3442899
가구,경지면적,0.30233783
가구,취업자수,0.31912342
가구,가족,0.38175416
가구,남자,0.32394338
가구,창업,0.37345526
가구,객실수,0.3120238
가구,보유대수,0.3322919
가구,구성비,0.3184313
농가,가구,0.43884605
농가,사업체수,0.31957817
농가,임가,0.4139271
농가,사업체,0.31760648
농가,소득,0.41856894
농가,농가인구,0.39747915
농가,산업,0.31668332
농가,주택,0.37489632
농가,가구원,0.30107206
농가,재배면적,0.40325055
농가,가구수,0.36362934
농가,재배농가,0.5288659
농가,젖소,0.3999002
농가,생산비,0.34050715
농가,임차료,0.33213007
농가,기업,0.30664822
농가,경지면적,0.41056538
농가,경영주,0.32476813
농가,가족,0.34563532
농가,육우,0.39182562
농가,농업법인,0.35815576
농가,농가부채,0.42252707
농가,농기계,0.35970584
농가,육계,0.35090736
농가,산란계,0.51429504
사업체수,인구,0.3992187
사업체수,가구,0.37580436
사업체수,농가,0.31957817
사업체수,취업자,0.48521557
사업체수,종사자수,0.82178354
사업체수,면적,0.36708456
사업체수,가구주,0.40998238
사업체수,일자리,0.33095768
사업체수,사업체,0.40817064
사업체수,일반가구,0.47382343
사업체수,농가수,0.5622253
사업체수,매출액,0.4993285
사업체수,가구원수,0.55787027
사업체수,소득,0.31147248
사업체수,취업인구,0.5556626
사업체수,1인가구,0.3813982
사업체수,행정리,0.33584332
사업체수,경제활동인구,0.47405005
사업체수,농가인구,0.56767404
사업체수,산업,0.3793305
사업체수,가구원,0.42312536
사업체수,임금근로자,0.49451995
사업체수,재배면적,0.42771164
사업체수,부가가치,0.4432857
사업체수,행위자평균시간,0.30745065
사업체수,비경제활동인구,0.38481244
사업체수,종사자,0.37697312
사업체수,급여액,0.4712226
사업체수,저축액,0.41536412
사업체수,가구수,0.53467584
사업체수,제조업,0.45087022
사업체수,종업원,0.392796
사업체수,혼인상태,0.3973523
사업체수,주요지표,0.5424828
사업체수,연간소득,0.43750986
사업체수,유형고정자산,0.3435914
사업체수,유업자,0.30516943
사업체수,조직형태,0.49530134
사업체수,생산액,0.59925634
사업체수,고령자인구,0.35213602
사업체수,재배농가,0.37877917
사업체수,인건비,0.3149203
사업체수,종업원수,0.6477295
사업체수,연령,0.3164706
사업체수,영업비용,0.4772449
사업체수,출생아수,0.48521072
사업체수,교육정도,0.36676195
사업체수,총자산,0.52645224
사업체수,기업수,0.52289283
사업체수,맞벌이가구,0.30210692
사업체수,수입액,0.5275054
사업체수,비임금근로자,0.48426136
사업체수,수출입,0.363556
사업체수,경력단절여성,0.35702363
사업체수,근로여건,0.32507092
사업체수,생산비,0.3198158
사업체수,아동인구,0.3876129
사업체수,시군구,0.37429082
사업체수,경제활동상태,0.3278146
사업체수,사망자수,0.36499906
사업체수,임차료,0.40909162
사업체수,점포수,0.58927125
사업체수,주택수,0.4559095
사업체수,월평균소득,0.5302991
사업체수,호텔업,0.47481412
사업체수,여성인구,0.4779869
사업체수,출하액,0.5733905
사업체수,계약액,0.44012132
사업체수,가구소득,0.49134517
사업체수,기업규모,0.44588584
사업체수,기업,0.35931104
사업체수,판매액,0.47075456
사업체수,경지면적,0.48070493
사업체수,임금수준,0.51354814
사업체수,도소매업,0.40393108
사업체수,경영주,0.3640108
사업체수,취업자수,0.6664946
사업체수,순자산,0.41967294
사업체수,자산현황,0.47073272
사업체수,근속기간,0.35138056
사업체수,자본금,0.3817887
사업체수,개인대출,0.33132067
사업체수,농업법인,0.3383634
사업체수,법인수,0.38457376
사업체수,창업,0.32487553
사업체수,해외건설,0.35258386
사업체수,실업률,0.34301156
사업체수,농가부채,0.43839052
사업체수,객실수,0.452518
사업체수,어항시설,0.36086705
사업체수,보유대수,0.5270889
사업체수,고령자거주가구,0.32774526
사업체수,고용률,0.44638005
사업체수,소비자물가지수,0.32159314
사업체수,연금수급자,0.4557654
사업체수,근로여건만족도,0.34165993
사업체수,구성비,0.6059878
사업체수,기타경비,0.38799143
사업체수,산란계,0.35916218
사업체수,유연근무제,0.31054497
취업자,인구,0.35666922
취업자,가구,0.30722973
취업자,사업체수,0.48521557
취업자,종사자수,0.49726233
취업자,가구주,0.43088332
취업자,일자리,0.45775735
취업자,사업체,0.3685621
취업자,일반가구,0.334316
취업자,매출액,0.30369934
취업자,가구원수,0.45104066
취업자,소득,0.32826662
취업자,취업인구,0.49345878
취업자,고령자,0.37792513
취업자,1인가구,0.36177912
취업자,경제활동인구,0.5544057
취업자,농가인구,0.41509888
취업자,가구원,0.39369482
취업자,임금근로자,0.59183824
취업자,외국인,0.39706287
취업자,이민자,0.32097828
취업자,비경제활동인구,0.5229876
취업자,종사자,0.4317709
취업자,급여액,0.37808982
취업자,저축액,0.37134713
취업자,가구수,0.41167903
취업자,실업자,0.5318314
취업자,제조업,0.36693248
취업자,종업원,0.32889253
취업자,혼인상태,0.35389853
취업자,주요지표,0.42265475
취업자,연간소득,0.310922
취업자,유업자,0.33954808
취업자,생산액,0.42615476
취업자,인건비,0.34117222
취업자,종업원수,0.41640878
취업자,영업비용,0.31535468
취업자,출생아수,0.5064403
취업자,총자산,0.31408232
취업자,기업수,0.31915614
취업자,수입액,0.33517402
취업자,비임금근로자,0.45284855
취업자,경력단절여성,0.47372827
취업자,유학생,0.35243097
취업자,취업,0.39245003
취업자,근로여건,0.3759363
취업자,아동인구,0.33695245
취업자,경제활동상태,0.30360776
취업자,사망자수,0.35761082
취업자,경력단절여성인구,0.34606317
취업자,주택수,0.3654608
취업자,월평균소득,0.4740762
취업자,호텔업,0.3502316
취업자,장애인,0.30407977
취업자,여성인구,0.4844315
취업자,출하액,0.42340556
취업자,가구소득,0.48162556
취업자,기업규모,0.3634823
취업자,판매액,0.35779548
취업자,경지면적,0.32697898
취업자,임금수준,0.44324806
취업자,취업자수,0.61672896
취업자,근속기간,0.3674508
취업자,실업률,0.47547695
취업자,농가부채,0.3866402
취업자,보유대수,0.36867705
취업자,고용률,0.50617856
취업자,소비자물가지수,0.32307982
취업자,연금수급자,0.40378356
취업자,구성비,0.4090824
취업자,임금,0.3169534
취업자,유연근무제,0.34920248
종사자수,인구,0.338378
종사자수,사업체수,0.82178354
종사자수,취업자,0.49726233
종사자수,가구주,0.42322257
종사자수,일자리,0.31724352
종사자수,사업체,0.3947231
종사자수,일반가구,0.46306673
종사자수,농가수,0.5154935
종사자수,매출액,0.38985613
종사자수,가구원수,0.55711377
종사자수,취업인구,0.57304406
종사자수,1인가구,0.35073763
종사자수,행정리,0.3849477
종사자수,경제활동인구,0.47021586
종사자수,농가인구,0.46451953
종사자수,산업,0.31208494
종사자수,가구원,0.42990068
종사자수,임금근로자,0.52602977
종사자수,재배면적,0.3914441
종사자수,부가가치,0.39725423
종사자수,비경제활동인구,0.39801455
종사자수,종사자,0.51300955
종사자수,급여액,0.47059712
종사자수,저축액,0.40804142
종사자수,가구수,0.52486175
종사자수,제조업,0.41763797
종사자수,종업원,0.3921379
종사자수,혼인상태,0.36616978
종사자수,주요지표,0.5165547
종사자수,연간소득,0.42340115
종사자수,유형고정자산,0.31595495
종사자수,조직형태,0.41688958
종사자수,생산액,0.57247955
종사자수,고령자인구,0.33432463
종사자수,재배농가,0.36232919
종사자수,인건비,0.33800066
종사자수,종업원수,0.6071121
종사자수,영업비용,0.4080995
종사자수,출생아수,0.4861111
종사자수,교육정도,0.39286697
종사자수,총자산,0.45564163
종사자수,기업수,0.44707844
종사자수,맞벌이가구,0.30640063
종사자수,수입액,0.47858208
종사자수,비임금근로자,0.48702013
종사자수,수출입,0.32732308
종사자수,경력단절여성,0.39029968
종사자수,근로여건,0.31695876
종사자수,아동인구,0.44785744
종사자수,시군구,0.38326755
종사자수,사망자수,0.3728416
종사자수,임차료,0.3592574
종사자수,점포수,0.5105067
종사자수,주택수,0.4620213
종사자수,월평균소득,0.5206437
종사자수,호텔업,0.42570573
종사자수,여성인구,0.49659392
종사자수,출하액,0.5249021
종사자수,계약액,0.3777769
종사자수,가구소득,0.48273218
종사자수,기업규모,0.4074521
종사자수,판매액,0.40146253
종사자수,경지면적,0.5139846
종사자수,임금수준,0.52152896
종사자수,도소매업,0.38370872
종사자수,경영주,0.32214653
종사자수,취업자수,0.6173021
종사자수,순자산,0.3818212
종사자수,자산현황,0.39184222
종사자수,근속기간,0.3374705
종사자수,자본금,0.34808403
종사자수,농업법인,0.31632724
종사자수,연금가입자,0.30087188
종사자수,해외건설,0.34600997
종사자수,실업률,0.31909
종사자수,농가부채,0.40117928
종사자수,객실수,0.41589588
종사자수,어항시설,0.30495402
종사자수,보유대수,0.47196338
종사자수,고용률,0.39498445
종사자수,연금수급자,0.51235026
종사자수,근로여건만족도,0.31254238
종사자수,구성비,0.5100501
종사자수,기타경비,0.46318746
종사자수,산란계,0.36157927
면적,인구,0.491891
면적,가구,0.38969025
면적,사업체수,0.36708456
면적,매출액,0.31323424
면적,소득,0.33265835
면적,농가인구,0.35018456
면적,주택,0.32678366
면적,가구수,0.3893395
면적,생산액,0.36703902
면적,종업원수,0.35414627
면적,수입액,0.33896267
면적,임차료,0.33720967
면적,점포수,0.41322452
면적,주택수,0.3364324
면적,여성인구,0.30239007
면적,계약액,0.3456689
면적,경지면적,0.43068156
면적,취업자수,0.30982137
면적,객실수,0.43195018
면적,보유대수,0.31366688
면적,구성비,0.33680147
어가,임금,0.30472955
가구주,인구,0.31737685
가구주,가구,0.38063416
가구주,사업체수,0.40998238
가구주,취업자,0.43088332
가구주,종사자수,0.42322257
가구주,성별,0.38295907
가구주,사업체,0.38781846
가구주,일반가구,0.5224965
가구주,가구원수,0.6224911
가구주,소득,0.38966733
가구주,취업인구,0.50038904
가구주,고령자,0.40572327
가구주,1인가구,0.42363557
가구주,경제활동인구,0.5245039
가구주,농가인구,0.39855665
가구주,주택,0.35296768
가구주,가구원,0.6349482
가구주,임금근로자,0.52357566
가구주,신혼부부,0.3251259
가구주,비경제활동인구,0.44216472
가구주,종사자,0.31050485
가구주,급여액,0.3441399
가구주,저축액,0.4850393
가구주,가구수,0.52564585
가구주,혼인상태,0.5489314
가구주,연간소득,0.47813365
가구주,거주지,0.30464205
가구주,유업자,0.36555305
가구주,고령자인구,0.31942633
가구주,종업원수,0.31096882
가구주,자녀,0.36962327
가구주,연령,0.38838118
가구주,영업비용,0.33322132
가구주,출생아수,0.4434818
가구주,교육정도,0.47085777
가구주,혼인,0.3080421
가구주,단독주택,0.32345843
가구주,비임금근로자,0.3756776
가구주,경력단절여성,0.38251388
가구주,아동인구,0.4025265
가구주,배우자,0.3338087
가구주,시군구,0.31896177
가구주,주택수,0.45775023
가구주,월평균소득,0.60553485
가구주,여성인구,0.59271026
가구주,출하액,0.32740673
가구주,가구소득,0.64631504
가구주,기업규모,0.30748758
가구주,경지면적,0.4475668
가구주,임금수준,0.42948997
가구주,경영주,0.36905938
가구주,취업자수,0.45312983
가구주,가족,0.31562275
가구주,근속기간,0.38325468
가구주,교육비,0.3008279
가구주,남자,0.3162443
가구주,가족관계,0.3078622
가구주,고용률,0.41759583
가구주,기혼자,0.4659739
가구주,연금수급자,0.40807876
가구주,구성비,0.37114516
가구주,기타경비,0.3039078
일자리,사업체수,0.33095768
일자리,취업자,0.45775735
일자리,종사자수,0.31724352
일자리,소득,0.35298762
일자리,고령자,0.37499073
일자리,1인가구,0.37494156
일자리,경제활동인구,0.31494626
일자리,농가인구,0.35187903
일자리,임금근로자,0.33458674
일자리,부가가치,0.39424923
일자리,이민자,0.33173707
일자리,저축액,0.3175182
일자리,실업자,0.44965672
일자리,제조업,0.3487275
일자리,직업,0.3142893
일자리,경력단절여성,0.50693774
일자리,취업,0.4257276
일자리,근로여건,0.40272084
일자리,경력단절여성인구,0.39866543
일자리,장애인,0.31090325
일자리,임금수준,0.3353072
일자리,취업자수,0.31962335
일자리,창업,0.31570157
일자리,실업률,0.45019776
일자리,농가부채,0.3225914
일자리,고용률,0.487204
일자리,유연근무제,0.3050912
일자리,사교육비,0.3435721
임가,가구,0.30893207
임가,농가,0.4139271
임가,농가인구,0.32475758
임가,재배농가,0.39115685
임가,경지면적,0.3546256
임가,육우,0.40175366
임가,농업법인,0.39064103
임가,농기계,0.30086127
임가,육계,0.3032563
임가,산란계,0.33176896
성별,인구,0.35018066
성별,가구주,0.38295907
성별,가구원수,0.3360881
성별,소득,0.38669786
성별,성,0.43277708
성별,혼인상태,0.48488945
성별,거주지,0.33110568
성별,자녀,0.33751932
성별,연령,0.6021029
성별,교육정도,0.50153
성별,혼인,0.31069466
성별,직업,0.45925757
성별,월평균소득,0.365807
성별,여자,0.39499205
성별,여성인구,0.33872366
성별,가구소득,0.38828772
성별,직장,0.36791942
성별,가족,0.33404705
성별,근속기간,0.4474196
성별,남자,0.40927687
성별,가족관계,0.34261206
성별,구성비,0.36871788
사업체,가구,0.3697701
사업체,농가,0.31760648
사업체,사업체수,0.40817064
사업체,취업자,0.3685621
사업체,종사자수,0.3947231
사업체,가구주,0.38781846
사업체,일반가구,0.3231904
사업체,매출액,0.33713377
사업체,가구원수,0.40241548
사업체,1인가구,0.3062348
사업체,경제활동인구,0.31730354
사업체,주택,0.31016216
사업체,가구원,0.38277552
사업체,임금근로자,0.37307447
사업체,종사자,0.40141764
사업체,급여액,0.3044064
사업체,가구수,0.36316466
사업체,제조업,0.33106172
사업체,종업원,0.37916544
사업체,조직형태,0.3138825
사업체,생산액,0.3470703
사업체,종업원수,0.3459015
사업체,영업비용,0.37435934
사업체,총자산,0.32664594
사업체,기업수,0.30590424
사업체,수입액,0.31887525
사업체,시군구,0.30879632
사업체,임차료,0.37367103
사업체,점포수,0.344308
사업체,월평균소득,0.35855943
사업체,호텔업,0.33416733
사업체,출하액,0.30191216
사업체,가구소득,0.3502382
사업체,기업규모,0.32382017
사업체,기업,0.41401812
사업체,판매액,0.3097614
사업체,경영주,0.38218018
사업체,취업자수,0.30546904
사업체,순자산,0.30604434
사업체,자산현황,0.32236403
사업체,가족,0.3059919
사업체,신생기업,0.31363755
사업체,창업,0.32765773
사업체,객실수,0.3160749
사업체,보유대수,0.33959112
사업체,연금수급자,0.32285818
사업체,구성비,0.325685
사업체,기타경비,0.30126604
행위자비율,농가수,0.3387791
행위자비율,가구내구재,0.3108595
행위자비율,월평균가계수지,0.36404744
행위자비율,어업종사가구원,0.31156477
행위자비율,행위자평균시간,0.3040661
행위자비율,가구당월평균가계수지,0.36684558
행위자비율,유형고정자산,0.33617297
행위자비율,사회보험가입률,0.30721703
행위자비율,종사기간,0.30132192
행위자비율,사업장면적,0.32131734
행위자비율,어업종사기간,0.33456326
행위자비율,가계재무건전성,0.3031708
행위자비율,출하및연말재고액,0.3185269
행위자비율,월평균가계지출,0.30289072
행위자비율,거주가구수,0.3284019
행위자비율,법인수,0.34028938
행위자비율,고령자거주가구,0.34522802
행위자비율,신용부채비율,0.3152677
행위자비율,신용부채,0.31848696
행위자비율,가구당월평균가계지출,0.32469794
행위자비율,근로여건만족도,0.39707083
행위자비율,투입물량,0.3412622
일반가구,가구,0.42175615
일반가구,사업체수,0.47382343
일반가구,취업자,0.334316
일반가구,종사자수,0.46306673
일반가구,가구주,0.5224965
일반가구,사업체,0.3231904
일반가구,농가수,0.38131532
일반가구,가구원수,0.56206465
일반가구,취업인구,0.45367318
일반가구,고령자,0.31750357
일반가구,1인가구,0.4679951
일반가구,경제활동인구,0.37102392
일반가구,농가인구,0.48606423
일반가구,주택,0.3516049
일반가구,가구원,0.43993145
일반가구,임금근로자,0.43011734
일반가구,재배면적,0.361093
일반가구,신혼부부,0.3176833
일반가구,비경제활동인구,0.344405
일반가구,급여액,0.3111519
일반가구,저축액,0.43053183
일반가구,가구수,0.5127681
일반가구,혼인상태,0.42592913
일반가구,주요지표,0.42936054
일반가구,연간소득,0.43683788
일반가구,생산액,0.3765504
일반가구,재배농가,0.3333304
일반가구,출생아수,0.40284055
일반가구,기업수,0.32217738
일반가구,단독주택,0.3524119
일반가구,수입액,0.39431438
일반가구,비임금근로자,0.38886824
일반가구,아동인구,0.38184187
일반가구,시군구,0.3191888
일반가구,임차료,0.35369316
일반가구,점포수,0.33364797
일반가구,주택수,0.492621
일반가구,월평균소득,0.52467746
일반가구,여성인구,0.4282292
일반가구,출하액,0.42576468
일반가구,계약액,0.31369516
일반가구,가구소득,0.5306737
일반가구,판매액,0.3610739
일반가구,경지면적,0.5248924
일반가구,임금수준,0.32207975
일반가구,도소매업,0.30541223
일반가구,취업자수,0.47072428
일반가구,자산현황,0.35917884
일반가구,농업법인,0.32233036
일반가구,농가부채,0.3065211
일반가구,보유대수,0.48425102
일반가구,고용률,0.37247133
일반가구,기혼자,0.3159565
일반가구,소비자물가지수,0.31361383
일반가구,구성비,0.3407587
일반가구,기타경비,0.3464211
농가수,사업체수,0.5622253
농가수,종사자수,0.5154935
농가수,행위자비율,0.3387791
농가수,일반가구,0.38131532
농가수,가구원수,0.39455405
농가수,어가인구,0.32041392
농가수,행정리,0.32142606
농가수,농가인구,0.4004972
농가수,월평균가계수지,0.33896613
농가수,재배면적,0.3994834
농가수,행위자평균시간,0.31953698
농가수,급여액,0.3305347
농가수,저축액,0.31118387
농가수,가구수,0.30451563
농가수,가구당월평균가계수지,0.39897463
농가수,종사상지위,0.33582693
농가수,주요지표,0.38363695
농가수,유형고정자산,0.39748728
농가수,조직형태,0.3363827
농가수,생산액,0.3544873
농가수,고령자인구,0.39763886
농가수,재배농가,0.35760465
농가수,사회보험가입률,0.32106405
농가수,종업원수,0.36678204
농가수,영업비용,0.30134183
농가수,출생아수,0.31864333
농가수,교육정도,0.34721538
농가수,총자산,0.3215626
농가수,수입액,0.339642
농가수,기성액,0.39147297
농가수,비임금근로자,0.3607686
농가수,개인농가,0.37848672
농가수,종사기간,0.32370386
농가수,임차료,0.3374496
농가수,점포수,0.43029937
농가수,귀화허가자,0.31711918
농가수,주택수,0.30272987
농가수,가계재무건전성,0.37219265
농가수,월평균소득,0.42469963
농가수,출하및연말재고액,0.32455269
농가수,연간급여액,0.39826226
농가수,계약액,0.310294
농가수,경지면적,0.3836573
농가수,임금수준,0.33204487
농가수,도소매업,0.3835213
농가수,취업자수,0.34896207
농가수,거주가구수,0.35034946
농가수,자산현황,0.42417678
농가수,개인대출,0.32823166
농가수,농업법인,0.31746075
농가수,직종별연간급여액,0.33350143
농가수,판매농가,0.3160532
농가수,어업경영주,0.35853916
농가수,법인수,0.47584465
농가수,총농가,0.30983776
농가수,농가부채,0.33377436
농가수,객실수,0.42836642
농가수,주요생산비,0.31208357
농가수,어항시설,0.44687933
농가수,사육현황,0.3043832
농가수,보유대수,0.3717149
농가수,고령자거주가구,0.3977576
농가수,건물연면적규모,0.34869498
농가수,양식장면적,0.31129536
농가수,산업세분류,0.33601636
농가수,신용부채비율,0.32722068
농가수,가구당월평균가계지출,0.37299106
농가수,근로여건만족도,0.4680212
농가수,구성비,0.34584218
농가수,기타경비,0.36401442
농가수,산란계,0.31441718
매출액,인구,0.30817258
매출액,사업체수,0.4993285
매출액,취업자,0.30369934
매출액,종사자수,0.38985613
매출액,면적,0.31323424
매출액,사업체,0.33713377
매출액,가구원수,0.34153235
매출액,자산,0.33919117
매출액,부가가치,0.39761624
매출액,급여액,0.3051506
매출액,종업원,0.40828508
매출액,연간소득,0.31371266
매출액,생산액,0.51488703
매출액,인건비,0.32053322
매출액,종업원수,0.5365523
매출액,영업비용,0.4627973
매출액,출생아수,0.31914082
매출액,총자산,0.58220935
매출액,기업수,0.33871135
매출액,수입액,0.45880812
매출액,임차료,0.35722697
매출액,점포수,0.50760657
매출액,호텔업,0.30997568
매출액,출하액,0.44237593
매출액,계약액,0.39789918
매출액,가구소득,0.31627357
매출액,기업규모,0.38686123
매출액,기업,0.3610031
매출액,판매액,0.44590864
매출액,취업자수,0.40395623
매출액,순자산,0.4813966
매출액,자본금,0.46914852
매출액,보유대수,0.34118906
매출액,구성비,0.4260699
가구원수,인구,0.33324462
가구원수,가구,0.37850937
가구원수,사업체수,0.55787027
가구원수,취업자,0.45104066
가구원수,종사자수,0.55711377
가구원수,가구주,0.6224911
가구원수,성별,0.3360881
가구원수,사업체,0.40241548
가구원수,일반가구,0.56206465
가구원수,농가수,0.39455405
가구원수,매출액,0.34153235
가구원수,소득,0.43939933
가구원수,취업인구,0.4676487
가구원수,고령자,0.3850421
가구원수,1인가구,0.44443366
가구원수,경제활동인구,0.47777292
가구원수,농가인구,0.5005964
가구원수,주택,0.30546913
가구원수,가구원,0.6234085
가구원수,임금근로자,0.5526804
가구원수,재배면적,0.34686133
가구원수,부가가치,0.32382485
가구원수,비경제활동인구,0.42379102
가구원수,종사자,0.30975896
가구원수,급여액,0.51170146
가구원수,저축액,0.56560796
가구원수,가구수,0.5348945
가구원수,혼인상태,0.5256008
가구원수,주요지표,0.4283904
가구원수,연간소득,0.6059475
가구원수,유업자,0.3069038
가구원수,조직형태,0.3225916
가구원수,생산액,0.45937073
가구원수,고령자인구,0.379
가구원수,재배농가,0.3178072
가구원수,인건비,0.35345653
가구원수,종업원수,0.48644012
가구원수,연령,0.36449334
가구원수,영업비용,0.49874738
가구원수,출생아수,0.44748122
가구원수,교육정도,0.42579427
가구원수,총자산,0.40728286
가구원수,기업수,0.4588468
가구원수,수입액,0.4566264
가구원수,비임금근로자,0.46001256
가구원수,경력단절여성,0.3479873
가구원수,근로여건,0.34124687
가구원수,생산비,0.3368595
가구원수,아동인구,0.44765204
가구원수,세대구성,0.3260429
가구원수,시군구,0.3758071
가구원수,사망자수,0.3423797
가구원수,임차료,0.4726686
가구원수,점포수,0.38014787
가구원수,주택수,0.53452945
가구원수,월평균소득,0.69542843
가구원수,호텔업,0.34584635
가구원수,장애인,0.30500722
가구원수,여성인구,0.5490461
가구원수,출하액,0.38222122
가구원수,계약액,0.43921322
가구원수,가구소득,0.6644017
가구원수,기업규모,0.38491306
가구원수,판매액,0.44017765
가구원수,경지면적,0.53049594
가구원수,임금수준,0.56847954
가구원수,경영주,0.3710515
가구원수,취업자수,0.53318745
가구원수,순자산,0.41729945
가구원수,자산현황,0.4681847
가구원수,근속기간,0.43663776
가구원수,자본금,0.30651852
가구원수,개인대출,0.37420198
가구원수,농업법인,0.31834817
가구원수,교육비,0.41959095
가구원수,연금가입자,0.33195132
가구원수,농가부채,0.42541745
가구원수,객실수,0.41121352
가구원수,가족관계,0.3006483
가구원수,보유대수,0.46139053
가구원수,고용률,0.43965027
가구원수,기혼자,0.3306984
가구원수,소비자물가지수,0.4137886
가구원수,주택소유자수,0.32934883
가구원수,연금수급자,0.56900615
가구원수,구성비,0.50198126
가구원수,기타경비,0.54060966
가구원수,산란계,0.32004243
가구원수,유연근무제,0.33305314
소득,인구,0.43511158
소득,가구,0.38482097
소득,농가,0.41856894
소득,사업체수,0.31147248
소득,취업자,0.32826662
소득,면적,0.33265835
소득,가구주,0.38966733
소득,일자리,0.35298762
소득,성별,0.38669786
소득,가구원수,0.43939933
소득,취업인구,0.33227167
소득,학생,0.30146208
소득,1인가구,0.30207807
소득,부채,0.35624418
소득,자산,0.407399
소득,경제활동인구,0.33157057
소득,농가인구,0.38571742
소득,산업,0.36893553
소득,주택,0.4141059
소득,가구원,0.36247602
소득,임금근로자,0.3553389
소득,부가가치,0.3638863
소득,급여액,0.33325765
소득,저축액,0.4261582
소득,가구수,0.36384618
소득,실업자,0.39927584
소득,광업,0.32091427
소득,혼인상태,0.40994537
소득,연간소득,0.39302072
소득,유업자,0.3327228
소득,생산액,0.40019482
소득,인건비,0.30412638
소득,이혼,0.31953108
소득,자녀,0.404228
소득,연령,0.46824583
소득,영업비용,0.3019141
소득,혼인,0.34395134
소득,수입액,0.37041008
소득,직업,0.42710295
소득,취업,0.348542
소득,근로여건,0.34612954
소득,생산비,0.35809606
소득,임차료,0.37673396
소득,월평균소득,0.43443155
소득,여성인구,0.3982815
소득,출하액,0.31680077
소득,계약액,0.34245697
소득,가구소득,0.5429673
소득,기업,0.34150696
소득,판매액,0.3425282
소득,임금수준,0.3706834
소득,취업자수,0.3710723
소득,부모,0.35289997
소득,순자산,0.35189593
소득,자산현황,0.39903203
소득,가족,0.31415674
소득,근속기간,0.3286544
소득,육우,0.3131704
소득,교육비,0.38485786
소득,실업률,0.3977897
소득,농가부채,0.36218783
소득,가족관계,0.30656943
소득,고용률,0.4363813
소득,연금수급자,0.34707573
소득,육계,0.3751584
소득,구성비,0.30524716
소득,기타경비,0.3087509
소득,임금,0.4271139
소득,사교육비,0.36565876
종사자규모,통근통학인구,0.31933868
종사자규모,기업체수,0.3925999
종사자규모,어가인구,0.4368894
종사자규모,기혼여성인구,0.40558156
종사자규모,월평균가계수지,0.4664954
종사자규모,어업종사가구원,0.50130635
종사자규모,평균시간,0.33713898
종사자규모,행위자평균시간,0.47311085
종사자규모,연간판매액,0.43025884
종사자규모,가구당월평균가계수지,0.44285882
종사자규모,종사상지위,0.45784244
종사자규모,매출액규모,0.47519282
종사자규모,유형고정자산,0.49409163
종사자규모,가구당가계수지,0.36528143
종사자규모,부채잔액,0.3206449
종사자규모,어업종사자수,0.5029927
종사자규모,고령자인구,0.3973234
종사자규모,사회보험가입률,0.5049176
종사자규모,임가인구,0.4845704
종사자규모,기성액,0.4883728
종사자규모,취업여부,0.3812501
종사자규모,비임금근로자,0.37588152
종사자규모,개인농가,0.32898128
종사자규모,사교육참여율,0.32248878
종사자규모,종사기간,0.38197002
종사자규모,세대구성,0.31874484
종사자규모,사업장면적,0.36791205
종사자규모,경제활동상태,0.36589563
종사자규모,농업종사가구원,0.4602112
종사자규모,경력단절여성인구,0.30093098
종사자규모,마을수,0.44155678
종사자규모,어업종사기간,0.3731273
종사자규모,귀화허가자,0.48204938
종사자규모,가계재무건전성,0.49235445
종사자규모,성별어가인구,0.48255283
종사자규모,출하및연말재고액,0.5041858
종사자규모,임업종사가구원,0.39471588
종사자규모,연간급여액,0.42797458
종사자규모,주거전용가구,0.33865786
종사자규모,1인취업가구,0.44709194
종사자규모,수목수,0.4131675
종사자규모,총조사가구,0.42200285
종사자규모,월평균가계지출,0.44050896
종사자규모,상대표준오차,0.41014344
종사자규모,취업시간,0.4619147
종사자규모,거주가구수,0.45023438
종사자규모,사육비,0.35253707
종사자규모,재혼신혼부부,0.4260379
종사자규모,운수비용,0.45351833
종사자규모,EBS교재비,0.39758253
종사자규모,보유농가,0.431451
종사자규모,생산자본스톡,0.42978823
종사자규모,학생이외인구,0.30107397
종사자규모,직종별연간급여액,0.36680755
종사자규모,어학연수비용,0.38828343
종사자규모,출생아부모,0.34937996
종사자규모,논벼수확농가,0.53968215
종사자규모,어업경영주,0.3216031
종사자규모,법인수,0.30229628
종사자규모,연금가입자,0.36363336
종사자규모,장비대수,0.3553361
종사자규모,기혼여자,0.47284585
종사자규모,주요생산비,0.42333615
종사자규모,사육현황,0.31802088
종사자규모,고령자거주가구,0.5113931
종사자규모,건물연면적규모,0.43419224
종사자규모,EBS교재,0.30468932
종사자규모,산업소분류,0.33736172
종사자규모,양식장면적,0.47674176
종사자규모,산업세분류,0.51108295
종사자규모,신용부채비율,0.44666886
종사자규모,신용부채,0.49262807
종사자규모,가구당월평균가계지출,0.41772634
종사자규모,순자본스톡,0.4070671
종사자규모,적립금액,0.39000782
종사자규모,무급가사노동,0.34035674
종사자규모,근로여건만족도,0.554583
종사자규모,외국인수,0.3111801
종사자규모,투입물량,0.4207681
통근통학인구,종사자규모,0.31933868
통근통학인구,기업체수,0.3056717
통근통학인구,어가인구,0.31827617
통근통학인구,기혼여성인구,0.45102218
통근통학인구,월평균가계수지,0.38695633
통근통학인구,어업종사가구원,0.52575696
통근통학인구,행위자평균시간,0.37596908
통근통학인구,가구당월평균가계수지,0.44212776
통근통학인구,종사상지위,0.40479055
통근통학인구,매출액규모,0.3125197
통근통학인구,유형고정자산,0.3554363
통근통학인구,가구당가계수지,0.3581316
통근통학인구,부채잔액,0.33061677
통근통학인구,어업종사자수,0.44180262
통근통학인구,고령자인구,0.34739298
통근통학인구,사회보험가입률,0.45238957
통근통학인구,임가인구,0.39268026
통근통학인구,기성액,0.34101027
통근통학인구,취업여부,0.39868745
통근통학인구,비임금근로자,0.30200383
통근통학인구,종사기간,0.3105239
통근통학인구,세대구성,0.30294964
통근통학인구,사업장면적,0.30345413
통근통학인구,경제활동상태,0.39137954
통근통학인구,농업종사가구원,0.46900326
통근통학인구,경력단절여성인구,0.3493874
통근통학인구,마을수,0.30909175
통근통학인구,어업종사기간,0.433432
통근통학인구,귀화허가자,0.36724353
통근통학인구,가계재무건전성,0.45676827
통근통학인구,성별어가인구,0.37939724
통근통학인구,출하및연말재고액,0.4194316
통근통학인구,임업종사가구원,0.44380236
통근통학인구,연간급여액,0.338277
통근통학인구,주거전용가구,0.31193614
통근통학인구,총조사가구,0.34586412
통근통학인구,월평균가계지출,0.4036577
통근통학인구,상대표준오차,0.3595874
통근통학인구,취업시간,0.44038376
통근통학인구,거주가구수,0.40001714
통근통학인구,재혼신혼부부,0.46335584
통근통학인구,운수비용,0.40159082
통근통학인구,EBS교재비,0.32488462
통근통학인구,보유농가,0.3675114
통근통학인구,어학연수비용,0.43073398
통근통학인구,출생아부모,0.33094114
통근통학인구,논벼수확농가,0.37071127
통근통학인구,연금가입자,0.332401
통근통학인구,장비대수,0.31853133
통근통학인구,기혼여자,0.35955217
통근통학인구,주요생산비,0.3805792
통근통학인구,고령자거주가구,0.4385233
통근통학인구,건물연면적규모,0.39203534
통근통학인구,산업소분류,0.30213338
통근통학인구,양식장면적,0.37435496
통근통학인구,산업세분류,0.41542178
통근통학인구,신용부채비율,0.3899726
통근통학인구,신용부채,0.43388256
통근통학인구,주택소유자수,0.37512338
통근통학인구,가구당월평균가계지출,0.44851273
통근통학인구,순자본스톡,0.3573843
통근통학인구,적립금액,0.34798217
통근통학인구,근로여건만족도,0.41618454
통근통학인구,외국인수,0.31118587
통근통학인구,투입물량,0.38442132
기업체수,종사자규모,0.3925999
기업체수,통근통학인구,0.3056717
기업체수,어가인구,0.49211544
기업체수,기혼여성인구,0.4411424
기업체수,월평균가계수지,0.49955538
기업체수,어업종사가구원,0.5320796
기업체수,평균시간,0.35954776
기업체수,행위자평균시간,0.4496427
기업체수,어가수,0.360057
기업체수,연간판매액,0.39203197
기업체수,가구당월평균가계수지,0.43710136
기업체수,재등록자,0.36068055
기업체수,종사상지위,0.43901432
기업체수,매출액규모,0.4461249
기업체수,유형고정자산,0.37918004
기업체수,가구당가계수지,0.30731606
기업체수,부채잔액,0.41571853
기업체수,어업종사자수,0.52408624
기업체수,고령자인구,0.36476567
기업체수,사회보험가입률,0.46273783
기업체수,임가인구,0.53221214
기업체수,기성액,0.48774558
기업체수,자본금규모,0.32333103
기업체수,취업여부,0.41169664
기업체수,종사기간,0.42776853
기업체수,사업장면적,0.41410598
기업체수,경제활동상태,0.3434122
기업체수,농업종사가구원,0.45888
기업체수,경력단절여성인구,0.3202392
기업체수,마을수,0.36477685
기업체수,어업종사기간,0.4531266
기업체수,귀화허가자,0.50396216
기업체수,가계재무건전성,0.5413755
기업체수,성별어가인구,0.3477507
기업체수,출하및연말재고액,0.5330796
기업체수,임업종사가구원,0.4376811
기업체수,연간급여액,0.43030703
기업체수,주거전용가구,0.36421567
기업체수,부인수,0.33212012
기업체수,1인취업가구,0.41777563
기업체수,수목수,0.34651792
기업체수,총조사가구,0.3915919
기업체수,월평균가계지출,0.4778142
기업체수,상대표준오차,0.4888142
기업체수,취업시간,0.4075445
기업체수,거주가구수,0.47336742
기업체수,사육비,0.338137
기업체수,재혼신혼부부,0.43420824
기업체수,운수비용,0.37912053
기업체수,EBS교재비,0.40623656
기업체수,보유농가,0.47116667
기업체수,생산자본스톡,0.37595353
기업체수,학생이외인구,0.3167455
기업체수,직종별연간급여액,0.32238397
기업체수,출생아부모,0.44408688
기업체수,논벼수확농가,0.5647262
기업체수,법인수,0.35151216
기업체수,연금가입자,0.36364076
기업체수,장비대수,0.3558209
기업체수,기혼여자,0.36947116
기업체수,주요생산비,0.4698112
기업체수,고령자거주가구,0.49277815
기업체수,건물연면적규모,0.3879437
기업체수,양식장면적,0.49842113
기업체수,산업세분류,0.5161933
기업체수,신용부채비율,0.4588053
기업체수,신용부채,0.50268227
기업체수,가구당월평균가계지출,0.41133854
기업체수,순자본스톡,0.43693185
기업체수,적립금액,0.37461388
기업체수,근로여건만족도,0.5184153
기업체수,외국인수,0.35833022
기업체수,투입물량,0.4333071
취업인구,인구,0.35422823
취업인구,사업체수,0.5556626
취업인구,취업자,0.49345878
취업인구,종사자수,0.57304406
취업인구,가구주,0.50038904
취업인구,일반가구,0.45367318
취업인구,가구원수,0.4676487
취업인구,소득,0.33227167
취업인구,고령자,0.34296396
취업인구,1인가구,0.37236512
취업인구,경제활동인구,0.53124714
취업인구,농가인구,0.5265127
취업인구,산업,0.34729454
취업인구,가구원,0.38648272
취업인구,임금근로자,0.54734737
취업인구,재배면적,0.3606976
취업인구,부가가치,0.34254485
취업인구,비경제활동인구,0.44966447
취업인구,종사자,0.39299417
취업인구,급여액,0.32140645
취업인구,저축액,0.38682958
취업인구,가구수,0.47114262
취업인구,실업자,0.3143425
취업인구,제조업,0.365208
취업인구,혼인상태,0.4656877
취업인구,주요지표,0.40480757
취업인구,연간소득,0.44213662
취업인구,유업자,0.43033674
취업인구,생산액,0.45707852
취업인구,종업원수,0.37033975
취업인구,영업비용,0.39708596
취업인구,출생아수,0.4995851
취업인구,교육정도,0.33702853
취업인구,총자산,0.30730775
취업인구,기업수,0.37647563
취업인구,수입액,0.43137154
취업인구,비임금근로자,0.42817757
취업인구,의료서비스,0.30745885
취업인구,경력단절여성,0.35284418
취업인구,근로여건,0.3819939
취업인구,아동인구,0.5026915
취업인구,사망자수,0.35001543
취업인구,경력단절여성인구,0.3000421
취업인구,점포수,0.30365273
취업인구,주택수,0.52377325
취업인구,월평균소득,0.5019286
취업인구,호텔업,0.33039495
취업인구,여성인구,0.65320075
취업인구,출하액,0.5151519
취업인구,계약액,0.33423594
취업인구,가구소득,0.5138996
취업인구,기업규모,0.35395488
취업인구,판매액,0.31723732
취업인구,경지면적,0.5300753
취업인구,임금수준,0.47398382
취업인구,취업자수,0.615197
취업인구,자산현황,0.35139892
취업인구,근속기간,0.36211565
취업인구,실업률,0.3822243
취업인구,농가부채,0.3925014
취업인구,보유대수,0.38613987
취업인구,고용률,0.46956208
취업인구,연금수급자,0.44967642
취업인구,구성비,0.44687107
취업인구,유연근무제,0.32519644
고령자,가구,0.3131331
고령자,취업자,0.37792513
고령자,가구주,0.40572327
고령자,일자리,0.37499073
고령자,일반가구,0.31750357
고령자,가구원수,0.3850421
고령자,취업인구,0.34296396
고령자,1인가구,0.44714528
고령자,경제활동인구,0.42036113
고령자,농가인구,0.31100383
고령자,가구원,0.36801434
고령자,임금근로자,0.36210626
고령자,비경제활동인구,0.36535
고령자,종사자,0.33181056
고령자,혼인상태,0.32837433
고령자,고령자인구,0.39883295
고령자,비임금근로자,0.34180275
고령자,의료서비스,0.36077556
고령자,경력단절여성,0.44321397
고령자,근로여건,0.33233833
고령자,아동인구,0.31455803
고령자,경력단절여성인구,0.3693025
고령자,월평균소득,0.40917733
고령자,장애인,0.47985533
고령자,여성인구,0.3899091
고령자,가구소득,0.3321163
고령자,임금수준,0.34795067
고령자,취업자수,0.3088212
고령자,고용률,0.31438184
고령자,기혼자,0.30783108
고령자,연금수급자,0.357482
고령자,구성비,0.31327346
학생,소득,0.30146208
학생,가구원,0.31463414
학생,외국인,0.31930348
학생,이민자,0.3076447
학생,자녀,0.35081637
학생,연령,0.37711698
학생,직업,0.31031126
학생,유학생,0.4707864
학생,취업,0.30736673
학생,여자,0.34731555
학생,가구소득,0.3368524
학생,기업,0.31227276
학생,부모,0.37565014
학생,가족,0.36906418
학생,남자,0.34306324
학생,창업,0.3283686
학생,청소년,0.37253112
학생,기혼자,0.3074991
1인가구,인구,0.32290816
1인가구,가구,0.396025
1인가구,사업체수,0.3813982
1인가구,취업자,0.36177912
1인가구,종사자수,0.35073763
1인가구,가구주,0.42363557
1인가구,일자리,0.37494156
1인가구,사업체,0.3062348
1인가구,일반가구,0.4679951
1인가구,가구원수,0.44443366
1인가구,소득,0.30207807
1인가구,취업인구,0.37236512
1인가구,고령자,0.44714528
1인가구,경제활동인구,0.40218022
1인가구,농가인구,0.4301606
1인가구,주택,0.33072937
1인가구,가구원,0.36566815
1인가구,임금근로자,0.39891
1인가구,이민자,0.34071085
1인가구,신혼부부,0.48941854
1인가구,비경제활동인구,0.3597259
1인가구,저축액,0.39963332
1인가구,가구수,0.43329787
1인가구,실업자,0.32296586
1인가구,혼인상태,0.30916885
1인가구,연간소득,0.37308732
1인가구,고령자인구,0.30269265
1인가구,출생아수,0.33330852
1인가구,단독주택,0.30790094
1인가구,맞벌이가구,0.32753408
1인가구,비임금근로자,0.3328619
1인가구,경력단절여성,0.38177603
1인가구,아동인구,0.35036924
1인가구,주택수,0.30901027
1인가구,월평균소득,0.41244262
1인가구,여성인구,0.3889781
1인가구,가구소득,0.407153
1인가구,경지면적,0.33045197
1인가구,취업자수,0.41555429
1인가구,자산현황,0.32451376
1인가구,농가부채,0.34355745
1인가구,고용률,0.38100386
1인가구,기혼자,0.3098943
1인가구,연금수급자,0.3125251
1인가구,구성비,0.33520728
1인가구,유연근무제,0.33534282
1인가구,사교육비,0.33831623
부채,가구,0.32092565
부채,소득,0.35624418
부채,자산,0.4905113
부채,주택,0.33670512
부채,급여액,0.34440997
부채,영업비용,0.3147948
부채,수입액,0.313395
부채,임차료,0.32664064
부채,계약액,0.3405832
부채,기업,0.34433186
부채,판매액,0.30679026
부채,순자산,0.33834732
부채,농가부채,0.34195668
부채,임금,0.31119055
자산,매출액,0.33919117
자산,소득,0.407399
자산,부채,0.4905113
자산,주택,0.39162928
자산,광업,0.34638628
자산,생산액,0.32890958
자산,영업비용,0.35864842
자산,총자산,0.43063328
자산,수입액,0.30987337
자산,임차료,0.31547722
자산,계약액,0.3082012
자산,기업,0.43044013
자산,판매액,0.32785085
자산,순자산,0.52450943
자산,자산현황,0.317877
자산,가족,0.30070746
자산,자본금,0.32137308
이동인구,연간판매액,0.31575125
이동인구,기성액,0.31955674
이동인구,고령자거주가구,0.33551267
어가인구,농가수,0.32041392
어가인구,종사자규모,0.4368894
어가인구,통근통학인구,0.31827617
어가인구,기업체수,0.49211544
어가인구,가구내구재,0.35819486
어가인구,기혼여성인구,0.50924975
어가인구,월평균가계수지,0.6013713
어가인구,어업종사가구원,0.6217265
어가인구,평균시간,0.5043784
어가인구,행위자평균시간,0.6132838
어가인구,어가수,0.388147
어가인구,연간판매액,0.5620844
어가인구,가구당월평균가계수지,0.5556549
어가인구,재등록자,0.31568533
어가인구,종사상지위,0.57190794
어가인구,매출액규모,0.52075654
어가인구,유형고정자산,0.5623123
어가인구,가구당가계수지,0.4702623
어가인구,부채잔액,0.41046372
어가인구,어업종사자수,0.6215769
어가인구,고령자인구,0.48326638
어가인구,사회보험가입률,0.5623255
어가인구,임가인구,0.5028229
어가인구,기성액,0.6714597
어가인구,자본금규모,0.32926106
어가인구,취업여부,0.38797334
어가인구,비임금근로자,0.39334598
어가인구,사교육참여율,0.38952702
어가인구,종사기간,0.51502556
어가인구,사업장면적,0.4115644
어가인구,경제활동상태,0.4438442
어가인구,농업종사가구원,0.5650545
어가인구,경력단절여성인구,0.34805465
어가인구,마을수,0.47631413
어가인구,통계인력,0.39559153
어가인구,어업종사기간,0.4877616
어가인구,귀화허가자,0.6186495
어가인구,가계재무건전성,0.64785796
어가인구,성별어가인구,0.5420585
어가인구,출하및연말재고액,0.6305679
어가인구,임업종사가구원,0.4991218
어가인구,연간급여액,0.54489905
어가인구,주거전용가구,0.47988695
어가인구,부인수,0.4045277
어가인구,1인취업가구,0.5429669
어가인구,수목수,0.44326183
어가인구,총조사가구,0.4616509
어가인구,월평균가계지출,0.5471602
어가인구,상대표준오차,0.560635
어가인구,취업시간,0.5181198
어가인구,거주가구수,0.6024237
어가인구,사육비,0.49204108
어가인구,재혼신혼부부,0.5758765
어가인구,운수비용,0.44623137
어가인구,EBS교재비,0.3708913
어가인구,보유농가,0.6047711
어가인구,생산자본스톡,0.49725074
어가인구,직종별연간급여액,0.41117135
어가인구,출생아부모,0.52275115
어가인구,논벼수확농가,0.6349108
어가인구,어업경영주,0.32732823
어가인구,법인수,0.50884664
어가인구,연금가입자,0.48802942
어가인구,임가수,0.44499823
어가인구,장비대수,0.4201778
어가인구,기혼여자,0.41254017
어가인구,주요생산비,0.56528664
어가인구,사육현황,0.423378
어가인구,고령자거주가구,0.67402744
어가인구,건물연면적규모,0.5653978
어가인구,양식장면적,0.5991473
어가인구,산업세분류,0.64911854
어가인구,신용부채비율,0.4967141
어가인구,신용부채,0.5301829
어가인구,주택소유자수,0.40178788
어가인구,가구당월평균가계지출,0.51015073
어가인구,순자본스톡,0.5018376
어가인구,적립금액,0.579495
어가인구,무급가사노동,0.39931446
어가인구,근로여건만족도,0.68076074
어가인구,외국인수,0.4389497
어가인구,투입물량,0.46742743
행정리,사업체수,0.33584332
행정리,종사자수,0.3849477
행정리,농가수,0.32142606
행정리,가구수,0.349436
행정리,시군구,0.3467573
행정리,점포수,0.36757836
행정리,월평균소득,0.33437842
행정리,경지면적,0.33775172
행정리,객실수,0.36977038
행정리,행정구역,0.36685684
경제활동인구,인구,0.40363806
경제활동인구,사업체수,0.47405005
경제활동인구,취업자,0.5544057
경제활동인구,종사자수,0.47021586
경제활동인구,가구주,0.5245039
경제활동인구,일자리,0.31494626
경제활동인구,사업체,0.31730354
경제활동인구,일반가구,0.37102392
경제활동인구,가구원수,0.47777292
경제활동인구,소득,0.33157057
경제활동인구,취업인구,0.53124714
경제활동인구,고령자,0.42036113
경제활동인구,1인가구,0.40218022
경제활동인구,농가인구,0.44509637
경제활동인구,기혼여성인구,0.3844477
경제활동인구,가구원,0.41283834
경제활동인구,임금근로자,0.5864637
경제활동인구,재배면적,0.30811352
경제활동인구,비경제활동인구,0.79292375
경제활동인구,종사자,0.30916157
경제활동인구,급여액,0.3038777
경제활동인구,저축액,0.3902863
경제활동인구,가구수,0.45573843
경제활동인구,실업자,0.41227472
경제활동인구,혼인상태,0.36738205
경제활동인구,주요지표,0.41972384
경제활동인구,연간소득,0.37706524
경제활동인구,유업자,0.39427117
경제활동인구,생산액,0.35731468
경제활동인구,고령자인구,0.32989794
경제활동인구,종업원수,0.37912816
경제활동인구,영업비용,0.3452563
경제활동인구,출생아수,0.52001745
경제활동인구,교육정도,0.35407263
경제활동인구,총자산,0.31441247
경제활동인구,기업수,0.30250886
경제활동인구,수입액,0.37386358
경제활동인구,비임금근로자,0.5119498
경제활동인구,경력단절여성,0.383064
경제활동인구,아동인구,0.39494234
경제활동인구,경제활동상태,0.5032546
경제활동인구,사망자수,0.3533688
경제활동인구,경력단절여성인구,0.34208417
경제활동인구,주택수,0.4079666
경제활동인구,월평균소득,0.49786168
경제활동인구,여성인구,0.58825547
경제활동인구,출하액,0.43485528
경제활동인구,가구소득,0.53875846
경제활동인구,기업규모,0.31176525
경제활동인구,판매액,0.3075225
경제활동인구,경지면적,0.37079254
경제활동인구,임금수준,0.46940255
경제활동인구,취업자수,0.5675015
경제활동인구,근속기간,0.41065988
경제활동인구,실업률,0.456415
경제활동인구,농가부채,0.34150293
경제활동인구,보유대수,0.334011
경제활동인구,고용률,0.5042704
경제활동인구,소비자물가지수,0.3625636
경제활동인구,연금수급자,0.4134617
경제활동인구,구성비,0.4266836
경제활동인구,유연근무제,0.3182482
경제활동인구,사교육비,0.32725736
농가인구,인구,0.4662382
농가인구,농가,0.39747915
농가인구,사업체수,0.56767404
농가인구,취업자,0.41509888
농가인구,종사자수,0.46451953
농가인구,면적,0.35018456
농가인구,가구주,0.39855665
농가인구,일자리,0.35187903
농가인구,임가,0.32475758
농가인구,일반가구,0.48606423
농가인구,농가수,0.4004972
농가인구,가구원수,0.5005964
농가인구,소득,0.38571742
농가인구,취업인구,0.5265127
농가인구,고령자,0.31100383
농가인구,1인가구,0.4301606
농가인구,경제활동인구,0.44509637
농가인구,주택,0.3085871
농가인구,가구원,0.33633143
농가인구,임금근로자,0.4294226
농가인구,재배면적,0.5547089
농가인구,부가가치,0.33502018
농가인구,비경제활동인구,0.37479362
농가인구,급여액,0.32285655
농가인구,저축액,0.34027496
농가인구,가구수,0.5088935
농가인구,실업자,0.3355637
농가인구,혼인상태,0.41070738
농가인구,주요지표,0.46284974
농가인구,연간소득,0.35971585
농가인구,유업자,0.33170122
농가인구,생산액,0.47782648
농가인구,고령자인구,0.36545235
농가인구,재배농가,0.5395323
농가인구,종업원수,0.40333578
농가인구,영업비용,0.3195369
농가인구,출생아수,0.5257143
농가인구,총자산,0.3529856
농가인구,기업수,0.37655953
농가인구,수입액,0.42814395
농가인구,비임금근로자,0.3492515
농가인구,경력단절여성,0.34814355
농가인구,근로여건,0.4258194
농가인구,생산비,0.4029131
농가인구,아동인구,0.319285
농가인구,사망자수,0.3124007
농가인구,임차료,0.36472282
농가인구,점포수,0.37324572
농가인구,주택수,0.5329829
농가인구,월평균소득,0.39175963
농가인구,여성인구,0.5746779
농가인구,출하액,0.44768897
농가인구,계약액,0.40408623
농가인구,가구소득,0.45479673
농가인구,기업규모,0.30555275
농가인구,판매액,0.3260994
농가인구,경지면적,0.56688774
농가인구,임금수준,0.40751413
농가인구,취업자수,0.6235694
농가인구,자산현황,0.3529718
농가인구,개인대출,0.30176976
농가인구,육우,0.33689696
농가인구,농업법인,0.43518662
농가인구,실업률,0.32143113
농가인구,농가부채,0.5598455
농가인구,어항시설,0.31768212
농가인구,보유대수,0.40347394
농가인구,고용률,0.4538524
농가인구,소비자물가지수,0.34038842
농가인구,연금수급자,0.3800011
농가인구,육계,0.3215115
농가인구,구성비,0.41353622
농가인구,산란계,0.46621758
농가인구,유연근무제,0.30129796
농가인구,사교육비,0.37754706
산업,인구,0.33624852
산업,가구,0.3902164
산업,농가,0.31668332
산업,사업체수,0.3793305
산업,종사자수,0.31208494
산업,소득,0.36893553
산업,취업인구,0.34729454
산업,주택,0.40485966
산업,부가가치,0.3322732
산업,종사자,0.38670385
산업,제조업,0.49848673
산업,광업,0.58907574
산업,주요지표,0.33067155
산업,생산액,0.45516747
산업,연령,0.32358706
산업,수입액,0.31082034
산업,직업,0.3845193
산업,취업,0.35788998
산업,호텔업,0.38140073
산업,출하액,0.38699064
산업,기업,0.55520874
산업,도소매업,0.33462197
산업,가족,0.3175026
산업,창업,0.35141876
산업,농기계,0.30534655
주택,인구,0.3956625
주택,가구,0.5248278
주택,농가,0.37489632
주택,면적,0.32678366
주택,가구주,0.35296768
주택,사업체,0.31016216
주택,일반가구,0.3516049
주택,가구원수,0.30546913
주택,소득,0.4141059
주택,1인가구,0.33072937
주택,부채,0.33670512
주택,자산,0.39162928
주택,농가인구,0.3085871
주택,산업,0.40485966
주택,가구원,0.33137515
주택,성,0.30510235
주택,가구수,0.4957818
주택,광업,0.32415196
주택,거주지,0.31326678
주택,이혼,0.365931
주택,자녀,0.3439362
주택,연령,0.32702848
주택,혼인,0.32749918
주택,단독주택,0.5408592
주택,취업,0.33473238
주택,임차료,0.3848721
주택,주택수,0.3408715
주택,기업,0.31771395
주택,경지면적,0.3239134
주택,직장,0.30560157
주택,자산현황,0.31202084
주택,가족,0.35069782
주택,농가부채,0.308453
주택,기혼자,0.33300287
가구내구재,행위자비율,0.3108595
가구내구재,어가인구,0.35819486
가구내구재,기혼여성인구,0.34049016
가구내구재,월평균가계수지,0.37636515
가구내구재,어업종사가구원,0.3774201
가구내구재,평균시간,0.31062046
가구내구재,행위자평균시간,0.33627364
가구내구재,어가수,0.40196395
가구내구재,연간판매액,0.30460465
가구내구재,가구당월평균가계수지,0.3606671
가구내구재,종사상지위,0.37602997
가구내구재,매출액규모,0.33005825
가구내구재,유형고정자산,0.32618216
가구내구재,가구당가계수지,0.3062727
가구내구재,어업종사자수,0.40568644
가구내구재,고령자인구,0.37078062
가구내구재,사회보험가입률,0.31673947
가구내구재,부채액,0.32806912
가구내구재,기성액,0.35340565
가구내구재,취업여부,0.3092057
가구내구재,사업장면적,0.37700015
가구내구재,농업종사가구원,0.37682196
가구내구재,마을수,0.38619
가구내구재,어업종사기간,0.3255457
가구내구재,귀화허가자,0.3827723
가구내구재,가계재무건전성,0.39898068
가구내구재,성별어가인구,0.35923752
가구내구재,출하및연말재고액,0.3721697
가구내구재,임업종사가구원,0.3316051
가구내구재,주거전용가구,0.3434107
가구내구재,1인취업가구,0.32159612
가구내구재,상대표준오차,0.3225745
가구내구재,취업시간,0.38617763
가구내구재,거주가구수,0.4020793
가구내구재,재혼신혼부부,0.32637915
가구내구재,보유농가,0.33634052
가구내구재,생산자본스톡,0.35856023
가구내구재,출생아부모,0.37836224
가구내구재,논벼수확농가,0.33616966
가구내구재,법인수,0.3390304
가구내구재,기혼여자,0.35651612
가구내구재,주요생산비,0.33681723
가구내구재,고령자거주가구,0.44032255
가구내구재,양식장면적,0.3827592
가구내구재,산업세분류,0.38358304
가구내구재,신용부채비율,0.33775893
가구내구재,신용부채,0.3690577
가구내구재,가구당월평균가계지출,0.30296144
가구내구재,근로여건만족도,0.42574248
시간,연령,0.36639556
기혼여성인구,종사자규모,0.40558156
기혼여성인구,통근통학인구,0.45102218
기혼여성인구,기업체수,0.4411424
기혼여성인구,어가인구,0.50924975
기혼여성인구,경제활동인구,0.3844477
기혼여성인구,가구내구재,0.34049016
기혼여성인구,월평균가계수지,0.5228054
기혼여성인구,임금근로자,0.32024384
기혼여성인구,어업종사가구원,0.5537266
기혼여성인구,평균시간,0.39700842
기혼여성인구,행위자평균시간,0.43100277
기혼여성인구,어가수,0.4511292
기혼여성인구,비경제활동인구,0.30067167
기혼여성인구,연간판매액,0.43938214
기혼여성인구,가구당월평균가계수지,0.5295653
기혼여성인구,종사상지위,0.5138746
기혼여성인구,매출액규모,0.48729882
기혼여성인구,유형고정자산,0.4704934
기혼여성인구,가구당가계수지,0.3741259
기혼여성인구,부채잔액,0.32430375
기혼여성인구,어업종사자수,0.58659625
기혼여성인구,고령자인구,0.52684414
기혼여성인구,사회보험가입률,0.6341722
기혼여성인구,출생아수,0.32403708
기혼여성인구,맞벌이가구,0.36914602
기혼여성인구,임가인구,0.4450172
기혼여성인구,기성액,0.4844519
기혼여성인구,자본금규모,0.33143646
기혼여성인구,취업여부,0.47007
기혼여성인구,비임금근로자,0.49334905
기혼여성인구,경력단절여성,0.32017514
기혼여성인구,종사기간,0.5006471
기혼여성인구,사업장면적,0.3523458
기혼여성인구,경제활동상태,0.52276045
기혼여성인구,농업종사가구원,0.4596152
기혼여성인구,경력단절여성인구,0.52423304
기혼여성인구,마을수,0.44478804
기혼여성인구,통계인력,0.32697564
기혼여성인구,어업종사기간,0.4927711
기혼여성인구,귀화허가자,0.49731863
기혼여성인구,가계재무건전성,0.5933171
기혼여성인구,월평균소득,0.3631767
기혼여성인구,성별어가인구,0.48954245
기혼여성인구,출하및연말재고액,0.44911054
기혼여성인구,임업종사가구원,0.43657148
기혼여성인구,연간급여액,0.44620857
기혼여성인구,주거전용가구,0.5189523
기혼여성인구,부인수,0.31220445
기혼여성인구,1인취업가구,0.41686282
기혼여성인구,수목수,0.38978067
기혼여성인구,총조사가구,0.37398273
기혼여성인구,임금수준,0.33419892
기혼여성인구,월평균가계지출,0.47052124
기혼여성인구,다문화가구,0.34352094
기혼여성인구,상대표준오차,0.517527
기혼여성인구,취업시간,0.49563894
기혼여성인구,거주가구수,0.52747035
기혼여성인구,사육비,0.41176617
기혼여성인구,재혼신혼부부,0.5359826
기혼여성인구,운수비용,0.46178156
기혼여성인구,EBS교재비,0.38922885
기혼여성인구,보유농가,0.45723438
기혼여성인구,생산자본스톡,0.3898656
기혼여성인구,직종별연간급여액,0.33941
기혼여성인구,어학연수비용,0.33357364
기혼여성인구,출생아부모,0.5274505
기혼여성인구,논벼수확농가,0.53723866
기혼여성인구,법인수,0.3126257
기혼여성인구,연금가입자,0.4657269
기혼여성인구,장비대수,0.4091936
기혼여성인구,기혼여자,0.4581022
기혼여성인구,주요생산비,0.52390105
기혼여성인구,고령자거주가구,0.5859068
기혼여성인구,건물연면적규모,0.4593704
기혼여성인구,양식장면적,0.4710642
기혼여성인구,산업세분류,0.5624927
기혼여성인구,신용부채비율,0.5406805
기혼여성인구,신용부채,0.5811985
기혼여성인구,주택소유자수,0.44188195
기혼여성인구,가구당월평균가계지출,0.4900075
기혼여성인구,순자본스톡,0.44303787
기혼여성인구,적립금액,0.41891295
기혼여성인구,무급가사노동,0.38217163
기혼여성인구,근로여건만족도,0.5440685
기혼여성인구,외국인수,0.4356289
기혼여성인구,투입물량,0.48289716
월평균가계수지,행위자비율,0.36404744
월평균가계수지,농가수,0.33896613
월평균가계수지,종사자규모,0.4664954
월평균가계수지,통근통학인구,0.38695633
월평균가계수지,기업체수,0.49955538
월평균가계수지,어가인구,0.6013713
월평균가계수지,가구내구재,0.37636515
월평균가계수지,기혼여성인구,0.5228054
월평균가계수지,어업종사가구원,0.6089649
월평균가계수지,평균시간,0.46286246
월평균가계수지,행위자평균시간,0.53387594
월평균가계수지,어가수,0.4726836
월평균가계수지,수확면적,0.30830607
월평균가계수지,연간판매액,0.47998005
월평균가계수지,가구당월평균가계수지,0.78152186
월평균가계수지,재등록자,0.39561272
월평균가계수지,종사상지위,0.5921812
월평균가계수지,매출액규모,0.4391778
월평균가계수지,유형고정자산,0.47469816
월평균가계수지,가구당가계수지,0.6171418
월평균가계수지,부채잔액,0.41809875
월평균가계수지,어업종사자수,0.63477707
월평균가계수지,고령자인구,0.5474917
월평균가계수지,사회보험가입률,0.5651292
월평균가계수지,이동자수,0.41289717
월평균가계수지,맞벌이가구,0.31592897
월평균가계수지,임가인구,0.50899696
월평균가계수지,기성액,0.5959162
월평균가계수지,자본금규모,0.3929106
월평균가계수지,취업여부,0.48078212
월평균가계수지,비임금근로자,0.3325202
월평균가계수지,개인농가,0.329544
월평균가계수지,사교육참여율,0.38712972
월평균가계수지,종사기간,0.50243384
월평균가계수지,세대구성,0.32546234
월평균가계수지,사업장면적,0.5448925
월평균가계수지,경제활동상태,0.43750736
월평균가계수지,농업종사가구원,0.52251554
월평균가계수지,경력단절여성인구,0.4170435
월평균가계수지,마을수,0.47472677
월평균가계수지,통계인력,0.50002867
월평균가계수지,어업종사기간,0.5394147
월평균가계수지,귀화허가자,0.5765244
월평균가계수지,가계재무건전성,0.60021937
월평균가계수지,성별어가인구,0.52613854
월평균가계수지,출하및연말재고액,0.6099847
월평균가계수지,임업종사가구원,0.44832718
월평균가계수지,연간급여액,0.48579735
월평균가계수지,주거전용가구,0.5665068
월평균가계수지,부인수,0.38905242
월평균가계수지,1인취업가구,0.4499319
월평균가계수지,수목수,0.42412314
월평균가계수지,총조사가구,0.43680918
월평균가계수지,월평균가계지출,0.7414776
월평균가계수지,상대표준오차,0.5967161
월평균가계수지,취업시간,0.54532385
월평균가계수지,거주가구수,0.5737538
월평균가계수지,사육비,0.44749373
월평균가계수지,재혼신혼부부,0.5451153
월평균가계수지,운수비용,0.4636209
월평균가계수지,EBS교재비,0.4092902
월평균가계수지,보유농가,0.5631242
월평균가계수지,생산자본스톡,0.5530135
월평균가계수지,학생이외인구,0.38384604
월평균가계수지,직종별연간급여액,0.3729985
월평균가계수지,어학연수비용,0.35096928
월평균가계수지,출생아부모,0.52196085
월평균가계수지,논벼수확농가,0.65670437
월평균가계수지,어업경영주,0.40445223
월평균가계수지,법인수,0.47525483
월평균가계수지,연금가입자,0.51927984
월평균가계수지,임가수,0.42969415
월평균가계수지,장비대수,0.3905205
월평균가계수지,기혼여자,0.4593979
월평균가계수지,주요생산비,0.55620646
월평균가계수지,사육현황,0.34002042
월평균가계수지,고령자거주가구,0.6659759
월평균가계수지,건물연면적규모,0.5607045
월평균가계수지,산업소분류,0.37500125
월평균가계수지,양식장면적,0.57595575
월평균가계수지,산업세분류,0.6269926
월평균가계수지,신용부채비율,0.54226387
월평균가계수지,신용부채,0.59712344
월평균가계수지,주택소유자수,0.43308717
월평균가계수지,가구당월평균가계지출,0.5981115
월평균가계수지,순자본스톡,0.51112384
월평균가계수지,적립금액,0.5099704
월평균가계수지,통근인구,0.32764664
월평균가계수지,무급가사노동,0.37246317
월평균가계수지,근로여건만족도,0.68644106
월평균가계수지,외국인수,0.46279195
월평균가계수지,투입물량,0.56192833
가구원,인구,0.34053528
가구원,가구,0.47641325
가구원,농가,0.30107206
가구원,사업체수,0.42312536
가구원,취업자,0.39369482
가구원,종사자수,0.42990068
가구원,가구주,0.6349482
가구원,사업체,0.38277552
가구원,일반가구,0.43993145
가구원,가구원수,0.6234085
가구원,소득,0.36247602
가구원,취업인구,0.38648272
가구원,고령자,0.36801434
가구원,학생,0.31463414
가구원,1인가구,0.36566815
가구원,경제활동인구,0.41283834
가구원,농가인구,0.33633143
가구원,주택,0.33137515
가구원,임금근로자,0.4457096
가구원,비경제활동인구,0.40772936
가구원,종사자,0.33996806
가구원,급여액,0.41919318
가구원,저축액,0.43239895
가구원,가구수,0.5323219
가구원,혼인상태,0.5264741
가구원,연간소득,0.45244813
가구원,거주지,0.34386143
가구원,고령자인구,0.3215353
가구원,종업원수,0.3380725
가구원,자녀,0.38352096
가구원,연령,0.37226036
가구원,출생아수,0.3795188
가구원,교육정도,0.3518922
가구원,단독주택,0.3277415
가구원,비임금근로자,0.33087477
가구원,경력단절여성,0.3326713
가구원,아동인구,0.39260074
가구원,시군구,0.3781465
가구원,사망자수,0.3522001
가구원,임차료,0.34555623
가구원,주택수,0.4261929
가구원,월평균소득,0.56740713
가구원,여성인구,0.48644653
가구원,계약액,0.31761464
가구원,가구소득,0.557003
가구원,경지면적,0.43473205
가구원,임금수준,0.32677153
가구원,경영주,0.31654605
가구원,취업자수,0.3469609
가구원,부모,0.3572494
가구원,자산현황,0.37529534
가구원,가족,0.36850595
가구원,근속기간,0.3024173
가구원,교육비,0.3268002
가구원,객실수,0.33428276
가구원,보유대수,0.31535462
가구원,기혼자,0.38316634
가구원,연금수급자,0.4348413
가구원,구성비,0.38489327
가구원,기타경비,0.43413043
임금근로자,사업체수,0.49451995
임금근로자,취업자,0.59183824
임금근로자,종사자수,0.52602977
임금근로자,가구주,0.52357566
임금근로자,일자리,0.33458674
임금근로자,사업체,0.37307447
임금근로자,일반가구,0.43011734
임금근로자,가구원수,0.5526804
임금근로자,소득,0.3553389
임금근로자,취업인구,0.54734737
임금근로자,고령자,0.36210626
임금근로자,1인가구,0.39891
임금근로자,경제활동인구,0.5864637
임금근로자,농가인구,0.4294226
임금근로자,기혼여성인구,0.32024384
임금근로자,가구원,0.4457096
임금근로자,재배면적,0.3555089
임금근로자,외국인,0.3153628
임금근로자,비경제활동인구,0.52134323
임금근로자,종사자,0.37500465
임금근로자,급여액,0.37252468
임금근로자,저축액,0.39209443
임금근로자,가구수,0.42560145
임금근로자,실업자,0.3806554
임금근로자,종업원,0.32210618
임금근로자,혼인상태,0.3790502
임금근로자,주요지표,0.42008376
임금근로자,연간소득,0.3788078
임금근로자,생산액,0.37392354
임금근로자,인건비,0.33435568
임금근로자,종업원수,0.40442735
임금근로자,영업비용,0.39068207
임금근로자,출생아수,0.46791354
임금근로자,교육정도,0.3294054
임금근로자,총자산,0.33925852
임금근로자,기업수,0.34630385
임금근로자,수입액,0.39647967
임금근로자,비임금근로자,0.8046222
임금근로자,경력단절여성,0.4426142
임금근로자,근로여건,0.42351744
임금근로자,아동인구,0.36034754
임금근로자,사망자수,0.36990926
임금근로자,경력단절여성인구,0.3453305
임금근로자,임차료,0.32638925
임금근로자,점포수,0.30218384
임금근로자,주택수,0.4600951
임금근로자,월평균소득,0.53519243
임금근로자,여성인구,0.514019
임금근로자,출하액,0.4180628
임금근로자,계약액,0.36566797
임금근로자,가구소득,0.57117206
임금근로자,기업규모,0.35792145
임금근로자,판매액,0.3448091
임금근로자,경지면적,0.43214878
임금근로자,임금수준,0.5499713
임금근로자,경영주,0.31954053
임금근로자,취업자수,0.5681219
임금근로자,순자산,0.31888083
임금근로자,자산현황,0.37393078
임금근로자,근속기간,0.43200856
임금근로자,개인대출,0.32314873
임금근로자,교육비,0.36168823
임금근로자,해외건설,0.313031
임금근로자,실업률,0.43765843
임금근로자,농가부채,0.43057653
임금근로자,보유대수,0.35220677
임금근로자,고용률,0.5037474
임금근로자,소비자물가지수,0.32489964
임금근로자,연금수급자,0.4823781
임금근로자,구성비,0.39283445
임금근로자,기타경비,0.37130672
임금근로자,임금,0.34706572
임금근로자,유연근무제,0.35380718
임금근로자,사교육비,0.33384833
어업종사가구원,행위자비율,0.31156477
어업종사가구원,종사자규모,0.50130635
어업종사가구원,통근통학인구,0.52575696
어업종사가구원,기업체수,0.5320796
어업종사가구원,어가인구,0.6217265
어업종사가구원,가구내구재,0.3774201
어업종사가구원,기혼여성인구,0.5537266
어업종사가구원,월평균가계수지,0.6089649
어업종사가구원,평균시간,0.49375042
어업종사가구원,행위자평균시간,0.5869469
어업종사가구원,어가수,0.47489685
어업종사가구원,연간판매액,0.52038807
어업종사가구원,가구당월평균가계수지,0.59753126
어업종사가구원,재등록자,0.38199583
어업종사가구원,종사상지위,0.611532
어업종사가구원,매출액규모,0.5539095
어업종사가구원,유형고정자산,0.5704306
어업종사가구원,가구당가계수지,0.43761176
어업종사가구원,부채잔액,0.3803195
어업종사가구원,어업종사자수,0.8027183
어업종사가구원,고령자인구,0.48711994
어업종사가구원,사회보험가입률,0.62763983
어업종사가구원,임가인구,0.61686707
어업종사가구원,기성액,0.62433976
어업종사가구원,자본금규모,0.42500356
어업종사가구원,취업여부,0.5138188
어업종사가구원,비임금근로자,0.3923096
어업종사가구원,개인농가,0.32915938
어업종사가구원,사교육참여율,0.37619275
어업종사가구원,종사기간,0.45639384
어업종사가구원,세대구성,0.36357427
어업종사가구원,사업장면적,0.5292604
어업종사가구원,경제활동상태,0.45304945
어업종사가구원,농업종사가구원,0.8575673
어업종사가구원,경력단절여성인구,0.41203344
어업종사가구원,마을수,0.55336344
어업종사가구원,통계인력,0.45367804
어업종사가구원,어업종사기간,0.76313066
어업종사가구원,귀화허가자,0.63980675
어업종사가구원,가계재무건전성,0.6852152
어업종사가구원,성별어가인구,0.62225115
어업종사가구원,출하및연말재고액,0.685767
어업종사가구원,임업종사가구원,0.8413419
어업종사가구원,연간급여액,0.5222659
어업종사가구원,주거전용가구,0.5675496
어업종사가구원,부인수,0.4090328
어업종사가구원,1인취업가구,0.45155966
어업종사가구원,수목수,0.48030588
어업종사가구원,총조사가구,0.5548758
어업종사가구원,월평균가계지출,0.6013855
어업종사가구원,상대표준오차,0.5782715
어업종사가구원,취업시간,0.5710664
어업종사가구원,거주가구수,0.6572732
어업종사가구원,사육비,0.44247356
어업종사가구원,재혼신혼부부,0.6728848
어업종사가구원,운수비용,0.6002965
어업종사가구원,EBS교재비,0.40234554
어업종사가구원,보유농가,0.6368924
어업종사가구원,생산자본스톡,0.5506603
어업종사가구원,학생이외인구,0.4152845
어업종사가구원,직종별연간급여액,0.4263407
어업종사가구원,어학연수비용,0.44740462
어업종사가구원,출생아부모,0.5620494
어업종사가구원,논벼수확농가,0.69579303
어업종사가구원,어업경영주,0.38973987
어업종사가구원,법인수,0.4825369
어업종사가구원,연금가입자,0.5069732
어업종사가구원,임가수,0.3635105
어업종사가구원,장비대수,0.5342381
어업종사가구원,기혼여자,0.5043245
어업종사가구원,주요생산비,0.6084514
어업종사가구원,담보부채,0.32621148
어업종사가구원,사육현황,0.3471161
어업종사가구원,고령자거주가구,0.6826948
어업종사가구원,건물연면적규모,0.56179184
어업종사가구원,산업소분류,0.357199
어업종사가구원,양식장면적,0.6503114
어업종사가구원,산업세분류,0.69233453
어업종사가구원,신용부채비율,0.6263304
어업종사가구원,신용부채,0.66475534
어업종사가구원,한육우,0.36207274
어업종사가구원,주택소유자수,0.50422025
어업종사가구원,가구당월평균가계지출,0.5813942
어업종사가구원,순자본스톡,0.56262404
어업종사가구원,적립금액,0.5699975
어업종사가구원,통근인구,0.32069263
어업종사가구원,무급가사노동,0.39174
어업종사가구원,근로여건만족도,0.6738134
어업종사가구원,외국인수,0.45850992
어업종사가구원,투입물량,0.57682467
재배면적,농가,0.40325055
재배면적,사업체수,0.42771164
재배면적,종사자수,0.3914441
재배면적,일반가구,0.361093
재배면적,농가수,0.3994834
재배면적,가구원수,0.34686133
재배면적,취업인구,0.3606976
재배면적,경제활동인구,0.30811352
재배면적,농가인구,0.5547089
재배면적,임금근로자,0.3555089
재배면적,부가가치,0.3237609
재배면적,급여액,0.35427248
재배면적,저축액,0.3153212
재배면적,가구수,0.32938188
재배면적,주요지표,0.37691945
재배면적,유형고정자산,0.33128068
재배면적,생산액,0.47191027
재배면적,고령자인구,0.33213884
재배면적,재배농가,0.5801993
재배면적,젖소,0.33441836
재배면적,영업비용,0.33013904
재배면적,출생아수,0.41650736
재배면적,수입액,0.46959797
재배면적,비임금근로자,0.35594192
재배면적,생산비,0.4569753
재배면적,아동인구,0.30633768
재배면적,사망자수,0.35875982
재배면적,임차료,0.33196533
재배면적,점포수,0.3918576
재배면적,주택수,0.33858293
재배면적,월평균소득,0.38817382
재배면적,여성인구,0.38694835
재배면적,출하액,0.3888501
재배면적,계약액,0.36454892
재배면적,가구소득,0.3814714
재배면적,판매액,0.406657
재배면적,경지면적,0.54923594
재배면적,임금수준,0.34356245
재배면적,취업자수,0.480086
재배면적,육우,0.30616382
재배면적,법인수,0.3445306
재배면적,실업률,0.3388444
재배면적,농가부채,0.46633208
재배면적,농기계,0.3268566
재배면적,어항시설,0.34563008
재배면적,보유대수,0.35917246
재배면적,고령자거주가구,0.36640337
재배면적,고용률,0.3848209
재배면적,산업세분류,0.32163087
재배면적,육계,0.3231605
재배면적,근로여건만족도,0.31200603
재배면적,구성비,0.3586782
재배면적,산란계,0.5000859
재배면적,사교육비,0.31287986
시도,시군구,0.34194386
부가가치,사업체수,0.4432857
부가가치,종사자수,0.39725423
부가가치,일자리,0.39424923
부가가치,매출액,0.39761624
부가가치,가구원수,0.32382485
부가가치,소득,0.3638863
부가가치,취업인구,0.34254485
부가가치,농가인구,0.33502018
부가가치,산업,0.3322732
부가가치,재배면적,0.3237609
부가가치,제조업,0.3582746
부가가치,주요지표,0.3200588
부가가치,생산액,0.46591127
부가가치,재배농가,0.30352247
부가가치,인건비,0.34520632
부가가치,종업원수,0.3471595
부가가치,영업비용,0.3755178
부가가치,총자산,0.34719768
부가가치,수입액,0.3836443
부가가치,수출입,0.30724892
부가가치,의료서비스,0.31997904
부가가치,생산비,0.34574193
부가가치,임차료,0.31501368
부가가치,호텔업,0.3289565
부가가치,출하액,0.33627343
부가가치,계약액,0.3294186
부가가치,가구소득,0.33927074
부가가치,기업규모,0.30211595
부가가치,판매액,0.39387074
부가가치,임금수준,0.37090725
부가가치,취업자수,0.34446883
부가가치,순자산,0.33310455
부가가치,수익성,0.35211042
부가가치,해외건설,0.30908892
부가가치,고용률,0.30393857
부가가치,구성비,0.33142763
외국인,취업자,0.39706287
외국인,학생,0.31930348
외국인,임금근로자,0.3153628
외국인,이민자,0.43018928
외국인,실업자,0.31714153
외국인,유학생,0.5261389
외국인,장애인,0.32452217
외국인,연금수급자,0.30135965
평균시간,종사자규모,0.33713898
평균시간,기업체수,0.35954776
평균시간,어가인구,0.5043784
평균시간,가구내구재,0.31062046
평균시간,기혼여성인구,0.39700842
평균시간,월평균가계수지,0.46286246
평균시간,어업종사가구원,0.49375042
평균시간,행위자평균시간,0.5973015
평균시간,어가수,0.3360788
평균시간,연간판매액,0.41172442
평균시간,가구당월평균가계수지,0.41456017
평균시간,재등록자,0.32194892
평균시간,종사상지위,0.5115039
평균시간,매출액규모,0.4723886
평균시간,유형고정자산,0.44555387
평균시간,가구당가계수지,0.33426368
평균시간,부채잔액,0.31702885
평균시간,어업종사자수,0.433615
평균시간,고령자인구,0.385465
평균시간,사회보험가입률,0.4400892
평균시간,이동자수,0.3217446
평균시간,임가인구,0.40687692
평균시간,기성액,0.47050744
평균시간,자본금규모,0.35614783
평균시간,취업여부,0.4124421
평균시간,개인농가,0.35202026
평균시간,종사기간,0.41869894
평균시간,사업장면적,0.43748656
평균시간,경제활동상태,0.38601688
평균시간,농업종사가구원,0.4602188
평균시간,경력단절여성인구,0.3003653
평균시간,마을수,0.4297166
평균시간,통계인력,0.35576534
평균시간,어업종사기간,0.3738815
평균시간,귀화허가자,0.4833365
평균시간,가계재무건전성,0.487366
평균시간,성별어가인구,0.4315218
평균시간,출하및연말재고액,0.4954398
평균시간,임업종사가구원,0.41511193
평균시간,연간급여액,0.43559778
평균시간,주거전용가구,0.43156037
평균시간,1인취업가구,0.41509837
평균시간,총조사가구,0.36865756
평균시간,월평균가계지출,0.37584627
평균시간,상대표준오차,0.52453333
평균시간,취업시간,0.46922162
평균시간,거주가구수,0.47124493
평균시간,사육비,0.3361026
평균시간,재혼신혼부부,0.41238096
평균시간,운수비용,0.32500085
평균시간,보유농가,0.4807148
평균시간,생산자본스톡,0.3300653
평균시간,학생이외인구,0.31657815
평균시간,직종별연간급여액,0.3101772
평균시간,출생아부모,0.34614804
평균시간,논벼수확농가,0.5728435
평균시간,법인수,0.43917462
평균시간,연금가입자,0.39896056
평균시간,임가수,0.34998414
평균시간,기혼여자,0.35800162
평균시간,주요생산비,0.45476323
평균시간,고령자거주가구,0.5258569
평균시간,건물연면적규모,0.43954092
평균시간,양식장면적,0.48222858
평균시간,산업세분류,0.45814684
평균시간,신용부채비율,0.38094518
평균시간,신용부채,0.39549157
평균시간,가구당월평균가계지출,0.35219064
평균시간,순자본스톡,0.3897288
평균시간,적립금액,0.45670906
평균시간,근로여건만족도,0.49725452
평균시간,투입물량,0.3511961
이민자,인구,0.32089612
이민자,취업자,0.32097828
이민자,일자리,0.33173707
이민자,학생,0.3076447
이민자,1인가구,0.34071085
이민자,외국인,0.43018928
이민자,실업자,0.32083437
이민자,자녀,0.34075257
이민자,유학생,0.4469123
이민자,실업률,0.33999732
신혼부부,가구주,0.3251259
신혼부부,일반가구,0.3176833
신혼부부,1인가구,0.48941854
신혼부부,가구수,0.3693389
신혼부부,단독주택,0.362514
신혼부부,경력단절여성,0.32484433
신혼부부,월평균소득,0.36843827
신혼부부,재혼신혼부부,0.35886267
신혼부부,기혼자,0.36380494
행위자평균시간,사업체수,0.30745065
행위자평균시간,행위자비율,0.3040661
행위자평균시간,농가수,0.31953698
행위자평균시간,종사자규모,0.47311085
행위자평균시간,통근통학인구,0.37596908
행위자평균시간,기업체수,0.4496427
행위자평균시간,어가인구,0.6132838
행위자평균시간,가구내구재,0.33627364
행위자평균시간,기혼여성인구,0.43100277
행위자평균시간,월평균가계수지,0.53387594
행위자평균시간,어업종사가구원,0.5869469
행위자평균시간,평균시간,0.5973015
행위자평균시간,어가수,0.41769233
행위자평균시간,연간판매액,0.51597506
행위자평균시간,가구당월평균가계수지,0.5269166
행위자평균시간,재등록자,0.30536437
행위자평균시간,종사상지위,0.5098956
행위자평균시간,매출액규모,0.5271859
행위자평균시간,유형고정자산,0.5678446
행위자평균시간,가구당가계수지,0.4703383
행위자평균시간,부채잔액,0.43834585
행위자평균시간,어업종사자수,0.5644421
행위자평균시간,고령자인구,0.5061145
행위자평균시간,사회보험가입률,0.51635087
행위자평균시간,이동자수,0.31968385
행위자평균시간,임가인구,0.51856893
행위자평균시간,기성액,0.59934276
행위자평균시간,자본금규모,0.35340086
행위자평균시간,취업여부,0.4247109
행위자평균시간,비임금근로자,0.34206238
행위자평균시간,개인농가,0.31755686
행위자평균시간,사교육참여율,0.42628232
행위자평균시간,종사기간,0.4584288
행위자평균시간,사업장면적,0.5045277
행위자평균시간,경제활동상태,0.46819124
행위자평균시간,농업종사가구원,0.5543208
행위자평균시간,경력단절여성인구,0.35527644
행위자평균시간,마을수,0.48358577
행위자평균시간,통계인력,0.37141368
행위자평균시간,어업종사기간,0.46672004
행위자평균시간,귀화허가자,0.61416095
행위자평균시간,가계재무건전성,0.5849185
행위자평균시간,성별어가인구,0.5486714
행위자평균시간,출하및연말재고액,0.6058318
행위자평균시간,임업종사가구원,0.50091726
행위자평균시간,연간급여액,0.5536478
행위자평균시간,주거전용가구,0.49914983
행위자평균시간,1인취업가구,0.4852831
행위자평균시간,수목수,0.45787382
행위자평균시간,총조사가구,0.48108906
행위자평균시간,월평균가계지출,0.552316
행위자평균시간,상대표준오차,0.556386
행위자평균시간,취업시간,0.5407444
행위자평균시간,거주가구수,0.5388501
행위자평균시간,사육비,0.4719389
행위자평균시간,재혼신혼부부,0.5873431
행위자평균시간,운수비용,0.4391263
행위자평균시간,EBS교재비,0.37861264
행위자평균시간,보유농가,0.56759316
행위자평균시간,생산자본스톡,0.52049917
행위자평균시간,직종별연간급여액,0.41307664
행위자평균시간,어학연수비용,0.44923666
행위자평균시간,출생아부모,0.4264089
행위자평균시간,논벼수확농가,0.62612313
행위자평균시간,법인수,0.5373355
행위자평균시간,연금가입자,0.42873654
행위자평균시간,임가수,0.41740772
행위자평균시간,장비대수,0.42480415
행위자평균시간,기혼여자,0.46660337
행위자평균시간,주요생산비,0.5503467
행위자평균시간,담보부채,0.34791148
행위자평균시간,사육현황,0.30444378
행위자평균시간,고령자거주가구,0.61493033
행위자평균시간,건물연면적규모,0.55271477
행위자평균시간,산업소분류,0.41671827
행위자평균시간,양식장면적,0.5997327
행위자평균시간,어업법인,0.30052125
행위자평균시간,산업세분류,0.6255588
행위자평균시간,신용부채비율,0.45887834
행위자평균시간,신용부채,0.4609715
행위자평균시간,한육우,0.32710484
행위자평균시간,주택소유자수,0.31912062
행위자평균시간,가구당월평균가계지출,0.5276426
행위자평균시간,순자본스톡,0.5221381
행위자평균시간,적립금액,0.60539573
행위자평균시간,통근인구,0.32890186
행위자평균시간,무급가사노동,0.371041
행위자평균시간,근로여건만족도,0.62872326
행위자평균시간,외국인수,0.41523775
행위자평균시간,투입물량,0.5062899
어가수,기업체수,0.360057
어가수,어가인구,0.388147
어가수,가구내구재,0.40196395
어가수,기혼여성인구,0.4511292
어가수,월평균가계수지,0.4726836
어가수,어업종사가구원,0.47489685
어가수,평균시간,0.3360788
어가수,행위자평균시간,0.41769233
어가수,연간판매액,0.42346856
어가수,가구당월평균가계수지,0.46108133
어가수,종사상지위,0.49122718
어가수,매출액규모,0.46799448
어가수,유형고정자산,0.39659095
어가수,가구당가계수지,0.40018082
어가수,부채잔액,0.30244148
어가수,어업종사자수,0.50561535
어가수,고령자인구,0.475237
어가수,사회보험가입률,0.5320599
어가수,임가인구,0.34934732
어가수,기성액,0.48465466
어가수,취업여부,0.3246464
어가수,비임금근로자,0.30277655
어가수,종사기간,0.38760895
어가수,사업장면적,0.34992155
어가수,경제활동상태,0.37936038
어가수,농업종사가구원,0.38462648
어가수,경력단절여성인구,0.35951832
어가수,마을수,0.42029828
어가수,통계인력,0.3107381
어가수,어업종사기간,0.4439196
어가수,귀화허가자,0.4815316
어가수,가계재무건전성,0.48093444
어가수,성별어가인구,0.3412624
어가수,출하및연말재고액,0.42448285
어가수,임업종사가구원,0.3864701
어가수,연간급여액,0.3391708
어가수,주거전용가구,0.56218857
어가수,1인취업가구,0.34025446
어가수,수목수,0.44417253
어가수,총조사가구,0.362321
어가수,월평균가계지출,0.42146388
어가수,상대표준오차,0.45506328
어가수,취업시간,0.37098256
어가수,거주가구수,0.45104152
어가수,재혼신혼부부,0.45818064
어가수,운수비용,0.3528616
어가수,보유농가,0.43692783
어가수,생산자본스톡,0.4069957
어가수,출생아부모,0.43874943
어가수,논벼수확농가,0.5159307
어가수,법인수,0.4113633
어가수,연금가입자,0.381022
어가수,기혼여자,0.4008686
어가수,주요생산비,0.47048947
어가수,고령자거주가구,0.536301
어가수,건물연면적규모,0.36666384
어가수,양식장면적,0.46669084
어가수,산업세분류,0.5135552
어가수,신용부채비율,0.4363648
어가수,신용부채,0.41733378
어가수,한육우,0.32460982
어가수,주택소유자수,0.338397
어가수,가구당월평균가계지출,0.421857
어가수,순자본스톡,0.3731953
어가수,적립금액,0.45026246
어가수,근로여건만족도,0.53360116
어가수,외국인수,0.3351249
어가수,투입물량,0.3914692
비경제활동인구,인구,0.34650692
비경제활동인구,사업체수,0.38481244
비경제활동인구,취업자,0.5229876
비경제활동인구,종사자수,0.39801455
비경제활동인구,가구주,0.44216472
비경제활동인구,일반가구,0.344405
비경제활동인구,가구원수,0.42379102
비경제활동인구,취업인구,0.44966447
비경제활동인구,고령자,0.36535
비경제활동인구,1인가구,0.3597259
비경제활동인구,경제활동인구,0.79292375
비경제활동인구,농가인구,0.37479362
비경제활동인구,기혼여성인구,0.30067167
비경제활동인구,가구원,0.40772936
비경제활동인구,임금근로자,0.52134323
비경제활동인구,종사자,0.3002719
비경제활동인구,저축액,0.31777126
비경제활동인구,가구수,0.41133684
비경제활동인구,실업자,0.43457296
비경제활동인구,혼인상태,0.30780828
비경제활동인구,주요지표,0.32679743
비경제활동인구,연간소득,0.30624276
비경제활동인구,고령자인구,0.31069225
비경제활동인구,종업원수,0.3160299
비경제활동인구,출생아수,0.48261693
비경제활동인구,교육정도,0.34069678
비경제활동인구,비임금근로자,0.42117184
비경제활동인구,경력단절여성,0.43818203
비경제활동인구,취업,0.3260966
비경제활동인구,아동인구,0.3466735
비경제활동인구,경제활동상태,0.31267676
비경제활동인구,사망자수,0.33194992
비경제활동인구,경력단절여성인구,0.34431544
비경제활동인구,주택수,0.38494745
비경제활동인구,월평균소득,0.44599494
비경제활동인구,여성인구,0.4996791
비경제활동인구,출하액,0.38298076
비경제활동인구,가구소득,0.49329832
비경제활동인구,경지면적,0.35741583
비경제활동인구,임금수준,0.35420692
비경제활동인구,취업자수,0.5111951
비경제활동인구,근속기간,0.31337926
비경제활동인구,실업률,0.41043124
비경제활동인구,고용률,0.43467885
비경제활동인구,기혼자,0.33590928
비경제활동인구,소비자물가지수,0.3012312
비경제활동인구,연금수급자,0.3982594
비경제활동인구,구성비,0.3238307
종사자,가구,0.30051368
종사자,사업체수,0.37697312
종사자,취업자,0.4317709
종사자,종사자수,0.51300955
종사자,가구주,0.31050485
종사자,사업체,0.40141764
종사자,가구원수,0.30975896
종사자,취업인구,0.39299417
종사자,고령자,0.33181056
종사자,경제활동인구,0.30916157
종사자,산업,0.38670385
종사자,가구원,0.33996806
종사자,임금근로자,0.37500465
종사자,비경제활동인구,0.3002719
종사자,제조업,0.37857556
종사자,종업원,0.30126598
종사자,의료서비스,0.3143121
종사자,경력단절여성,0.38614428
종사자,월평균소득,0.3637345
종사자,호텔업,0.38325986
종사자,여성인구,0.31349176
종사자,가구소득,0.3355149
종사자,기업규모,0.3061238
종사자,임금수준,0.31893507
종사자,도소매업,0.32228947
종사자,경영주,0.3215083
종사자,취업자수,0.32509282
종사자,연금수급자,0.37430722
급여액,가구,0.30447826
급여액,사업체수,0.4712226
급여액,취업자,0.37808982
급여액,종사자수,0.47059712
급여액,가구주,0.3441399
급여액,사업체,0.3044064
급여액,일반가구,0.3111519
급여액,농가수,0.3305347
급여액,매출액,0.3051506
급여액,가구원수,0.51170146
급여액,소득,0.33325765
급여액,취업인구,0.32140645
급여액,부채,0.34440997
급여액,경제활동인구,0.3038777
급여액,농가인구,0.32285655
급여액,가구원,0.41919318
급여액,임금근로자,0.37252468
급여액,재배면적,0.35427248
급여액,저축액,0.42565167
급여액,가구수,0.37093312
급여액,주요지표,0.3153773
급여액,연간소득,0.40972012
급여액,생산액,0.41982165
급여액,고령자인구,0.30026254
급여액,인건비,0.40557265
급여액,종업원수,0.40159547
급여액,영업비용,0.3811261
급여액,출생아수,0.30455533
급여액,총자산,0.3702949
급여액,기업수,0.332556
급여액,수입액,0.3416255
급여액,비임금근로자,0.33586758
급여액,근로여건,0.32316685
급여액,생산비,0.33644977
급여액,임차료,0.41488495
급여액,점포수,0.33966938
급여액,월평균소득,0.48578167
급여액,여성인구,0.34766987
급여액,출하액,0.32308614
급여액,계약액,0.40796828
급여액,가구소득,0.45349097
급여액,기업규모,0.30322206
급여액,판매액,0.4418117
급여액,경지면적,0.3915829
급여액,임금수준,0.42825952
급여액,취업자수,0.4396889
급여액,순자산,0.34755337
급여액,자산현황,0.34732175
급여액,자본금,0.38216016
급여액,개인대출,0.34587765
급여액,교육비,0.38962305
급여액,연금가입자,0.33515948
급여액,농가부채,0.36350158
급여액,객실수,0.30119547
급여액,보유대수,0.35397902
급여액,고용률,0.30637917
급여액,연금수급자,0.46213627
급여액,구성비,0.36592686
급여액,기타경비,0.4620526
급여액,임금,0.36559263
수확면적,월평균가계수지,0.30830607
수확면적,가계재무건전성,0.35476878
수확면적,출하및연말재고액,0.30523437
수확면적,월평균가계지출,0.32061812
수확면적,직종별연간급여액,0.30727988
수확면적,건물연면적규모,0.3362758
수확면적,산업세분류,0.3086634
저축액,인구,0.31671107
저축액,사업체수,0.41536412
저축액,취업자,0.37134713
저축액,종사자수,0.40804142
저축액,가구주,0.4850393
저축액,일자리,0.3175182
저축액,일반가구,0.43053183
저축액,농가수,0.31118387
저축액,가구원수,0.56560796
저축액,소득,0.4261582
저축액,취업인구,0.38682958
저축액,1인가구,0.39963332
저축액,경제활동인구,0.3902863
저축액,농가인구,0.34027496
저축액,가구원,0.43239895
저축액,임금근로자,0.39209443
저축액,재배면적,0.3153212
저축액,비경제활동인구,0.31777126
저축액,급여액,0.42565167
저축액,가구수,0.40727553
저축액,혼인상태,0.39850554
저축액,주요지표,0.33857802
저축액,연간소득,0.51595634
저축액,생산액,0.30836365
저축액,종업원수,0.33517554
저축액,연령,0.35190687
저축액,영업비용,0.3849626
저축액,출생아수,0.3893203
저축액,교육정도,0.32141975
저축액,총자산,0.374159
저축액,기업수,0.3498124
저축액,수입액,0.30076844
저축액,임차료,0.3808333
저축액,주택수,0.42340904
저축액,월평균소득,0.5365357
저축액,여성인구,0.46676072
저축액,출하액,0.3052362
저축액,계약액,0.4340956
저축액,가구소득,0.50949985
저축액,판매액,0.39222082
저축액,경지면적,0.35048142
저축액,임금수준,0.45526367
저축액,취업자수,0.43455246
저축액,순자산,0.37777755
저축액,자산현황,0.4284512
저축액,개인대출,0.400784
저축액,교육비,0.31731072
저축액,실업률,0.3266023
저축액,농가부채,0.35106328
저축액,보유대수,0.34965092
저축액,고용률,0.39884177
저축액,연금수급자,0.4124856
저축액,구성비,0.34018704
저축액,기타경비,0.4412612
저축액,사교육비,0.34170255
성,성별,0.43277708
성,주택,0.30510235
성,연령,0.398946
성,가족,0.318715
연간판매액,종사자규모,0.43025884
연간판매액,기업체수,0.39203197
연간판매액,이동인구,0.31575125
연간판매액,어가인구,0.5620844
연간판매액,가구내구재,0.30460465
연간판매액,기혼여성인구,0.43938214
연간판매액,월평균가계수지,0.47998005
연간판매액,어업종사가구원,0.52038807
연간판매액,평균시간,0.41172442
연간판매액,행위자평균시간,0.51597506
연간판매액,어가수,0.42346856
연간판매액,가구당월평균가계수지,0.49181196
연간판매액,종사상지위,0.5086295
연간판매액,매출액규모,0.5245589
연간판매액,유형고정자산,0.454837
연간판매액,가구당가계수지,0.43964994
연간판매액,어업종사자수,0.5303264
연간판매액,고령자인구,0.44441655
연간판매액,사회보험가입률,0.46848845
연간판매액,임가인구,0.34149793
연간판매액,기성액,0.55715454
연간판매액,취업여부,0.37021163
연간판매액,개인농가,0.34943548
연간판매액,사교육참여율,0.37657708
연간판매액,종사기간,0.3258975
연간판매액,사업장면적,0.4259161
연간판매액,경제활동상태,0.40129498
연간판매액,농업종사가구원,0.46732926
연간판매액,마을수,0.44951564
연간판매액,통계인력,0.35546967
연간판매액,어업종사기간,0.34727976
연간판매액,귀화허가자,0.5357247
연간판매액,가계재무건전성,0.5478324
연간판매액,성별어가인구,0.4939919
연간판매액,출하및연말재고액,0.49979696
연간판매액,임업종사가구원,0.4151383
연간판매액,연간급여액,0.33117506
연간판매액,주거전용가구,0.41817066
연간판매액,부인수,0.44284254
연간판매액,1인취업가구,0.49078444
연간판매액,수목수,0.45184457
연간판매액,총조사가구,0.51892173
연간판매액,월평균가계지출,0.4780827
연간판매액,상대표준오차,0.5528698
연간판매액,취업시간,0.45174983
연간판매액,거주가구수,0.49960262
연간판매액,사육비,0.46293145
연간판매액,재혼신혼부부,0.5149722
연간판매액,운수비용,0.49023712
연간판매액,EBS교재비,0.33979502
연간판매액,보유농가,0.55558497
연간판매액,생산자본스톡,0.4104598
연간판매액,학생이외인구,0.36139098
연간판매액,출생아부모,0.51606506
연간판매액,논벼수확농가,0.54542714
연간판매액,어업경영주,0.35759315
연간판매액,법인수,0.43147773
연간판매액,연금가입자,0.4060093
연간판매액,임가수,0.42905784
연간판매액,장비대수,0.39405814
연간판매액,기혼여자,0.37713966
연간판매액,주요생산비,0.5013895
연간판매액,고령자거주가구,0.62125546
연간판매액,건물연면적규모,0.48003212
연간판매액,양식장면적,0.45030117
연간판매액,산업세분류,0.5111534
연간판매액,신용부채비율,0.5492887
연간판매액,신용부채,0.5560591
연간판매액,한육우,0.3302325
연간판매액,주택소유자수,0.32054925
연간판매액,가구당월평균가계지출,0.4828302
연간판매액,순자본스톡,0.43365103
연간판매액,적립금액,0.4942371
연간판매액,무급가사노동,0.40378276
연간판매액,근로여건만족도,0.6080934
연간판매액,외국인수,0.33654442
연간판매액,투입물량,0.48668876
가구수,인구,0.45423993
가구수,가구,0.47491625
가구수,농가,0.36362934
가구수,사업체수,0.53467584
가구수,취업자,0.41167903
가구수,종사자수,0.52486175
가구수,면적,0.3893395
가구수,가구주,0.52564585
가구수,사업체,0.36316466
가구수,일반가구,0.5127681
가구수,농가수,0.30451563
가구수,가구원수,0.5348945
가구수,소득,0.36384618
가구수,취업인구,0.47114262
가구수,1인가구,0.43329787
가구수,행정리,0.349436
가구수,경제활동인구,0.45573843
가구수,농가인구,0.5088935
가구수,주택,0.4957818
가구수,가구원,0.5323219
가구수,임금근로자,0.42560145
가구수,재배면적,0.32938188
가구수,신혼부부,0.3693389
가구수,비경제활동인구,0.41133684
가구수,급여액,0.37093312
가구수,저축액,0.40727553
가구수,혼인상태,0.4211884
가구수,연간소득,0.45154145
가구수,유업자,0.32163936
가구수,생산액,0.42997727
가구수,이혼,0.34004948
가구수,종업원수,0.38839626
가구수,자녀,0.31046468
가구수,연령,0.3358022
가구수,영업비용,0.3136094
가구수,출생아수,0.4946155
가구수,교육정도,0.3019767
가구수,총자산,0.3534237
가구수,기업수,0.3643623
가구수,단독주택,0.39868367
가구수,수입액,0.37712124
가구수,비임금근로자,0.31510487
가구수,경력단절여성,0.31474644
가구수,아동인구,0.37238452
가구수,시군구,0.33827013
가구수,사망자수,0.34699565
가구수,임차료,0.35233322
가구수,점포수,0.43401742
가구수,주택수,0.5530948
가구수,월평균소득,0.49611387
가구수,여성인구,0.58381516
가구수,출하액,0.44960278
가구수,계약액,0.36159357
가구수,가구소득,0.5285796
가구수,판매액,0.33241335
가구수,경지면적,0.48747492
가구수,임금수준,0.31095254
가구수,취업자수,0.5162775
가구수,순자산,0.33002034
가구수,자산현황,0.3447611
가구수,가족,0.33097133
가구수,농가부채,0.38798818
가구수,객실수,0.40184024
가구수,보유대수,0.4007762
가구수,고용률,0.3959502
가구수,기혼자,0.31628656
가구수,연금수급자,0.38922155
가구수,구성비,0.5027198
가구수,기타경비,0.31780252
가구수,산란계,0.30805072
가구수,사교육비,0.30563396
실업자,인구,0.31744608
실업자,취업자,0.5318314
실업자,일자리,0.44965672
실업자,소득,0.39927584
실업자,취업인구,0.3143425
실업자,1인가구,0.32296586
실업자,경제활동인구,0.41227472
실업자,농가인구,0.3355637
실업자,임금근로자,0.3806554
실업자,외국인,0.31714153
실업자,이민자,0.32083437
실업자,비경제활동인구,0.43457296
실업자,직업,0.30984396
실업자,경력단절여성,0.38536847
실업자,취업,0.34793448
실업자,근로여건,0.37264246
실업자,월평균소득,0.340369
실업자,여성인구,0.34913042
실업자,가구소득,0.36807454
실업자,취업자수,0.38879234
실업자,교육비,0.35416558
실업자,실업률,0.50462705
실업자,농가부채,0.3595231
실업자,고용률,0.39799047
실업자,연금수급자,0.36168706
실업자,사교육비,0.3445644
제조업,사업체수,0.45087022
제조업,취업자,0.36693248
제조업,종사자수,0.41763797
제조업,일자리,0.3487275
제조업,사업체,0.33106172
제조업,취업인구,0.365208
제조업,산업,0.49848673
제조업,부가가치,0.3582746
제조업,종사자,0.37857556
제조업,종업원,0.3008224
제조업,광업,0.45103335
제조업,주요지표,0.3932876
제조업,생산액,0.38887373
제조업,인건비,0.3626042
제조업,종업원수,0.33635318
제조업,영업비용,0.31173956
제조업,수입액,0.3581775
제조업,수출입,0.351669
제조업,호텔업,0.3491206
제조업,출하액,0.41854933
제조업,기업규모,0.30679184
제조업,임금수준,0.35006294
제조업,도소매업,0.51182765
제조업,취업자수,0.39844105
제조업,해외건설,0.32017514
제조업,보유대수,0.30941933
제조업,소비자물가지수,0.34682965
종업원,사업체수,0.392796
종업원,취업자,0.32889253
종업원,종사자수,0.3921379
종업원,사업체,0.37916544
종업원,매출액,0.40828508
종업원,임금근로자,0.32210618
종업원,종사자,0.30126598
종업원,제조업,0.3008224
종업원,조직형태,0.3225696
종업원,인건비,0.35015482
종업원,종업원수,0.54988843
종업원,영업비용,0.30728212
종업원,총자산,0.41225404
종업원,점포수,0.34704673
종업원,호텔업,0.31205696
종업원,기업규모,0.33546162
종업원,임금수준,0.36995673
종업원,경영주,0.44019786
종업원,순자산,0.3488979
종업원,자본금,0.44585544
가구당월평균가계수지,행위자비율,0.36684558
가구당월평균가계수지,농가수,0.39897463
가구당월평균가계수지,종사자규모,0.44285882
가구당월평균가계수지,통근통학인구,0.44212776
가구당월평균가계수지,기업체수,0.43710136
가구당월평균가계수지,어가인구,0.5556549
가구당월평균가계수지,가구내구재,0.3606671
가구당월평균가계수지,기혼여성인구,0.5295653
가구당월평균가계수지,월평균가계수지,0.78152186
가구당월평균가계수지,어업종사가구원,0.59753126
가구당월평균가계수지,평균시간,0.41456017
가구당월평균가계수지,행위자평균시간,0.5269166
가구당월평균가계수지,어가수,0.46108133
가구당월평균가계수지,연간판매액,0.49181196
가구당월평균가계수지,재등록자,0.32103568
가구당월평균가계수지,종사상지위,0.53185993
가구당월평균가계수지,매출액규모,0.44547543
가구당월평균가계수지,유형고정자산,0.47572222
가구당월평균가계수지,가구당가계수지,0.60945034
가구당월평균가계수지,방과후학교,0.30414444
가구당월평균가계수지,부채잔액,0.41070762
가구당월평균가계수지,어업종사자수,0.59398043
가구당월평균가계수지,고령자인구,0.5502006
가구당월평균가계수지,사회보험가입률,0.5728064
가구당월평균가계수지,이동자수,0.3525353
가구당월평균가계수지,맞벌이가구,0.33810902
가구당월평균가계수지,임가인구,0.4687377
가구당월평균가계수지,기성액,0.5712932
가구당월평균가계수지,자본금규모,0.35784957
가구당월평균가계수지,취업여부,0.52112585
가구당월평균가계수지,비임금근로자,0.41952068
가구당월평균가계수지,개인농가,0.31378484
가구당월평균가계수지,사교육참여율,0.39419493
가구당월평균가계수지,종사기간,0.53725463
가구당월평균가계수지,세대구성,0.30966598
가구당월평균가계수지,사업장면적,0.45658848
가구당월평균가계수지,경제활동상태,0.4729792
가구당월평균가계수지,농업종사가구원,0.53769
가구당월평균가계수지,경력단절여성인구,0.42079046
가구당월평균가계수지,마을수,0.48205337
가구당월평균가계수지,통계인력,0.50220877
가구당월평균가계수지,어업종사기간,0.5195905
가구당월평균가계수지,귀화허가자,0.505706
가구당월평균가계수지,가계재무건전성,0.60896
가구당월평균가계수지,월평균소득,0.34609884
가구당월평균가계수지,성별어가인구,0.5276963
가구당월평균가계수지,출하및연말재고액,0.5729767
가구당월평균가계수지,임업종사가구원,0.49324423
가구당월평균가계수지,연간급여액,0.44230816
가구당월평균가계수지,주거전용가구,0.5065139
가구당월평균가계수지,부인수,0.40308854
가구당월평균가계수지,1인취업가구,0.42350504
가구당월평균가계수지,수목수,0.35578722
가구당월평균가계수지,총조사가구,0.46992618
가구당월평균가계수지,월평균가계지출,0.6170594
가구당월평균가계수지,상대표준오차,0.5929374
가구당월평균가계수지,취업시간,0.5826845
가구당월평균가계수지,거주가구수,0.5656108
가구당월평균가계수지,사육비,0.43822598
가구당월평균가계수지,재혼신혼부부,0.5538576
가구당월평균가계수지,운수비용,0.5540462
가구당월평균가계수지,EBS교재비,0.4151032
가구당월평균가계수지,보유농가,0.50043744
가구당월평균가계수지,생산자본스톡,0.4910985
가구당월평균가계수지,학생이외인구,0.3374418
가구당월평균가계수지,직종별연간급여액,0.33027458
가구당월평균가계수지,어학연수비용,0.35701698
가구당월평균가계수지,출생아부모,0.48908013
가구당월평균가계수지,논벼수확농가,0.60390604
가구당월평균가계수지,어업경영주,0.46197313
가구당월평균가계수지,법인수,0.3701594
가구당월평균가계수지,연금가입자,0.4769828
가구당월평균가계수지,임가수,0.37207696
가구당월평균가계수지,장비대수,0.46373904
가구당월평균가계수지,어업가구,0.30345923
가구당월평균가계수지,기혼여자,0.4352912
가구당월평균가계수지,주요생산비,0.5737657
가구당월평균가계수지,담보부채,0.30578375
가구당월평균가계수지,사육현황,0.31495613
가구당월평균가계수지,고령자거주가구,0.67362404
가구당월평균가계수지,건물연면적규모,0.51608396
가구당월평균가계수지,EBS교재,0.31723982
가구당월평균가계수지,산업소분류,0.36484325
가구당월평균가계수지,양식장면적,0.550924
가구당월평균가계수지,어업법인,0.35279208
가구당월평균가계수지,산업세분류,0.60207295
가구당월평균가계수지,신용부채비율,0.5772829
가구당월평균가계수지,신용부채,0.6049929
가구당월평균가계수지,한육우,0.33492786
가구당월평균가계수지,소비자물가지수,0.31556943
가구당월평균가계수지,주택소유자수,0.44197908
가구당월평균가계수지,가구당월평균가계지출,0.9038992
가구당월평균가계수지,순자본스톡,0.5315223
가구당월평균가계수지,적립금액,0.51168364
가구당월평균가계수지,무급가사노동,0.31560427
가구당월평균가계수지,근로여건만족도,0.6308535
가구당월평균가계수지,외국인수,0.47211152
가구당월평균가계수지,투입물량,0.5816906
광업,가구,0.3532374
광업,소득,0.32091427
광업,자산,0.34638628
광업,산업,0.58907574
광업,주택,0.32415196
광업,제조업,0.45103335
광업,주요지표,0.303989
광업,생산액,0.3974449
광업,직업,0.35796124
광업,호텔업,0.33605868
광업,출하액,0.34829295
광업,기업,0.4089302
광업,도소매업,0.3430319
광업,취업자수,0.30056095
재등록자,기업체수,0.36068055
재등록자,어가인구,0.31568533
재등록자,월평균가계수지,0.39561272
재등록자,어업종사가구원,0.38199583
재등록자,평균시간,0.32194892
재등록자,행위자평균시간,0.30536437
재등록자,가구당월평균가계수지,0.32103568
재등록자,종사상지위,0.39344418
재등록자,어업종사자수,0.32221705
재등록자,사회보험가입률,0.3227451
재등록자,임가인구,0.3505326
재등록자,취업여부,0.30655587
재등록자,종사기간,0.36382276
재등록자,경제활동상태,0.30976972
재등록자,농업종사가구원,0.41082963
재등록자,어업종사기간,0.31465843
재등록자,귀화허가자,0.3459803
재등록자,가계재무건전성,0.39820138
재등록자,성별어가인구,0.3553399
재등록자,출하및연말재고액,0.42441732
재등록자,임업종사가구원,0.35154232
재등록자,연간급여액,0.32068238
재등록자,주거전용가구,0.34583643
재등록자,총조사가구,0.3518534
재등록자,월평균가계지출,0.35214427
재등록자,상대표준오차,0.34590226
재등록자,취업시간,0.3156858
재등록자,거주가구수,0.3854379
재등록자,운수비용,0.3117134
재등록자,보유농가,0.3895745
재등록자,생산자본스톡,0.31920376
재등록자,어학연수비용,0.3154061
재등록자,논벼수확농가,0.41541296
재등록자,법인수,0.33113375
재등록자,주요생산비,0.30367985
재등록자,고령자거주가구,0.37825146
재등록자,건물연면적규모,0.37933424
재등록자,양식장면적,0.3537981
재등록자,산업세분류,0.38800216
재등록자,신용부채비율,0.3130271
재등록자,신용부채,0.33188912
재등록자,적립금액,0.31328976
재등록자,근로여건만족도,0.41308835
재등록자,외국인수,0.3234809
재등록자,투입물량,0.30089682
종사상지위,농가수,0.33582693
종사상지위,종사자규모,0.45784244
종사상지위,통근통학인구,0.40479055
종사상지위,기업체수,0.43901432
종사상지위,어가인구,0.57190794
종사상지위,가구내구재,0.37602997
종사상지위,기혼여성인구,0.5138746
종사상지위,월평균가계수지,0.5921812
종사상지위,어업종사가구원,0.611532
종사상지위,평균시간,0.5115039
종사상지위,행위자평균시간,0.5098956
종사상지위,어가수,0.49122718
종사상지위,연간판매액,0.5086295
종사상지위,가구당월평균가계수지,0.53185993
종사상지위,재등록자,0.39344418
종사상지위,매출액규모,0.55307853
종사상지위,유형고정자산,0.45030153
종사상지위,가구당가계수지,0.43837327
종사상지위,부채잔액,0.39369345
종사상지위,어업종사자수,0.61065704
종사상지위,고령자인구,0.55671656
종사상지위,사회보험가입률,0.55943614
종사상지위,임가인구,0.59044504
종사상지위,기성액,0.6090542
종사상지위,자본금규모,0.3705586
종사상지위,취업여부,0.48526236
종사상지위,비임금근로자,0.39785808
종사상지위,경력단절여성,0.33531484
종사상지위,사교육참여율,0.3221173
종사상지위,종사기간,0.45146132
종사상지위,세대구성,0.31865904
종사상지위,사업장면적,0.471959
종사상지위,경제활동상태,0.44543386
종사상지위,농업종사가구원,0.5879788
종사상지위,경력단절여성인구,0.41998866
종사상지위,마을수,0.5080248
종사상지위,통계인력,0.4509313
종사상지위,어업종사기간,0.52610576
종사상지위,귀화허가자,0.5992643
종사상지위,가계재무건전성,0.6214901
종사상지위,성별어가인구,0.52236027
종사상지위,출하및연말재고액,0.609967
종사상지위,임업종사가구원,0.4845441
종사상지위,연간급여액,0.48506516
종사상지위,주거전용가구,0.5356753
종사상지위,부인수,0.35618532
종사상지위,1인취업가구,0.4425528
종사상지위,수목수,0.4745529
종사상지위,총조사가구,0.48812062
종사상지위,월평균가계지출,0.53238994
종사상지위,상대표준오차,0.52055097
종사상지위,취업시간,0.4936116
종사상지위,거주가구수,0.58395797
종사상지위,사육비,0.356885
종사상지위,재혼신혼부부,0.5743169
종사상지위,운수비용,0.48900336
종사상지위,EBS교재비,0.35853222
종사상지위,보유농가,0.6055779
종사상지위,생산자본스톡,0.44519013
종사상지위,학생이외인구,0.33612525
종사상지위,직종별연간급여액,0.32284963
종사상지위,어학연수비용,0.34699464
종사상지위,출생아부모,0.5372131
종사상지위,논벼수확농가,0.6544434
종사상지위,어업경영주,0.3114445
종사상지위,법인수,0.45255375
종사상지위,연금가입자,0.47560814
종사상지위,임가수,0.3789994
종사상지위,장비대수,0.4169539
종사상지위,기혼여자,0.46177134
종사상지위,주요생산비,0.58317995
종사상지위,사육현황,0.35608295
종사상지위,고령자거주가구,0.6120741
종사상지위,건물연면적규모,0.57053876
종사상지위,양식장면적,0.5913625
종사상지위,산업세분류,0.63779205
종사상지위,신용부채비율,0.5146176
종사상지위,신용부채,0.5552359
종사상지위,주택소유자수,0.41783378
종사상지위,가구당월평균가계지출,0.48230913
종사상지위,순자본스톡,0.44175014
종사상지위,적립금액,0.5060509
종사상지위,무급가사노동,0.37694597
종사상지위,근로여건만족도,0.6547185
종사상지위,외국인수,0.5164301
종사상지위,투입물량,0.4525379
혼인상태,인구,0.39621013
혼인상태,가구,0.3640075
혼인상태,사업체수,0.3973523
혼인상태,취업자,0.35389853
혼인상태,종사자수,0.36616978
혼인상태,가구주,0.5489314
혼인상태,성별,0.48488945
혼인상태,일반가구,0.42592913
혼인상태,가구원수,0.5256008
혼인상태,소득,0.40994537
혼인상태,취업인구,0.4656877
혼인상태,고령자,0.32837433
혼인상태,1인가구,0.30916885
혼인상태,경제활동인구,0.36738205
혼인상태,농가인구,0.41070738
혼인상태,가구원,0.5264741
혼인상태,임금근로자,0.3790502
혼인상태,비경제활동인구,0.30780828
혼인상태,저축액,0.39850554
혼인상태,가구수,0.4211884
혼인상태,주요지표,0.3285859
혼인상태,연간소득,0.3864434
혼인상태,거주지,0.3528572
혼인상태,유업자,0.33376467
혼인상태,생산액,0.3412064
혼인상태,이혼,0.31587845
혼인상태,종업원수,0.34026712
혼인상태,자녀,0.36873984
혼인상태,연령,0.4664797
혼인상태,영업비용,0.30141544
혼인상태,출생,0.31840977
혼인상태,출생아수,0.43777123
혼인상태,교육정도,0.59141374
혼인상태,혼인,0.37022588
혼인상태,기업수,0.32423812
혼인상태,수입액,0.32296076
혼인상태,직업,0.31162435
혼인상태,근로여건,0.32581154
혼인상태,아동인구,0.3928288
혼인상태,사망자수,0.30282587
혼인상태,임차료,0.33430484
혼인상태,주택수,0.4685115
혼인상태,월평균소득,0.51609844
혼인상태,여성인구,0.5676722
혼인상태,출하액,0.33199403
혼인상태,계약액,0.36471242
혼인상태,가구소득,0.5356054
혼인상태,경지면적,0.39715526
혼인상태,임금수준,0.42293856
혼인상태,취업자수,0.4862397
혼인상태,부모,0.32632983
혼인상태,자산현황,0.44430754
혼인상태,근속기간,0.4098547
혼인상태,실업률,0.34926316
혼인상태,가족관계,0.38729152
혼인상태,보유대수,0.30344585
혼인상태,고용률,0.31740725
혼인상태,기혼자,0.3068416
혼인상태,구성비,0.45586908
혼인상태,기타경비,0.3346174
매출액규모,종사자규모,0.47519282
매출액규모,통근통학인구,0.3125197
매출액규모,기업체수,0.4461249
매출액규모,어가인구,0.52075654
매출액규모,가구내구재,0.33005825
매출액규모,기혼여성인구,0.48729882
매출액규모,월평균가계수지,0.4391778
매출액규모,어업종사가구원,0.5539095
매출액규모,평균시간,0.4723886
매출액규모,행위자평균시간,0.5271859
매출액규모,어가수,0.46799448
매출액규모,연간판매액,0.5245589
매출액규모,가구당월평균가계수지,0.44547543
매출액규모,종사상지위,0.55307853
매출액규모,유형고정자산,0.47768438
매출액규모,가구당가계수지,0.4013572
매출액규모,어업종사자수,0.59860075
매출액규모,고령자인구,0.44978797
매출액규모,사회보험가입률,0.52262056
매출액규모,맞벌이가구,0.30392635
매출액규모,임가인구,0.41650563
매출액규모,기성액,0.62445796
매출액규모,자본금규모,0.34797645
매출액규모,취업여부,0.37297487
매출액규모,비임금근로자,0.45782325
매출액규모,개인농가,0.3249988
매출액규모,사교육참여율,0.34015462
매출액규모,종사기간,0.3860076
매출액규모,사업장면적,0.44162437
매출액규모,경제활동상태,0.38527656
매출액규모,농업종사가구원,0.5201151
매출액규모,마을수,0.4991975
매출액규모,어업종사기간,0.44036222
매출액규모,귀화허가자,0.50211143
매출액규모,가계재무건전성,0.5251483
매출액규모,성별어가인구,0.42822483
매출액규모,출하및연말재고액,0.5131205
매출액규모,임업종사가구원,0.4237063
매출액규모,연간급여액,0.44893128
매출액규모,주거전용가구,0.4776482
매출액규모,부인수,0.43375638
매출액규모,1인취업가구,0.51975167
매출액규모,수목수,0.4182876
매출액규모,총조사가구,0.4013902
매출액규모,월평균가계지출,0.47059903
매출액규모,상대표준오차,0.50614643
매출액규모,취업시간,0.46430963
매출액규모,거주가구수,0.56037194
매출액규모,사육비,0.3488701
매출액규모,재혼신혼부부,0.46962193
매출액규모,운수비용,0.44125053
매출액규모,보유농가,0.54960966
매출액규모,생산자본스톡,0.453498
매출액규모,학생이외인구,0.3258674
매출액규모,직종별연간급여액,0.3358387
매출액규모,어학연수비용,0.35849822
매출액규모,출생아부모,0.49885818
매출액규모,논벼수확농가,0.5805085
매출액규모,법인수,0.42296743
매출액규모,연금가입자,0.45059755
매출액규모,임가수,0.33500805
매출액규모,장비대수,0.3812252
매출액규모,기혼여자,0.4178858
매출액규모,주요생산비,0.48924515
매출액규모,고령자거주가구,0.59106195
매출액규모,건물연면적규모,0.4671301
매출액규모,양식장면적,0.5335602
매출액규모,산업세분류,0.5439441
매출액규모,신용부채비율,0.5250883
매출액규모,신용부채,0.53529894
매출액규모,주택소유자수,0.3545038
매출액규모,가구당월평균가계지출,0.4563602
매출액규모,순자본스톡,0.41274115
매출액규모,적립금액,0.42386648
매출액규모,근로여건만족도,0.5484555
매출액규모,외국인수,0.36333162
매출액규모,투입물량,0.49056658
주요지표,사업체수,0.5424828
주요지표,취업자,0.42265475
주요지표,종사자수,0.5165547
주요지표,일반가구,0.42936054
주요지표,농가수,0.38363695
주요지표,가구원수,0.4283904
주요지표,취업인구,0.40480757
주요지표,경제활동인구,0.41972384
주요지표,농가인구,0.46284974
주요지표,산업,0.33067155
주요지표,임금근로자,0.42008376
주요지표,재배면적,0.37691945
주요지표,부가가치,0.3200588
주요지표,비경제활동인구,0.32679743
주요지표,급여액,0.3153773
주요지표,저축액,0.33857802
주요지표,제조업,0.3932876
주요지표,광업,0.303989
주요지표,혼인상태,0.3285859
주요지표,유형고정자산,0.31812614
주요지표,조직형태,0.38608798
주요지표,생산액,0.4442752
주요지표,재배농가,0.31186295
주요지표,종업원수,0.35797557
주요지표,영업비용,0.36176533
주요지표,출생아수,0.40539995
주요지표,총자산,0.4099446
주요지표,기업수,0.4542966
주요지표,수입액,0.4302411
주요지표,비임금근로자,0.41624862
주요지표,수출입,0.36898664
주요지표,근로여건,0.3035959
주요지표,시군구,0.3266781
주요지표,경제활동상태,0.30392155
주요지표,점포수,0.38559029
주요지표,월평균소득,0.31522182
주요지표,호텔업,0.3655886
주요지표,여성인구,0.34706292
주요지표,출하액,0.4865454
주요지표,계약액,0.39485067
주요지표,가구소득,0.39118448
주요지표,기업규모,0.37455976
주요지표,판매액,0.4060614
주요지표,경지면적,0.35353613
주요지표,임금수준,0.49015194
주요지표,취업자수,0.5755915
주요지표,자산현황,0.48947337
주요지표,개인대출,0.36380076
주요지표,해외건설,0.36007556
주요지표,실업률,0.36419544
주요지표,농가부채,0.39213383
주요지표,보유대수,0.36467013
주요지표,고용률,0.424871
주요지표,소비자물가지수,0.5152963
주요지표,연금수급자,0.3013956
주요지표,구성비,0.40696096
주요지표,기타경비,0.34716195
주요지표,유연근무제,0.33462265
연간소득,인구,0.31218734
연간소득,가구,0.3826183
연간소득,사업체수,0.43750986
연간소득,취업자,0.310922
연간소득,종사자수,0.42340115
연간소득,가구주,0.47813365
연간소득,일반가구,0.43683788
연간소득,매출액,0.31371266
연간소득,가구원수,0.6059475
연간소득,소득,0.39302072
연간소득,취업인구,0.44213662
연간소득,1인가구,0.37308732
연간소득,경제활동인구,0.37706524
연간소득,농가인구,0.35971585
연간소득,가구원,0.45244813
연간소득,임금근로자,0.3788078
연간소득,비경제활동인구,0.30624276
연간소득,급여액,0.40972012
연간소득,저축액,0.51595634
연간소득,가구수,0.45154145
연간소득,혼인상태,0.3864434
연간소득,생산액,0.45616442
연간소득,종업원수,0.38486433
연간소득,영업비용,0.40948617
연간소득,출생아수,0.3668685
연간소득,교육정도,0.33007377
연간소득,총자산,0.39212406
연간소득,기업수,0.3689172
연간소득,수입액,0.3800795
연간소득,아동인구,0.31617826
연간소득,임차료,0.40930778
연간소득,점포수,0.31616235
연간소득,주택수,0.4674043
연간소득,월평균소득,0.5528185
연간소득,호텔업,0.32703564
연간소득,여성인구,0.48853454
연간소득,출하액,0.459487
연간소득,계약액,0.41067618
연간소득,가구소득,0.491873
연간소득,판매액,0.4048262
연간소득,경지면적,0.4190286
연간소득,임금수준,0.42469013
연간소득,경영주,0.34181076
연간소득,취업자수,0.46155876
연간소득,순자산,0.4102386
연간소득,자산현황,0.3850059
연간소득,근속기간,0.34887004
연간소득,개인대출,0.39194417
연간소득,육우,0.30206624
연간소득,교육비,0.37804502
연간소득,농가부채,0.37676427
연간소득,객실수,0.33294442
연간소득,보유대수,0.44908115
연간소득,고용률,0.3201911
연간소득,기혼자,0.30818537
연간소득,연금수급자,0.44750497
연간소득,구성비,0.33840647
연간소득,기타경비,0.42765525
유형고정자산,사업체수,0.3435914
유형고정자산,종사자수,0.31595495
유형고정자산,행위자비율,0.33617297
유형고정자산,농가수,0.39748728
유형고정자산,종사자규모,0.49409163
유형고정자산,통근통학인구,0.3554363
유형고정자산,기업체수,0.37918004
유형고정자산,어가인구,0.5623123
유형고정자산,가구내구재,0.32618216
유형고정자산,기혼여성인구,0.4704934
유형고정자산,월평균가계수지,0.47469816
유형고정자산,어업종사가구원,0.5704306
유형고정자산,재배면적,0.33128068
유형고정자산,평균시간,0.44555387
유형고정자산,행위자평균시간,0.5678446
유형고정자산,어가수,0.39659095
유형고정자산,연간판매액,0.454837
유형고정자산,가구당월평균가계수지,0.47572222
유형고정자산,종사상지위,0.45030153
유형고정자산,매출액규모,0.47768438
유형고정자산,주요지표,0.31812614
유형고정자산,가구당가계수지,0.43498883
유형고정자산,어업종사자수,0.603919
유형고정자산,고령자인구,0.48116732
유형고정자산,사회보험가입률,0.6049915
유형고정자산,맞벌이가구,0.30058366
유형고정자산,임가인구,0.4374041
유형고정자산,기성액,0.62305117
유형고정자산,취업여부,0.47163668
유형고정자산,비임금근로자,0.428927
유형고정자산,개인농가,0.3655803
유형고정자산,수출입,0.3046987
유형고정자산,사교육참여율,0.37112218
유형고정자산,종사기간,0.50234526
유형고정자산,세대구성,0.43122724
유형고정자산,사업장면적,0.44570017
유형고정자산,경제활동상태,0.41188768
유형고정자산,농업종사가구원,0.5252772
유형고정자산,경력단절여성인구,0.38186672
유형고정자산,마을수,0.44517544
유형고정자산,통계인력,0.36934084
유형고정자산,어업종사기간,0.476699
유형고정자산,귀화허가자,0.54564863
유형고정자산,가계재무건전성,0.58736
유형고정자산,월평균소득,0.32118562
유형고정자산,성별어가인구,0.57336605
유형고정자산,출하및연말재고액,0.5401265
유형고정자산,임업종사가구원,0.45819297
유형고정자산,연간급여액,0.48988637
유형고정자산,주거전용가구,0.5438675
유형고정자산,부인수,0.30320007
유형고정자산,1인취업가구,0.44110444
유형고정자산,수목수,0.4463692
유형고정자산,총조사가구,0.44340432
유형고정자산,월평균가계지출,0.5048553
유형고정자산,다문화가구,0.3316597
유형고정자산,상대표준오차,0.51780033
유형고정자산,취업시간,0.4988941
유형고정자산,거주가구수,0.53281933
유형고정자산,사육비,0.5066193
유형고정자산,재혼신혼부부,0.53667134
유형고정자산,운수비용,0.5535823
유형고정자산,EBS교재비,0.35895178
유형고정자산,보유농가,0.48771173
유형고정자산,생산자본스톡,0.4694648
유형고정자산,학생이외인구,0.31210837
유형고정자산,직종별연간급여액,0.38732445
유형고정자산,어학연수비용,0.41308
유형고정자산,출생아부모,0.4247575
유형고정자산,논벼수확농가,0.5932168
유형고정자산,어업경영주,0.30783182
유형고정자산,법인수,0.41643822
유형고정자산,연금가입자,0.4596358
유형고정자산,임가수,0.36095327
유형고정자산,총농가,0.33903876
유형고정자산,장비대수,0.3779113
유형고정자산,기혼여자,0.45277947
유형고정자산,주요생산비,0.51377517
유형고정자산,사육현황,0.33955473
유형고정자산,고령자거주가구,0.63216907
유형고정자산,건물연면적규모,0.53486276
유형고정자산,산업소분류,0.32764453
유형고정자산,양식장면적,0.54267234
유형고정자산,산업세분류,0.6008017
유형고정자산,신용부채비율,0.53100544
유형고정자산,신용부채,0.5309696
유형고정자산,주택소유자수,0.3961909
유형고정자산,가구당월평균가계지출,0.48488596
유형고정자산,순자본스톡,0.50352603
유형고정자산,적립금액,0.5343501
유형고정자산,통근인구,0.30154353
유형고정자산,무급가사노동,0.3787268
유형고정자산,근로여건만족도,0.6410589
유형고정자산,외국인수,0.41308638
유형고정자산,투입물량,0.4936304
가구당가계수지,종사자규모,0.36528143
가구당가계수지,통근통학인구,0.3581316
가구당가계수지,기업체수,0.30731606
가구당가계수지,어가인구,0.4702623
가구당가계수지,가구내구재,0.3062727
가구당가계수지,기혼여성인구,0.3741259
가구당가계수지,월평균가계수지,0.6171418
가구당가계수지,어업종사가구원,0.43761176
가구당가계수지,평균시간,0.33426368
가구당가계수지,행위자평균시간,0.4703383
가구당가계수지,어가수,0.40018082
가구당가계수지,연간판매액,0.43964994
가구당가계수지,가구당월평균가계수지,0.60945034
가구당가계수지,종사상지위,0.43837327
가구당가계수지,매출액규모,0.4013572
가구당가계수지,유형고정자산,0.43498883
가구당가계수지,어업종사자수,0.5030143
가구당가계수지,고령자인구,0.47271308
가구당가계수지,사회보험가입률,0.47068718
가구당가계수지,맞벌이가구,0.30955854
가구당가계수지,임가인구,0.3037538
가구당가계수지,기성액,0.5569654
가구당가계수지,취업여부,0.3221271
가구당가계수지,비임금근로자,0.31588253
가구당가계수지,사교육참여율,0.37039277
가구당가계수지,종사기간,0.37363297
가구당가계수지,사업장면적,0.47237477
가구당가계수지,경제활동상태,0.37604004
가구당가계수지,농업종사가구원,0.4150423
가구당가계수지,마을수,0.39684778
가구당가계수지,통계인력,0.32424834
가구당가계수지,어업종사기간,0.3829964
가구당가계수지,귀화허가자,0.4347139
가구당가계수지,가계재무건전성,0.4158531
가구당가계수지,성별어가인구,0.47351423
가구당가계수지,출하및연말재고액,0.43952835
가구당가계수지,임업종사가구원,0.34541863
가구당가계수지,주거전용가구,0.37995055
가구당가계수지,부인수,0.32769418
가구당가계수지,수목수,0.35825077
가구당가계수지,총조사가구,0.41560447
가구당가계수지,월평균가계지출,0.4535546
가구당가계수지,상대표준오차,0.42477748
가구당가계수지,취업시간,0.46073598
가구당가계수지,거주가구수,0.4456066
가구당가계수지,사육비,0.3880354
가구당가계수지,재혼신혼부부,0.4714188
가구당가계수지,운수비용,0.42865074
가구당가계수지,EBS교재비,0.3369246
가구당가계수지,보유농가,0.4611224
가구당가계수지,생산자본스톡,0.39232248
가구당가계수지,출생아부모,0.3765104
가구당가계수지,논벼수확농가,0.44696692
가구당가계수지,어업경영주,0.31041583
가구당가계수지,법인수,0.3703797
가구당가계수지,연금가입자,0.40553135
가구당가계수지,임가수,0.35531572
가구당가계수지,어업가구,0.30941722
가구당가계수지,기혼여자,0.34311423
가구당가계수지,주요생산비,0.48401764
가구당가계수지,고령자거주가구,0.54309714
가구당가계수지,건물연면적규모,0.3972514
가구당가계수지,양식장면적,0.40426996
가구당가계수지,산업세분류,0.47541812
가구당가계수지,신용부채비율,0.46394268
가구당가계수지,신용부채,0.46855837
가구당가계수지,주택소유자수,0.30978718
가구당가계수지,가구당월평균가계지출,0.50214523
가구당가계수지,순자본스톡,0.41183078
가구당가계수지,적립금액,0.469195
가구당가계수지,근로여건만족도,0.5203728
가구당가계수지,외국인수,0.40127772
가구당가계수지,투입물량,0.4840013
거주지,가구주,0.30464205
거주지,성별,0.33110568
거주지,주택,0.31326678
거주지,가구원,0.34386143
거주지,혼인상태,0.3528572
거주지,연령,0.31494817
거주지,교육정도,0.31898353
거주지,가족관계,0.34176335
유업자,인구,0.37460476
유업자,사업체수,0.30516943
유업자,취업자,0.33954808
유업자,가구주,0.36555305
유업자,가구원수,0.3069038
유업자,소득,0.3327228
유업자,취업인구,0.43033674
유업자,경제활동인구,0.39427117
유업자,농가인구,0.33170122
유업자,가구수,0.32163936
유업자,혼인상태,0.33376467
유업자,생산액,0.3140618
유업자,영업비용,0.3180005
유업자,출생아수,0.3778624
유업자,총자산,0.3048444
유업자,주택수,0.37723193
유업자,월평균소득,0.32444498
유업자,여자,0.40270993
유업자,여성인구,0.4758444
유업자,출하액,0.3540762
유업자,가구소득,0.38152286
유업자,기업규모,0.3056114
유업자,경지면적,0.3336027
유업자,임금수준,0.30006492
유업자,취업자수,0.38903913
유업자,순자산,0.31042868
유업자,남자,0.37533072
유업자,실업률,0.31851968
유업자,고용률,0.34148034
유업자,구성비,0.34837955
방과후학교,가구당월평균가계수지,0.30414444
방과후학교,경력단절여성,0.38113979
방과후학교,어학연수,0.32948083
방과후학교,자원봉사활동,0.30090284
방과후학교,EBS교재비,0.32652324
방과후학교,교육비,0.33458677
방과후학교,EBS교재,0.36579484
방과후학교,유연근무제,0.3412472
방과후학교,사교육비,0.36965606
조직형태,사업체수,0.49530134
조직형태,종사자수,0.41688958
조직형태,사업체,0.3138825
조직형태,농가수,0.3363827
조직형태,가구원수,0.3225916
조직형태,종업원,0.3225696
조직형태,주요지표,0.38608798
조직형태,사회보험가입률,0.3237438
조직형태,종업원수,0.37069136
조직형태,총자산,0.30053177
조직형태,기업수,0.30519617
조직형태,비임금근로자,0.3658774
조직형태,경제활동상태,0.30518374
조직형태,호텔업,0.3213229
조직형태,연간급여액,0.3090902
조직형태,기업규모,0.43192995
조직형태,기업,0.355534
조직형태,임금수준,0.45317337
조직형태,경영주,0.31371376
조직형태,자본금,0.30027038
조직형태,구성비,0.3484855
조직형태,유연근무제,0.36968848
부채잔액,종사자규모,0.3206449
부채잔액,통근통학인구,0.33061677
부채잔액,기업체수,0.41571853
부채잔액,어가인구,0.41046372
부채잔액,기혼여성인구,0.32430375
부채잔액,월평균가계수지,0.41809875
부채잔액,어업종사가구원,0.3803195
부채잔액,평균시간,0.31702885
부채잔액,행위자평균시간,0.43834585
부채잔액,어가수,0.30244148
부채잔액,가구당월평균가계수지,0.41070762
부채잔액,종사상지위,0.39369345
부채잔액,어업종사자수,0.3566955
부채잔액,고령자인구,0.30493686
부채잔액,사회보험가입률,0.33484066
부채잔액,이동자수,0.3483711
부채잔액,기성액,0.36997843
부채잔액,취업여부,0.3339381
부채잔액,개인농가,0.30366626
부채잔액,사업장면적,0.3371921
부채잔액,마을수,0.31908384
부채잔액,어업종사기간,0.373609
부채잔액,귀화허가자,0.32577693
부채잔액,가계재무건전성,0.38020274
부채잔액,성별어가인구,0.3038647
부채잔액,출하및연말재고액,0.43827102
부채잔액,연간급여액,0.31281674
부채잔액,주거전용가구,0.33008417
부채잔액,1인취업가구,0.32465094
부채잔액,수목수,0.3518508
부채잔액,총조사가구,0.33984676
부채잔액,월평균가계지출,0.42940223
부채잔액,상대표준오차,0.4251937
부채잔액,취업시간,0.33414596
부채잔액,거주가구수,0.3415338
부채잔액,재혼신혼부부,0.36535034
부채잔액,보유농가,0.3928181
부채잔액,출생아부모,0.3143791
부채잔액,논벼수확농가,0.35032368
부채잔액,법인수,0.39674667
부채잔액,주요생산비,0.364489
부채잔액,고령자거주가구,0.39950925
부채잔액,건물연면적규모,0.36262637
부채잔액,양식장면적,0.34401062
부채잔액,산업세분류,0.37313962
부채잔액,신용부채비율,0.317143
부채잔액,신용부채,0.31167424
부채잔액,가구당월평균가계지출,0.40931478
부채잔액,순자본스톡,0.32474625
부채잔액,적립금액,0.35826936
부채잔액,근로여건만족도,0.4072383
생산액,인구,0.3796717
생산액,가구,0.35784367
생산액,사업체수,0.59925634
생산액,취업자,0.42615476
생산액,종사자수,0.57247955
생산액,면적,0.36703902
생산액,사업체,0.3470703
생산액,일반가구,0.3765504
생산액,농가수,0.3544873
생산액,매출액,0.51488703
생산액,가구원수,0.45937073
생산액,소득,0.40019482
생산액,취업인구,0.45707852
생산액,자산,0.32890958
생산액,경제활동인구,0.35731468
생산액,농가인구,0.47782648
생산액,산업,0.45516747
생산액,임금근로자,0.37392354
생산액,재배면적,0.47191027
생산액,부가가치,0.46591127
생산액,급여액,0.41982165
생산액,저축액,0.30836365
생산액,가구수,0.42997727
생산액,제조업,0.38887373
생산액,광업,0.3974449
생산액,혼인상태,0.3412064
생산액,주요지표,0.4442752
생산액,연간소득,0.45616442
생산액,유업자,0.3140618
생산액,재배농가,0.37955585
생산액,인건비,0.31952295
생산액,종업원수,0.4911933
생산액,영업비용,0.45082727
생산액,출생아수,0.41958177
생산액,총자산,0.49476367
생산액,기업수,0.47923464
생산액,수입액,0.63138187
생산액,비임금근로자,0.3041451
생산액,수출입,0.39453155
생산액,생산비,0.33665246
생산액,임차료,0.37135342
생산액,점포수,0.4510722
생산액,주택수,0.38927618
생산액,월평균소득,0.40004617
생산액,호텔업,0.35923594
생산액,여성인구,0.413507
생산액,출하액,0.7147335
생산액,계약액,0.5047402
생산액,가구소득,0.41537172
생산액,기업규모,0.34097642
생산액,기업,0.32795385
생산액,판매액,0.59172857
생산액,경지면적,0.44345072
생산액,임금수준,0.40391102
생산액,도소매업,0.32188734
생산액,취업자수,0.6603514
생산액,순자산,0.4540688
생산액,자산현황,0.3472117
생산액,육우,0.3731717
생산액,해외건설,0.34419823
생산액,실업률,0.31027642
생산액,농가부채,0.40252495
생산액,농기계,0.304686
생산액,보유대수,0.5079491
생산액,고용률,0.4046972
생산액,소비자물가지수,0.31912768
생산액,연금수급자,0.34219444
생산액,육계,0.3148616
생산액,구성비,0.47441986
생산액,기타경비,0.3560746
어업종사자수,종사자규모,0.5029927
어업종사자수,통근통학인구,0.44180262
어업종사자수,기업체수,0.52408624
어업종사자수,어가인구,0.6215769
어업종사자수,가구내구재,0.40568644
어업종사자수,기혼여성인구,0.58659625
어업종사자수,월평균가계수지,0.63477707
어업종사자수,어업종사가구원,0.8027183
어업종사자수,평균시간,0.433615
어업종사자수,행위자평균시간,0.5644421
어업종사자수,어가수,0.50561535
어업종사자수,연간판매액,0.5303264
어업종사자수,가구당월평균가계수지,0.59398043
어업종사자수,재등록자,0.32221705
어업종사자수,종사상지위,0.61065704
어업종사자수,매출액규모,0.59860075
어업종사자수,유형고정자산,0.603919
어업종사자수,가구당가계수지,0.5030143
어업종사자수,부채잔액,0.3566955
어업종사자수,고령자인구,0.5230245
어업종사자수,사회보험가입률,0.6475235
어업종사자수,맞벌이가구,0.31260702
어업종사자수,임가인구,0.5724493
어업종사자수,기성액,0.6941937
어업종사자수,자본금규모,0.44333714
어업종사자수,취업여부,0.5031856
어업종사자수,비임금근로자,0.44147235
어업종사자수,개인농가,0.34875742
어업종사자수,사교육참여율,0.3844694
어업종사자수,종사기간,0.4671191
어업종사자수,세대구성,0.39493018
어업종사자수,사업장면적,0.56071204
어업종사자수,경제활동상태,0.43813336
어업종사자수,농업종사가구원,0.6210624
어업종사자수,경력단절여성인구,0.47882625
어업종사자수,마을수,0.5961425
어업종사자수,통계인력,0.38569987
어업종사자수,어업종사기간,0.763911
어업종사자수,귀화허가자,0.65586656
어업종사자수,가계재무건전성,0.69033587
어업종사자수,성별어가인구,0.6052294
어업종사자수,출하및연말재고액,0.6010167
어업종사자수,임업종사가구원,0.54661006
어업종사자수,연간급여액,0.52593124
어업종사자수,주거전용가구,0.5551911
어업종사자수,부인수,0.4581223
어업종사자수,1인취업가구,0.53392625
어업종사자수,수목수,0.4954701
어업종사자수,총조사가구,0.51882964
어업종사자수,월평균가계지출,0.63185483
어업종사자수,다문화가구,0.3418645
어업종사자수,상대표준오차,0.5830718
어업종사자수,취업시간,0.5156478
어업종사자수,거주가구수,0.635095
어업종사자수,사육비,0.5107304
어업종사자수,재혼신혼부부,0.6436025
어업종사자수,운수비용,0.5886867
어업종사자수,EBS교재비,0.43395573
어업종사자수,보유농가,0.6196829
어업종사자수,생산자본스톡,0.55685
어업종사자수,학생이외인구,0.38306347
어업종사자수,직종별연간급여액,0.38140818
어업종사자수,어학연수비용,0.4015283
어업종사자수,출생아부모,0.62277305
어업종사자수,논벼수확농가,0.6255583
어업종사자수,어업경영주,0.39346555
어업종사자수,법인수,0.46425584
어업종사자수,연금가입자,0.54878074
어업종사자수,임가수,0.43074065
어업종사자수,장비대수,0.5165863
어업종사자수,기혼여자,0.49905407
어업종사자수,주요생산비,0.62219775
어업종사자수,사육현황,0.4073586
어업종사자수,고령자거주가구,0.6690636
어업종사자수,건물연면적규모,0.5500853
어업종사자수,양식장면적,0.62368995
어업종사자수,어업법인,0.31087318
어업종사자수,산업세분류,0.671802
어업종사자수,신용부채비율,0.66271985
어업종사자수,신용부채,0.68847394
어업종사자수,한육우,0.31312686
어업종사자수,주택소유자수,0.49988422
어업종사자수,가구당월평균가계지출,0.5781979
어업종사자수,순자본스톡,0.5492859
어업종사자수,적립금액,0.5724595
어업종사자수,통근인구,0.3052393
어업종사자수,무급가사노동,0.4349357
어업종사자수,근로여건만족도,0.6954588
어업종사자수,외국인수,0.43870193
어업종사자수,투입물량,0.5894944
고령자인구,사업체수,0.35213602
고령자인구,종사자수,0.33432463
고령자인구,가구주,0.31942633
고령자인구,농가수,0.39763886
고령자인구,가구원수,0.379
고령자인구,종사자규모,0.3973234
고령자인구,통근통학인구,0.34739298
고령자인구,기업체수,0.36476567
고령자인구,고령자,0.39883295
고령자인구,1인가구,0.30269265
고령자인구,어가인구,0.48326638
고령자인구,경제활동인구,0.32989794
고령자인구,농가인구,0.36545235
고령자인구,가구내구재,0.37078062
고령자인구,기혼여성인구,0.52684414
고령자인구,월평균가계수지,0.5474917
고령자인구,가구원,0.3215353
고령자인구,어업종사가구원,0.48711994
고령자인구,재배면적,0.33213884
고령자인구,평균시간,0.385465
고령자인구,행위자평균시간,0.5061145
고령자인구,어가수,0.475237
고령자인구,비경제활동인구,0.31069225
고령자인구,급여액,0.30026254
고령자인구,연간판매액,0.44441655
고령자인구,가구당월평균가계수지,0.5502006
고령자인구,종사상지위,0.55671656
고령자인구,매출액규모,0.44978797
고령자인구,유형고정자산,0.48116732
고령자인구,가구당가계수지,0.47271308
고령자인구,부채잔액,0.30493686
고령자인구,어업종사자수,0.5230245
고령자인구,재배농가,0.33184198
고령자인구,사회보험가입률,0.52622026
고령자인구,출생아수,0.36156213
고령자인구,교육정도,0.35641095
고령자인구,맞벌이가구,0.30372813
고령자인구,임가인구,0.4254768
고령자인구,기성액,0.50725806
고령자인구,자본금규모,0.38946104
고령자인구,취업여부,0.39943957
고령자인구,비임금근로자,0.41727322
고령자인구,경력단절여성,0.3946085
고령자인구,사교육참여율,0.3160294
고령자인구,종사기간,0.4742363
고령자인구,세대구성,0.32148585
고령자인구,사업장면적,0.45279968
고령자인구,경제활동상태,0.51674
고령자인구,농업종사가구원,0.49616748
고령자인구,경력단절여성인구,0.48508653
고령자인구,마을수,0.43600824
고령자인구,통계인력,0.35991296
고령자인구,어업종사기간,0.41944814
고령자인구,귀화허가자,0.56809103
고령자인구,가계재무건전성,0.56104493
고령자인구,월평균소득,0.43676797
고령자인구,성별어가인구,0.4856778
고령자인구,출하및연말재고액,0.48616096
고령자인구,장애인,0.33408457
고령자인구,임업종사가구원,0.41753125
고령자인구,연간급여액,0.48790237
고령자인구,주거전용가구,0.4719519
고령자인구,가구소득,0.3259656
고령자인구,1인취업가구,0.32330832
고령자인구,수목수,0.39321962
고령자인구,총조사가구,0.39737955
고령자인구,경지면적,0.30368936
고령자인구,임금수준,0.32991466
고령자인구,월평균가계지출,0.47519597
고령자인구,다문화가구,0.4242745
고령자인구,상대표준오차,0.45534667
고령자인구,취업시간,0.45252582
고령자인구,거주가구수,0.5058758
고령자인구,사육비,0.39836586
고령자인구,재혼신혼부부,0.5505379
고령자인구,운수비용,0.45926154
고령자인구,EBS교재비,0.3852734
고령자인구,보유농가,0.49183512
고령자인구,생산자본스톡,0.38620514
고령자인구,직종별연간급여액,0.31695828
고령자인구,출생아부모,0.49825686
고령자인구,논벼수확농가,0.5870368
고령자인구,어업경영주,0.3475553
고령자인구,법인수,0.44843435
고령자인구,연금가입자,0.49143386
고령자인구,장비대수,0.3796622
고령자인구,청소년,0.32516205
고령자인구,기혼여자,0.5381134
고령자인구,주요생산비,0.5417798
고령자인구,담보부채,0.31080264
고령자인구,고령자거주가구,0.56188554
고령자인구,건물연면적규모,0.4427281
고령자인구,산업소분류,0.37194937
고령자인구,양식장면적,0.46432933
고령자인구,산업세분류,0.6052185
고령자인구,신용부채비율,0.4258575
고령자인구,신용부채,0.4614531
고령자인구,한육우,0.31889492
고령자인구,주택소유자수,0.4725486
고령자인구,가구당월평균가계지출,0.4982289
고령자인구,연금수급자,0.34252694
고령자인구,순자본스톡,0.4302352
고령자인구,적립금액,0.49017256
고령자인구,근로여건만족도,0.6012305
고령자인구,외국인수,0.4531343
고령자인구,투입물량,0.45199746
고령자인구,유연근무제,0.30380142
재배농가,농가,0.5288659
재배농가,사업체수,0.37877917
재배농가,종사자수,0.36232919
재배농가,임가,0.39115685
재배농가,일반가구,0.3333304
재배농가,농가수,0.35760465
재배농가,가구원수,0.3178072
재배농가,농가인구,0.5395323
재배농가,재배면적,0.5801993
재배농가,부가가치,0.30352247
재배농가,주요지표,0.31186295
재배농가,생산액,0.37955585
재배농가,고령자인구,0.33184198
재배농가,종업원수,0.3241804
재배농가,젖소,0.37920788
재배농가,영업비용,0.3189946
재배농가,기업수,0.31495798
재배농가,수입액,0.3556575
재배농가,생산비,0.4113832
재배농가,임차료,0.3897809
재배농가,출하액,0.32688072
재배농가,계약액,0.4092961
재배농가,판매액,0.30400267
재배농가,경지면적,0.50693285
재배농가,경영주,0.34592932
재배농가,취업자수,0.3255733
재배농가,다문화가구,0.30400616
재배농가,육우,0.48124555
재배농가,농업법인,0.5655163
재배농가,해외건설,0.30311105
재배농가,농가부채,0.42983308
재배농가,농기계,0.4700804
재배농가,어항시설,0.4273826
재배농가,보유대수,0.31942028
재배농가,연금수급자,0.31966975
재배농가,육계,0.39031157
재배농가,기타경비,0.32061332
재배농가,산란계,0.602775
사회보험가입률,행위자비율,0.30721703
사회보험가입률,농가수,0.32106405
사회보험가입률,종사자규모,0.5049176
사회보험가입률,통근통학인구,0.45238957
사회보험가입률,기업체수,0.46273783
사회보험가입률,어가인구,0.5623255
사회보험가입률,가구내구재,0.31673947
사회보험가입률,기혼여성인구,0.6341722
사회보험가입률,월평균가계수지,0.5651292
사회보험가입률,어업종사가구원,0.62763983
사회보험가입률,평균시간,0.4400892
사회보험가입률,행위자평균시간,0.51635087
사회보험가입률,어가수,0.5320599
사회보험가입률,연간판매액,0.46848845
사회보험가입률,가구당월평균가계수지,0.5728064
사회보험가입률,재등록자,0.3227451
사회보험가입률,종사상지위,0.55943614
사회보험가입률,매출액규모,0.52262056
사회보험가입률,유형고정자산,0.6049915
사회보험가입률,가구당가계수지,0.47068718
사회보험가입률,조직형태,0.3237438
사회보험가입률,부채잔액,0.33484066
사회보험가입률,어업종사자수,0.6475235
사회보험가입률,고령자인구,0.52622026
사회보험가입률,맞벌이가구,0.40858835
사회보험가입률,임가인구,0.49121022
사회보험가입률,기성액,0.59602594
사회보험가입률,자본금규모,0.3191506
사회보험가입률,취업여부,0.46582934
사회보험가입률,비임금근로자,0.5400112
사회보험가입률,개인농가,0.37698752
사회보험가입률,사교육참여율,0.31200013
사회보험가입률,종사기간,0.51779544
사회보험가입률,세대구성,0.32571882
사회보험가입률,사업장면적,0.4927038
사회보험가입률,경제활동상태,0.5379557
사회보험가입률,농업종사가구원,0.55355567
사회보험가입률,경력단절여성인구,0.5098361
사회보험가입률,마을수,0.47904167
사회보험가입률,통계인력,0.35610932
사회보험가입률,어업종사기간,0.5290331
사회보험가입률,귀화허가자,0.5516115
사회보험가입률,가계재무건전성,0.6548989
사회보험가입률,월평균소득,0.3193043
사회보험가입률,성별어가인구,0.5089258
사회보험가입률,출하및연말재고액,0.5612394
사회보험가입률,임업종사가구원,0.5249575
사회보험가입률,연간급여액,0.51595694
사회보험가입률,주거전용가구,0.52084005
사회보험가입률,부인수,0.3777786
사회보험가입률,1인취업가구,0.47041762
사회보험가입률,수목수,0.4811631
사회보험가입률,총조사가구,0.48495877
사회보험가입률,임금수준,0.30870223
사회보험가입률,월평균가계지출,0.53027076
사회보험가입률,다문화가구,0.38333488
사회보험가입률,상대표준오차,0.5602909
사회보험가입률,취업시간,0.5138966
사회보험가입률,거주가구수,0.55741435
사회보험가입률,사육비,0.4189527
사회보험가입률,재혼신혼부부,0.6411413
사회보험가입률,운수비용,0.56119394
사회보험가입률,EBS교재비,0.46501195
사회보험가입률,보유농가,0.6029598
사회보험가입률,생산자본스톡,0.46556744
사회보험가입률,학생이외인구,0.36741295
사회보험가입률,직종별연간급여액,0.44832107
사회보험가입률,어학연수비용,0.43176365
사회보험가입률,출생아부모,0.5382593
사회보험가입률,논벼수확농가,0.5931094
사회보험가입률,어업경영주,0.32394442
사회보험가입률,법인수,0.4137633
사회보험가입률,연금가입자,0.48440567
사회보험가입률,장비대수,0.44198337
사회보험가입률,기혼여자,0.50354624
사회보험가입률,주요생산비,0.57354563
사회보험가입률,사육현황,0.3346143
사회보험가입률,고령자거주가구,0.6539914
사회보험가입률,건물연면적규모,0.5133109
사회보험가입률,산업소분류,0.35382482
사회보험가입률,양식장면적,0.54079336
사회보험가입률,산업세분류,0.6296292
사회보험가입률,신용부채비율,0.59176606
사회보험가입률,신용부채,0.6055665
사회보험가입률,한육우,0.31954557
사회보험가입률,주택소유자수,0.44015348
사회보험가입률,가구당월평균가계지출,0.54274035
사회보험가입률,순자본스톡,0.4867727
사회보험가입률,적립금액,0.5820014
사회보험가입률,무급가사노동,0.3818177
사회보험가입률,근로여건만족도,0.6572148
사회보험가입률,외국인수,0.4914229
사회보험가입률,투입물량,0.5675661
인건비,사업체수,0.3149203
인건비,취업자,0.34117222
인건비,종사자수,0.33800066
인건비,매출액,0.32053322
인건비,가구원수,0.35345653
인건비,소득,0.30412638
인건비,임금근로자,0.33435568
인건비,부가가치,0.34520632
인건비,급여액,0.40557265
인건비,제조업,0.3626042
인건비,종업원,0.35015482
인건비,생산액,0.31952295
인건비,종업원수,0.31971163
인건비,영업비용,0.47404024
인건비,수입액,0.3229202
인건비,근로여건,0.3503589
인건비,생산비,0.4493774
인건비,임차료,0.59249496
인건비,월평균소득,0.3008719
인건비,가구소득,0.32251245
인건비,판매액,0.33752963
인건비,임금수준,0.44127163
인건비,취업자수,0.31950366
인건비,근속기간,0.3475607
인건비,자본금,0.34339735
인건비,수익성,0.30102402
인건비,교육비,0.49014974
인건비,농가부채,0.31610075
인건비,연금수급자,0.32244903
인건비,기타경비,0.38524815
인건비,임금,0.354778
인건비,유연근무제,0.30216524
인건비,사교육비,0.36683524
이혼,가구,0.36308894
이혼,소득,0.31953108
이혼,주택,0.365931
이혼,가구수,0.34004948
이혼,혼인상태,0.31587845
이혼,자녀,0.40520427
이혼,연령,0.31489554
이혼,출생,0.33609495
이혼,혼인,0.54215133
이혼,취업,0.3811044
이혼,배우자,0.3732162
이혼,부모,0.3414452
이혼,가족,0.39285287
이혼,창업,0.36611733
이혼,부인,0.37133893
이혼,가족관계,0.31059593
이혼,기혼자,0.3481522
종업원수,인구,0.35609838
종업원수,가구,0.31114742
종업원수,사업체수,0.6477295
종업원수,취업자,0.41640878
종업원수,종사자수,0.6071121
종업원수,면적,0.35414627
종업원수,가구주,0.31096882
종업원수,사업체,0.3459015
종업원수,농가수,0.36678204
종업원수,매출액,0.5365523
종업원수,가구원수,0.48644012
종업원수,취업인구,0.37033975
종업원수,경제활동인구,0.37912816
종업원수,농가인구,0.40333578
종업원수,가구원,0.3380725
종업원수,임금근로자,0.40442735
종업원수,부가가치,0.3471595
종업원수,비경제활동인구,0.3160299
종업원수,급여액,0.40159547
종업원수,저축액,0.33517554
종업원수,가구수,0.38839626
종업원수,제조업,0.33635318
종업원수,종업원,0.54988843
종업원수,혼인상태,0.34026712
종업원수,주요지표,0.35797557
종업원수,연간소득,0.38486433
종업원수,조직형태,0.37069136
종업원수,생산액,0.4911933
종업원수,재배농가,0.3241804
종업원수,인건비,0.31971163
종업원수,영업비용,0.41986984
종업원수,출생아수,0.33513513
종업원수,교육정도,0.37893194
종업원수,총자산,0.57070726
종업원수,기업수,0.46696407
종업원수,수입액,0.41452885
종업원수,비임금근로자,0.34290057
종업원수,아동인구,0.30766135
종업원수,사망자수,0.32475764
종업원수,임차료,0.33760005
종업원수,점포수,0.53940105
종업원수,주택수,0.36662117
종업원수,월평균소득,0.41027325
종업원수,호텔업,0.38928437
종업원수,여성인구,0.38745406
종업원수,출하액,0.5029435
종업원수,계약액,0.417283
종업원수,가구소득,0.37724662
종업원수,기업규모,0.5995663
종업원수,기업,0.35110113
종업원수,판매액,0.37925074
종업원수,경지면적,0.3448725
종업원수,임금수준,0.41041976
종업원수,도소매업,0.30237064
종업원수,경영주,0.39450207
종업원수,취업자수,0.5159598
종업원수,순자산,0.44541374
종업원수,자산현황,0.30211586
종업원수,근속기간,0.3486446
종업원수,자본금,0.50234896
종업원수,객실수,0.41423556
종업원수,보유대수,0.47398174
종업원수,연금수급자,0.39808872
종업원수,구성비,0.47384685
종업원수,기타경비,0.38002768
자녀,인구,0.338381
자녀,가구,0.3481982
자녀,가구주,0.36962327
자녀,성별,0.33751932
자녀,소득,0.404228
자녀,학생,0.35081637
자녀,주택,0.3439362
자녀,가구원,0.38352096
자녀,이민자,0.34075257
자녀,가구수,0.31046468
자녀,혼인상태,0.36873984
자녀,이혼,0.40520427
자녀,연령,0.35329518
자녀,혼인,0.39438218
자녀,직업,0.3314818
자녀,경력단절여성,0.30529484
자녀,취업,0.37105206
자녀,배우자,0.4262775
자녀,월평균소득,0.3576373
자녀,여성인구,0.30240265
자녀,기업,0.3125931
자녀,직장,0.36500508
자녀,부모,0.557315
자녀,가족,0.48454025
자녀,교육비,0.42957693
자녀,부인,0.35683614
자녀,가족관계,0.3370453
자녀,기혼자,0.35460436
자녀,연금수급자,0.31598788
자녀,사교육비,0.33122283
연령,인구,0.37117854
연령,가구,0.34940702
연령,사업체수,0.3164706
연령,가구주,0.38838118
연령,성별,0.6021029
연령,가구원수,0.36449334
연령,소득,0.46824583
연령,학생,0.37711698
연령,산업,0.32358706
연령,주택,0.32702848
연령,시간,0.36639556
연령,가구원,0.37226036
연령,저축액,0.35190687
연령,성,0.398946
연령,가구수,0.3358022
연령,혼인상태,0.4664797
연령,거주지,0.31494817
연령,이혼,0.31489554
연령,자녀,0.35329518
연령,출생,0.31746873
연령,교육정도,0.38157597
연령,혼인,0.36160243
연령,직업,0.45476413
연령,취업,0.34323624
연령,월평균소득,0.41814256
연령,여자,0.32873282
연령,여성인구,0.38734278
연령,가구소득,0.44704252
연령,기업,0.32736734
연령,직장,0.34798482
연령,부모,0.35785022
연령,가족,0.37610805
연령,근속기간,0.42605492
연령,남자,0.35612342
연령,객실수,0.30008778
연령,고용률,0.329273
연령,기혼자,0.33172402
연령,육계,0.33237967
연령,구성비,0.3791987
연령,임금,0.34680793
젖소,농가,0.3999002
젖소,재배면적,0.33441836
젖소,재배농가,0.37920788
젖소,마리,0.43992573
젖소,육우,0.47453034
젖소,육계,0.35101172
젖소,산란계,0.50832963
젖소,돼지,0.56595933
영업비용,사업체수,0.4772449
영업비용,취업자,0.31535468
영업비용,종사자수,0.4080995
영업비용,가구주,0.33322132
영업비용,사업체,0.37435934
영업비용,농가수,0.30134183
영업비용,매출액,0.4627973
영업비용,가구원수,0.49874738
영업비용,소득,0.3019141
영업비용,취업인구,0.39708596
영업비용,부채,0.3147948
영업비용,자산,0.35864842
영업비용,경제활동인구,0.3452563
영업비용,농가인구,0.3195369
영업비용,임금근로자,0.39068207
영업비용,재배면적,0.33013904
영업비용,부가가치,0.3755178
영업비용,급여액,0.3811261
영업비용,저축액,0.3849626
영업비용,가구수,0.3136094
영업비용,제조업,0.31173956
영업비용,종업원,0.30728212
영업비용,혼인상태,0.30141544
영업비용,주요지표,0.36176533
영업비용,연간소득,0.40948617
영업비용,유업자,0.3180005
영업비용,생산액,0.45082727
영업비용,재배농가,0.3189946
영업비용,인건비,0.47404024
영업비용,종업원수,0.41986984
영업비용,총자산,0.48512116
영업비용,기업수,0.44484258
영업비용,수입액,0.51145273
영업비용,생산비,0.41404852
영업비용,임차료,0.4980929
영업비용,점포수,0.44029588
영업비용,주택수,0.4447014
영업비용,월평균소득,0.36517859
영업비용,호텔업,0.38463673
영업비용,여성인구,0.39198366
영업비용,출하액,0.4482929
영업비용,계약액,0.47766212
영업비용,가구소득,0.48016873
영업비용,기업규모,0.42180806
영업비용,기업,0.37105185
영업비용,판매액,0.47138363
영업비용,경지면적,0.42277995
영업비용,임금수준,0.47357643
영업비용,경영주,0.357264
영업비용,취업자수,0.49093434
영업비용,순자산,0.5079443
영업비용,자산현황,0.40647677
영업비용,근속기간,0.38562283
영업비용,자본금,0.32893094
영업비용,개인대출,0.3082761
영업비용,수익성,0.41334617
영업비용,육우,0.3003273
영업비용,교육비,0.3869478
영업비용,실업률,0.322801
영업비용,농가부채,0.3874119
영업비용,보유대수,0.37537262
영업비용,고용률,0.34364143
영업비용,소비자물가지수,0.33786276
영업비용,연금수급자,0.3626031
영업비용,육계,0.3465771
영업비용,구성비,0.39972273
영업비용,기타경비,0.40969712
출생,혼인상태,0.31840977
출생,이혼,0.33609495
출생,연령,0.31746873
출생,혼인,0.36536187
이동자수,월평균가계수지,0.41289717
이동자수,평균시간,0.3217446
이동자수,행위자평균시간,0.31968385
이동자수,가구당월평균가계수지,0.3525353
이동자수,부채잔액,0.3483711
이동자수,통계인력,0.38204807
이동자수,어업종사기간,0.30619222
이동자수,출하및연말재고액,0.36166328
이동자수,연간급여액,0.33478108
이동자수,주거전용가구,0.3912713
이동자수,1인취업가구,0.35569823
이동자수,월평균가계지출,0.4009452
이동자수,상대표준오차,0.36777335
이동자수,거주가구수,0.36452398
이동자수,논벼수확농가,0.3484089
이동자수,법인수,0.40144297
이동자수,임가수,0.30861834
이동자수,고령자거주가구,0.34462765
이동자수,건물연면적규모,0.39371416
이동자수,양식장면적,0.31279707
이동자수,산업세분류,0.32812816
이동자수,가구당월평균가계지출,0.33419475
이동자수,근로여건만족도,0.33536795
출생아수,인구,0.44854853
출생아수,사업체수,0.48521072
출생아수,취업자,0.5064403
출생아수,종사자수,0.4861111
출생아수,가구주,0.4434818
출생아수,일반가구,0.40284055
출생아수,농가수,0.31864333
출생아수,매출액,0.31914082
출생아수,가구원수,0.44748122
출생아수,취업인구,0.4995851
출생아수,1인가구,0.33330852
출생아수,경제활동인구,0.52001745
출생아수,농가인구,0.5257143
출생아수,기혼여성인구,0.32403708
출생아수,가구원,0.3795188
출생아수,임금근로자,0.46791354
출생아수,재배면적,0.41650736
출생아수,비경제활동인구,0.48261693
출생아수,급여액,0.30455533
출생아수,저축액,0.3893203
출생아수,가구수,0.4946155
출생아수,혼인상태,0.43777123
출생아수,주요지표,0.40539995
출생아수,연간소득,0.3668685
출생아수,유업자,0.3778624
출생아수,생산액,0.41958177
출생아수,고령자인구,0.36156213
출생아수,종업원수,0.33513513
출생아수,교육정도,0.3800199
출생아수,총자산,0.40516174
출생아수,수입액,0.41329876
출생아수,비임금근로자,0.4261688
출생아수,경력단절여성,0.33237076
출생아수,아동인구,0.38868427
출생아수,사망자수,0.48977372
출생아수,경력단절여성인구,0.3294752
출생아수,점포수,0.39122167
출생아수,주택수,0.47485524
출생아수,월평균소득,0.44911107
출생아수,여성인구,0.61303145
출생아수,출하액,0.48360023
출생아수,계약액,0.30331743
출생아수,가구소득,0.50724477
출생아수,경지면적,0.4611346
출생아수,임금수준,0.41477713
출생아수,취업자수,0.628146
출생아수,순자산,0.3481147
출생아수,근속기간,0.31054085
출생아수,실업률,0.45340222
출생아수,농가부채,0.3334336
출생아수,보유대수,0.41324
출생아수,고용률,0.42778978
출생아수,소비자물가지수,0.32812226
출생아수,연금수급자,0.31074604
출생아수,구성비,0.44853047
출생아수,사교육비,0.39581144
교육정도,사업체수,0.36676195
교육정도,종사자수,0.39286697
교육정도,가구주,0.47085777
교육정도,성별,0.50153
교육정도,농가수,0.34721538
교육정도,가구원수,0.42579427
교육정도,취업인구,0.33702853
교육정도,경제활동인구,0.35407263
교육정도,가구원,0.3518922
교육정도,임금근로자,0.3294054
교육정도,비경제활동인구,0.34069678
교육정도,저축액,0.32141975
교육정도,가구수,0.3019767
교육정도,혼인상태,0.59141374
교육정도,연간소득,0.33007377
교육정도,거주지,0.31898353
교육정도,고령자인구,0.35641095
교육정도,종업원수,0.37893194
교육정도,연령,0.38157597
교육정도,출생아수,0.3800199
교육정도,직업,0.40648055
교육정도,경력단절여성,0.31080264
교육정도,종사기간,0.33601967
교육정도,월평균소득,0.5715627
교육정도,여성인구,0.3771873
교육정도,가구소득,0.5297679
교육정도,기업규모,0.30599117
교육정도,임금수준,0.39275014
교육정도,직장,0.31241897
교육정도,취업자수,0.36821562
교육정도,자산현황,0.32203874
교육정도,근속기간,0.46756756
교육정도,교육비,0.33103812
교육정도,가족관계,0.44356656
교육정도,고용률,0.31645304
교육정도,기혼자,0.3048895
교육정도,구성비,0.37504524
총자산,인구,0.33978006
총자산,사업체수,0.52645224
총자산,취업자,0.31408232
총자산,종사자수,0.45564163
총자산,사업체,0.32664594
총자산,농가수,0.3215626
총자산,매출액,0.58220935
총자산,가구원수,0.40728286
총자산,취업인구,0.30730775
총자산,자산,0.43063328
총자산,경제활동인구,0.31441247
총자산,농가인구,0.3529856
총자산,임금근로자,0.33925852
총자산,부가가치,0.34719768
총자산,급여액,0.3702949
총자산,저축액,0.374159
총자산,가구수,0.3534237
총자산,종업원,0.41225404
총자산,주요지표,0.4099446
총자산,연간소득,0.39212406
총자산,유업자,0.3048444
총자산,조직형태,0.30053177
총자산,생산액,0.49476367
총자산,종업원수,0.57070726
총자산,영업비용,0.48512116
총자산,출생아수,0.40516174
총자산,기업수,0.46332148
총자산,수입액,0.50588715
총자산,비임금근로자,0.3509314
총자산,임차료,0.32570082
총자산,점포수,0.5251613
총자산,주택수,0.32523596
총자산,월평균소득,0.32691392
총자산,호텔업,0.36393607
총자산,여성인구,0.33943275
총자산,출하액,0.5123303
총자산,계약액,0.44574264
총자산,가구소득,0.36097723
총자산,기업규모,0.45911333
총자산,기업,0.34856898
총자산,판매액,0.43991873
총자산,경지면적,0.31366625
총자산,임금수준,0.3371952
총자산,취업자수,0.47245577
총자산,순자산,0.6015206
총자산,자산현황,0.37842116
총자산,자본금,0.5275338
총자산,신생기업,0.33123025
총자산,농가부채,0.33036348
총자산,객실수,0.33832887
총자산,보유대수,0.4484481
총자산,소비자물가지수,0.3004573
총자산,육계,0.33443436
총자산,구성비,0.4123924
혼인,인구,0.35653746
혼인,가구,0.30904898
혼인,가구주,0.3080421
혼인,성별,0.31069466
혼인,소득,0.34395134
혼인,주택,0.32749918
혼인,혼인상태,0.37022588
혼인,이혼,0.54215133
혼인,자녀,0.39438218
혼인,연령,0.36160243
혼인,출생,0.36536187
혼인,취업,0.34614047
혼인,직장,0.3020922
혼인,가족,0.35454822
혼인,부인,0.3001579
혼인,가족관계,0.30059803
혼인,기혼자,0.31651908
기업수,사업체수,0.52289283
기업수,취업자,0.31915614
기업수,종사자수,0.44707844
기업수,사업체,0.30590424
기업수,일반가구,0.32217738
기업수,매출액,0.33871135
기업수,가구원수,0.4588468
기업수,취업인구,0.37647563
기업수,경제활동인구,0.30250886
기업수,농가인구,0.37655953
기업수,임금근로자,0.34630385
기업수,급여액,0.332556
기업수,저축액,0.3498124
기업수,가구수,0.3643623
기업수,혼인상태,0.32423812
기업수,주요지표,0.4542966
기업수,연간소득,0.3689172
기업수,조직형태,0.30519617
기업수,생산액,0.47923464
기업수,재배농가,0.31495798
기업수,종업원수,0.46696407
기업수,영업비용,0.44484258
기업수,총자산,0.46332148
기업수,수입액,0.48252997
기업수,생산비,0.31641442
기업수,임차료,0.34718
기업수,점포수,0.4710452
기업수,주택수,0.46540034
기업수,월평균소득,0.31280446
기업수,호텔업,0.35077712
기업수,여성인구,0.41522467
기업수,출하액,0.4764635
기업수,계약액,0.58888555
기업수,가구소득,0.32607478
기업수,기업규모,0.41086447
기업수,기업,0.35760272
기업수,판매액,0.4784534
기업수,경지면적,0.33160886
기업수,임금수준,0.32456592
기업수,경영주,0.37333784
기업수,취업자수,0.46643546
기업수,순자산,0.41473967
기업수,자산현황,0.46664712
기업수,개인대출,0.3839763
기업수,육우,0.32875213
기업수,농가부채,0.30372995
기업수,객실수,0.32080105
기업수,보유대수,0.42206857
기업수,고용률,0.34544712
기업수,연금수급자,0.32831976
기업수,육계,0.32003644
기업수,구성비,0.38316843
기업수,기타경비,0.4033713
단독주택,가구주,0.32345843
단독주택,일반가구,0.3524119
단독주택,1인가구,0.30790094
단독주택,주택,0.5408592
단독주택,가구원,0.3277415
단독주택,신혼부부,0.362514
단독주택,가구수,0.39868367
단독주택,주택수,0.3249732
단독주택,월평균소득,0.32321838
단독주택,경지면적,0.35657537
단독주택,기혼자,0.3036772
맞벌이가구,사업체수,0.30210692
맞벌이가구,종사자수,0.30640063
맞벌이가구,1인가구,0.32753408
맞벌이가구,기혼여성인구,0.36914602
맞벌이가구,월평균가계수지,0.31592897
맞벌이가구,가구당월평균가계수지,0.33810902
맞벌이가구,매출액규모,0.30392635
맞벌이가구,유형고정자산,0.30058366
맞벌이가구,가구당가계수지,0.30955854
맞벌이가구,어업종사자수,0.31260702
맞벌이가구,고령자인구,0.30372813
맞벌이가구,사회보험가입률,0.40858835
맞벌이가구,기성액,0.36039683
맞벌이가구,비임금근로자,0.3573953
맞벌이가구,아동인구,0.30471852
맞벌이가구,가계재무건전성,0.30678836
맞벌이가구,월평균소득,0.31694403
맞벌이가구,다문화가구,0.3954389
맞벌이가구,고령자거주가구,0.37551886
맞벌이가구,산업세분류,0.33380207
맞벌이가구,신용부채비율,0.33657515
맞벌이가구,근로여건만족도,0.3340209
맞벌이가구,투입물량,0.32368985
임가인구,종사자규모,0.4845704
임가인구,통근통학인구,0.39268026
임가인구,기업체수,0.53221214
임가인구,어가인구,0.5028229
임가인구,기혼여성인구,0.4450172
임가인구,월평균가계수지,0.50899696
임가인구,어업종사가구원,0.61686707
임가인구,평균시간,0.40687692
임가인구,행위자평균시간,0.51856893
임가인구,어가수,0.34934732
임가인구,연간판매액,0.34149793
임가인구,가구당월평균가계수지,0.4687377
임가인구,재등록자,0.3505326
임가인구,종사상지위,0.59044504
임가인구,매출액규모,0.41650563
임가인구,유형고정자산,0.4374041
임가인구,가구당가계수지,0.3037538
임가인구,어업종사자수,0.5724493
임가인구,고령자인구,0.4254768
임가인구,사회보험가입률,0.49121022
임가인구,부채액,0.30786017
임가인구,기성액,0.51012427
임가인구,자본금규모,0.3424809
임가인구,취업여부,0.4534821
임가인구,비임금근로자,0.36878678
임가인구,사교육참여율,0.39476964
임가인구,종사기간,0.47733587
임가인구,사업장면적,0.38516438
임가인구,경제활동상태,0.4905668
임가인구,농업종사가구원,0.55703586
임가인구,경력단절여성인구,0.42608327
임가인구,마을수,0.4464439
임가인구,통계인력,0.32931334
임가인구,어업종사기간,0.5363198
임가인구,귀화허가자,0.58410746
임가인구,가계재무건전성,0.58369744
임가인구,성별어가인구,0.510975
임가인구,출하및연말재고액,0.5986777
임가인구,임업종사가구원,0.5041817
임가인구,연간급여액,0.52041394
임가인구,주거전용가구,0.4253533
임가인구,1인취업가구,0.37913898
임가인구,수목수,0.49108487
임가인구,총조사가구,0.4717513
임가인구,월평균가계지출,0.4735214
임가인구,다문화가구,0.31498995
임가인구,상대표준오차,0.50765055
임가인구,취업시간,0.47065213
임가인구,거주가구수,0.5512051
임가인구,사육비,0.42117974
임가인구,재혼신혼부부,0.5033007
임가인구,운수비용,0.52713764
임가인구,EBS교재비,0.3806108
임가인구,보유농가,0.5191376
임가인구,생산자본스톡,0.44609594
임가인구,학생이외인구,0.37214994
임가인구,직종별연간급여액,0.46434185
임가인구,어학연수비용,0.37776288
임가인구,출생아부모,0.43186963
임가인구,논벼수확농가,0.6355822
임가인구,법인수,0.386824
임가인구,연금가입자,0.4062161
임가인구,임가수,0.35269773
임가인구,장비대수,0.45633087
임가인구,기혼여자,0.49214685
임가인구,주요생산비,0.4719748
임가인구,담보부채,0.4250092
임가인구,사육현황,0.31847203
임가인구,고령자거주가구,0.51341087
임가인구,건물연면적규모,0.5065299
임가인구,산업소분류,0.46630096
임가인구,양식장면적,0.60239106
임가인구,산업세분류,0.6221635
임가인구,신용부채비율,0.4526509
임가인구,신용부채,0.520156
임가인구,주택소유자수,0.35848165
임가인구,가구당월평균가계지출,0.43621048
임가인구,순자본스톡,0.48653704
임가인구,적립금액,0.460566
임가인구,통근인구,0.3075485
임가인구,무급가사노동,0.33334327
임가인구,근로여건만족도,0.5810535
임가인구,외국인수,0.5037115
임가인구,투입물량,0.44065908
수입액,인구,0.32405308
수입액,가구,0.3181317
수입액,사업체수,0.5275054
수입액,취업자,0.33517402
수입액,종사자수,0.47858208
수입액,면적,0.33896267
수입액,사업체,0.31887525
수입액,일반가구,0.39431438
수입액,농가수,0.339642
수입액,매출액,0.45880812
수입액,가구원수,0.4566264
수입액,소득,0.37041008
수입액,취업인구,0.43137154
수입액,부채,0.313395
수입액,자산,0.30987337
수입액,경제활동인구,0.37386358
수입액,농가인구,0.42814395
수입액,산업,0.31082034
수입액,임금근로자,0.39647967
수입액,재배면적,0.46959797
수입액,부가가치,0.3836443
수입액,급여액,0.3416255
수입액,저축액,0.30076844
수입액,가구수,0.37712124
수입액,제조업,0.3581775
수입액,혼인상태,0.32296076
수입액,주요지표,0.4302411
수입액,연간소득,0.3800795
수입액,생산액,0.63138187
수입액,재배농가,0.3556575
수입액,인건비,0.3229202
수입액,종업원수,0.41452885
수입액,영업비용,0.51145273
수입액,출생아수,0.41329876
수입액,총자산,0.50588715
수입액,기업수,0.48252997
수입액,비임금근로자,0.32161555
수입액,수출입,0.45060205
수입액,생산비,0.37052917
수입액,아동인구,0.333851
수입액,사망자수,0.3693643
수입액,임차료,0.3490223
수입액,점포수,0.51296604
수입액,주택수,0.43901435
수입액,월평균소득,0.44314906
수입액,호텔업,0.30637705
수입액,여성인구,0.46050167
수입액,출하액,0.58106875
수입액,계약액,0.5539097
수입액,가구소득,0.44000208
수입액,기업규모,0.31375417
수입액,판매액,0.5494703
수입액,경지면적,0.48558477
수입액,임금수준,0.35481998
수입액,도소매업,0.32368973
수입액,취업자수,0.5835807
수입액,순자산,0.48178533
수입액,자산현황,0.38269585
수입액,근속기간,0.34485954
수입액,실업률,0.3141102
수입액,농가부채,0.34031644
수입액,보유대수,0.5441788
수입액,고용률,0.41487876
수입액,소비자물가지수,0.40983486
수입액,육계,0.42663765
수입액,구성비,0.45847884
수입액,기타경비,0.3059531
수입액,산란계,0.33731675
부채액,가구내구재,0.32806912
부채액,임가인구,0.30786017
부채액,사업장면적,0.32219
부채액,출하및연말재고액,0.3306435
부채액,주거전용가구,0.30944073
부채액,거주가구수,0.3434195
부채액,사육비,0.30804205
부채액,양식장면적,0.33138713
부채액,산업세분류,0.3594592
기성액,농가수,0.39147297
기성액,종사자규모,0.4883728
기성액,통근통학인구,0.34101027
기성액,기업체수,0.48774558
기성액,이동인구,0.31955674
기성액,어가인구,0.6714597
기성액,가구내구재,0.35340565
기성액,기혼여성인구,0.4844519
기성액,월평균가계수지,0.5959162
기성액,어업종사가구원,0.62433976
기성액,평균시간,0.47050744
기성액,행위자평균시간,0.59934276
기성액,어가수,0.48465466
기성액,연간판매액,0.55715454
기성액,가구당월평균가계수지,0.5712932
기성액,종사상지위,0.6090542
기성액,매출액규모,0.62445796
기성액,유형고정자산,0.62305117
기성액,가구당가계수지,0.5569654
기성액,부채잔액,0.36997843
기성액,어업종사자수,0.6941937
기성액,고령자인구,0.50725806
기성액,사회보험가입률,0.59602594
기성액,맞벌이가구,0.36039683
기성액,임가인구,0.51012427
기성액,자본금규모,0.32285222
기성액,취업여부,0.46382824
기성액,비임금근로자,0.40256703
기성액,개인농가,0.32725215
기성액,사교육참여율,0.3942986
기성액,종사기간,0.42751616
기성액,세대구성,0.3696219
기성액,사업장면적,0.46653622
기성액,경제활동상태,0.43223575
기성액,농업종사가구원,0.5556251
기성액,경력단절여성인구,0.3587649
기성액,마을수,0.5982954
기성액,통계인력,0.3755807
기성액,어업종사기간,0.5102609
기성액,귀화허가자,0.60762346
기성액,가계재무건전성,0.6129687
기성액,성별어가인구,0.5548131
기성액,출하및연말재고액,0.6399218
기성액,임업종사가구원,0.48132044
기성액,연간급여액,0.5169241
기성액,주거전용가구,0.54508597
기성액,부인수,0.41765693
기성액,1인취업가구,0.5560042
기성액,수목수,0.5585426
기성액,총조사가구,0.5331447
기성액,월평균가계지출,0.5852429
기성액,상대표준오차,0.57311875
기성액,취업시간,0.4854404
기성액,거주가구수,0.63418275
기성액,사육비,0.5297483
기성액,재혼신혼부부,0.57102084
기성액,운수비용,0.5704524
기성액,EBS교재비,0.34511214
기성액,보유농가,0.6284233
기성액,생산자본스톡,0.5457977
기성액,학생이외인구,0.3388079
기성액,직종별연간급여액,0.37127948
기성액,어학연수비용,0.3726123
기성액,출생아부모,0.51256925
기성액,논벼수확농가,0.6706107
기성액,어업경영주,0.3302003
기성액,법인수,0.52780575
기성액,연금가입자,0.5599311
기성액,임가수,0.44622025
기성액,장비대수,0.3975946
기성액,기혼여자,0.5064379
기성액,주요생산비,0.58748317
기성액,사육현황,0.35418963
기성액,고령자거주가구,0.6904011
기성액,건물연면적규모,0.5480002
기성액,산업소분류,0.31103155
기성액,양식장면적,0.6452534
기성액,산업세분류,0.6749391
기성액,신용부채비율,0.5851961
기성액,신용부채,0.5811562
기성액,주택소유자수,0.40937474
기성액,가구당월평균가계지출,0.5527253
기성액,순자본스톡,0.5420742
기성액,적립금액,0.62806845
기성액,무급가사노동,0.39452684
기성액,근로여건만족도,0.70845354
기성액,외국인수,0.390949
기성액,투입물량,0.5402556
자본금규모,기업체수,0.32333103
자본금규모,어가인구,0.32926106
자본금규모,기혼여성인구,0.33143646
자본금규모,월평균가계수지,0.3929106
자본금규모,어업종사가구원,0.42500356
자본금규모,평균시간,0.35614783
자본금규모,행위자평균시간,0.35340086
자본금규모,가구당월평균가계수지,0.35784957
자본금규모,종사상지위,0.3705586
자본금규모,매출액규모,0.34797645
자본금규모,어업종사자수,0.44333714
자본금규모,고령자인구,0.38946104
자본금규모,사회보험가입률,0.3191506
자본금규모,임가인구,0.3424809
자본금규모,기성액,0.32285222
자본금규모,사업장면적,0.37219432
자본금규모,농업종사가구원,0.3748786
자본금규모,경력단절여성인구,0.36361656
자본금규모,마을수,0.36862925
자본금규모,어업종사기간,0.3303258
자본금규모,귀화허가자,0.3510889
자본금규모,가계재무건전성,0.37522122
자본금규모,성별어가인구,0.32591805
자본금규모,출하및연말재고액,0.36090726
자본금규모,임업종사가구원,0.35023233
자본금규모,연간급여액,0.31909004
자본금규모,주거전용가구,0.36007836
자본금규모,월평균가계지출,0.35063314
자본금규모,취업시간,0.30951658
자본금규모,거주가구수,0.3969278
자본금규모,재혼신혼부부,0.40932953
자본금규모,운수비용,0.35249606
자본금규모,보유농가,0.40356636
자본금규모,출생아부모,0.4051832
자본금규모,논벼수확농가,0.39910346
자본금규모,법인수,0.3447885
자본금규모,연금가입자,0.32734498
자본금규모,기혼여자,0.33655044
자본금규모,주요생산비,0.3584254
자본금규모,고령자거주가구,0.38179597
자본금규모,건물연면적규모,0.32970914
자본금규모,양식장면적,0.34623972
자본금규모,산업세분류,0.43266767
자본금규모,신용부채비율,0.31620145
자본금규모,신용부채,0.32185423
자본금규모,주택소유자수,0.32695162
자본금규모,가구당월평균가계지출,0.32377014
자본금규모,통근인구,0.31245822
자본금규모,근로여건만족도,0.3909179
자본금규모,투입물량,0.3002254
직업,가구,0.309911
직업,일자리,0.3142893
직업,성별,0.45925757
직업,소득,0.42710295
직업,학생,0.31031126
직업,산업,0.3845193
직업,실업자,0.30984396
직업,광업,0.35796124
직업,혼인상태,0.31162435
직업,자녀,0.3314818
직업,연령,0.45476413
직업,교육정도,0.40648055
직업,취업,0.42631087
직업,월평균소득,0.3827712
직업,여자,0.32145056
직업,가구소득,0.3014428
직업,기업,0.3770755
직업,직장,0.41789764
직업,가족,0.31434828
직업,근속기간,0.34589297
취업여부,종사자규모,0.3812501
취업여부,통근통학인구,0.39868745
취업여부,기업체수,0.41169664
취업여부,어가인구,0.38797334
취업여부,가구내구재,0.3092057
취업여부,기혼여성인구,0.47007
취업여부,월평균가계수지,0.48078212
취업여부,어업종사가구원,0.5138188
취업여부,평균시간,0.4124421
취업여부,행위자평균시간,0.4247109
취업여부,어가수,0.3246464
취업여부,연간판매액,0.37021163
취업여부,가구당월평균가계수지,0.52112585
취업여부,재등록자,0.30655587
취업여부,종사상지위,0.48526236
취업여부,매출액규모,0.37297487
취업여부,유형고정자산,0.47163668
취업여부,가구당가계수지,0.3221271
취업여부,부채잔액,0.3339381
취업여부,어업종사자수,0.5031856
취업여부,고령자인구,0.39943957
취업여부,사회보험가입률,0.46582934
취업여부,임가인구,0.4534821
취업여부,기성액,0.46382824
취업여부,비임금근로자,0.32743904
취업여부,사교육참여율,0.3272878
취업여부,종사기간,0.43555257
취업여부,세대구성,0.30445775
취업여부,사업장면적,0.3681677
취업여부,경제활동상태,0.34947968
취업여부,농업종사가구원,0.45238137
취업여부,경력단절여성인구,0.30774844
취업여부,마을수,0.423126
취업여부,통계인력,0.33247632
취업여부,어업종사기간,0.44909748
취업여부,귀화허가자,0.4279886
취업여부,가계재무건전성,0.53601456
취업여부,성별어가인구,0.52115005
취업여부,출하및연말재고액,0.5121235
취업여부,임업종사가구원,0.4458091
취업여부,연간급여액,0.3710001
취업여부,주거전용가구,0.47626972
취업여부,1인취업가구,0.40078583
취업여부,수목수,0.3441668
취업여부,총조사가구,0.39880803
취업여부,월평균가계지출,0.44934562
취업여부,상대표준오차,0.46723762
취업여부,취업시간,0.45203036
취업여부,거주가구수,0.49468452
취업여부,사육비,0.36748612
취업여부,재혼신혼부부,0.4691932
취업여부,운수비용,0.4622488
취업여부,EBS교재비,0.38922924
취업여부,보유농가,0.39835507
취업여부,생산자본스톡,0.39656985
취업여부,어학연수비용,0.35680765
취업여부,출생아부모,0.37642068
취업여부,논벼수확농가,0.5100743
취업여부,법인수,0.34579155
취업여부,연금가입자,0.36922434
취업여부,임가수,0.31694818
취업여부,장비대수,0.43112752
취업여부,기혼여자,0.45085362
취업여부,주요생산비,0.4920724
취업여부,고령자거주가구,0.4978619
취업여부,건물연면적규모,0.4283399
취업여부,양식장면적,0.48400515
취업여부,산업세분류,0.51847476
취업여부,신용부채비율,0.5697816
취업여부,신용부채,0.6063256
취업여부,가구당월평균가계지출,0.49669945
취업여부,순자본스톡,0.38559434
취업여부,적립금액,0.39095914
취업여부,통근인구,0.35751796
취업여부,무급가사노동,0.35675406
취업여부,근로여건만족도,0.5265341
취업여부,외국인수,0.41037324
취업여부,투입물량,0.49568638
비임금근로자,사업체수,0.48426136
비임금근로자,취업자,0.45284855
비임금근로자,종사자수,0.48702013
비임금근로자,가구주,0.3756776
비임금근로자,일반가구,0.38886824
비임금근로자,농가수,0.3607686
비임금근로자,가구원수,0.46001256
비임금근로자,종사자규모,0.37588152
비임금근로자,통근통학인구,0.30200383
비임금근로자,취업인구,0.42817757
비임금근로자,고령자,0.34180275
비임금근로자,1인가구,0.3328619
비임금근로자,어가인구,0.39334598
비임금근로자,경제활동인구,0.5119498
비임금근로자,농가인구,0.3492515
비임금근로자,기혼여성인구,0.49334905
비임금근로자,월평균가계수지,0.3325202
비임금근로자,가구원,0.33087477
비임금근로자,임금근로자,0.8046222
비임금근로자,어업종사가구원,0.3923096
비임금근로자,재배면적,0.35594192
비임금근로자,행위자평균시간,0.34206238
비임금근로자,어가수,0.30277655
비임금근로자,비경제활동인구,0.42117184
비임금근로자,급여액,0.33586758
비임금근로자,가구수,0.31510487
비임금근로자,가구당월평균가계수지,0.41952068
비임금근로자,종사상지위,0.39785808
비임금근로자,매출액규모,0.45782325
비임금근로자,주요지표,0.41624862
비임금근로자,유형고정자산,0.428927
비임금근로자,가구당가계수지,0.31588253
비임금근로자,조직형태,0.3658774
비임금근로자,생산액,0.3041451
비임금근로자,어업종사자수,0.44147235
비임금근로자,고령자인구,0.41727322
비임금근로자,사회보험가입률,0.5400112
비임금근로자,종업원수,0.34290057
비임금근로자,출생아수,0.4261688
비임금근로자,총자산,0.3509314
비임금근로자,맞벌이가구,0.3573953
비임금근로자,임가인구,0.36878678
비임금근로자,수입액,0.32161555
비임금근로자,기성액,0.40256703
비임금근로자,취업여부,0.32743904
비임금근로자,경력단절여성,0.4013737
비임금근로자,근로여건,0.35412043
비임금근로자,아동인구,0.3250197
비임금근로자,종사기간,0.3811737
비임금근로자,경제활동상태,0.45624745
비임금근로자,농업종사가구원,0.3714671
비임금근로자,사망자수,0.31561744
비임금근로자,경력단절여성인구,0.46407017
비임금근로자,어업종사기간,0.31272048
비임금근로자,귀화허가자,0.36559778
비임금근로자,가계재무건전성,0.48183027
비임금근로자,월평균소득,0.47266367
비임금근로자,출하및연말재고액,0.32197598
비임금근로자,임업종사가구원,0.30588707
비임금근로자,여성인구,0.30979052
비임금근로자,연간급여액,0.40726548
비임금근로자,출하액,0.30027527
비임금근로자,주거전용가구,0.35080665
비임금근로자,가구소득,0.46186134
비임금근로자,부인수,0.303304
비임금근로자,기업규모,0.32783076
비임금근로자,경지면적,0.36528224
비임금근로자,임금수준,0.5016035
비임금근로자,취업자수,0.4468704
비임금근로자,다문화가구,0.30436713
비임금근로자,상대표준오차,0.383955
비임금근로자,취업시간,0.33365873
비임금근로자,거주가구수,0.39355224
비임금근로자,사육비,0.32885394
비임금근로자,근속기간,0.30849347
비임금근로자,재혼신혼부부,0.3806699
비임금근로자,운수비용,0.40639168
비임금근로자,EBS교재비,0.34968814
비임금근로자,보유농가,0.35873115
비임금근로자,직종별연간급여액,0.34409693
비임금근로자,출생아부모,0.35270488
비임금근로자,논벼수확농가,0.35127693
비임금근로자,연금가입자,0.33708867
비임금근로자,해외건설,0.31944838
비임금근로자,실업률,0.3447499
비임금근로자,장비대수,0.3138496
비임금근로자,기혼여자,0.33527088
비임금근로자,농가부채,0.34810233
비임금근로자,주요생산비,0.4447109
비임금근로자,고령자거주가구,0.48319578
비임금근로자,고용률,0.37699366
비임금근로자,양식장면적,0.36588538
비임금근로자,산업세분류,0.4206857
비임금근로자,신용부채비율,0.4116134
비임금근로자,신용부채,0.39936233
비임금근로자,소비자물가지수,0.4074125
비임금근로자,주택소유자수,0.3677804
비임금근로자,가구당월평균가계지출,0.39993897
비임금근로자,연금수급자,0.36826858
비임금근로자,순자본스톡,0.31531668
비임금근로자,적립금액,0.30764547
비임금근로자,근로여건만족도,0.45804614
비임금근로자,구성비,0.3825287
비임금근로자,외국인수,0.35085133
비임금근로자,투입물량,0.38714513
비임금근로자,유연근무제,0.33899182
개인농가,농가수,0.37848672
개인농가,종사자규모,0.32898128
개인농가,월평균가계수지,0.329544
개인농가,어업종사가구원,0.32915938
개인농가,평균시간,0.35202026
개인농가,행위자평균시간,0.31755686
개인농가,연간판매액,0.34943548
개인농가,가구당월평균가계수지,0.31378484
개인농가,매출액규모,0.3249988
개인농가,유형고정자산,0.3655803
개인농가,부채잔액,0.30366626
개인농가,어업종사자수,0.34875742
개인농가,사회보험가입률,0.37698752
개인농가,기성액,0.32725215
개인농가,사업장면적,0.31714547
개인농가,출하및연말재고액,0.31828824
개인농가,월평균가계지출,0.34810594
개인농가,상대표준오차,0.3593685
개인농가,취업시간,0.32163873
개인농가,거주가구수,0.33057928
개인농가,보유농가,0.3639784
개인농가,출생아부모,0.31532896
개인농가,법인수,0.4065829
개인농가,고령자거주가구,0.39762828
개인농가,산업세분류,0.33477327
개인농가,신용부채비율,0.3351002
개인농가,신용부채,0.33111343
개인농가,가구당월평균가계지출,0.31768918
개인농가,근로여건만족도,0.38330647
개인농가,투입물량,0.34759665
수출입,사업체수,0.363556
수출입,종사자수,0.32732308
수출입,부가가치,0.30724892
수출입,제조업,0.351669
수출입,주요지표,0.36898664
수출입,유형고정자산,0.3046987
수출입,생산액,0.39453155
수출입,수입액,0.45060205
수출입,점포수,0.34315455
수출입,출하액,0.3031302
수출입,판매액,0.33865824
수출입,도소매업,0.3283131
수출입,순자산,0.330817
수출입,해외건설,0.33536798
수출입,보유대수,0.35510367
수출입,소비자물가지수,0.31951037
의료서비스,취업인구,0.30745885
의료서비스,고령자,0.36077556
의료서비스,부가가치,0.31997904
의료서비스,종사자,0.3143121
의료서비스,근로여건,0.30328918
의료서비스,임금수준,0.32548943
경력단절여성,사업체수,0.35702363
경력단절여성,취업자,0.47372827
경력단절여성,종사자수,0.39029968
경력단절여성,가구주,0.38251388
경력단절여성,일자리,0.50693774
경력단절여성,가구원수,0.3479873
경력단절여성,취업인구,0.35284418
경력단절여성,고령자,0.44321397
경력단절여성,1인가구,0.38177603
경력단절여성,경제활동인구,0.383064
경력단절여성,농가인구,0.34814355
경력단절여성,기혼여성인구,0.32017514
경력단절여성,가구원,0.3326713
경력단절여성,임금근로자,0.4426142
경력단절여성,신혼부부,0.32484433
경력단절여성,비경제활동인구,0.43818203
경력단절여성,종사자,0.38614428
경력단절여성,가구수,0.31474644
경력단절여성,실업자,0.38536847
경력단절여성,종사상지위,0.33531484
경력단절여성,방과후학교,0.38113979
경력단절여성,고령자인구,0.3946085
경력단절여성,자녀,0.30529484
경력단절여성,출생아수,0.33237076
경력단절여성,교육정도,0.31080264
경력단절여성,비임금근로자,0.4013737
경력단절여성,취업,0.39743295
경력단절여성,근로여건,0.43555576
경력단절여성,종사기간,0.3135009
경력단절여성,자원봉사활동,0.34487873
경력단절여성,경제활동상태,0.32905936
경력단절여성,경력단절여성인구,0.7655218
경력단절여성,월평균소득,0.39728996
경력단절여성,장애인,0.39125818
경력단절여성,여성인구,0.34863892
경력단절여성,가구소득,0.41613084
경력단절여성,임금수준,0.32726106
경력단절여성,취업자수,0.347573
경력단절여성,다문화가구,0.33540174
경력단절여성,교육비,0.3686253
경력단절여성,신생기업,0.31879935
경력단절여성,창업,0.31548026
경력단절여성,해외건설,0.34131283
경력단절여성,실업률,0.31111962
경력단절여성,청소년,0.3056056
경력단절여성,농가부채,0.3210197
경력단절여성,고용률,0.41165242
경력단절여성,산업세분류,0.32300776
경력단절여성,기혼자,0.33119398
경력단절여성,주택소유자수,0.31516775
경력단절여성,연금수급자,0.43166858
경력단절여성,유연근무제,0.35989574
유학생,취업자,0.35243097
유학생,학생,0.4707864
유학생,외국인,0.5261389
유학생,이민자,0.4469123
유학생,취업,0.32591382
유학생,어학연수,0.3813702
유학생,연금수급자,0.30510178
취업,인구,0.32036635
취업,가구,0.33363098
취업,취업자,0.39245003
취업,일자리,0.4257276
취업,소득,0.348542
취업,학생,0.30736673
취업,산업,0.35788998
취업,주택,0.33473238
취업,비경제활동인구,0.3260966
취업,실업자,0.34793448
취업,이혼,0.3811044
취업,자녀,0.37105206
취업,연령,0.34323624
취업,혼인,0.34614047
취업,직업,0.42631087
취업,경력단절여성,0.39743295
취업,유학생,0.32591382
취업,어학연수,0.32397798
취업,근로여건,0.31125176
취업,기업,0.37839186
취업,경영주,0.3303637
취업,직장,0.40468124
취업,창업,0.51443875
취업,고용률,0.35584944
어학연수,방과후학교,0.32948083
어학연수,유학생,0.3813702
어학연수,취업,0.32397798
어학연수,어학연수비용,0.611402
어학연수,교육비,0.367529
근로여건,사업체수,0.32507092
근로여건,취업자,0.3759363
근로여건,종사자수,0.31695876
근로여건,일자리,0.40272084
근로여건,가구원수,0.34124687
근로여건,소득,0.34612954
근로여건,취업인구,0.3819939
근로여건,고령자,0.33233833
근로여건,농가인구,0.4258194
근로여건,임금근로자,0.42351744
근로여건,급여액,0.32316685
근로여건,실업자,0.37264246
근로여건,혼인상태,0.32581154
근로여건,주요지표,0.3035959
근로여건,인건비,0.3503589
근로여건,비임금근로자,0.35412043
근로여건,의료서비스,0.30328918
근로여건,경력단절여성,0.43555576
근로여건,취업,0.31125176
근로여건,생산비,0.31547442
근로여건,주택수,0.33334458
근로여건,월평균소득,0.36385682
근로여건,장애인,0.3049299
근로여건,여성인구,0.34972534
근로여건,가구소득,0.37041038
근로여건,임금수준,0.5532357
근로여건,경영주,0.32177395
근로여건,취업자수,0.36989045
근로여건,근속기간,0.38728905
근로여건,교육비,0.3227299
근로여건,실업률,0.32941803
근로여건,농가부채,0.35605142
근로여건,고용률,0.48300502
근로여건,연금수급자,0.39204082
근로여건,임금,0.42212304
근로여건,유연근무제,0.44838488
근로여건,사교육비,0.32252464
생산비,농가,0.34050715
생산비,사업체수,0.3198158
생산비,가구원수,0.3368595
생산비,소득,0.35809606
생산비,농가인구,0.4029131
생산비,재배면적,0.4569753
생산비,부가가치,0.34574193
생산비,급여액,0.33644977
생산비,생산액,0.33665246
생산비,재배농가,0.4113832
생산비,인건비,0.4493774
생산비,영업비용,0.41404852
생산비,기업수,0.31641442
생산비,수입액,0.37052917
생산비,근로여건,0.31547442
생산비,임차료,0.41406253
생산비,주택수,0.31316313
생산비,계약액,0.340667
생산비,판매액,0.38348055
생산비,경지면적,0.33567756
생산비,임금수준,0.36470664
생산비,육우,0.34268722
생산비,농가부채,0.37067732
생산비,농기계,0.32267916
생산비,육계,0.35066617
생산비,산란계,0.40531155
생산비,사교육비,0.32681057
아동인구,사업체수,0.3876129
아동인구,취업자,0.33695245
아동인구,종사자수,0.44785744
아동인구,가구주,0.4025265
아동인구,일반가구,0.38184187
아동인구,가구원수,0.44765204
아동인구,취업인구,0.5026915
아동인구,고령자,0.31455803
아동인구,1인가구,0.35036924
아동인구,경제활동인구,0.39494234
아동인구,농가인구,0.319285
아동인구,가구원,0.39260074
아동인구,임금근로자,0.36034754
아동인구,재배면적,0.30633768
아동인구,비경제활동인구,0.3466735
아동인구,가구수,0.37238452
아동인구,혼인상태,0.3928288
아동인구,연간소득,0.31617826
아동인구,종업원수,0.30766135
아동인구,출생아수,0.38868427
아동인구,맞벌이가구,0.30471852
아동인구,수입액,0.333851
아동인구,비임금근로자,0.3250197
아동인구,사망자수,0.314418
아동인구,점포수,0.3125028
아동인구,주택수,0.39453897
아동인구,월평균소득,0.49925715
아동인구,여성인구,0.55751103
아동인구,가구소득,0.42826423
아동인구,경지면적,0.43644494
아동인구,임금수준,0.3565406
아동인구,취업자수,0.40267137
아동인구,보유대수,0.33175486
아동인구,고용률,0.33789134
아동인구,연금수급자,0.32851148
아동인구,구성비,0.4223596
사교육참여율,종사자규모,0.32248878
사교육참여율,어가인구,0.38952702
사교육참여율,월평균가계수지,0.38712972
사교육참여율,어업종사가구원,0.37619275
사교육참여율,행위자평균시간,0.42628232
사교육참여율,연간판매액,0.37657708
사교육참여율,가구당월평균가계수지,0.39419493
사교육참여율,종사상지위,0.3221173
사교육참여율,매출액규모,0.34015462
사교육참여율,유형고정자산,0.37112218
사교육참여율,가구당가계수지,0.37039277
사교육참여율,어업종사자수,0.3844694
사교육참여율,고령자인구,0.3160294
사교육참여율,사회보험가입률,0.31200013
사교육참여율,임가인구,0.39476964
사교육참여율,기성액,0.3942986
사교육참여율,취업여부,0.3272878
사교육참여율,종사기간,0.34441525
사교육참여율,경제활동상태,0.34904686
사교육참여율,농업종사가구원,0.37692368
사교육참여율,마을수,0.31752953
사교육참여율,어업종사기간,0.3315593
사교육참여율,귀화허가자,0.31553498
사교육참여율,가계재무건전성,0.43449336
사교육참여율,월평균소득,0.3178391
사교육참여율,성별어가인구,0.4762202
사교육참여율,출하및연말재고액,0.38684782
사교육참여율,임업종사가구원,0.32359156
사교육참여율,연간급여액,0.35047343
사교육참여율,1인취업가구,0.32679966
사교육참여율,수목수,0.3153056
사교육참여율,총조사가구,0.41286945
사교육참여율,월평균가계지출,0.37198526
사교육참여율,상대표준오차,0.39857155
사교육참여율,취업시간,0.4236372
사교육참여율,거주가구수,0.34443972
사교육참여율,재혼신혼부부,0.3557829
사교육참여율,운수비용,0.3803024
사교육참여율,EBS교재비,0.37891287
사교육참여율,보유농가,0.33877906
사교육참여율,어학연수비용,0.34029612
사교육참여율,출생아부모,0.3260103
사교육참여율,논벼수확농가,0.40633634
사교육참여율,어업경영주,0.30383837
사교육참여율,법인수,0.35777786
사교육참여율,임가수,0.349004
사교육참여율,장비대수,0.4190792
사교육참여율,기혼여자,0.41524673
사교육참여율,주요생산비,0.40143603
사교육참여율,담보부채,0.32181475
사교육참여율,고령자거주가구,0.44541228
사교육참여율,건물연면적규모,0.42962313
사교육참여율,양식장면적,0.39237723
사교육참여율,산업세분류,0.42770433
사교육참여율,신용부채비율,0.41359696
사교육참여율,신용부채,0.43035027
사교육참여율,주택소유자수,0.31193274
사교육참여율,가구당월평균가계지출,0.3788257
사교육참여율,순자본스톡,0.3215554
사교육참여율,적립금액,0.31440878
사교육참여율,무급가사노동,0.3066599
사교육참여율,근로여건만족도,0.47242287
사교육참여율,외국인수,0.31388348
사교육참여율,투입물량,0.37691307
종사기간,행위자비율,0.30132192
종사기간,농가수,0.32370386
종사기간,종사자규모,0.38197002
종사기간,통근통학인구,0.3105239
종사기간,기업체수,0.42776853
종사기간,어가인구,0.51502556
종사기간,기혼여성인구,0.5006471
종사기간,월평균가계수지,0.50243384
종사기간,어업종사가구원,0.45639384
종사기간,평균시간,0.41869894
종사기간,행위자평균시간,0.4584288
종사기간,어가수,0.38760895
종사기간,연간판매액,0.3258975
종사기간,가구당월평균가계수지,0.53725463
종사기간,재등록자,0.36382276
종사기간,종사상지위,0.45146132
종사기간,매출액규모,0.3860076
종사기간,유형고정자산,0.50234526
종사기간,가구당가계수지,0.37363297
종사기간,어업종사자수,0.4671191
종사기간,고령자인구,0.4742363
종사기간,사회보험가입률,0.51779544
종사기간,교육정도,0.33601967
종사기간,임가인구,0.47733587
종사기간,기성액,0.42751616
종사기간,취업여부,0.43555257
종사기간,비임금근로자,0.3811737
종사기간,경력단절여성,0.3135009
종사기간,사교육참여율,0.34441525
종사기간,세대구성,0.36193922
종사기간,경제활동상태,0.43788984
종사기간,농업종사가구원,0.41875
종사기간,경력단절여성인구,0.4676496
종사기간,마을수,0.38934693
종사기간,통계인력,0.3725803
종사기간,어업종사기간,0.563778
종사기간,귀화허가자,0.46097785
종사기간,가계재무건전성,0.580299
종사기간,월평균소득,0.37056813
종사기간,성별어가인구,0.5055919
종사기간,출하및연말재고액,0.4734532
종사기간,임업종사가구원,0.3703286
종사기간,연간급여액,0.44133967
종사기간,주거전용가구,0.37319863
종사기간,1인취업가구,0.37261155
종사기간,수목수,0.4038881
종사기간,총조사가구,0.46518564
종사기간,월평균가계지출,0.4021238
종사기간,상대표준오차,0.50119674
종사기간,취업시간,0.4487335
종사기간,거주가구수,0.48447326
종사기간,사육비,0.40594107
종사기간,재혼신혼부부,0.5071912
종사기간,운수비용,0.45872736
종사기간,EBS교재비,0.47981685
종사기간,보유농가,0.36965796
종사기간,생산자본스톡,0.3676587
종사기간,학생이외인구,0.3085262
종사기간,직종별연간급여액,0.32362807
종사기간,어학연수비용,0.3969301
종사기간,출생아부모,0.35347423
종사기간,논벼수확농가,0.5847089
종사기간,어업경영주,0.34480566
종사기간,법인수,0.33006102
종사기간,연금가입자,0.4716964
종사기간,임가수,0.30478287
종사기간,장비대수,0.50500643
종사기간,기혼여자,0.5104404
종사기간,주요생산비,0.4800721
종사기간,사육현황,0.32751366
종사기간,가족관계,0.33958313
종사기간,고령자거주가구,0.56068885
종사기간,건물연면적규모,0.4870668
종사기간,EBS교재,0.3240273
종사기간,양식장면적,0.4767528
종사기간,산업세분류,0.47324765
종사기간,신용부채비율,0.4078047
종사기간,신용부채,0.42749628
종사기간,주택소유자수,0.35914946
종사기간,가구당월평균가계지출,0.4717894
종사기간,순자본스톡,0.46331626
종사기간,적립금액,0.48130962
종사기간,근로여건만족도,0.51840204
종사기간,외국인수,0.3692405
종사기간,투입물량,0.44513512
배우자,가구주,0.3338087
배우자,이혼,0.3732162
배우자,자녀,0.4262775
배우자,부모,0.340812
배우자,가족관계,0.31501684
세대구성,가구원수,0.3260429
세대구성,종사자규모,0.31874484
세대구성,통근통학인구,0.30294964
세대구성,월평균가계수지,0.32546234
세대구성,어업종사가구원,0.36357427
세대구성,가구당월평균가계수지,0.30966598
세대구성,종사상지위,0.31865904
세대구성,유형고정자산,0.43122724
세대구성,어업종사자수,0.39493018
세대구성,고령자인구,0.32148585
세대구성,사회보험가입률,0.32571882
세대구성,기성액,0.3696219
세대구성,취업여부,0.30445775
세대구성,종사기간,0.36193922
세대구성,경제활동상태,0.34259978
세대구성,농업종사가구원,0.34825987
세대구성,경력단절여성인구,0.31673643
세대구성,어업종사기간,0.31705707
세대구성,귀화허가자,0.30833846
세대구성,가계재무건전성,0.37155148
세대구성,월평균소득,0.33172414
세대구성,성별어가인구,0.31942067
세대구성,출하및연말재고액,0.3266604
세대구성,주거전용가구,0.30911836
세대구성,월평균가계지출,0.37256163
세대구성,상대표준오차,0.35550433
세대구성,거주가구수,0.32369015
세대구성,재혼신혼부부,0.33616683
세대구성,운수비용,0.3241847
세대구성,논벼수확농가,0.39110973
세대구성,연금가입자,0.44023946
세대구성,주요생산비,0.31815135
세대구성,고령자거주가구,0.39055514
세대구성,건물연면적규모,0.33013877
세대구성,산업세분류,0.3409485
세대구성,신용부채비율,0.30611524
세대구성,신용부채,0.337259
세대구성,주택소유자수,0.3031621
세대구성,가구당월평균가계지출,0.3303356
세대구성,연금수급자,0.32722226
세대구성,순자본스톡,0.33240417
세대구성,적립금액,0.3225584
세대구성,근로여건만족도,0.3856275
세대구성,투입물량,0.30716515
시군구,사업체수,0.37429082
시군구,종사자수,0.38326755
시군구,가구주,0.31896177
시군구,사업체,0.30879632
시군구,일반가구,0.3191888
시군구,가구원수,0.3758071
시군구,행정리,0.3467573
시군구,가구원,0.3781465
시군구,시도,0.34194386
시군구,가구수,0.33827013
시군구,주요지표,0.3266781
시군구,점포수,0.32467934
시군구,월평균소득,0.3294388
시군구,가구소득,0.3952663
시군구,경지면적,0.32187927
시군구,취업자수,0.30800644
시군구,자산현황,0.33251378
시군구,객실수,0.32386494
시군구,고용률,0.3018975
시군구,행정구역,0.36752078
자원봉사활동,방과후학교,0.30090284
자원봉사활동,경력단절여성,0.34487873
자원봉사활동,장애인,0.32606718
자원봉사활동,청소년,0.3354976
자원봉사활동,연금수급자,0.31431162
사업장면적,행위자비율,0.32131734
사업장면적,종사자규모,0.36791205
사업장면적,통근통학인구,0.30345413
사업장면적,기업체수,0.41410598
사업장면적,어가인구,0.4115644
사업장면적,가구내구재,0.37700015
사업장면적,기혼여성인구,0.3523458
사업장면적,월평균가계수지,0.5448925
사업장면적,어업종사가구원,0.5292604
사업장면적,평균시간,0.43748656
사업장면적,행위자평균시간,0.5045277
사업장면적,어가수,0.34992155
사업장면적,연간판매액,0.4259161
사업장면적,가구당월평균가계수지,0.45658848
사업장면적,종사상지위,0.471959
사업장면적,매출액규모,0.44162437
사업장면적,유형고정자산,0.44570017
사업장면적,가구당가계수지,0.47237477
사업장면적,부채잔액,0.3371921
사업장면적,어업종사자수,0.56071204
사업장면적,고령자인구,0.45279968
사업장면적,사회보험가입률,0.4927038
사업장면적,임가인구,0.38516438
사업장면적,부채액,0.32219
사업장면적,기성액,0.46653622
사업장면적,자본금규모,0.37219432
사업장면적,취업여부,0.3681677
사업장면적,개인농가,0.31714547
사업장면적,경제활동상태,0.35992837
사업장면적,농업종사가구원,0.47247118
사업장면적,경력단절여성인구,0.3689252
사업장면적,마을수,0.41297227
사업장면적,통계인력,0.35748404
사업장면적,어업종사기간,0.408235
사업장면적,귀화허가자,0.4964099
사업장면적,가계재무건전성,0.497343
사업장면적,성별어가인구,0.4700799
사업장면적,출하및연말재고액,0.5060798
사업장면적,임업종사가구원,0.42269838
사업장면적,연간급여액,0.39352742
사업장면적,주거전용가구,0.43095177
사업장면적,부인수,0.3149694
사업장면적,1인취업가구,0.37555727
사업장면적,수목수,0.35798448
사업장면적,총조사가구,0.33787048
사업장면적,월평균가계지출,0.5388555
사업장면적,상대표준오차,0.5024496
사업장면적,취업시간,0.4748395
사업장면적,거주가구수,0.4971963
사업장면적,재혼신혼부부,0.5082431
사업장면적,운수비용,0.44032487
사업장면적,보유농가,0.5320842
사업장면적,생산자본스톡,0.42062268
사업장면적,학생이외인구,0.40258172
사업장면적,직종별연간급여액,0.3303042
사업장면적,어학연수비용,0.3297011
사업장면적,출생아부모,0.4969607
사업장면적,논벼수확농가,0.47376528
사업장면적,어업경영주,0.3062802
사업장면적,법인수,0.37335002
사업장면적,연금가입자,0.38308504
사업장면적,임가수,0.30910766
사업장면적,장비대수,0.36761376
사업장면적,기혼여자,0.38059255
사업장면적,주요생산비,0.44930148
사업장면적,고령자거주가구,0.52456445
사업장면적,건물연면적규모,0.4672432
사업장면적,산업소분류,0.32731065
사업장면적,양식장면적,0.50301474
사업장면적,산업세분류,0.5076485
사업장면적,신용부채비율,0.5033493
사업장면적,신용부채,0.51595783
사업장면적,주택소유자수,0.32893562
사업장면적,가구당월평균가계지출,0.43751922
사업장면적,순자본스톡,0.35828462
사업장면적,적립금액,0.44727066
사업장면적,무급가사노동,0.31269842
사업장면적,근로여건만족도,0.5251508
사업장면적,외국인수,0.3902886
사업장면적,투입물량,0.42935997
경제활동상태,사업체수,0.3278146
경제활동상태,취업자,0.30360776
경제활동상태,종사자규모,0.36589563
경제활동상태,통근통학인구,0.39137954
경제활동상태,기업체수,0.3434122
경제활동상태,어가인구,0.4438442
경제활동상태,경제활동인구,0.5032546
경제활동상태,기혼여성인구,0.52276045
경제활동상태,월평균가계수지,0.43750736
경제활동상태,어업종사가구원,0.45304945
경제활동상태,평균시간,0.38601688
경제활동상태,행위자평균시간,0.46819124
경제활동상태,어가수,0.37936038
경제활동상태,비경제활동인구,0.31267676
경제활동상태,연간판매액,0.40129498
경제활동상태,가구당월평균가계수지,0.4729792
경제활동상태,재등록자,0.30976972
경제활동상태,종사상지위,0.44543386
경제활동상태,매출액규모,0.38527656
경제활동상태,주요지표,0.30392155
경제활동상태,유형고정자산,0.41188768
경제활동상태,가구당가계수지,0.37604004
경제활동상태,조직형태,0.30518374
경제활동상태,어업종사자수,0.43813336
경제활동상태,고령자인구,0.51674
경제활동상태,사회보험가입률,0.5379557
경제활동상태,임가인구,0.4905668
경제활동상태,기성액,0.43223575
경제활동상태,취업여부,0.34947968
경제활동상태,비임금근로자,0.45624745
경제활동상태,경력단절여성,0.32905936
경제활동상태,사교육참여율,0.34904686
경제활동상태,종사기간,0.43788984
경제활동상태,세대구성,0.34259978
경제활동상태,사업장면적,0.35992837
경제활동상태,농업종사가구원,0.48452282
경제활동상태,경력단절여성인구,0.4673251
경제활동상태,마을수,0.3606911
경제활동상태,통계인력,0.3243065
경제활동상태,어업종사기간,0.3513163
경제활동상태,귀화허가자,0.4651599
경제활동상태,가계재무건전성,0.55824476
경제활동상태,월평균소득,0.34323755
경제활동상태,성별어가인구,0.42882887
경제활동상태,출하및연말재고액,0.46082076
경제활동상태,임업종사가구원,0.41068012
경제활동상태,연간급여액,0.40776578
경제활동상태,주거전용가구,0.42610422
경제활동상태,1인취업가구,0.34494114
경제활동상태,수목수,0.46029463
경제활동상태,총조사가구,0.4253634
경제활동상태,임금수준,0.33202404
경제활동상태,월평균가계지출,0.3687208
경제활동상태,다문화가구,0.32142562
경제활동상태,상대표준오차,0.5012435
경제활동상태,취업시간,0.47940043
경제활동상태,거주가구수,0.48153996
경제활동상태,사육비,0.35159844
경제활동상태,재혼신혼부부,0.48696837
경제활동상태,운수비용,0.44093496
경제활동상태,EBS교재비,0.3779062
경제활동상태,보유농가,0.41822782
경제활동상태,생산자본스톡,0.40713993
경제활동상태,직종별연간급여액,0.38648188
경제활동상태,어학연수비용,0.39580947
경제활동상태,출생아부모,0.39913097
경제활동상태,논벼수확농가,0.48730803
경제활동상태,어업경영주,0.30836922
경제활동상태,연금가입자,0.38158235
경제활동상태,장비대수,0.38228798
경제활동상태,기혼여자,0.43049186
경제활동상태,주요생산비,0.48811728
경제활동상태,담보부채,0.31330007
경제활동상태,고령자거주가구,0.53430134
경제활동상태,건물연면적규모,0.39717048
경제활동상태,산업소분류,0.35344458
경제활동상태,양식장면적,0.45752117
경제활동상태,산업세분류,0.5139002
경제활동상태,신용부채비율,0.43947488
경제활동상태,신용부채,0.43902454
경제활동상태,소비자물가지수,0.371398
경제활동상태,주택소유자수,0.4047989
경제활동상태,가구당월평균가계지출,0.427166
경제활동상태,순자본스톡,0.45195457
경제활동상태,적립금액,0.4872836
경제활동상태,무급가사노동,0.336498
경제활동상태,근로여건만족도,0.5073823
경제활동상태,외국인수,0.44204488
경제활동상태,투입물량,0.46711224
마리,젖소,0.43992573
마리,산란계,0.30555916
마리,돼지,0.38418555
농업종사가구원,종사자규모,0.4602112
농업종사가구원,통근통학인구,0.46900326
농업종사가구원,기업체수,0.45888
농업종사가구원,어가인구,0.5650545
농업종사가구원,가구내구재,0.37682196
농업종사가구원,기혼여성인구,0.4596152
농업종사가구원,월평균가계수지,0.52251554
농업종사가구원,어업종사가구원,0.8575673
농업종사가구원,평균시간,0.4602188
농업종사가구원,행위자평균시간,0.5543208
농업종사가구원,어가수,0.38462648
농업종사가구원,연간판매액,0.46732926
농업종사가구원,가구당월평균가계수지,0.53769
농업종사가구원,재등록자,0.41082963
농업종사가구원,종사상지위,0.5879788
농업종사가구원,매출액규모,0.5201151
농업종사가구원,유형고정자산,0.5252772
농업종사가구원,가구당가계수지,0.4150423
농업종사가구원,어업종사자수,0.6210624
농업종사가구원,고령자인구,0.49616748
농업종사가구원,사회보험가입률,0.55355567
농업종사가구원,임가인구,0.55703586
농업종사가구원,기성액,0.5556251
농업종사가구원,자본금규모,0.3748786
농업종사가구원,취업여부,0.45238137
농업종사가구원,비임금근로자,0.3714671
농업종사가구원,사교육참여율,0.37692368
농업종사가구원,종사기간,0.41875
농업종사가구원,세대구성,0.34825987
농업종사가구원,사업장면적,0.47247118
농업종사가구원,경제활동상태,0.48452282
농업종사가구원,경력단절여성인구,0.3514024
농업종사가구원,마을수,0.51328784
농업종사가구원,통계인력,0.42795292
농업종사가구원,어업종사기간,0.5426768
농업종사가구원,귀화허가자,0.5791253
농업종사가구원,가계재무건전성,0.6226291
농업종사가구원,성별어가인구,0.5930935
농업종사가구원,출하및연말재고액,0.6395157
농업종사가구원,임업종사가구원,0.88825506
농업종사가구원,연간급여액,0.43420556
농업종사가구원,주거전용가구,0.49886054
농업종사가구원,부인수,0.37269917
농업종사가구원,1인취업가구,0.40954408
농업종사가구원,수목수,0.4118109
농업종사가구원,총조사가구,0.4793091
농업종사가구원,월평균가계지출,0.5070988
농업종사가구원,상대표준오차,0.50560015
농업종사가구원,취업시간,0.5071055
농업종사가구원,거주가구수,0.59026873
농업종사가구원,사육비,0.36914086
농업종사가구원,재혼신혼부부,0.6038103
농업종사가구원,운수비용,0.5443106
농업종사가구원,EBS교재비,0.36279836
농업종사가구원,보유농가,0.58420444
농업종사가구원,생산자본스톡,0.49395603
농업종사가구원,학생이외인구,0.34705904
농업종사가구원,직종별연간급여액,0.34652978
농업종사가구원,어학연수비용,0.4250867
농업종사가구원,출생아부모,0.48572087
농업종사가구원,논벼수확농가,0.64944386
농업종사가구원,어업경영주,0.31168687
농업종사가구원,법인수,0.40886757
농업종사가구원,연금가입자,0.46977815
농업종사가구원,임가수,0.308394
농업종사가구원,장비대수,0.44406688
농업종사가구원,기혼여자,0.48462507
농업종사가구원,주요생산비,0.5327016
농업종사가구원,담보부채,0.32610774
농업종사가구원,사육현황,0.3297486
농업종사가구원,고령자거주가구,0.64195555
농업종사가구원,건물연면적규모,0.50587845
농업종사가구원,산업소분류,0.4077442
농업종사가구원,양식장면적,0.57342845
농업종사가구원,산업세분류,0.6200626
농업종사가구원,신용부채비율,0.50819033
농업종사가구원,신용부채,0.5418392
농업종사가구원,한육우,0.31802878
농업종사가구원,주택소유자수,0.45848995
농업종사가구원,가구당월평균가계지출,0.5202506
농업종사가구원,순자본스톡,0.5252714
농업종사가구원,적립금액,0.5228883
농업종사가구원,근로여건만족도,0.614566
농업종사가구원,외국인수,0.42922187
농업종사가구원,투입물량,0.49893847
사망자수,인구,0.35497725
사망자수,사업체수,0.36499906
사망자수,취업자,0.35761082
사망자수,종사자수,0.3728416
사망자수,가구원수,0.3423797
사망자수,취업인구,0.35001543
사망자수,경제활동인구,0.3533688
사망자수,농가인구,0.3124007
사망자수,가구원,0.3522001
사망자수,임금근로자,0.36990926
사망자수,재배면적,0.35875982
사망자수,비경제활동인구,0.33194992
사망자수,가구수,0.34699565
사망자수,혼인상태,0.30282587
사망자수,종업원수,0.32475764
사망자수,출생아수,0.48977372
사망자수,수입액,0.3693643
사망자수,비임금근로자,0.31561744
사망자수,아동인구,0.314418
사망자수,점포수,0.3105199
사망자수,주택수,0.34945974
사망자수,월평균소득,0.32405856
사망자수,여성인구,0.48333573
사망자수,출하액,0.30663294
사망자수,계약액,0.30927372
사망자수,가구소득,0.4332924
사망자수,경지면적,0.37991232
사망자수,취업자수,0.39993435
사망자수,순자산,0.35737595
사망자수,실업률,0.3382877
사망자수,농가부채,0.33897418
사망자수,보유대수,0.34707075
사망자수,구성비,0.41661155
경력단절여성인구,취업자,0.34606317
경력단절여성인구,일자리,0.39866543
경력단절여성인구,종사자규모,0.30093098
경력단절여성인구,통근통학인구,0.3493874
경력단절여성인구,기업체수,0.3202392
경력단절여성인구,취업인구,0.3000421
경력단절여성인구,고령자,0.3693025
경력단절여성인구,어가인구,0.34805465
경력단절여성인구,경제활동인구,0.34208417
경력단절여성인구,기혼여성인구,0.52423304
경력단절여성인구,월평균가계수지,0.4170435
경력단절여성인구,임금근로자,0.3453305
경력단절여성인구,어업종사가구원,0.41203344
경력단절여성인구,평균시간,0.3003653
경력단절여성인구,행위자평균시간,0.35527644
경력단절여성인구,어가수,0.35951832
경력단절여성인구,비경제활동인구,0.34431544
경력단절여성인구,가구당월평균가계수지,0.42079046
경력단절여성인구,종사상지위,0.41998866
경력단절여성인구,유형고정자산,0.38186672
경력단절여성인구,어업종사자수,0.47882625
경력단절여성인구,고령자인구,0.48508653
경력단절여성인구,사회보험가입률,0.5098361
경력단절여성인구,출생아수,0.3294752
경력단절여성인구,임가인구,0.42608327
경력단절여성인구,기성액,0.3587649
경력단절여성인구,자본금규모,0.36361656
경력단절여성인구,취업여부,0.30774844
경력단절여성인구,비임금근로자,0.46407017
경력단절여성인구,경력단절여성,0.7655218
경력단절여성인구,종사기간,0.4676496
경력단절여성인구,세대구성,0.31673643
경력단절여성인구,사업장면적,0.3689252
경력단절여성인구,경제활동상태,0.4673251
경력단절여성인구,농업종사가구원,0.3514024
경력단절여성인구,마을수,0.36156017
경력단절여성인구,어업종사기간,0.41857812
경력단절여성인구,귀화허가자,0.39336556
경력단절여성인구,가계재무건전성,0.49095887
경력단절여성인구,월평균소득,0.35131752
경력단절여성인구,성별어가인구,0.31717893
경력단절여성인구,출하및연말재고액,0.31412232
경력단절여성인구,장애인,0.31757492
경력단절여성인구,임업종사가구원,0.3379404
경력단절여성인구,연간급여액,0.36392227
경력단절여성인구,주거전용가구,0.43966156
경력단절여성인구,가구소득,0.30308282
경력단절여성인구,수목수,0.3349422
경력단절여성인구,월평균가계지출,0.39440963
경력단절여성인구,다문화가구,0.38268375
경력단절여성인구,상대표준오차,0.34171382
경력단절여성인구,취업시간,0.36553183
경력단절여성인구,거주가구수,0.4141408
경력단절여성인구,재혼신혼부부,0.49643973
경력단절여성인구,운수비용,0.39962462
경력단절여성인구,EBS교재비,0.3589441
경력단절여성인구,보유농가,0.32992986
경력단절여성인구,생산자본스톡,0.34769103
경력단절여성인구,직종별연간급여액,0.3618577
경력단절여성인구,어학연수비용,0.33566216
경력단절여성인구,출생아부모,0.46793246
경력단절여성인구,논벼수확농가,0.4154721
경력단절여성인구,연금가입자,0.3972557
경력단절여성인구,장비대수,0.40394545
경력단절여성인구,기혼여자,0.41516075
경력단절여성인구,주요생산비,0.45016587
경력단절여성인구,고령자거주가구,0.4715447
경력단절여성인구,고용률,0.32084775
경력단절여성인구,건물연면적규모,0.35494304
경력단절여성인구,양식장면적,0.39053553
경력단절여성인구,산업세분류,0.48039067
경력단절여성인구,신용부채비율,0.37689328
경력단절여성인구,신용부채,0.40343693
경력단절여성인구,주택소유자수,0.4290386
경력단절여성인구,가구당월평균가계지출,0.4002862
경력단절여성인구,연금수급자,0.30290562
경력단절여성인구,순자본스톡,0.35615423
경력단절여성인구,적립금액,0.36242616
경력단절여성인구,근로여건만족도,0.44168717
경력단절여성인구,외국인수,0.32123187
경력단절여성인구,투입물량,0.3902136
마을수,종사자규모,0.44155678
마을수,통근통학인구,0.30909175
마을수,기업체수,0.36477685
마을수,어가인구,0.47631413
마을수,가구내구재,0.38619
마을수,기혼여성인구,0.44478804
마을수,월평균가계수지,0.47472677
마을수,어업종사가구원,0.55336344
마을수,평균시간,0.4297166
마을수,행위자평균시간,0.48358577
마을수,어가수,0.42029828
마을수,연간판매액,0.44951564
마을수,가구당월평균가계수지,0.48205337
마을수,종사상지위,0.5080248
마을수,매출액규모,0.4991975
마을수,유형고정자산,0.44517544
마을수,가구당가계수지,0.39684778
마을수,부채잔액,0.31908384
마을수,어업종사자수,0.5961425
마을수,고령자인구,0.43600824
마을수,사회보험가입률,0.47904167
마을수,임가인구,0.4464439
마을수,기성액,0.5982954
마을수,자본금규모,0.36862925
마을수,취업여부,0.423126
마을수,사교육참여율,0.31752953
마을수,종사기간,0.38934693
마을수,사업장면적,0.41297227
마을수,경제활동상태,0.3606911
마을수,농업종사가구원,0.51328784
마을수,경력단절여성인구,0.36156017
마을수,통계인력,0.3274911
마을수,어업종사기간,0.44903484
마을수,귀화허가자,0.5590437
마을수,가계재무건전성,0.50378805
마을수,성별어가인구,0.48122934
마을수,출하및연말재고액,0.50666136
마을수,임업종사가구원,0.44910797
마을수,연간급여액,0.35115993
마을수,주거전용가구,0.51684386
마을수,부인수,0.3402768
마을수,1인취업가구,0.47647765
마을수,수목수,0.43242943
마을수,총조사가구,0.42193204
마을수,월평균가계지출,0.4844897
마을수,상대표준오차,0.47267485
마을수,취업시간,0.4127546
마을수,거주가구수,0.52527636
마을수,사육비,0.3980021
마을수,재혼신혼부부,0.48698223
마을수,운수비용,0.45954397
마을수,보유농가,0.4881998
마을수,생산자본스톡,0.48960057
마을수,직종별연간급여액,0.32474685
마을수,출생아부모,0.4598525
마을수,논벼수확농가,0.56435895
마을수,법인수,0.40195388
마을수,연금가입자,0.42194825
마을수,임가수,0.45165548
마을수,장비대수,0.35765937
마을수,기혼여자,0.5362528
마을수,주요생산비,0.44714457
마을수,사육현황,0.32064742
마을수,고령자거주가구,0.53644365
마을수,건물연면적규모,0.39885122
마을수,양식장면적,0.582318
마을수,산업세분류,0.5894615
마을수,신용부채비율,0.4383121
마을수,신용부채,0.429907
마을수,주택소유자수,0.38716352
마을수,가구당월평균가계지출,0.47969505
마을수,순자본스톡,0.47104198
마을수,적립금액,0.50252706
마을수,근로여건만족도,0.54791397
마을수,투입물량,0.4619018
통계인력,어가인구,0.39559153
통계인력,기혼여성인구,0.32697564
통계인력,월평균가계수지,0.50002867
통계인력,어업종사가구원,0.45367804
통계인력,평균시간,0.35576534
통계인력,행위자평균시간,0.37141368
통계인력,어가수,0.3107381
통계인력,연간판매액,0.35546967
통계인력,가구당월평균가계수지,0.50220877
통계인력,종사상지위,0.4509313
통계인력,유형고정자산,0.36934084
통계인력,가구당가계수지,0.32424834
통계인력,어업종사자수,0.38569987
통계인력,고령자인구,0.35991296
통계인력,사회보험가입률,0.35610932
통계인력,이동자수,0.38204807
통계인력,임가인구,0.32931334
통계인력,기성액,0.3755807
통계인력,취업여부,0.33247632
통계인력,종사기간,0.3725803
통계인력,사업장면적,0.35748404
통계인력,경제활동상태,0.3243065
통계인력,농업종사가구원,0.42795292
통계인력,마을수,0.3274911
통계인력,어업종사기간,0.4230822
통계인력,귀화허가자,0.42349812
통계인력,가계재무건전성,0.45837134
통계인력,성별어가인구,0.47239095
통계인력,출하및연말재고액,0.43160695
통계인력,임업종사가구원,0.3790133
통계인력,연간급여액,0.3717306
통계인력,주거전용가구,0.43705115
통계인력,수목수,0.30148998
통계인력,총조사가구,0.357338
통계인력,월평균가계지출,0.36046007
통계인력,상대표준오차,0.39820716
통계인력,취업시간,0.40980688
통계인력,거주가구수,0.46660504
통계인력,재혼신혼부부,0.3067969
통계인력,운수비용,0.40886927
통계인력,보유농가,0.37465236
통계인력,생산자본스톡,0.36750105
통계인력,학생이외인구,0.34130636
통계인력,직종별연간급여액,0.32400212
통계인력,어학연수비용,0.3215908
통계인력,출생아부모,0.3745979
통계인력,논벼수확농가,0.43706268
통계인력,어업경영주,0.38042948
통계인력,법인수,0.38429165
통계인력,기혼여자,0.3427896
통계인력,주요생산비,0.32727078
통계인력,고령자거주가구,0.49249327
통계인력,건물연면적규모,0.38604322
통계인력,양식장면적,0.3219866
통계인력,산업세분류,0.4221409
통계인력,신용부채비율,0.37450483
통계인력,신용부채,0.3937648
통계인력,주택소유자수,0.3082579
통계인력,가구당월평균가계지출,0.4117028
통계인력,순자본스톡,0.33613226
통계인력,적립금액,0.3740199
통계인력,근로여건만족도,0.4326568
통계인력,외국인수,0.3289073
임차료,가구,0.3675649
임차료,농가,0.33213007
임차료,사업체수,0.40909162
임차료,종사자수,0.3592574
임차료,면적,0.33720967
임차료,사업체,0.37367103
임차료,일반가구,0.35369316
임차료,농가수,0.3374496
임차료,매출액,0.35722697
임차료,가구원수,0.4726686
임차료,소득,0.37673396
임차료,부채,0.32664064
임차료,자산,0.31547722
임차료,농가인구,0.36472282
임차료,주택,0.3848721
임차료,가구원,0.34555623
임차료,임금근로자,0.32638925
임차료,재배면적,0.33196533
임차료,부가가치,0.31501368
임차료,급여액,0.41488495
임차료,저축액,0.3808333
임차료,가구수,0.35233322
임차료,혼인상태,0.33430484
임차료,연간소득,0.40930778
임차료,생산액,0.37135342
임차료,재배농가,0.3897809
임차료,인건비,0.59249496
임차료,종업원수,0.33760005
임차료,영업비용,0.4980929
임차료,총자산,0.32570082
임차료,기업수,0.34718
임차료,수입액,0.3490223
임차료,생산비,0.41406253
임차료,점포수,0.42618337
임차료,주택수,0.40203124
임차료,월평균소득,0.43526155
임차료,호텔업,0.32935217
임차료,출하액,0.30523697
임차료,계약액,0.53106767
임차료,가구소득,0.4254024
임차료,판매액,0.4456653
임차료,경지면적,0.36698472
임차료,임금수준,0.38143033
임차료,경영주,0.3845943
임차료,취업자수,0.36131436
임차료,순자산,0.37573272
임차료,자산현황,0.45993984
임차료,자본금,0.36640555
임차료,개인대출,0.37708634
임차료,수익성,0.30487847
임차료,육우,0.3254136
임차료,농업법인,0.30766076
임차료,교육비,0.49774325
임차료,연금가입자,0.3082229
임차료,농가부채,0.38246715
임차료,객실수,0.3526239
임차료,어항시설,0.36234853
임차료,보유대수,0.36356944
임차료,연금수급자,0.41562933
임차료,구성비,0.36610994
임차료,기타경비,0.509095
임차료,산란계,0.3354409
임차료,임금,0.3132021
점포수,인구,0.34664366
점포수,사업체수,0.58927125
점포수,종사자수,0.5105067
점포수,면적,0.41322452
점포수,사업체,0.344308
점포수,일반가구,0.33364797
점포수,농가수,0.43029937
점포수,매출액,0.50760657
점포수,가구원수,0.38014787
점포수,취업인구,0.30365273
점포수,행정리,0.36757836
점포수,농가인구,0.37324572
점포수,임금근로자,0.30218384
점포수,재배면적,0.3918576
점포수,급여액,0.33966938
점포수,가구수,0.43401742
점포수,종업원,0.34704673
점포수,주요지표,0.38559029
점포수,연간소득,0.31616235
점포수,생산액,0.4510722
점포수,종업원수,0.53940105
점포수,영업비용,0.44029588
점포수,출생아수,0.39122167
점포수,총자산,0.5251613
점포수,기업수,0.4710452
점포수,수입액,0.51296604
점포수,수출입,0.34315455
점포수,아동인구,0.3125028
점포수,시군구,0.32467934
점포수,사망자수,0.3105199
점포수,임차료,0.42618337
점포수,주택수,0.39041921
점포수,월평균소득,0.3825037
점포수,호텔업,0.34808242
점포수,여성인구,0.37307298
점포수,출하액,0.40420908
점포수,계약액,0.40510628
점포수,가구소득,0.3529992
점포수,기업규모,0.4215346
점포수,판매액,0.4852468
점포수,경지면적,0.4016978
점포수,임금수준,0.30067936
점포수,경영주,0.33023807
점포수,취업자수,0.49060097
점포수,순자산,0.4116136
점포수,자산현황,0.4367253
점포수,자본금,0.32648662
점포수,수익성,0.32141572
점포수,객실수,0.48451582
점포수,보유대수,0.49990103
점포수,고용률,0.3225083
점포수,구성비,0.45566225
어업종사기간,행위자비율,0.33456326
어업종사기간,종사자규모,0.3731273
어업종사기간,통근통학인구,0.433432
어업종사기간,기업체수,0.4531266
어업종사기간,어가인구,0.4877616
어업종사기간,가구내구재,0.3255457
어업종사기간,기혼여성인구,0.4927711
어업종사기간,월평균가계수지,0.5394147
어업종사기간,어업종사가구원,0.76313066
어업종사기간,평균시간,0.3738815
어업종사기간,행위자평균시간,0.46672004
어업종사기간,어가수,0.4439196
어업종사기간,연간판매액,0.34727976
어업종사기간,가구당월평균가계수지,0.5195905
어업종사기간,재등록자,0.31465843
어업종사기간,종사상지위,0.52610576
어업종사기간,매출액규모,0.44036222
어업종사기간,유형고정자산,0.476699
어업종사기간,가구당가계수지,0.3829964
어업종사기간,부채잔액,0.373609
어업종사기간,어업종사자수,0.763911
어업종사기간,고령자인구,0.41944814
어업종사기간,사회보험가입률,0.5290331
어업종사기간,이동자수,0.30619222
어업종사기간,임가인구,0.5363198
어업종사기간,기성액,0.5102609
어업종사기간,자본금규모,0.3303258
어업종사기간,취업여부,0.44909748
어업종사기간,비임금근로자,0.31272048
어업종사기간,사교육참여율,0.3315593
어업종사기간,종사기간,0.563778
어업종사기간,세대구성,0.31705707
어업종사기간,사업장면적,0.408235
어업종사기간,경제활동상태,0.3513163
어업종사기간,농업종사가구원,0.5426768
어업종사기간,경력단절여성인구,0.41857812
어업종사기간,마을수,0.44903484
어업종사기간,통계인력,0.4230822
어업종사기간,귀화허가자,0.5154771
어업종사기간,가계재무건전성,0.5904529
어업종사기간,성별어가인구,0.5058143
어업종사기간,출하및연말재고액,0.5469437
어업종사기간,임업종사가구원,0.4943964
어업종사기간,연간급여액,0.46404082
어업종사기간,주거전용가구,0.46093145
어업종사기간,부인수,0.30500758
어업종사기간,1인취업가구,0.3484007
어업종사기간,수목수,0.3946301
어업종사기간,총조사가구,0.4698609
어업종사기간,월평균가계지출,0.5061832
어업종사기간,상대표준오차,0.46292976
어업종사기간,취업시간,0.46832556
어업종사기간,거주가구수,0.5023057
어업종사기간,사육비,0.33438724
어업종사기간,재혼신혼부부,0.54284114
어업종사기간,운수비용,0.5027746
어업종사기간,EBS교재비,0.37165084
어업종사기간,보유농가,0.4706818
어업종사기간,생산자본스톡,0.41571552
어업종사기간,학생이외인구,0.3189599
어업종사기간,직종별연간급여액,0.4116232
어업종사기간,어학연수비용,0.36268213
어업종사기간,출생아부모,0.4598281
어업종사기간,논벼수확농가,0.56782526
어업종사기간,어업경영주,0.34187534
어업종사기간,법인수,0.44303992
어업종사기간,연금가입자,0.4465075
어업종사기간,장비대수,0.47832277
어업종사기간,기혼여자,0.44401208
어업종사기간,주요생산비,0.48572102
어업종사기간,사육현황,0.30619302
어업종사기간,고령자거주가구,0.5253521
어업종사기간,건물연면적규모,0.4806329
어업종사기간,양식장면적,0.5456493
어업종사기간,산업세분류,0.5533526
어업종사기간,신용부채비율,0.5077893
어업종사기간,신용부채,0.53742725
어업종사기간,한육우,0.32147893
어업종사기간,주택소유자수,0.4248067
어업종사기간,가구당월평균가계지출,0.4891545
어업종사기간,순자본스톡,0.4586322
어업종사기간,적립금액,0.475767
어업종사기간,통근인구,0.30367827
어업종사기간,무급가사노동,0.31890407
어업종사기간,근로여건만족도,0.54726523
어업종사기간,외국인수,0.35673246
어업종사기간,투입물량,0.47972852
귀화허가자,농가수,0.31711918
귀화허가자,종사자규모,0.48204938
귀화허가자,통근통학인구,0.36724353
귀화허가자,기업체수,0.50396216
귀화허가자,어가인구,0.6186495
귀화허가자,가구내구재,0.3827723
귀화허가자,기혼여성인구,0.49731863
귀화허가자,월평균가계수지,0.5765244
귀화허가자,어업종사가구원,0.63980675
귀화허가자,평균시간,0.4833365
귀화허가자,행위자평균시간,0.61416095
귀화허가자,어가수,0.4815316
귀화허가자,연간판매액,0.5357247
귀화허가자,가구당월평균가계수지,0.505706
귀화허가자,재등록자,0.3459803
귀화허가자,종사상지위,0.5992643
귀화허가자,매출액규모,0.50211143
귀화허가자,유형고정자산,0.54564863
귀화허가자,가구당가계수지,0.4347139
귀화허가자,부채잔액,0.32577693
귀화허가자,어업종사자수,0.65586656
귀화허가자,고령자인구,0.56809103
귀화허가자,사회보험가입률,0.5516115
귀화허가자,임가인구,0.58410746
귀화허가자,기성액,0.60762346
귀화허가자,자본금규모,0.3510889
귀화허가자,취업여부,0.4279886
귀화허가자,비임금근로자,0.36559778
귀화허가자,사교육참여율,0.31553498
귀화허가자,종사기간,0.46097785
귀화허가자,세대구성,0.30833846
귀화허가자,사업장면적,0.4964099
귀화허가자,경제활동상태,0.4651599
귀화허가자,농업종사가구원,0.5791253
귀화허가자,경력단절여성인구,0.39336556
귀화허가자,마을수,0.5590437
귀화허가자,통계인력,0.42349812
귀화허가자,어업종사기간,0.5154771
귀화허가자,가계재무건전성,0.63152224
귀화허가자,성별어가인구,0.5238686
귀화허가자,출하및연말재고액,0.63206613
귀화허가자,임업종사가구원,0.5121159
귀화허가자,연간급여액,0.577056
귀화허가자,주거전용가구,0.545322
귀화허가자,부인수,0.39109695
귀화허가자,1인취업가구,0.54575527
귀화허가자,수목수,0.5102309
귀화허가자,총조사가구,0.5026035
귀화허가자,월평균가계지출,0.52199316
귀화허가자,다문화가구,0.30088595
귀화허가자,상대표준오차,0.58642983
귀화허가자,취업시간,0.47932878
귀화허가자,거주가구수,0.6161994
귀화허가자,사육비,0.5335996
귀화허가자,재혼신혼부부,0.5273508
귀화허가자,운수비용,0.5107965
귀화허가자,EBS교재비,0.34304652
귀화허가자,보유농가,0.62839746
귀화허가자,생산자본스톡,0.48952734
귀화허가자,학생이외인구,0.38196433
귀화허가자,직종별연간급여액,0.469541
귀화허가자,어학연수비용,0.33186224
귀화허가자,출생아부모,0.54827744
귀화허가자,논벼수확농가,0.6634661
귀화허가자,어업경영주,0.33036092
귀화허가자,법인수,0.5241215
귀화허가자,연금가입자,0.455687
귀화허가자,임가수,0.3918397
귀화허가자,장비대수,0.45069668
귀화허가자,기혼여자,0.54775405
귀화허가자,주요생산비,0.5476977
귀화허가자,담보부채,0.352533
귀화허가자,사육현황,0.3883239
귀화허가자,고령자거주가구,0.62172747
귀화허가자,건물연면적규모,0.54826033
귀화허가자,산업소분류,0.35521674
귀화허가자,양식장면적,0.64602363
귀화허가자,산업세분류,0.6669774
귀화허가자,신용부채비율,0.5098695
귀화허가자,신용부채,0.5421857
귀화허가자,한육우,0.30334875
귀화허가자,주택소유자수,0.45610392
귀화허가자,가구당월평균가계지출,0.45883307
귀화허가자,순자본스톡,0.5389326
귀화허가자,적립금액,0.5736526
귀화허가자,근로여건만족도,0.67221004
귀화허가자,외국인수,0.45503837
귀화허가자,투입물량,0.52159494
주택수,인구,0.37801844
주택수,사업체수,0.4559095
주택수,취업자,0.3654608
주택수,종사자수,0.4620213
주택수,면적,0.3364324
주택수,가구주,0.45775023
주택수,일반가구,0.492621
주택수,농가수,0.30272987
주택수,가구원수,0.53452945
주택수,취업인구,0.52377325
주택수,1인가구,0.30901027
주택수,경제활동인구,0.4079666
주택수,농가인구,0.5329829
주택수,주택,0.3408715
주택수,가구원,0.4261929
주택수,임금근로자,0.4600951
주택수,재배면적,0.33858293
주택수,비경제활동인구,0.38494745
주택수,저축액,0.42340904
주택수,가구수,0.5530948
주택수,혼인상태,0.4685115
주택수,연간소득,0.4674043
주택수,유업자,0.37723193
주택수,생산액,0.38927618
주택수,종업원수,0.36662117
주택수,영업비용,0.4447014
주택수,출생아수,0.47485524
주택수,총자산,0.32523596
주택수,기업수,0.46540034
주택수,단독주택,0.3249732
주택수,수입액,0.43901435
주택수,근로여건,0.33334458
주택수,생산비,0.31316313
주택수,아동인구,0.39453897
주택수,사망자수,0.34945974
주택수,임차료,0.40203124
주택수,점포수,0.39041921
주택수,월평균소득,0.46702653
주택수,여성인구,0.58725446
주택수,출하액,0.43539983
주택수,계약액,0.4735528
주택수,가구소득,0.5036329
주택수,기업규모,0.32076585
주택수,경지면적,0.59556425
주택수,임금수준,0.3913357
주택수,취업자수,0.5620043
주택수,자산현황,0.3801279
주택수,근속기간,0.3391855
주택수,농가부채,0.37229666
주택수,객실수,0.32231995
주택수,보유대수,0.5080747
주택수,고용률,0.3590798
주택수,연금수급자,0.40814778
주택수,구성비,0.44445062
가계재무건전성,행위자비율,0.3031708
가계재무건전성,농가수,0.37219265
가계재무건전성,종사자규모,0.49235445
가계재무건전성,통근통학인구,0.45676827
가계재무건전성,기업체수,0.5413755
가계재무건전성,어가인구,0.64785796
가계재무건전성,가구내구재,0.39898068
가계재무건전성,기혼여성인구,0.5933171
가계재무건전성,월평균가계수지,0.60021937
가계재무건전성,어업종사가구원,0.6852152
가계재무건전성,평균시간,0.487366
가계재무건전성,행위자평균시간,0.5849185
가계재무건전성,어가수,0.48093444
가계재무건전성,수확면적,0.35476878
가계재무건전성,연간판매액,0.5478324
가계재무건전성,가구당월평균가계수지,0.60896
가계재무건전성,재등록자,0.39820138
가계재무건전성,종사상지위,0.6214901
가계재무건전성,매출액규모,0.5251483
가계재무건전성,유형고정자산,0.58736
가계재무건전성,가구당가계수지,0.4158531
가계재무건전성,부채잔액,0.38020274
가계재무건전성,어업종사자수,0.69033587
가계재무건전성,고령자인구,0.56104493
가계재무건전성,사회보험가입률,0.6548989
가계재무건전성,맞벌이가구,0.30678836
가계재무건전성,임가인구,0.58369744
가계재무건전성,기성액,0.6129687
가계재무건전성,자본금규모,0.37522122
가계재무건전성,취업여부,0.53601456
가계재무건전성,비임금근로자,0.48183027
가계재무건전성,사교육참여율,0.43449336
가계재무건전성,종사기간,0.580299
가계재무건전성,세대구성,0.37155148
가계재무건전성,사업장면적,0.497343
가계재무건전성,경제활동상태,0.55824476
가계재무건전성,농업종사가구원,0.6226291
가계재무건전성,경력단절여성인구,0.49095887
가계재무건전성,마을수,0.50378805
가계재무건전성,통계인력,0.45837134
가계재무건전성,어업종사기간,0.5904529
가계재무건전성,귀화허가자,0.63152224
가계재무건전성,월평균소득,0.32713506
가계재무건전성,성별어가인구,0.6382474
가계재무건전성,출하및연말재고액,0.6157738
가계재무건전성,임업종사가구원,0.5322259
가계재무건전성,연간급여액,0.5593715
가계재무건전성,주거전용가구,0.5434504
가계재무건전성,부인수,0.41905603
가계재무건전성,1인취업가구,0.49869168
가계재무건전성,수목수,0.50270176
가계재무건전성,총조사가구,0.52121526
가계재무건전성,월평균가계지출,0.5567341
가계재무건전성,상대표준오차,0.6249106
가계재무건전성,취업시간,0.5972355
가계재무건전성,거주가구수,0.6414238
가계재무건전성,사육비,0.49901444
가계재무건전성,재혼신혼부부,0.6257514
가계재무건전성,운수비용,0.60818285
가계재무건전성,EBS교재비,0.5168341
가계재무건전성,보유농가,0.6041493
가계재무건전성,생산자본스톡,0.5430124
가계재무건전성,학생이외인구,0.37687567
가계재무건전성,직종별연간급여액,0.44327074
가계재무건전성,어학연수비용,0.43210608
가계재무건전성,출생아부모,0.59401464
가계재무건전성,논벼수확농가,0.6234072
가계재무건전성,어업경영주,0.4258694
가계재무건전성,법인수,0.4352675
가계재무건전성,연금가입자,0.5324628
가계재무건전성,임가수,0.40753296
가계재무건전성,장비대수,0.531523
가계재무건전성,기혼여자,0.5534768
가계재무건전성,주요생산비,0.6536897
가계재무건전성,담보부채,0.3457151
가계재무건전성,사육현황,0.40851083
가계재무건전성,고령자거주가구,0.69266516
가계재무건전성,건물연면적규모,0.5726169
가계재무건전성,EBS교재,0.30837247
가계재무건전성,산업소분류,0.36236882
가계재무건전성,양식장면적,0.63616157
가계재무건전성,산업세분류,0.6580024
가계재무건전성,신용부채비율,0.65495235
가계재무건전성,신용부채,0.6799251
가계재무건전성,한육우,0.3448828
가계재무건전성,주택소유자수,0.47805494
가계재무건전성,가구당월평균가계지출,0.57328457
가계재무건전성,순자본스톡,0.49911606
가계재무건전성,적립금액,0.5989924
가계재무건전성,무급가사노동,0.36951518
가계재무건전성,근로여건만족도,0.7022152
가계재무건전성,외국인수,0.5184084
가계재무건전성,투입물량,0.5932263
월평균소득,인구,0.3361707
월평균소득,가구,0.4068334
월평균소득,사업체수,0.5302991
월평균소득,취업자,0.4740762
월평균소득,종사자수,0.5206437
월평균소득,가구주,0.60553485
월평균소득,성별,0.365807
월평균소득,사업체,0.35855943
월평균소득,일반가구,0.52467746
월평균소득,농가수,0.42469963
월평균소득,가구원수,0.69542843
월평균소득,소득,0.43443155
월평균소득,취업인구,0.5019286
월평균소득,고령자,0.40917733
월평균소득,1인가구,0.41244262
월평균소득,행정리,0.33437842
월평균소득,경제활동인구,0.49786168
월평균소득,농가인구,0.39175963
월평균소득,기혼여성인구,0.3631767
월평균소득,가구원,0.56740713
월평균소득,임금근로자,0.53519243
월평균소득,재배면적,0.38817382
월평균소득,신혼부부,0.36843827
월평균소득,비경제활동인구,0.44599494
월평균소득,종사자,0.3637345
월평균소득,급여액,0.48578167
월평균소득,저축액,0.5365357
월평균소득,가구수,0.49611387
월평균소득,실업자,0.340369
월평균소득,가구당월평균가계수지,0.34609884
월평균소득,혼인상태,0.51609844
월평균소득,주요지표,0.31522182
월평균소득,연간소득,0.5528185
월평균소득,유형고정자산,0.32118562
월평균소득,유업자,0.32444498
월평균소득,생산액,0.40004617
월평균소득,고령자인구,0.43676797
월평균소득,사회보험가입률,0.3193043
월평균소득,인건비,0.3008719
월평균소득,종업원수,0.41027325
월평균소득,자녀,0.3576373
월평균소득,연령,0.41814256
월평균소득,영업비용,0.36517859
월평균소득,출생아수,0.44911107
월평균소득,교육정도,0.5715627
월평균소득,총자산,0.32691392
월평균소득,기업수,0.31280446
월평균소득,단독주택,0.32321838
월평균소득,맞벌이가구,0.31694403
월평균소득,수입액,0.44314906
월평균소득,직업,0.3827712
월평균소득,비임금근로자,0.47266367
월평균소득,경력단절여성,0.39728996
월평균소득,근로여건,0.36385682
월평균소득,아동인구,0.49925715
월평균소득,사교육참여율,0.3178391
월평균소득,종사기간,0.37056813
월평균소득,세대구성,0.33172414
월평균소득,시군구,0.3294388
월평균소득,경제활동상태,0.34323755
월평균소득,사망자수,0.32405856
월평균소득,경력단절여성인구,0.35131752
월평균소득,임차료,0.43526155
월평균소득,점포수,0.3825037
월평균소득,주택수,0.46702653
월평균소득,가계재무건전성,0.32713506
월평균소득,호텔업,0.3103601
월평균소득,장애인,0.36439258
월평균소득,여성인구,0.53873736
월평균소득,연간급여액,0.35399953
월평균소득,출하액,0.3561123
월평균소득,계약액,0.33490187
월평균소득,가구소득,0.6750986
월평균소득,판매액,0.3606403
월평균소득,경지면적,0.45225793
월평균소득,임금수준,0.5143033
월평균소득,경영주,0.3541562
월평균소득,취업자수,0.47859308
월평균소득,부모,0.32611075
월평균소득,순자산,0.35805127
월평균소득,상대표준오차,0.34309188
월평균소득,거주가구수,0.3014402
월평균소득,자산현황,0.39229098
월평균소득,가족,0.31004673
월평균소득,근속기간,0.46859634
월평균소득,개인대출,0.30980885
월평균소득,교육비,0.42581356
월평균소득,법인수,0.3146767
월평균소득,연금가입자,0.42615482
월평균소득,기혼여자,0.31859118
월평균소득,농가부채,0.34480742
월평균소득,객실수,0.42292958
월평균소득,주요생산비,0.361647
월평균소득,가족관계,0.33204594
월평균소득,보유대수,0.4409115
월평균소득,고령자거주가구,0.34943467
월평균소득,고용률,0.5061071
월평균소득,산업세분류,0.349093
월평균소득,기혼자,0.35970995
월평균소득,소비자물가지수,0.30420998
월평균소득,주택소유자수,0.36197907
월평균소득,가구당월평균가계지출,0.3247599
월평균소득,연금수급자,0.49070275
월평균소득,근로여건만족도,0.3820824
월평균소득,구성비,0.45158276
월평균소득,외국인수,0.3105873
월평균소득,기타경비,0.43958125
월평균소득,유연근무제,0.31387
월평균소득,사교육비,0.31509495
성별어가인구,종사자규모,0.48255283
성별어가인구,통근통학인구,0.37939724
성별어가인구,기업체수,0.3477507
성별어가인구,어가인구,0.5420585
성별어가인구,가구내구재,0.35923752
성별어가인구,기혼여성인구,0.48954245
성별어가인구,월평균가계수지,0.52613854
성별어가인구,어업종사가구원,0.62225115
성별어가인구,평균시간,0.4315218
성별어가인구,행위자평균시간,0.5486714
성별어가인구,어가수,0.3412624
성별어가인구,연간판매액,0.4939919
성별어가인구,가구당월평균가계수지,0.5276963
성별어가인구,재등록자,0.3553399
성별어가인구,종사상지위,0.52236027
성별어가인구,매출액규모,0.42822483
성별어가인구,유형고정자산,0.57336605
성별어가인구,가구당가계수지,0.47351423
성별어가인구,부채잔액,0.3038647
성별어가인구,어업종사자수,0.6052294
성별어가인구,고령자인구,0.4856778
성별어가인구,사회보험가입률,0.5089258
성별어가인구,임가인구,0.510975
성별어가인구,기성액,0.5548131
성별어가인구,자본금규모,0.32591805
성별어가인구,취업여부,0.52115005
성별어가인구,사교육참여율,0.4762202
성별어가인구,종사기간,0.5055919
성별어가인구,세대구성,0.31942067
성별어가인구,사업장면적,0.4700799
성별어가인구,경제활동상태,0.42882887
성별어가인구,농업종사가구원,0.5930935
성별어가인구,경력단절여성인구,0.31717893
성별어가인구,마을수,0.48122934
성별어가인구,통계인력,0.47239095
성별어가인구,어업종사기간,0.5058143
성별어가인구,귀화허가자,0.5238686
성별어가인구,가계재무건전성,0.6382474
성별어가인구,출하및연말재고액,0.56510156
성별어가인구,임업종사가구원,0.55833524
성별어가인구,연간급여액,0.43857232
성별어가인구,주거전용가구,0.5033015
성별어가인구,부인수,0.30037072
성별어가인구,1인취업가구,0.41421816
성별어가인구,수목수,0.46226963
성별어가인구,총조사가구,0.54485667
성별어가인구,월평균가계지출,0.49873036
성별어가인구,상대표준오차,0.548829
성별어가인구,취업시간,0.5396907
성별어가인구,거주가구수,0.60117877
성별어가인구,사육비,0.4758697
성별어가인구,재혼신혼부부,0.5087114
성별어가인구,운수비용,0.55267686
성별어가인구,EBS교재비,0.45732272
성별어가인구,보유농가,0.5249537
성별어가인구,생산자본스톡,0.48439056
성별어가인구,직종별연간급여액,0.36305833
성별어가인구,어학연수비용,0.43256956
성별어가인구,출생아부모,0.41514713
성별어가인구,논벼수확농가,0.6000986
성별어가인구,어업경영주,0.4312866
성별어가인구,법인수,0.39325553
성별어가인구,연금가입자,0.45524713
성별어가인구,임가수,0.4211571
성별어가인구,장비대수,0.4802725
성별어가인구,기혼여자,0.5453558
성별어가인구,주요생산비,0.5060194
성별어가인구,담보부채,0.32446107
성별어가인구,사육현황,0.36968392
성별어가인구,고령자거주가구,0.58903265
성별어가인구,건물연면적규모,0.550817
성별어가인구,산업소분류,0.40642098
성별어가인구,양식장면적,0.5648948
성별어가인구,산업세분류,0.5647523
성별어가인구,신용부채비율,0.5769812
성별어가인구,신용부채,0.6068722
성별어가인구,주택소유자수,0.39738178
성별어가인구,가구당월평균가계지출,0.5022934
성별어가인구,순자본스톡,0.50986505
성별어가인구,적립금액,0.57023597
성별어가인구,무급가사노동,0.3681177
성별어가인구,근로여건만족도,0.60972637
성별어가인구,외국인수,0.4729858
성별어가인구,투입물량,0.47805476
호텔업,사업체수,0.47481412
호텔업,취업자,0.3502316
호텔업,종사자수,0.42570573
호텔업,사업체,0.33416733
호텔업,매출액,0.30997568
호텔업,가구원수,0.34584635
호텔업,취업인구,0.33039495
호텔업,산업,0.38140073
호텔업,부가가치,0.3289565
호텔업,종사자,0.38325986
호텔업,제조업,0.3491206
호텔업,종업원,0.31205696
호텔업,광업,0.33605868
호텔업,주요지표,0.3655886
호텔업,연간소득,0.32703564
호텔업,조직형태,0.3213229
호텔업,생산액,0.35923594
호텔업,종업원수,0.38928437
호텔업,영업비용,0.38463673
호텔업,총자산,0.36393607
호텔업,기업수,0.35077712
호텔업,수입액,0.30637705
호텔업,임차료,0.32935217
호텔업,점포수,0.34808242
호텔업,월평균소득,0.3103601
호텔업,출하액,0.33885896
호텔업,계약액,0.34976175
호텔업,판매액,0.37222436
호텔업,임금수준,0.36577314
호텔업,도소매업,0.34981677
호텔업,경영주,0.38254446
호텔업,취업자수,0.35043523
호텔업,순자산,0.30674216
호텔업,자산현황,0.38638705
호텔업,개인대출,0.32247382
호텔업,농업법인,0.30424574
호텔업,창업,0.30091307
호텔업,농가부채,0.31831524
호텔업,객실수,0.3797716
호텔업,보유대수,0.3557225
호텔업,연금수급자,0.30024582
호텔업,기타경비,0.36384845
출하및연말재고액,행위자비율,0.3185269
출하및연말재고액,농가수,0.32455269
출하및연말재고액,종사자규모,0.5041858
출하및연말재고액,통근통학인구,0.4194316
출하및연말재고액,기업체수,0.5330796
출하및연말재고액,어가인구,0.6305679
출하및연말재고액,가구내구재,0.3721697
출하및연말재고액,기혼여성인구,0.44911054
출하및연말재고액,월평균가계수지,0.6099847
출하및연말재고액,어업종사가구원,0.685767
출하및연말재고액,평균시간,0.4954398
출하및연말재고액,행위자평균시간,0.6058318
출하및연말재고액,어가수,0.42448285
출하및연말재고액,수확면적,0.30523437
출하및연말재고액,연간판매액,0.49979696
출하및연말재고액,가구당월평균가계수지,0.5729767
출하및연말재고액,재등록자,0.42441732
출하및연말재고액,종사상지위,0.609967
출하및연말재고액,매출액규모,0.5131205
출하및연말재고액,유형고정자산,0.5401265
출하및연말재고액,가구당가계수지,0.43952835
출하및연말재고액,부채잔액,0.43827102
출하및연말재고액,어업종사자수,0.6010167
출하및연말재고액,고령자인구,0.48616096
출하및연말재고액,사회보험가입률,0.5612394
출하및연말재고액,이동자수,0.36166328
출하및연말재고액,임가인구,0.5986777
출하및연말재고액,부채액,0.3306435
출하및연말재고액,기성액,0.6399218
출하및연말재고액,자본금규모,0.36090726
출하및연말재고액,취업여부,0.5121235
출하및연말재고액,비임금근로자,0.32197598
출하및연말재고액,개인농가,0.31828824
출하및연말재고액,사교육참여율,0.38684782
출하및연말재고액,종사기간,0.4734532
출하및연말재고액,세대구성,0.3266604
출하및연말재고액,사업장면적,0.5060798
출하및연말재고액,경제활동상태,0.46082076
출하및연말재고액,농업종사가구원,0.6395157
출하및연말재고액,경력단절여성인구,0.31412232
출하및연말재고액,마을수,0.50666136
출하및연말재고액,통계인력,0.43160695
출하및연말재고액,어업종사기간,0.5469437
출하및연말재고액,귀화허가자,0.63206613
출하및연말재고액,가계재무건전성,0.6157738
출하및연말재고액,성별어가인구,0.56510156
출하및연말재고액,임업종사가구원,0.5894782
출하및연말재고액,연간급여액,0.54330933
출하및연말재고액,주거전용가구,0.56582725
출하및연말재고액,부인수,0.32498503
출하및연말재고액,1인취업가구,0.4951382
출하및연말재고액,수목수,0.48456344
출하및연말재고액,총조사가구,0.57497287
출하및연말재고액,월평균가계지출,0.5905994
출하및연말재고액,상대표준오차,0.5674749
출하및연말재고액,취업시간,0.52163994
출하및연말재고액,거주가구수,0.60049206
출하및연말재고액,사육비,0.50219333
출하및연말재고액,재혼신혼부부,0.57760036
출하및연말재고액,운수비용,0.5004707
출하및연말재고액,EBS교재비,0.36846006
출하및연말재고액,보유농가,0.6493603
출하및연말재고액,생산자본스톡,0.56244224
출하및연말재고액,학생이외인구,0.4136483
출하및연말재고액,직종별연간급여액,0.45080796
출하및연말재고액,어학연수비용,0.3787282
출하및연말재고액,출생아부모,0.5191366
출하및연말재고액,논벼수확농가,0.71659064
출하및연말재고액,어업경영주,0.4103125
출하및연말재고액,법인수,0.5269201
출하및연말재고액,연금가입자,0.44672573
출하및연말재고액,임가수,0.45259497
출하및연말재고액,장비대수,0.48318148
출하및연말재고액,기혼여자,0.46929833
출하및연말재고액,주요생산비,0.510554
출하및연말재고액,담보부채,0.373442
출하및연말재고액,사육현황,0.40716663
출하및연말재고액,고령자거주가구,0.6570578
출하및연말재고액,건물연면적규모,0.61078215
출하및연말재고액,산업소분류,0.3697417
출하및연말재고액,양식장면적,0.6549145
출하및연말재고액,산업세분류,0.67697394
출하및연말재고액,신용부채비율,0.509644
출하및연말재고액,신용부채,0.547908
출하및연말재고액,주택소유자수,0.4041188
출하및연말재고액,가구당월평균가계지출,0.5482554
출하및연말재고액,순자본스톡,0.5311825
출하및연말재고액,적립금액,0.56268656
출하및연말재고액,통근인구,0.3162173
출하및연말재고액,무급가사노동,0.40852037
출하및연말재고액,근로여건만족도,0.7188927
출하및연말재고액,외국인수,0.48972362
출하및연말재고액,투입물량,0.5143812
장애인,취업자,0.30407977
장애인,일자리,0.31090325
장애인,가구원수,0.30500722
장애인,고령자,0.47985533
장애인,외국인,0.32452217
장애인,고령자인구,0.33408457
장애인,경력단절여성,0.39125818
장애인,근로여건,0.3049299
장애인,자원봉사활동,0.32606718
장애인,경력단절여성인구,0.31757492
장애인,월평균소득,0.36439258
장애인,다문화가구,0.32982048
장애인,청소년,0.32619467
장애인,주요생산비,0.3357868
장애인,고용률,0.31445557
장애인,주택소유자수,0.32515317
여자,성별,0.39499205
여자,학생,0.34731555
여자,유업자,0.40270993
여자,연령,0.32873282
여자,직업,0.32145056
여자,가족,0.30073702
여자,남자,0.88011014
여자,기혼자,0.41187814
임업종사가구원,종사자규모,0.39471588
임업종사가구원,통근통학인구,0.44380236
임업종사가구원,기업체수,0.4376811
임업종사가구원,어가인구,0.4991218
임업종사가구원,가구내구재,0.3316051
임업종사가구원,기혼여성인구,0.43657148
임업종사가구원,월평균가계수지,0.44832718
임업종사가구원,어업종사가구원,0.8413419
임업종사가구원,평균시간,0.41511193
임업종사가구원,행위자평균시간,0.50091726
임업종사가구원,어가수,0.3864701
임업종사가구원,연간판매액,0.4151383
임업종사가구원,가구당월평균가계수지,0.49324423
임업종사가구원,재등록자,0.35154232
임업종사가구원,종사상지위,0.4845441
임업종사가구원,매출액규모,0.4237063
임업종사가구원,유형고정자산,0.45819297
임업종사가구원,가구당가계수지,0.34541863
임업종사가구원,어업종사자수,0.54661006
임업종사가구원,고령자인구,0.41753125
임업종사가구원,사회보험가입률,0.5249575
임업종사가구원,임가인구,0.5041817
임업종사가구원,기성액,0.48132044
임업종사가구원,자본금규모,0.35023233
임업종사가구원,취업여부,0.4458091
임업종사가구원,비임금근로자,0.30588707
임업종사가구원,사교육참여율,0.32359156
임업종사가구원,종사기간,0.3703286
임업종사가구원,사업장면적,0.42269838
임업종사가구원,경제활동상태,0.41068012
임업종사가구원,농업종사가구원,0.88825506
임업종사가구원,경력단절여성인구,0.3379404
임업종사가구원,마을수,0.44910797
임업종사가구원,통계인력,0.3790133
임업종사가구원,어업종사기간,0.4943964
임업종사가구원,귀화허가자,0.5121159
임업종사가구원,가계재무건전성,0.5322259
임업종사가구원,성별어가인구,0.55833524
임업종사가구원,출하및연말재고액,0.5894782
임업종사가구원,연간급여액,0.40759736
임업종사가구원,주거전용가구,0.49996942
임업종사가구원,부인수,0.31229225
임업종사가구원,1인취업가구,0.35225374
임업종사가구원,수목수,0.3737431
임업종사가구원,총조사가구,0.4712378
임업종사가구원,월평균가계지출,0.46378872
임업종사가구원,상대표준오차,0.44739395
임업종사가구원,취업시간,0.4864168
임업종사가구원,거주가구수,0.5637394
임업종사가구원,사육비,0.3426909
임업종사가구원,재혼신혼부부,0.5764523
임업종사가구원,운수비용,0.5193786
임업종사가구원,EBS교재비,0.3287052
임업종사가구원,보유농가,0.5035978
임업종사가구원,생산자본스톡,0.45560455
임업종사가구원,학생이외인구,0.30230537
임업종사가구원,직종별연간급여액,0.34133467
임업종사가구원,어학연수비용,0.41949263
임업종사가구원,출생아부모,0.4414255
임업종사가구원,논벼수확농가,0.5932464
임업종사가구원,어업경영주,0.30878687
임업종사가구원,법인수,0.36990714
임업종사가구원,연금가입자,0.3696387
임업종사가구원,장비대수,0.4436899
임업종사가구원,기혼여자,0.4678009
임업종사가구원,주요생산비,0.4793243
임업종사가구원,고령자거주가구,0.5887147
임업종사가구원,건물연면적규모,0.43701908
임업종사가구원,산업소분류,0.36239937
임업종사가구원,양식장면적,0.5154792
임업종사가구원,산업세분류,0.5748849
임업종사가구원,신용부채비율,0.49188185
임업종사가구원,신용부채,0.5198336
임업종사가구원,한육우,0.31962436
임업종사가구원,주택소유자수,0.3564617
임업종사가구원,가구당월평균가계지출,0.49713382
임업종사가구원,순자본스톡,0.47816172
임업종사가구원,적립금액,0.48797587
임업종사가구원,근로여건만족도,0.5575463
임업종사가구원,외국인수,0.39484888
임업종사가구원,투입물량,0.4792968
여성인구,인구,0.5231558
여성인구,가구,0.3075207
여성인구,사업체수,0.4779869
여성인구,취업자,0.4844315
여성인구,종사자수,0.49659392
여성인구,면적,0.30239007
여성인구,가구주,0.59271026
여성인구,성별,0.33872366
여성인구,일반가구,0.4282292
여성인구,가구원수,0.5490461
여성인구,소득,0.3982815
여성인구,취업인구,0.65320075
여성인구,고령자,0.3899091
여성인구,1인가구,0.3889781
여성인구,경제활동인구,0.58825547
여성인구,농가인구,0.5746779
여성인구,가구원,0.48644653
여성인구,임금근로자,0.514019
여성인구,재배면적,0.38694835
여성인구,비경제활동인구,0.4996791
여성인구,종사자,0.31349176
여성인구,급여액,0.34766987
여성인구,저축액,0.46676072
여성인구,가구수,0.58381516
여성인구,실업자,0.34913042
여성인구,혼인상태,0.5676722
여성인구,주요지표,0.34706292
여성인구,연간소득,0.48853454
여성인구,유업자,0.4758444
여성인구,생산액,0.413507
여성인구,종업원수,0.38745406
여성인구,자녀,0.30240265
여성인구,연령,0.38734278
여성인구,영업비용,0.39198366
여성인구,출생아수,0.61303145
여성인구,교육정도,0.3771873
여성인구,총자산,0.33943275
여성인구,기업수,0.41522467
여성인구,수입액,0.46050167
여성인구,비임금근로자,0.30979052
여성인구,경력단절여성,0.34863892
여성인구,근로여건,0.34972534
여성인구,아동인구,0.55751103
여성인구,사망자수,0.48333573
여성인구,점포수,0.37307298
여성인구,주택수,0.58725446
여성인구,월평균소득,0.53873736
여성인구,출하액,0.47042868
여성인구,계약액,0.38860705
여성인구,가구소득,0.5832623
여성인구,판매액,0.33956912
여성인구,경지면적,0.5520952
여성인구,임금수준,0.43310657
여성인구,취업자수,0.62143177
여성인구,순자산,0.34721458
여성인구,자산현황,0.35803267
여성인구,근속기간,0.34740788
여성인구,실업률,0.37130848
여성인구,농가부채,0.4384372
여성인구,객실수,0.3106234
여성인구,보유대수,0.40779153
여성인구,고용률,0.51529336
여성인구,기혼자,0.32346138
여성인구,연금수급자,0.43414804
여성인구,구성비,0.4864756
여성인구,산란계,0.31631505
여성인구,사교육비,0.3301871
연간급여액,농가수,0.39826226
연간급여액,종사자규모,0.42797458
연간급여액,통근통학인구,0.338277
연간급여액,기업체수,0.43030703
연간급여액,어가인구,0.54489905
연간급여액,기혼여성인구,0.44620857
연간급여액,월평균가계수지,0.48579735
연간급여액,어업종사가구원,0.5222659
연간급여액,평균시간,0.43559778
연간급여액,행위자평균시간,0.5536478
연간급여액,어가수,0.3391708
연간급여액,연간판매액,0.33117506
연간급여액,가구당월평균가계수지,0.44230816
연간급여액,재등록자,0.32068238
연간급여액,종사상지위,0.48506516
연간급여액,매출액규모,0.44893128
연간급여액,유형고정자산,0.48988637
연간급여액,조직형태,0.3090902
연간급여액,부채잔액,0.31281674
연간급여액,어업종사자수,0.52593124
연간급여액,고령자인구,0.48790237
연간급여액,사회보험가입률,0.51595694
연간급여액,이동자수,0.33478108
연간급여액,임가인구,0.52041394
연간급여액,기성액,0.5169241
연간급여액,자본금규모,0.31909004
연간급여액,취업여부,0.3710001
연간급여액,비임금근로자,0.40726548
연간급여액,사교육참여율,0.35047343
연간급여액,종사기간,0.44133967
연간급여액,사업장면적,0.39352742
연간급여액,경제활동상태,0.40776578
연간급여액,농업종사가구원,0.43420556
연간급여액,경력단절여성인구,0.36392227
연간급여액,마을수,0.35115993
연간급여액,통계인력,0.3717306
연간급여액,어업종사기간,0.46404082
연간급여액,귀화허가자,0.577056
연간급여액,가계재무건전성,0.5593715
연간급여액,월평균소득,0.35399953
연간급여액,성별어가인구,0.43857232
연간급여액,출하및연말재고액,0.54330933
연간급여액,임업종사가구원,0.40759736
연간급여액,주거전용가구,0.3966873
연간급여액,1인취업가구,0.4654904
연간급여액,수목수,0.36647007
연간급여액,총조사가구,0.4153636
연간급여액,월평균가계지출,0.46247727
연간급여액,상대표준오차,0.51201606
연간급여액,취업시간,0.38260078
연간급여액,거주가구수,0.49102643
연간급여액,사육비,0.45000577
연간급여액,재혼신혼부부,0.40329978
연간급여액,운수비용,0.39998367
연간급여액,EBS교재비,0.34572276
연간급여액,보유농가,0.4864053
연간급여액,생산자본스톡,0.40589687
연간급여액,직종별연간급여액,0.6106856
연간급여액,어학연수비용,0.35545954
연간급여액,출생아부모,0.43329036
연간급여액,논벼수확농가,0.58952904
연간급여액,어업경영주,0.34436452
연간급여액,법인수,0.51422685
연간급여액,연금가입자,0.3982556
연간급여액,장비대수,0.39283586
연간급여액,기혼여자,0.42605647
연간급여액,주요생산비,0.45621935
연간급여액,사육현황,0.30664632
연간급여액,고령자거주가구,0.5417451
연간급여액,건물연면적규모,0.47213465
연간급여액,산업소분류,0.3201362
연간급여액,양식장면적,0.53351086
연간급여액,산업세분류,0.5189504
연간급여액,신용부채비율,0.39765728
연간급여액,신용부채,0.4290171
연간급여액,주택소유자수,0.3696907
연간급여액,가구당월평균가계지출,0.41709995
연간급여액,순자본스톡,0.41945997
연간급여액,적립금액,0.49213812
연간급여액,무급가사노동,0.31822392
연간급여액,근로여건만족도,0.5859867
연간급여액,외국인수,0.4116987
연간급여액,투입물량,0.37991962
출하액,인구,0.33490813
출하액,가구,0.32054326
출하액,사업체수,0.5733905
출하액,취업자,0.42340556
출하액,종사자수,0.5249021
출하액,가구주,0.32740673
출하액,사업체,0.30191216
출하액,일반가구,0.42576468
출하액,매출액,0.44237593
출하액,가구원수,0.38222122
출하액,소득,0.31680077
출하액,취업인구,0.5151519
출하액,경제활동인구,0.43485528
출하액,농가인구,0.44768897
출하액,산업,0.38699064
출하액,임금근로자,0.4180628
출하액,재배면적,0.3888501
출하액,부가가치,0.33627343
출하액,비경제활동인구,0.38298076
출하액,급여액,0.32308614
출하액,저축액,0.3052362
출하액,가구수,0.44960278
출하액,제조업,0.41854933
출하액,광업,0.34829295
출하액,혼인상태,0.33199403
출하액,주요지표,0.4865454
출하액,연간소득,0.459487
출하액,유업자,0.3540762
출하액,생산액,0.7147335
출하액,재배농가,0.32688072
출하액,종업원수,0.5029435
출하액,영업비용,0.4482929
출하액,출생아수,0.48360023
출하액,총자산,0.5123303
출하액,기업수,0.4764635
출하액,수입액,0.58106875
출하액,비임금근로자,0.30027527
출하액,수출입,0.3031302
출하액,사망자수,0.30663294
출하액,임차료,0.30523697
출하액,점포수,0.40420908
출하액,주택수,0.43539983
출하액,월평균소득,0.3561123
출하액,호텔업,0.33885896
출하액,여성인구,0.47042868
출하액,계약액,0.45880172
출하액,가구소득,0.41619483
출하액,기업규모,0.3451999
출하액,판매액,0.5352742
출하액,경지면적,0.423304
출하액,임금수준,0.3413978
출하액,도소매업,0.3243675
출하액,취업자수,0.6838594
출하액,순자산,0.4275739
출하액,자산현황,0.31319007
출하액,근속기간,0.31353694
출하액,육우,0.33852148
출하액,해외건설,0.30084395
출하액,실업률,0.31177542
출하액,농가부채,0.30317697
출하액,보유대수,0.55094534
출하액,고용률,0.39004347
출하액,소비자물가지수,0.3419017
출하액,연금수급자,0.31207484
출하액,구성비,0.4582855
출하액,기타경비,0.31761262
계약액,사업체수,0.44012132
계약액,종사자수,0.3777769
계약액,면적,0.3456689
계약액,일반가구,0.31369516
계약액,농가수,0.310294
계약액,매출액,0.39789918
계약액,가구원수,0.43921322
계약액,소득,0.34245697
계약액,취업인구,0.33423594
계약액,부채,0.3405832
계약액,자산,0.3082012
계약액,농가인구,0.40408623
계약액,가구원,0.31761464
계약액,임금근로자,0.36566797
계약액,재배면적,0.36454892
계약액,부가가치,0.3294186
계약액,급여액,0.40796828
계약액,저축액,0.4340956
계약액,가구수,0.36159357
계약액,혼인상태,0.36471242
계약액,주요지표,0.39485067
계약액,연간소득,0.41067618
계약액,생산액,0.5047402
계약액,재배농가,0.4092961
계약액,종업원수,0.417283
계약액,영업비용,0.47766212
계약액,출생아수,0.30331743
계약액,총자산,0.44574264
계약액,기업수,0.58888555
계약액,수입액,0.5539097
계약액,생산비,0.340667
계약액,사망자수,0.30927372
계약액,임차료,0.53106767
계약액,점포수,0.40510628
계약액,주택수,0.4735528
계약액,월평균소득,0.33490187
계약액,호텔업,0.34976175
계약액,여성인구,0.38860705
계약액,출하액,0.45880172
계약액,가구소득,0.3561347
계약액,기업,0.30420026
계약액,판매액,0.56036365
계약액,경지면적,0.3883309
계약액,임금수준,0.33807608
계약액,취업자수,0.44492158
계약액,순자산,0.45053747
계약액,자산현황,0.50047475
계약액,개인대출,0.43110722
계약액,육우,0.35746107
계약액,농업법인,0.3304048
계약액,해외건설,0.34774157
계약액,농가부채,0.4055764
계약액,어항시설,0.32727757
계약액,보유대수,0.44309548
계약액,고용률,0.34256476
계약액,연금수급자,0.3858555
계약액,육계,0.33340588
계약액,구성비,0.32749262
계약액,기타경비,0.48230475
계약액,산란계,0.31526628
계약액,임금,0.3007108
주거전용가구,종사자규모,0.33865786
주거전용가구,통근통학인구,0.31193614
주거전용가구,기업체수,0.36421567
주거전용가구,어가인구,0.47988695
주거전용가구,가구내구재,0.3434107
주거전용가구,기혼여성인구,0.5189523
주거전용가구,월평균가계수지,0.5665068
주거전용가구,어업종사가구원,0.5675496
주거전용가구,평균시간,0.43156037
주거전용가구,행위자평균시간,0.49914983
주거전용가구,어가수,0.56218857
주거전용가구,연간판매액,0.41817066
주거전용가구,가구당월평균가계수지,0.5065139
주거전용가구,재등록자,0.34583643
주거전용가구,종사상지위,0.5356753
주거전용가구,매출액규모,0.4776482
주거전용가구,유형고정자산,0.5438675
주거전용가구,가구당가계수지,0.37995055
주거전용가구,부채잔액,0.33008417
주거전용가구,어업종사자수,0.5551911
주거전용가구,고령자인구,0.4719519
주거전용가구,사회보험가입률,0.52084005
주거전용가구,이동자수,0.3912713
주거전용가구,임가인구,0.4253533
주거전용가구,부채액,0.30944073
주거전용가구,기성액,0.54508597
주거전용가구,자본금규모,0.36007836
주거전용가구,취업여부,0.47626972
주거전용가구,비임금근로자,0.35080665
주거전용가구,종사기간,0.37319863
주거전용가구,세대구성,0.30911836
주거전용가구,사업장면적,0.43095177
주거전용가구,경제활동상태,0.42610422
주거전용가구,농업종사가구원,0.49886054
주거전용가구,경력단절여성인구,0.43966156
주거전용가구,마을수,0.51684386
주거전용가구,통계인력,0.43705115
주거전용가구,어업종사기간,0.46093145
주거전용가구,귀화허가자,0.545322
주거전용가구,가계재무건전성,0.5434504
주거전용가구,성별어가인구,0.5033015
주거전용가구,출하및연말재고액,0.56582725
주거전용가구,임업종사가구원,0.49996942
주거전용가구,연간급여액,0.3966873
주거전용가구,1인취업가구,0.45445427
주거전용가구,수목수,0.46928796
주거전용가구,총조사가구,0.4302977
주거전용가구,월평균가계지출,0.5313967
주거전용가구,순자산,0.31412232
주거전용가구,상대표준오차,0.5042368
주거전용가구,취업시간,0.37960306
주거전용가구,거주가구수,0.5798294
주거전용가구,사육비,0.4089559
주거전용가구,재혼신혼부부,0.52282226
주거전용가구,운수비용,0.48190698
주거전용가구,보유농가,0.4780396
주거전용가구,생산자본스톡,0.48303303
주거전용가구,학생이외인구,0.31015667
주거전용가구,직종별연간급여액,0.3387378
주거전용가구,어학연수비용,0.37699947
주거전용가구,출생아부모,0.450419
주거전용가구,논벼수확농가,0.5905323
주거전용가구,어업경영주,0.32138926
주거전용가구,법인수,0.44588828
주거전용가구,연금가입자,0.4861499
주거전용가구,임가수,0.44611242
주거전용가구,장비대수,0.3723554
주거전용가구,기혼여자,0.47581992
주거전용가구,주요생산비,0.5032757
주거전용가구,담보부채,0.30798715
주거전용가구,사육현황,0.30689013
주거전용가구,고령자거주가구,0.61675704
주거전용가구,건물연면적규모,0.53734154
주거전용가구,양식장면적,0.5748532
주거전용가구,산업세분류,0.6027228
주거전용가구,신용부채비율,0.48784515
주거전용가구,신용부채,0.5014046
주거전용가구,주택소유자수,0.45883384
주거전용가구,가구당월평균가계지출,0.47188488
주거전용가구,순자본스톡,0.45110723
주거전용가구,적립금액,0.45776907
주거전용가구,근로여건만족도,0.59207845
주거전용가구,외국인수,0.42951804
주거전용가구,투입물량,0.44106996
가구소득,인구,0.34771237
가구소득,가구,0.3202454
가구소득,사업체수,0.49134517
가구소득,취업자,0.48162556
가구소득,종사자수,0.48273218
가구소득,가구주,0.64631504
가구소득,성별,0.38828772
가구소득,사업체,0.3502382
가구소득,일반가구,0.5306737
가구소득,매출액,0.31627357
가구소득,가구원수,0.6644017
가구소득,소득,0.5429673
가구소득,취업인구,0.5138996
가구소득,고령자,0.3321163
가구소득,학생,0.3368524
가구소득,1인가구,0.407153
가구소득,경제활동인구,0.53875846
가구소득,농가인구,0.45479673
가구소득,가구원,0.557003
가구소득,임금근로자,0.57117206
가구소득,재배면적,0.3814714
가구소득,부가가치,0.33927074
가구소득,비경제활동인구,0.49329832
가구소득,종사자,0.3355149
가구소득,급여액,0.45349097
가구소득,저축액,0.50949985
가구소득,가구수,0.5285796
가구소득,실업자,0.36807454
가구소득,혼인상태,0.5356054
가구소득,주요지표,0.39118448
가구소득,연간소득,0.491873
가구소득,유업자,0.38152286
가구소득,생산액,0.41537172
가구소득,고령자인구,0.3259656
가구소득,인건비,0.32251245
가구소득,종업원수,0.37724662
가구소득,연령,0.44704252
가구소득,영업비용,0.48016873
가구소득,출생아수,0.50724477
가구소득,교육정도,0.5297679
가구소득,총자산,0.36097723
가구소득,기업수,0.32607478
가구소득,수입액,0.44000208
가구소득,직업,0.3014428
가구소득,비임금근로자,0.46186134
가구소득,경력단절여성,0.41613084
가구소득,근로여건,0.37041038
가구소득,아동인구,0.42826423
가구소득,시군구,0.3952663
가구소득,사망자수,0.4332924
가구소득,경력단절여성인구,0.30308282
가구소득,임차료,0.4254024
가구소득,점포수,0.3529992
가구소득,주택수,0.5036329
가구소득,월평균소득,0.6750986
가구소득,여성인구,0.5832623
가구소득,출하액,0.41619483
가구소득,계약액,0.3561347
가구소득,기업규모,0.41204447
가구소득,판매액,0.38087407
가구소득,경지면적,0.46517956
가구소득,임금수준,0.55364084
가구소득,취업자수,0.5664221
가구소득,순자산,0.4019422
가구소득,자산현황,0.46215644
가구소득,근속기간,0.4527452
가구소득,교육비,0.48264244
가구소득,연금가입자,0.30179518
가구소득,실업률,0.44222242
가구소득,농가부채,0.37428847
가구소득,가족관계,0.32847813
가구소득,보유대수,0.33821648
가구소득,고용률,0.56290936
가구소득,기혼자,0.37824556
가구소득,소비자물가지수,0.3660155
가구소득,연금수급자,0.39280954
가구소득,구성비,0.5144519
가구소득,기타경비,0.38102722
가구소득,임금,0.3387894
가구소득,유연근무제,0.33002335
가구소득,사교육비,0.4409689
부인수,기업체수,0.33212012
부인수,어가인구,0.4045277
부인수,기혼여성인구,0.31220445
부인수,월평균가계수지,0.38905242
부인수,어업종사가구원,0.4090328
부인수,연간판매액,0.44284254
부인수,가구당월평균가계수지,0.40308854
부인수,종사상지위,0.35618532
부인수,매출액규모,0.43375638
부인수,유형고정자산,0.30320007
부인수,가구당가계수지,0.32769418
부인수,어업종사자수,0.4581223
부인수,사회보험가입률,0.3777786
부인수,기성액,0.41765693
부인수,비임금근로자,0.303304
부인수,사업장면적,0.3149694
부인수,농업종사가구원,0.37269917
부인수,마을수,0.3402768
부인수,어업종사기간,0.30500758
부인수,귀화허가자,0.39109695
부인수,가계재무건전성,0.41905603
부인수,성별어가인구,0.30037072
부인수,출하및연말재고액,0.32498503
부인수,임업종사가구원,0.31229225
부인수,1인취업가구,0.38296708
부인수,월평균가계지출,0.32408088
부인수,상대표준오차,0.33732238
부인수,거주가구수,0.3928379
부인수,재혼신혼부부,0.37227523
부인수,운수비용,0.4151728
부인수,보유농가,0.39961272
부인수,생산자본스톡,0.3151081
부인수,출생아부모,0.4159565
부인수,논벼수확농가,0.3364248
부인수,주요생산비,0.36663833
부인수,고령자거주가구,0.42065793
부인수,양식장면적,0.31267047
부인수,산업세분류,0.38051564
부인수,신용부채비율,0.43735993
부인수,신용부채,0.4441139
부인수,가구당월평균가계지출,0.35898834
부인수,근로여건만족도,0.41167176
부인수,투입물량,0.43082657
1인취업가구,종사자규모,0.44709194
1인취업가구,기업체수,0.41777563
1인취업가구,어가인구,0.5429669
1인취업가구,가구내구재,0.32159612
1인취업가구,기혼여성인구,0.41686282
1인취업가구,월평균가계수지,0.4499319
1인취업가구,어업종사가구원,0.45155966
1인취업가구,평균시간,0.41509837
1인취업가구,행위자평균시간,0.4852831
1인취업가구,어가수,0.34025446
1인취업가구,연간판매액,0.49078444
1인취업가구,가구당월평균가계수지,0.42350504
1인취업가구,종사상지위,0.4425528
1인취업가구,매출액규모,0.51975167
1인취업가구,유형고정자산,0.44110444
1인취업가구,부채잔액,0.32465094
1인취업가구,어업종사자수,0.53392625
1인취업가구,고령자인구,0.32330832
1인취업가구,사회보험가입률,0.47041762
1인취업가구,이동자수,0.35569823
1인취업가구,임가인구,0.37913898
1인취업가구,기성액,0.5560042
1인취업가구,취업여부,0.40078583
1인취업가구,사교육참여율,0.32679966
1인취업가구,종사기간,0.37261155
1인취업가구,사업장면적,0.37555727
1인취업가구,경제활동상태,0.34494114
1인취업가구,농업종사가구원,0.40954408
1인취업가구,마을수,0.47647765
1인취업가구,어업종사기간,0.3484007
1인취업가구,귀화허가자,0.54575527
1인취업가구,가계재무건전성,0.49869168
1인취업가구,성별어가인구,0.41421816
1인취업가구,출하및연말재고액,0.4951382
1인취업가구,임업종사가구원,0.35225374
1인취업가구,연간급여액,0.4654904
1인취업가구,주거전용가구,0.45445427
1인취업가구,부인수,0.38296708
1인취업가구,수목수,0.38858977
1인취업가구,총조사가구,0.4229755
1인취업가구,월평균가계지출,0.42485806
1인취업가구,상대표준오차,0.48657972
1인취업가구,취업시간,0.40060818
1인취업가구,거주가구수,0.5444301
1인취업가구,사육비,0.3532453
1인취업가구,재혼신혼부부,0.40913126
1인취업가구,운수비용,0.41893122
1인취업가구,EBS교재비,0.33256844
1인취업가구,보유농가,0.47791576
1인취업가구,생산자본스톡,0.44490746
1인취업가구,직종별연간급여액,0.36378285
1인취업가구,어학연수비용,0.31684476
1인취업가구,출생아부모,0.45128697
1인취업가구,논벼수확농가,0.52022994
1인취업가구,법인수,0.4327681
1인취업가구,연금가입자,0.3417835
1인취업가구,임가수,0.38419122
1인취업가구,장비대수,0.3859285
1인취업가구,기혼여자,0.47722232
1인취업가구,주요생산비,0.455658
1인취업가구,사육현황,0.30958563
1인취업가구,고령자거주가구,0.4959972
1인취업가구,건물연면적규모,0.41211462
1인취업가구,양식장면적,0.51105285
1인취업가구,산업세분류,0.47008583
1인취업가구,신용부채비율,0.39744958
1인취업가구,신용부채,0.43202007
1인취업가구,가구당월평균가계지출,0.39902356
1인취업가구,순자본스톡,0.38770542
1인취업가구,적립금액,0.42472446
1인취업가구,무급가사노동,0.319238
1인취업가구,근로여건만족도,0.58675843
1인취업가구,투입물량,0.43871346
기업규모,사업체수,0.44588584
기업규모,취업자,0.3634823
기업규모,종사자수,0.4074521
기업규모,가구주,0.30748758
기업규모,사업체,0.32382017
기업규모,매출액,0.38686123
기업규모,가구원수,0.38491306
기업규모,취업인구,0.35395488
기업규모,경제활동인구,0.31176525
기업규모,농가인구,0.30555275
기업규모,임금근로자,0.35792145
기업규모,부가가치,0.30211595
기업규모,종사자,0.3061238
기업규모,급여액,0.30322206
기업규모,제조업,0.30679184
기업규모,종업원,0.33546162
기업규모,주요지표,0.37455976
기업규모,유업자,0.3056114
기업규모,조직형태,0.43192995
기업규모,생산액,0.34097642
기업규모,종업원수,0.5995663
기업규모,영업비용,0.42180806
기업규모,교육정도,0.30599117
기업규모,총자산,0.45911333
기업규모,기업수,0.41086447
기업규모,수입액,0.31375417
기업규모,비임금근로자,0.32783076
기업규모,점포수,0.4215346
기업규모,주택수,0.32076585
기업규모,출하액,0.3451999
기업규모,가구소득,0.41204447
기업규모,기업,0.37576732
기업규모,판매액,0.32442102
기업규모,임금수준,0.43569672
기업규모,경영주,0.39263874
기업규모,취업자수,0.39698803
기업규모,순자산,0.33050323
기업규모,자산현황,0.3251629
기업규모,근속기간,0.39370143
기업규모,자본금,0.37255293
기업규모,수익성,0.30873054
기업규모,보유대수,0.3180756
기업규모,고용률,0.30765772
기업규모,구성비,0.39442322
기업규모,유연근무제,0.30709243
수목수,종사자규모,0.4131675
수목수,기업체수,0.34651792
수목수,어가인구,0.44326183
수목수,기혼여성인구,0.38978067
수목수,월평균가계수지,0.42412314
수목수,어업종사가구원,0.48030588
수목수,행위자평균시간,0.45787382
수목수,어가수,0.44417253
수목수,연간판매액,0.45184457
수목수,가구당월평균가계수지,0.35578722
수목수,종사상지위,0.4745529
수목수,매출액규모,0.4182876
수목수,유형고정자산,0.4463692
수목수,가구당가계수지,0.35825077
수목수,부채잔액,0.3518508
수목수,어업종사자수,0.4954701
수목수,고령자인구,0.39321962
수목수,사회보험가입률,0.4811631
수목수,임가인구,0.49108487
수목수,기성액,0.5585426
수목수,취업여부,0.3441668
수목수,사교육참여율,0.3153056
수목수,종사기간,0.4038881
수목수,사업장면적,0.35798448
수목수,경제활동상태,0.46029463
수목수,농업종사가구원,0.4118109
수목수,경력단절여성인구,0.3349422
수목수,마을수,0.43242943
수목수,통계인력,0.30148998
수목수,어업종사기간,0.3946301
수목수,귀화허가자,0.5102309
수목수,가계재무건전성,0.50270176
수목수,성별어가인구,0.46226963
수목수,출하및연말재고액,0.48456344
수목수,임업종사가구원,0.3737431
수목수,연간급여액,0.36647007
수목수,주거전용가구,0.46928796
수목수,1인취업가구,0.38858977
수목수,총조사가구,0.46395108
수목수,월평균가계지출,0.41855308
수목수,다문화가구,0.3007991
수목수,상대표준오차,0.48182738
수목수,취업시간,0.36479595
수목수,거주가구수,0.48842314
수목수,사육비,0.40472275
수목수,재혼신혼부부,0.4619245
수목수,운수비용,0.4733517
수목수,EBS교재비,0.33871192
수목수,보유농가,0.46637985
수목수,생산자본스톡,0.37807664
수목수,어학연수비용,0.35124683
수목수,출생아부모,0.3977126
수목수,논벼수확농가,0.5345524
수목수,법인수,0.33283398
수목수,연금가입자,0.37659994
수목수,임가수,0.39331305
수목수,장비대수,0.41659513
수목수,기혼여자,0.4116342
수목수,주요생산비,0.45164156
수목수,담보부채,0.37933743
수목수,고령자거주가구,0.48734915
수목수,건물연면적규모,0.48565045
수목수,산업소분류,0.3545589
수목수,양식장면적,0.54678184
수목수,산업세분류,0.50200516
수목수,신용부채비율,0.4044715
수목수,신용부채,0.40660048
수목수,주택소유자수,0.35519776
수목수,가구당월평균가계지출,0.3404606
수목수,순자본스톡,0.47332796
수목수,적립금액,0.5132871
수목수,근로여건만족도,0.5150129
수목수,외국인수,0.42633852
수목수,투입물량,0.43509302
기업,가구,0.32264674
기업,농가,0.30664822
기업,사업체수,0.35931104
기업,사업체,0.41401812
기업,매출액,0.3610031
기업,소득,0.34150696
기업,학생,0.31227276
기업,부채,0.34433186
기업,자산,0.43044013
기업,산업,0.55520874
기업,주택,0.31771395
기업,광업,0.4089302
기업,조직형태,0.355534
기업,생산액,0.32795385
기업,종업원수,0.35110113
기업,자녀,0.3125931
기업,연령,0.32736734
기업,영업비용,0.37105185
기업,총자산,0.34856898
기업,기업수,0.35760272
기업,직업,0.3770755
기업,취업,0.37839186
기업,계약액,0.30420026
기업,기업규모,0.37576732
기업,경영주,0.39783025
기업,직장,0.37484053
기업,순자산,0.3112252
기업,가족,0.39089826
기업,신생기업,0.45087516
기업,남자,0.3109612
기업,창업,0.43540636
판매액,가구,0.3442899
판매액,사업체수,0.47075456
판매액,취업자,0.35779548
판매액,종사자수,0.40146253
판매액,사업체,0.3097614
판매액,일반가구,0.3610739
판매액,매출액,0.44590864
판매액,가구원수,0.44017765
판매액,소득,0.3425282
판매액,취업인구,0.31723732
판매액,부채,0.30679026
판매액,자산,0.32785085
판매액,경제활동인구,0.3075225
판매액,농가인구,0.3260994
판매액,임금근로자,0.3448091
판매액,재배면적,0.406657
판매액,부가가치,0.39387074
판매액,급여액,0.4418117
판매액,저축액,0.39222082
판매액,가구수,0.33241335
판매액,주요지표,0.4060614
판매액,연간소득,0.4048262
판매액,생산액,0.59172857
판매액,재배농가,0.30400267
판매액,인건비,0.33752963
판매액,종업원수,0.37925074
판매액,영업비용,0.47138363
판매액,총자산,0.43991873
판매액,기업수,0.4784534
판매액,수입액,0.5494703
판매액,수출입,0.33865824
판매액,생산비,0.38348055
판매액,임차료,0.4456653
판매액,점포수,0.4852468
판매액,월평균소득,0.3606403
판매액,호텔업,0.37222436
판매액,여성인구,0.33956912
판매액,출하액,0.5352742
판매액,계약액,0.56036365
판매액,가구소득,0.38087407
판매액,기업규모,0.32442102
판매액,경지면적,0.37346277
판매액,임금수준,0.31067777
판매액,경영주,0.30101982
판매액,취업자수,0.48859763
판매액,순자산,0.46645582
판매액,자산현황,0.41818574
판매액,개인대출,0.32926512
판매액,수익성,0.3065613
판매액,농가부채,0.3458563
판매액,보유대수,0.40104786
판매액,고용률,0.30156118
판매액,소비자물가지수,0.33248967
판매액,구성비,0.37999734
판매액,기타경비,0.3583463
판매액,산란계,0.32766005
총조사가구,종사자규모,0.42200285
총조사가구,통근통학인구,0.34586412
총조사가구,기업체수,0.3915919
총조사가구,어가인구,0.4616509
총조사가구,기혼여성인구,0.37398273
총조사가구,월평균가계수지,0.43680918
총조사가구,어업종사가구원,0.5548758
총조사가구,평균시간,0.36865756
총조사가구,행위자평균시간,0.48108906
총조사가구,어가수,0.362321
총조사가구,연간판매액,0.51892173
총조사가구,가구당월평균가계수지,0.46992618
총조사가구,재등록자,0.3518534
총조사가구,종사상지위,0.48812062
총조사가구,매출액규모,0.4013902
총조사가구,유형고정자산,0.44340432
총조사가구,가구당가계수지,0.41560447
총조사가구,부채잔액,0.33984676
총조사가구,어업종사자수,0.51882964
총조사가구,고령자인구,0.39737955
총조사가구,사회보험가입률,0.48495877
총조사가구,임가인구,0.4717513
총조사가구,기성액,0.5331447
총조사가구,취업여부,0.39880803
총조사가구,사교육참여율,0.41286945
총조사가구,종사기간,0.46518564
총조사가구,사업장면적,0.33787048
총조사가구,경제활동상태,0.4253634
총조사가구,농업종사가구원,0.4793091
총조사가구,마을수,0.42193204
총조사가구,통계인력,0.357338
총조사가구,어업종사기간,0.4698609
총조사가구,귀화허가자,0.5026035
총조사가구,가계재무건전성,0.52121526
총조사가구,성별어가인구,0.54485667
총조사가구,출하및연말재고액,0.57497287
총조사가구,임업종사가구원,0.4712378
총조사가구,연간급여액,0.4153636
총조사가구,주거전용가구,0.4302977
총조사가구,1인취업가구,0.4229755
총조사가구,수목수,0.46395108
총조사가구,월평균가계지출,0.47136787
총조사가구,상대표준오차,0.43682426
총조사가구,취업시간,0.40389156
총조사가구,거주가구수,0.502173
총조사가구,사육비,0.38317987
총조사가구,재혼신혼부부,0.45734915
총조사가구,운수비용,0.46692675
총조사가구,EBS교재비,0.4049821
총조사가구,보유농가,0.50866795
총조사가구,생산자본스톡,0.4439679
총조사가구,학생이외인구,0.31174493
총조사가구,직종별연간급여액,0.31462365
총조사가구,어학연수비용,0.45614567
총조사가구,출생아부모,0.40503475
총조사가구,논벼수확농가,0.57176286
총조사가구,어업경영주,0.34245205
총조사가구,법인수,0.38756925
총조사가구,연금가입자,0.39369133
총조사가구,임가수,0.35598168
총조사가구,장비대수,0.4430792
총조사가구,기혼여자,0.42074567
총조사가구,주요생산비,0.45442662
총조사가구,담보부채,0.34941143
총조사가구,고령자거주가구,0.56084085
총조사가구,건물연면적규모,0.47527924
총조사가구,산업소분류,0.33140942
총조사가구,양식장면적,0.49967188
총조사가구,산업세분류,0.5386261
총조사가구,신용부채비율,0.3997164
총조사가구,신용부채,0.4385512
총조사가구,주택소유자수,0.36181778
총조사가구,가구당월평균가계지출,0.48442912
총조사가구,순자본스톡,0.44341424
총조사가구,적립금액,0.49815825
총조사가구,무급가사노동,0.3347843
총조사가구,근로여건만족도,0.5275535
총조사가구,외국인수,0.39374906
총조사가구,투입물량,0.44011417
경지면적,인구,0.40386224
경지면적,가구,0.30233783
경지면적,농가,0.41056538
경지면적,사업체수,0.48070493
경지면적,취업자,0.32697898
경지면적,종사자수,0.5139846
경지면적,면적,0.43068156
경지면적,가구주,0.4475668
경지면적,임가,0.3546256
경지면적,일반가구,0.5248924
경지면적,농가수,0.3836573
경지면적,가구원수,0.53049594
경지면적,취업인구,0.5300753
경지면적,1인가구,0.33045197
경지면적,행정리,0.33775172
경지면적,경제활동인구,0.37079254
경지면적,농가인구,0.56688774
경지면적,주택,0.3239134
경지면적,가구원,0.43473205
경지면적,임금근로자,0.43214878
경지면적,재배면적,0.54923594
경지면적,비경제활동인구,0.35741583
경지면적,급여액,0.3915829
경지면적,저축액,0.35048142
경지면적,가구수,0.48747492
경지면적,혼인상태,0.39715526
경지면적,주요지표,0.35353613
경지면적,연간소득,0.4190286
경지면적,유업자,0.3336027
경지면적,생산액,0.44345072
경지면적,고령자인구,0.30368936
경지면적,재배농가,0.50693285
경지면적,종업원수,0.3448725
경지면적,영업비용,0.42277995
경지면적,출생아수,0.4611346
경지면적,총자산,0.31366625
경지면적,기업수,0.33160886
경지면적,단독주택,0.35657537
경지면적,수입액,0.48558477
경지면적,비임금근로자,0.36528224
경지면적,생산비,0.33567756
경지면적,아동인구,0.43644494
경지면적,시군구,0.32187927
경지면적,사망자수,0.37991232
경지면적,임차료,0.36698472
경지면적,점포수,0.4016978
경지면적,주택수,0.59556425
경지면적,월평균소득,0.45225793
경지면적,여성인구,0.5520952
경지면적,출하액,0.423304
경지면적,계약액,0.3883309
경지면적,가구소득,0.46517956
경지면적,판매액,0.37346277
경지면적,임금수준,0.354047
경지면적,취업자수,0.540021
경지면적,순자산,0.33719775
경지면적,자산현황,0.34093672
경지면적,육우,0.30185762
경지면적,농업법인,0.34752917
경지면적,농가부채,0.47354397
경지면적,객실수,0.34338766
경지면적,농기계,0.3501626
경지면적,어항시설,0.41997194
경지면적,보유대수,0.43684086
경지면적,고용률,0.33256525
경지면적,연금수급자,0.3865845
경지면적,육계,0.34050903
경지면적,구성비,0.37708652
경지면적,기타경비,0.3156383
경지면적,산란계,0.41466838
임금수준,사업체수,0.51354814
임금수준,취업자,0.44324806
임금수준,종사자수,0.52152896
임금수준,가구주,0.42948997
임금수준,일자리,0.3353072
임금수준,일반가구,0.32207975
임금수준,농가수,0.33204487
임금수준,가구원수,0.56847954
임금수준,소득,0.3706834
임금수준,취업인구,0.47398382
임금수준,고령자,0.34795067
임금수준,경제활동인구,0.46940255
임금수준,농가인구,0.40751413
임금수준,기혼여성인구,0.33419892
임금수준,가구원,0.32677153
임금수준,임금근로자,0.5499713
임금수준,재배면적,0.34356245
임금수준,부가가치,0.37090725
임금수준,비경제활동인구,0.35420692
임금수준,종사자,0.31893507
임금수준,급여액,0.42825952
임금수준,저축액,0.45526367
임금수준,가구수,0.31095254
임금수준,제조업,0.35006294
임금수준,종업원,0.36995673
임금수준,혼인상태,0.42293856
임금수준,주요지표,0.49015194
임금수준,연간소득,0.42469013
임금수준,유업자,0.30006492
임금수준,조직형태,0.45317337
임금수준,생산액,0.40391102
임금수준,고령자인구,0.32991466
임금수준,사회보험가입률,0.30870223
임금수준,인건비,0.44127163
임금수준,종업원수,0.41041976
임금수준,영업비용,0.47357643
임금수준,출생아수,0.41477713
임금수준,교육정도,0.39275014
임금수준,총자산,0.3371952
임금수준,기업수,0.32456592
임금수준,수입액,0.35481998
임금수준,비임금근로자,0.5016035
임금수준,의료서비스,0.32548943
임금수준,경력단절여성,0.32726106
임금수준,근로여건,0.5532357
임금수준,생산비,0.36470664
임금수준,아동인구,0.3565406
임금수준,경제활동상태,0.33202404
임금수준,임차료,0.38143033
임금수준,점포수,0.30067936
임금수준,주택수,0.3913357
임금수준,월평균소득,0.5143033
임금수준,호텔업,0.36577314
임금수준,여성인구,0.43310657
임금수준,출하액,0.3413978
임금수준,계약액,0.33807608
임금수준,가구소득,0.55364084
임금수준,기업규모,0.43569672
임금수준,판매액,0.31067777
임금수준,경지면적,0.354047
임금수준,경영주,0.39030087
임금수준,취업자수,0.5490527
임금수준,순자산,0.32908928
임금수준,자산현황,0.39547622
임금수준,근속기간,0.5055828
임금수준,수익성,0.34802163
임금수준,교육비,0.41689402
임금수준,연금가입자,0.36045733
임금수준,실업률,0.46695814
임금수준,농가부채,0.4048132
임금수준,가족관계,0.3037063
임금수준,보유대수,0.34299606
임금수준,고령자거주가구,0.3097158
임금수준,고용률,0.4915549
임금수준,소비자물가지수,0.3747877
임금수준,연금수급자,0.45386532
임금수준,구성비,0.4189286
임금수준,기타경비,0.37395456
임금수준,임금,0.4832246
임금수준,유연근무제,0.45486015
도소매업,사업체수,0.40393108
도소매업,종사자수,0.38370872
도소매업,일반가구,0.30541223
도소매업,농가수,0.3835213
도소매업,산업,0.33462197
도소매업,종사자,0.32228947
도소매업,제조업,0.51182765
도소매업,광업,0.3430319
도소매업,생산액,0.32188734
도소매업,종업원수,0.30237064
도소매업,수입액,0.32368973
도소매업,수출입,0.3283131
도소매업,호텔업,0.34981677
도소매업,출하액,0.3243675
월평균가계지출,행위자비율,0.30289072
월평균가계지출,종사자규모,0.44050896
월평균가계지출,통근통학인구,0.4036577
월평균가계지출,기업체수,0.4778142
월평균가계지출,어가인구,0.5471602
월평균가계지출,기혼여성인구,0.47052124
월평균가계지출,월평균가계수지,0.7414776
월평균가계지출,어업종사가구원,0.6013855
월평균가계지출,평균시간,0.37584627
월평균가계지출,행위자평균시간,0.552316
월평균가계지출,어가수,0.42146388
월평균가계지출,수확면적,0.32061812
월평균가계지출,연간판매액,0.4780827
월평균가계지출,가구당월평균가계수지,0.6170594
월평균가계지출,재등록자,0.35214427
월평균가계지출,종사상지위,0.53238994
월평균가계지출,매출액규모,0.47059903
월평균가계지출,유형고정자산,0.5048553
월평균가계지출,가구당가계수지,0.4535546
월평균가계지출,부채잔액,0.42940223
월평균가계지출,어업종사자수,0.63185483
월평균가계지출,고령자인구,0.47519597
월평균가계지출,사회보험가입률,0.53027076
월평균가계지출,이동자수,0.4009452
월평균가계지출,임가인구,0.4735214
월평균가계지출,기성액,0.5852429
월평균가계지출,자본금규모,0.35063314
월평균가계지출,취업여부,0.44934562
월평균가계지출,개인농가,0.34810594
월평균가계지출,사교육참여율,0.37198526
월평균가계지출,종사기간,0.4021238
월평균가계지출,세대구성,0.37256163
월평균가계지출,사업장면적,0.5388555
월평균가계지출,경제활동상태,0.3687208
월평균가계지출,농업종사가구원,0.5070988
월평균가계지출,경력단절여성인구,0.39440963
월평균가계지출,마을수,0.4844897
월평균가계지출,통계인력,0.36046007
월평균가계지출,어업종사기간,0.5061832
월평균가계지출,귀화허가자,0.52199316
월평균가계지출,가계재무건전성,0.5567341
월평균가계지출,성별어가인구,0.49873036
월평균가계지출,출하및연말재고액,0.5905994
월평균가계지출,임업종사가구원,0.46378872
월평균가계지출,연간급여액,0.46247727
월평균가계지출,주거전용가구,0.5313967
월평균가계지출,부인수,0.32408088
월평균가계지출,1인취업가구,0.42485806
월평균가계지출,수목수,0.41855308
월평균가계지출,총조사가구,0.47136787
월평균가계지출,다문화가구,0.30207568
월평균가계지출,상대표준오차,0.5052772
월평균가계지출,취업시간,0.46785992
월평균가계지출,거주가구수,0.5793495
월평균가계지출,사육비,0.4276061
월평균가계지출,재혼신혼부부,0.586875
월평균가계지출,운수비용,0.48654747
월평균가계지출,EBS교재비,0.36985895
월평균가계지출,보유농가,0.5224454
월평균가계지출,생산자본스톡,0.54177517
월평균가계지출,학생이외인구,0.38091558
월평균가계지출,직종별연간급여액,0.38656917
월평균가계지출,어학연수비용,0.34926
월평균가계지출,출생아부모,0.46356028
월평균가계지출,논벼수확농가,0.55745715
월평균가계지출,어업경영주,0.3917299
월평균가계지출,법인수,0.41549942
월평균가계지출,연금가입자,0.4525176
월평균가계지출,임가수,0.40898964
월평균가계지출,장비대수,0.44708642
월평균가계지출,기혼여자,0.44949603
월평균가계지출,주요생산비,0.49502757
월평균가계지출,담보부채,0.3163541
월평균가계지출,사육현황,0.30916753
월평균가계지출,고령자거주가구,0.6372635
월평균가계지출,건물연면적규모,0.5670786
월평균가계지출,산업소분류,0.35619488
월평균가계지출,양식장면적,0.6010543
월평균가계지출,어업법인,0.330355
월평균가계지출,산업세분류,0.59701324
월평균가계지출,신용부채비율,0.5149757
월평균가계지출,신용부채,0.54747266
월평균가계지출,주택소유자수,0.35163668
월평균가계지출,가구당월평균가계지출,0.74687415
월평균가계지출,순자본스톡,0.57863396
월평균가계지출,적립금액,0.50879973
월평균가계지출,무급가사노동,0.38271102
월평균가계지출,근로여건만족도,0.6224782
월평균가계지출,외국인수,0.3985673
월평균가계지출,투입물량,0.5081356
경영주,농가,0.32476813
경영주,사업체수,0.3640108
경영주,종사자수,0.32214653
경영주,가구주,0.36905938
경영주,사업체,0.38218018
경영주,가구원수,0.3710515
경영주,가구원,0.31654605
경영주,임금근로자,0.31954053
경영주,종사자,0.3215083
경영주,종업원,0.44019786
경영주,연간소득,0.34181076
경영주,조직형태,0.31371376
경영주,재배농가,0.34592932
경영주,종업원수,0.39450207
경영주,영업비용,0.357264
경영주,기업수,0.37333784
경영주,취업,0.3303637
경영주,근로여건,0.32177395
경영주,임차료,0.3845943
경영주,점포수,0.33023807
경영주,월평균소득,0.3541562
경영주,호텔업,0.38254446
경영주,기업규모,0.39263874
경영주,기업,0.39783025
경영주,판매액,0.30101982
경영주,임금수준,0.39030087
경영주,개인대출,0.36226428
경영주,농업법인,0.37174347
경영주,신생기업,0.3164193
경영주,창업,0.3279402
경영주,기혼자,0.3357352
경영주,연금수급자,0.44606128
경영주,기타경비,0.39284965
직장,성별,0.36791942
직장,주택,0.30560157
직장,자녀,0.36500508
직장,연령,0.34798482
직장,교육정도,0.31241897
직장,혼인,0.3020922
직장,직업,0.41789764
직장,취업,0.40468124
직장,기업,0.37484053
직장,가족,0.413021
직장,근속기간,0.35343474
직장,가족관계,0.30766717
직장,기혼자,0.31814343
직장,임금,0.3499847
직장,유연근무제,0.36772415
취업자수,인구,0.42781806
취업자수,가구,0.31912342
취업자수,사업체수,0.6664946
취업자수,취업자,0.61672896
취업자수,종사자수,0.6173021
취업자수,면적,0.30982137
취업자수,가구주,0.45312983
취업자수,일자리,0.31962335
취업자수,사업체,0.30546904
취업자수,일반가구,0.47072428
취업자수,농가수,0.34896207
취업자수,매출액,0.40395623
취업자수,가구원수,0.53318745
취업자수,소득,0.3710723
취업자수,취업인구,0.615197
취업자수,고령자,0.3088212
취업자수,1인가구,0.41555429
취업자수,경제활동인구,0.5675015
취업자수,농가인구,0.6235694
취업자수,가구원,0.3469609
취업자수,임금근로자,0.5681219
취업자수,재배면적,0.480086
취업자수,부가가치,0.34446883
취업자수,비경제활동인구,0.5111951
취업자수,종사자,0.32509282
취업자수,급여액,0.4396889
취업자수,저축액,0.43455246
취업자수,가구수,0.5162775
취업자수,실업자,0.38879234
취업자수,제조업,0.39844105
취업자수,광업,0.30056095
취업자수,혼인상태,0.4862397
취업자수,주요지표,0.5755915
취업자수,연간소득,0.46155876
취업자수,유업자,0.38903913
취업자수,생산액,0.6603514
취업자수,재배농가,0.3255733
취업자수,인건비,0.31950366
취업자수,종업원수,0.5159598
취업자수,영업비용,0.49093434
취업자수,출생아수,0.628146
취업자수,교육정도,0.36821562
취업자수,총자산,0.47245577
취업자수,기업수,0.46643546
취업자수,수입액,0.5835807
취업자수,비임금근로자,0.4468704
취업자수,경력단절여성,0.347573
취업자수,근로여건,0.36989045
취업자수,아동인구,0.40267137
취업자수,시군구,0.30800644
취업자수,사망자수,0.39993435
취업자수,임차료,0.36131436
취업자수,점포수,0.49060097
취업자수,주택수,0.5620043
취업자수,월평균소득,0.47859308
취업자수,호텔업,0.35043523
취업자수,여성인구,0.62143177
취업자수,출하액,0.6838594
취업자수,계약액,0.44492158
취업자수,가구소득,0.5664221
취업자수,기업규모,0.39698803
취업자수,판매액,0.48859763
취업자수,경지면적,0.540021
취업자수,임금수준,0.5490527
취업자수,순자산,0.3845317
취업자수,자산현황,0.41567996
취업자수,근속기간,0.35757095
취업자수,교육비,0.30481908
취업자수,해외건설,0.3403962
취업자수,실업률,0.5291394
취업자수,농가부채,0.48213616
취업자수,보유대수,0.51617634
취업자수,고용률,0.5347459
취업자수,소비자물가지수,0.43495116
취업자수,연금수급자,0.43739516
취업자수,육계,0.30264834
취업자수,구성비,0.57792705
취업자수,기타경비,0.33557034
취업자수,임금,0.33607623
취업자수,사교육비,0.3673583
부모,소득,0.35289997
부모,학생,0.37565014
부모,가구원,0.3572494
부모,혼인상태,0.32632983
부모,이혼,0.3414452
부모,자녀,0.557315
부모,연령,0.35785022
부모,배우자,0.340812
부모,월평균소득,0.32611075
부모,가족,0.44048846
다문화가구,기혼여성인구,0.34352094
다문화가구,유형고정자산,0.3316597
다문화가구,어업종사자수,0.3418645
다문화가구,고령자인구,0.4242745
다문화가구,재배농가,0.30400616
다문화가구,사회보험가입률,0.38333488
다문화가구,맞벌이가구,0.3954389
다문화가구,임가인구,0.31498995
다문화가구,비임금근로자,0.30436713
다문화가구,경력단절여성,0.33540174
다문화가구,경제활동상태,0.32142562
다문화가구,경력단절여성인구,0.38268375
다문화가구,귀화허가자,0.30088595
다문화가구,장애인,0.32982048
다문화가구,수목수,0.3007991
다문화가구,월평균가계지출,0.30207568
다문화가구,재혼신혼부부,0.35456532
다문화가구,운수비용,0.3325276
다문화가구,주요생산비,0.30852363
다문화가구,고령자거주가구,0.34403238
다문화가구,산업소분류,0.30761248
다문화가구,산업세분류,0.36535022
다문화가구,한육우,0.33226997
다문화가구,순자본스톡,0.31244323
다문화가구,적립금액,0.32178766
다문화가구,근로여건만족도,0.32279226
다문화가구,투입물량,0.30682588
순자산,인구,0.31157508
순자산,사업체수,0.41967294
순자산,종사자수,0.3818212
순자산,사업체,0.30604434
순자산,매출액,0.4813966
순자산,가구원수,0.41729945
순자산,소득,0.35189593
순자산,부채,0.33834732
순자산,자산,0.52450943
순자산,임금근로자,0.31888083
순자산,부가가치,0.33310455
순자산,급여액,0.34755337
순자산,저축액,0.37777755
순자산,가구수,0.33002034
순자산,종업원,0.3488979
순자산,연간소득,0.4102386
순자산,유업자,0.31042868
순자산,생산액,0.4540688
순자산,종업원수,0.44541374
순자산,영업비용,0.5079443
순자산,출생아수,0.3481147
순자산,총자산,0.6015206
순자산,기업수,0.41473967
순자산,수입액,0.48178533
순자산,수출입,0.330817
순자산,사망자수,0.35737595
순자산,임차료,0.37573272
순자산,점포수,0.4116136
순자산,월평균소득,0.35805127
순자산,호텔업,0.30674216
순자산,여성인구,0.34721458
순자산,출하액,0.4275739
순자산,계약액,0.45053747
순자산,주거전용가구,0.31412232
순자산,가구소득,0.4019422
순자산,기업규모,0.33050323
순자산,기업,0.3112252
순자산,판매액,0.46645582
순자산,경지면적,0.33719775
순자산,임금수준,0.32908928
순자산,취업자수,0.3845317
순자산,자산현황,0.3618792
순자산,자본금,0.48045903
순자산,수익성,0.3046775
순자산,교육비,0.31317493
순자산,신생기업,0.30979234
순자산,보유대수,0.33950305
순자산,연금수급자,0.30988047
순자산,구성비,0.35688895
순자산,기타경비,0.337528
상대표준오차,종사자규모,0.41014344
상대표준오차,통근통학인구,0.3595874
상대표준오차,기업체수,0.4888142
상대표준오차,어가인구,0.560635
상대표준오차,가구내구재,0.3225745
상대표준오차,기혼여성인구,0.517527
상대표준오차,월평균가계수지,0.5967161
상대표준오차,어업종사가구원,0.5782715
상대표준오차,평균시간,0.52453333
상대표준오차,행위자평균시간,0.556386
상대표준오차,어가수,0.45506328
상대표준오차,연간판매액,0.5528698
상대표준오차,가구당월평균가계수지,0.5929374
상대표준오차,재등록자,0.34590226
상대표준오차,종사상지위,0.52055097
상대표준오차,매출액규모,0.50614643
상대표준오차,유형고정자산,0.51780033
상대표준오차,가구당가계수지,0.42477748
상대표준오차,부채잔액,0.4251937
상대표준오차,어업종사자수,0.5830718
상대표준오차,고령자인구,0.45534667
상대표준오차,사회보험가입률,0.5602909
상대표준오차,이동자수,0.36777335
상대표준오차,임가인구,0.50765055
상대표준오차,기성액,0.57311875
상대표준오차,취업여부,0.46723762
상대표준오차,비임금근로자,0.383955
상대표준오차,개인농가,0.3593685
상대표준오차,사교육참여율,0.39857155
상대표준오차,종사기간,0.50119674
상대표준오차,세대구성,0.35550433
상대표준오차,사업장면적,0.5024496
상대표준오차,경제활동상태,0.5012435
상대표준오차,농업종사가구원,0.50560015
상대표준오차,경력단절여성인구,0.34171382
상대표준오차,마을수,0.47267485
상대표준오차,통계인력,0.39820716
상대표준오차,어업종사기간,0.46292976
상대표준오차,귀화허가자,0.58642983
상대표준오차,가계재무건전성,0.6249106
상대표준오차,월평균소득,0.34309188
상대표준오차,성별어가인구,0.548829
상대표준오차,출하및연말재고액,0.5674749
상대표준오차,임업종사가구원,0.44739395
상대표준오차,연간급여액,0.51201606
상대표준오차,주거전용가구,0.5042368
상대표준오차,부인수,0.33732238
상대표준오차,1인취업가구,0.48657972
상대표준오차,수목수,0.48182738
상대표준오차,총조사가구,0.43682426
상대표준오차,월평균가계지출,0.5052772
상대표준오차,취업시간,0.55033493
상대표준오차,거주가구수,0.58962584
상대표준오차,사육비,0.42895752
상대표준오차,재혼신혼부부,0.5002199
상대표준오차,운수비용,0.4877257
상대표준오차,EBS교재비,0.3790954
상대표준오차,보유농가,0.5577422
상대표준오차,생산자본스톡,0.42055404
상대표준오차,학생이외인구,0.34322226
상대표준오차,직종별연간급여액,0.3805466
상대표준오차,어학연수비용,0.39119536
상대표준오차,출생아부모,0.4642495
상대표준오차,논벼수확농가,0.66115016
상대표준오차,어업경영주,0.36140084
상대표준오차,법인수,0.48460877
상대표준오차,연금가입자,0.4592575
상대표준오차,임가수,0.3942838
상대표준오차,장비대수,0.48919618
상대표준오차,기혼여자,0.43663168
상대표준오차,주요생산비,0.579361
상대표준오차,고령자거주가구,0.6436683
상대표준오차,건물연면적규모,0.6163857
상대표준오차,양식장면적,0.62401164
상대표준오차,산업세분류,0.5677833
상대표준오차,신용부채비율,0.52561045
상대표준오차,신용부채,0.56879634
상대표준오차,주택소유자수,0.42092228
상대표준오차,가구당월평균가계지출,0.52846014
상대표준오차,순자본스톡,0.48666525
상대표준오차,적립금액,0.534624
상대표준오차,통근인구,0.30477926
상대표준오차,무급가사노동,0.3422036
상대표준오차,근로여건만족도,0.6679817
상대표준오차,외국인수,0.4258493
상대표준오차,투입물량,0.56804585
취업시간,종사자규모,0.4619147
취업시간,통근통학인구,0.44038376
취업시간,기업체수,0.4075445
취업시간,어가인구,0.5181198
취업시간,가구내구재,0.38617763
취업시간,기혼여성인구,0.49563894
취업시간,월평균가계수지,0.54532385
취업시간,어업종사가구원,0.5710664
취업시간,평균시간,0.46922162
취업시간,행위자평균시간,0.5407444
취업시간,어가수,0.37098256
취업시간,연간판매액,0.45174983
취업시간,가구당월평균가계수지,0.5826845
취업시간,재등록자,0.3156858
취업시간,종사상지위,0.4936116
취업시간,매출액규모,0.46430963
취업시간,유형고정자산,0.4988941
취업시간,가구당가계수지,0.46073598
취업시간,부채잔액,0.33414596
취업시간,어업종사자수,0.5156478
취업시간,고령자인구,0.45252582
취업시간,사회보험가입률,0.5138966
취업시간,임가인구,0.47065213
취업시간,기성액,0.4854404
취업시간,자본금규모,0.30951658
취업시간,취업여부,0.45203036
취업시간,비임금근로자,0.33365873
취업시간,개인농가,0.32163873
취업시간,사교육참여율,0.4236372
취업시간,종사기간,0.4487335
취업시간,사업장면적,0.4748395
취업시간,경제활동상태,0.47940043
취업시간,농업종사가구원,0.5071055
취업시간,경력단절여성인구,0.36553183
취업시간,마을수,0.4127546
취업시간,통계인력,0.40980688
취업시간,어업종사기간,0.46832556
취업시간,귀화허가자,0.47932878
취업시간,가계재무건전성,0.5972355
취업시간,성별어가인구,0.5396907
취업시간,출하및연말재고액,0.52163994
취업시간,임업종사가구원,0.4864168
취업시간,연간급여액,0.38260078
취업시간,주거전용가구,0.37960306
취업시간,1인취업가구,0.40060818
취업시간,수목수,0.36479595
취업시간,총조사가구,0.40389156
취업시간,월평균가계지출,0.46785992
취업시간,상대표준오차,0.55033493
취업시간,거주가구수,0.54526335
취업시간,사육비,0.3813546
취업시간,재혼신혼부부,0.5762128
취업시간,운수비용,0.5012037
취업시간,EBS교재비,0.4284507
취업시간,보유농가,0.46950442
취업시간,생산자본스톡,0.45285583
취업시간,학생이외인구,0.382383
취업시간,직종별연간급여액,0.3177672
취업시간,어학연수비용,0.43955675
취업시간,출생아부모,0.5165354
취업시간,논벼수확농가,0.59375757
취업시간,어업경영주,0.3642391
취업시간,법인수,0.35634762
취업시간,연금가입자,0.34013692
취업시간,장비대수,0.44022772
취업시간,기혼여자,0.43622667
취업시간,주요생산비,0.5368052
취업시간,고령자거주가구,0.6043498
취업시간,건물연면적규모,0.47713113
취업시간,산업소분류,0.3658502
취업시간,양식장면적,0.5134172
취업시간,산업세분류,0.52835935
취업시간,신용부채비율,0.54562026
취업시간,신용부채,0.570462
취업시간,주택소유자수,0.3549492
취업시간,가구당월평균가계지출,0.5299771
취업시간,순자본스톡,0.41900033
취업시간,적립금액,0.42755938
취업시간,통근인구,0.34677973
취업시간,무급가사노동,0.3615124
취업시간,근로여건만족도,0.53208935
취업시간,외국인수,0.39860892
취업시간,투입물량,0.58381814
거주가구수,행위자비율,0.3284019
거주가구수,농가수,0.35034946
거주가구수,종사자규모,0.45023438
거주가구수,통근통학인구,0.40001714
거주가구수,기업체수,0.47336742
거주가구수,어가인구,0.6024237
거주가구수,가구내구재,0.4020793
거주가구수,기혼여성인구,0.52747035
거주가구수,월평균가계수지,0.5737538
거주가구수,어업종사가구원,0.6572732
거주가구수,평균시간,0.47124493
거주가구수,행위자평균시간,0.5388501
거주가구수,어가수,0.45104152
거주가구수,연간판매액,0.49960262
거주가구수,가구당월평균가계수지,0.5656108
거주가구수,재등록자,0.3854379
거주가구수,종사상지위,0.58395797
거주가구수,매출액규모,0.56037194
거주가구수,유형고정자산,0.53281933
거주가구수,가구당가계수지,0.4456066
거주가구수,부채잔액,0.3415338
거주가구수,어업종사자수,0.635095
거주가구수,고령자인구,0.5058758
거주가구수,사회보험가입률,0.55741435
거주가구수,이동자수,0.36452398
거주가구수,임가인구,0.5512051
거주가구수,부채액,0.3434195
거주가구수,기성액,0.63418275
거주가구수,자본금규모,0.3969278
거주가구수,취업여부,0.49468452
거주가구수,비임금근로자,0.39355224
거주가구수,개인농가,0.33057928
거주가구수,사교육참여율,0.34443972
거주가구수,종사기간,0.48447326
거주가구수,세대구성,0.32369015
거주가구수,사업장면적,0.4971963
거주가구수,경제활동상태,0.48153996
거주가구수,농업종사가구원,0.59026873
거주가구수,경력단절여성인구,0.4141408
거주가구수,마을수,0.52527636
거주가구수,통계인력,0.46660504
거주가구수,어업종사기간,0.5023057
거주가구수,귀화허가자,0.6161994
거주가구수,가계재무건전성,0.6414238
거주가구수,월평균소득,0.3014402
거주가구수,성별어가인구,0.60117877
거주가구수,출하및연말재고액,0.60049206
거주가구수,임업종사가구원,0.5637394
거주가구수,연간급여액,0.49102643
거주가구수,주거전용가구,0.5798294
거주가구수,부인수,0.3928379
거주가구수,1인취업가구,0.5444301
거주가구수,수목수,0.48842314
거주가구수,총조사가구,0.502173
거주가구수,월평균가계지출,0.5793495
거주가구수,상대표준오차,0.58962584
거주가구수,취업시간,0.54526335
거주가구수,사육비,0.45663196
거주가구수,재혼신혼부부,0.60824776
거주가구수,운수비용,0.5704491
거주가구수,EBS교재비,0.38464642
거주가구수,보유농가,0.5702795
거주가구수,생산자본스톡,0.45697066
거주가구수,학생이외인구,0.36832938
거주가구수,직종별연간급여액,0.4454707
거주가구수,어학연수비용,0.43746072
거주가구수,출생아부모,0.5722444
거주가구수,논벼수확농가,0.64256746
거주가구수,어업경영주,0.37646216
거주가구수,법인수,0.54774415
거주가구수,연금가입자,0.47833785
거주가구수,임가수,0.39474767
거주가구수,장비대수,0.48440534
거주가구수,어업가구,0.320805
거주가구수,기혼여자,0.52985317
거주가구수,주요생산비,0.54006374
거주가구수,사육현황,0.36561725
거주가구수,고령자거주가구,0.67196244
거주가구수,건물연면적규모,0.5696392
거주가구수,양식장면적,0.60448
거주가구수,산업세분류,0.6426474
거주가구수,신용부채비율,0.5729858
거주가구수,신용부채,0.6098283
거주가구수,한육우,0.32173508
거주가구수,주택소유자수,0.41596565
거주가구수,가구당월평균가계지출,0.55802846
거주가구수,순자본스톡,0.5175355
거주가구수,적립금액,0.5308655
거주가구수,무급가사노동,0.3491879
거주가구수,근로여건만족도,0.644158
거주가구수,외국인수,0.41672388
거주가구수,투입물량,0.56776565
사육비,종사자규모,0.35253707
사육비,기업체수,0.338137
사육비,어가인구,0.49204108
사육비,기혼여성인구,0.41176617
사육비,월평균가계수지,0.44749373
사육비,어업종사가구원,0.44247356
사육비,평균시간,0.3361026
사육비,행위자평균시간,0.4719389
사육비,연간판매액,0.46293145
사육비,가구당월평균가계수지,0.43822598
사육비,종사상지위,0.356885
사육비,매출액규모,0.3488701
사육비,유형고정자산,0.5066193
사육비,가구당가계수지,0.3880354
사육비,어업종사자수,0.5107304
사육비,고령자인구,0.39836586
사육비,사회보험가입률,0.4189527
사육비,임가인구,0.42117974
사육비,부채액,0.30804205
사육비,기성액,0.5297483
사육비,취업여부,0.36748612
사육비,비임금근로자,0.32885394
사육비,종사기간,0.40594107
사육비,경제활동상태,0.35159844
사육비,농업종사가구원,0.36914086
사육비,마을수,0.3980021
사육비,어업종사기간,0.33438724
사육비,귀화허가자,0.5335996
사육비,가계재무건전성,0.49901444
사육비,성별어가인구,0.4758697
사육비,출하및연말재고액,0.50219333
사육비,임업종사가구원,0.3426909
사육비,연간급여액,0.45000577
사육비,주거전용가구,0.4089559
사육비,1인취업가구,0.3532453
사육비,수목수,0.40472275
사육비,총조사가구,0.38317987
사육비,월평균가계지출,0.4276061
사육비,상대표준오차,0.42895752
사육비,취업시간,0.3813546
사육비,거주가구수,0.45663196
사육비,재혼신혼부부,0.4322994
사육비,운수비용,0.4936224
사육비,보유농가,0.38797903
사육비,생산자본스톡,0.51112676
사육비,직종별연간급여액,0.34099546
사육비,어학연수비용,0.31209284
사육비,출생아부모,0.41490617
사육비,논벼수확농가,0.5210632
사육비,어업경영주,0.36602828
사육비,법인수,0.40497255
사육비,연금가입자,0.38225678
사육비,임가수,0.37522
사육비,장비대수,0.3629492
사육비,기혼여자,0.44250235
사육비,주요생산비,0.44726798
사육비,사육현황,0.47206694
사육비,고령자거주가구,0.5227793
사육비,건물연면적규모,0.43542567
사육비,양식장면적,0.47978315
사육비,산업세분류,0.4770604
사육비,신용부채비율,0.446917
사육비,신용부채,0.47916067
사육비,가구당월평균가계지출,0.41793567
사육비,순자본스톡,0.4116834
사육비,적립금액,0.5476323
사육비,무급가사노동,0.31557173
사육비,근로여건만족도,0.5481003
사육비,외국인수,0.409186
사육비,투입물량,0.45961365
자산현황,사업체수,0.47073272
자산현황,종사자수,0.39184222
자산현황,사업체,0.32236403
자산현황,일반가구,0.35917884
자산현황,농가수,0.42417678
자산현황,가구원수,0.4681847
자산현황,소득,0.39903203
자산현황,취업인구,0.35139892
자산현황,1인가구,0.32451376
자산현황,자산,0.317877
자산현황,농가인구,0.3529718
자산현황,주택,0.31202084
자산현황,가구원,0.37529534
자산현황,임금근로자,0.37393078
자산현황,급여액,0.34732175
자산현황,저축액,0.4284512
자산현황,가구수,0.3447611
자산현황,혼인상태,0.44430754
자산현황,주요지표,0.48947337
자산현황,연간소득,0.3850059
자산현황,생산액,0.3472117
자산현황,종업원수,0.30211586
자산현황,영업비용,0.40647677
자산현황,교육정도,0.32203874
자산현황,총자산,0.37842116
자산현황,기업수,0.46664712
자산현황,수입액,0.38269585
자산현황,시군구,0.33251378
자산현황,임차료,0.45993984
자산현황,점포수,0.4367253
자산현황,주택수,0.3801279
자산현황,월평균소득,0.39229098
자산현황,호텔업,0.38638705
자산현황,여성인구,0.35803267
자산현황,출하액,0.31319007
자산현황,계약액,0.50047475
자산현황,가구소득,0.46215644
자산현황,기업규모,0.3251629
자산현황,판매액,0.41818574
자산현황,경지면적,0.34093672
자산현황,임금수준,0.39547622
자산현황,취업자수,0.41567996
자산현황,순자산,0.3618792
자산현황,개인대출,0.45724493
자산현황,수익성,0.33794877
자산현황,교육비,0.32251891
자산현황,해외건설,0.3027707
자산현황,농가부채,0.47128913
자산현황,객실수,0.35000518
자산현황,보유대수,0.32797977
자산현황,고용률,0.3297046
자산현황,소비자물가지수,0.31778532
자산현황,연금수급자,0.4157242
자산현황,구성비,0.41067234
자산현황,기타경비,0.4687099
가족,인구,0.3289827
가족,가구,0.38175416
가족,농가,0.34563532
가족,가구주,0.31562275
가족,성별,0.33404705
가족,사업체,0.3059919
가족,소득,0.31415674
가족,학생,0.36906418
가족,자산,0.30070746
가족,산업,0.3175026
가족,주택,0.35069782
가족,가구원,0.36850595
가족,성,0.318715
가족,가구수,0.33097133
가족,이혼,0.39285287
가족,자녀,0.48454025
가족,연령,0.37610805
가족,혼인,0.35454822
가족,직업,0.31434828
가족,월평균소득,0.31004673
가족,여자,0.30073702
가족,기업,0.39089826
가족,직장,0.413021
가족,부모,0.44048846
가족,남자,0.33029118
가족,가족관계,0.36613014
근속기간,사업체수,0.35138056
근속기간,취업자,0.3674508
근속기간,종사자수,0.3374705
근속기간,가구주,0.38325468
근속기간,성별,0.4474196
근속기간,가구원수,0.43663776
근속기간,소득,0.3286544
근속기간,취업인구,0.36211565
근속기간,경제활동인구,0.41065988
근속기간,가구원,0.3024173
근속기간,임금근로자,0.43200856
근속기간,비경제활동인구,0.31337926
근속기간,혼인상태,0.4098547
근속기간,연간소득,0.34887004
근속기간,인건비,0.3475607
근속기간,종업원수,0.3486446
근속기간,연령,0.42605492
근속기간,영업비용,0.38562283
근속기간,출생아수,0.31054085
근속기간,교육정도,0.46756756
근속기간,수입액,0.34485954
근속기간,직업,0.34589297
근속기간,비임금근로자,0.30849347
근속기간,근로여건,0.38728905
근속기간,주택수,0.3391855
근속기간,월평균소득,0.46859634
근속기간,여성인구,0.34740788
근속기간,출하액,0.31353694
근속기간,가구소득,0.4527452
근속기간,기업규모,0.39370143
근속기간,임금수준,0.5055828
근속기간,직장,0.35343474
근속기간,취업자수,0.35757095
근속기간,실업률,0.3663347
근속기간,고용률,0.39778075
근속기간,연금수급자,0.30018178
근속기간,구성비,0.38675717
근속기간,임금,0.3819361
근속기간,유연근무제,0.31581557
재혼신혼부부,종사자규모,0.4260379
재혼신혼부부,통근통학인구,0.46335584
재혼신혼부부,기업체수,0.43420824
재혼신혼부부,어가인구,0.5758765
재혼신혼부부,가구내구재,0.32637915
재혼신혼부부,기혼여성인구,0.5359826
재혼신혼부부,월평균가계수지,0.5451153
재혼신혼부부,어업종사가구원,0.6728848
재혼신혼부부,평균시간,0.41238096
재혼신혼부부,신혼부부,0.35886267
재혼신혼부부,행위자평균시간,0.5873431
재혼신혼부부,어가수,0.45818064
재혼신혼부부,연간판매액,0.5149722
재혼신혼부부,가구당월평균가계수지,0.5538576
재혼신혼부부,종사상지위,0.5743169
재혼신혼부부,매출액규모,0.46962193
재혼신혼부부,유형고정자산,0.53667134
재혼신혼부부,가구당가계수지,0.4714188
재혼신혼부부,부채잔액,0.36535034
재혼신혼부부,어업종사자수,0.6436025
재혼신혼부부,고령자인구,0.5505379
재혼신혼부부,사회보험가입률,0.6411413
재혼신혼부부,임가인구,0.5033007
재혼신혼부부,기성액,0.57102084
재혼신혼부부,자본금규모,0.40932953
재혼신혼부부,취업여부,0.4691932
재혼신혼부부,비임금근로자,0.3806699
재혼신혼부부,사교육참여율,0.3557829
재혼신혼부부,종사기간,0.5071912
재혼신혼부부,세대구성,0.33616683
재혼신혼부부,사업장면적,0.5082431
재혼신혼부부,경제활동상태,0.48696837
재혼신혼부부,농업종사가구원,0.6038103
재혼신혼부부,경력단절여성인구,0.49643973
재혼신혼부부,마을수,0.48698223
재혼신혼부부,통계인력,0.3067969
재혼신혼부부,어업종사기간,0.54284114
재혼신혼부부,귀화허가자,0.5273508
재혼신혼부부,가계재무건전성,0.6257514
재혼신혼부부,성별어가인구,0.5087114
재혼신혼부부,출하및연말재고액,0.57760036
재혼신혼부부,임업종사가구원,0.5764523
재혼신혼부부,연간급여액,0.40329978
재혼신혼부부,주거전용가구,0.52282226
재혼신혼부부,부인수,0.37227523
재혼신혼부부,1인취업가구,0.40913126
재혼신혼부부,수목수,0.4619245
재혼신혼부부,총조사가구,0.45734915
재혼신혼부부,월평균가계지출,0.586875
재혼신혼부부,다문화가구,0.35456532
재혼신혼부부,상대표준오차,0.5002199
재혼신혼부부,취업시간,0.5762128
재혼신혼부부,거주가구수,0.60824776
재혼신혼부부,사육비,0.4322994
재혼신혼부부,운수비용,0.56338453
재혼신혼부부,EBS교재비,0.42658913
재혼신혼부부,보유농가,0.50487816
재혼신혼부부,생산자본스톡,0.47281772
재혼신혼부부,학생이외인구,0.3576505
재혼신혼부부,직종별연간급여액,0.3145374
재혼신혼부부,어학연수비용,0.45007178
재혼신혼부부,출생아부모,0.5725007
재혼신혼부부,논벼수확농가,0.6211132
재혼신혼부부,어업경영주,0.31358996
재혼신혼부부,법인수,0.37017024
재혼신혼부부,연금가입자,0.44996402
재혼신혼부부,임가수,0.35381705
재혼신혼부부,장비대수,0.5709487
재혼신혼부부,기혼여자,0.5038528
재혼신혼부부,주요생산비,0.5999843
재혼신혼부부,담보부채,0.33074996
재혼신혼부부,고령자거주가구,0.66299766
재혼신혼부부,건물연면적규모,0.5269263
재혼신혼부부,양식장면적,0.5554977
재혼신혼부부,산업세분류,0.59992164
재혼신혼부부,신용부채비율,0.5750505
재혼신혼부부,신용부채,0.5779405
재혼신혼부부,한육우,0.46280813
재혼신혼부부,주택소유자수,0.45290875
재혼신혼부부,가구당월평균가계지출,0.56904197
재혼신혼부부,순자본스톡,0.51345253
재혼신혼부부,적립금액,0.52284247
재혼신혼부부,통근인구,0.32671624
재혼신혼부부,무급가사노동,0.3956449
재혼신혼부부,근로여건만족도,0.62337935
재혼신혼부부,외국인수,0.41426983
재혼신혼부부,투입물량,0.56065935
자본금,사업체수,0.3817887
자본금,종사자수,0.34808403
자본금,매출액,0.46914852
자본금,가구원수,0.30651852
자본금,자산,0.32137308
자본금,급여액,0.38216016
자본금,종업원,0.44585544
자본금,조직형태,0.30027038
자본금,인건비,0.34339735
자본금,종업원수,0.50234896
자본금,영업비용,0.32893094
자본금,총자산,0.5275338
자본금,임차료,0.36640555
자본금,점포수,0.32648662
자본금,기업규모,0.37255293
자본금,순자산,0.48045903
개인대출,사업체수,0.33132067
개인대출,농가수,0.32823166
개인대출,가구원수,0.37420198
개인대출,농가인구,0.30176976
개인대출,임금근로자,0.32314873
개인대출,급여액,0.34587765
개인대출,저축액,0.400784
개인대출,주요지표,0.36380076
개인대출,연간소득,0.39194417
개인대출,영업비용,0.3082761
개인대출,기업수,0.3839763
개인대출,임차료,0.37708634
개인대출,월평균소득,0.30980885
개인대출,호텔업,0.32247382
개인대출,계약액,0.43110722
개인대출,판매액,0.32926512
개인대출,경영주,0.36226428
개인대출,자산현황,0.45724493
개인대출,농업법인,0.34108418
개인대출,농가부채,0.35067508
개인대출,연금수급자,0.4179469
개인대출,기타경비,0.34870893
운수비용,종사자규모,0.45351833
운수비용,통근통학인구,0.40159082
운수비용,기업체수,0.37912053
운수비용,어가인구,0.44623137
운수비용,기혼여성인구,0.46178156
운수비용,월평균가계수지,0.4636209
운수비용,어업종사가구원,0.6002965
운수비용,평균시간,0.32500085
운수비용,행위자평균시간,0.4391263
운수비용,어가수,0.3528616
운수비용,연간판매액,0.49023712
운수비용,가구당월평균가계수지,0.5540462
운수비용,재등록자,0.3117134
운수비용,종사상지위,0.48900336
운수비용,매출액규모,0.44125053
운수비용,유형고정자산,0.5535823
운수비용,가구당가계수지,0.42865074
운수비용,어업종사자수,0.5886867
운수비용,고령자인구,0.45926154
운수비용,사회보험가입률,0.56119394
운수비용,임가인구,0.52713764
운수비용,기성액,0.5704524
운수비용,자본금규모,0.35249606
운수비용,취업여부,0.4622488
운수비용,비임금근로자,0.40639168
운수비용,사교육참여율,0.3803024
운수비용,종사기간,0.45872736
운수비용,세대구성,0.3241847
운수비용,사업장면적,0.44032487
운수비용,경제활동상태,0.44093496
운수비용,농업종사가구원,0.5443106
운수비용,경력단절여성인구,0.39962462
운수비용,마을수,0.45954397
운수비용,통계인력,0.40886927
운수비용,어업종사기간,0.5027746
운수비용,귀화허가자,0.5107965
운수비용,가계재무건전성,0.60818285
운수비용,성별어가인구,0.55267686
운수비용,출하및연말재고액,0.5004707
운수비용,임업종사가구원,0.5193786
운수비용,연간급여액,0.39998367
운수비용,주거전용가구,0.48190698
운수비용,부인수,0.4151728
운수비용,1인취업가구,0.41893122
운수비용,수목수,0.4733517
운수비용,총조사가구,0.46692675
운수비용,월평균가계지출,0.48654747
운수비용,다문화가구,0.3325276
운수비용,상대표준오차,0.4877257
운수비용,취업시간,0.5012037
운수비용,거주가구수,0.5704491
운수비용,사육비,0.4936224
운수비용,재혼신혼부부,0.56338453
운수비용,EBS교재비,0.41225073
운수비용,보유농가,0.47334248
운수비용,생산자본스톡,0.40147454
운수비용,학생이외인구,0.39508218
운수비용,직종별연간급여액,0.39176717
운수비용,어학연수비용,0.42136353
운수비용,출생아부모,0.5087808
운수비용,논벼수확농가,0.50986713
운수비용,어업경영주,0.40751112
운수비용,법인수,0.37034938
운수비용,연금가입자,0.38628843
운수비용,임가수,0.37488687
운수비용,장비대수,0.5411457
운수비용,어업가구,0.3312547
운수비용,기혼여자,0.49090773
운수비용,주요생산비,0.49094358
운수비용,담보부채,0.40617868
운수비용,고령자거주가구,0.5868358
운수비용,건물연면적규모,0.4893136
운수비용,산업소분류,0.3697413
운수비용,양식장면적,0.54422814
운수비용,산업세분류,0.55813223
운수비용,신용부채비율,0.617678
운수비용,신용부채,0.62951773
운수비용,한육우,0.35460788
운수비용,주택소유자수,0.39446244
운수비용,가구당월평균가계지출,0.56498045
운수비용,순자본스톡,0.44617754
운수비용,적립금액,0.48774078
운수비용,무급가사노동,0.30990615
운수비용,근로여건만족도,0.581141
운수비용,외국인수,0.46041268
운수비용,투입물량,0.57840645
수익성,부가가치,0.35211042
수익성,인건비,0.30102402
수익성,영업비용,0.41334617
수익성,임차료,0.30487847
수익성,점포수,0.32141572
수익성,기업규모,0.30873054
수익성,판매액,0.3065613
수익성,임금수준,0.34802163
수익성,순자산,0.3046775
수익성,자산현황,0.33794877
수익성,인지도,0.300498
수익성,해외건설,0.3383579
EBS교재비,종사자규모,0.39758253
EBS교재비,통근통학인구,0.32488462
EBS교재비,기업체수,0.40623656
EBS교재비,어가인구,0.3708913
EBS교재비,기혼여성인구,0.38922885
EBS교재비,월평균가계수지,0.4092902
EBS교재비,어업종사가구원,0.40234554
EBS교재비,행위자평균시간,0.37861264
EBS교재비,연간판매액,0.33979502
EBS교재비,가구당월평균가계수지,0.4151032
EBS교재비,종사상지위,0.35853222
EBS교재비,유형고정자산,0.35895178
EBS교재비,가구당가계수지,0.3369246
EBS교재비,방과후학교,0.32652324
EBS교재비,어업종사자수,0.43395573
EBS교재비,고령자인구,0.3852734
EBS교재비,사회보험가입률,0.46501195
EBS교재비,임가인구,0.3806108
EBS교재비,기성액,0.34511214
EBS교재비,취업여부,0.38922924
EBS교재비,비임금근로자,0.34968814
EBS교재비,사교육참여율,0.37891287
EBS교재비,종사기간,0.47981685
EBS교재비,경제활동상태,0.3779062
EBS교재비,농업종사가구원,0.36279836
EBS교재비,경력단절여성인구,0.3589441
EBS교재비,어업종사기간,0.37165084
EBS교재비,귀화허가자,0.34304652
EBS교재비,가계재무건전성,0.5168341
EBS교재비,성별어가인구,0.45732272
EBS교재비,출하및연말재고액,0.36846006
EBS교재비,임업종사가구원,0.3287052
EBS교재비,연간급여액,0.34572276
EBS교재비,1인취업가구,0.33256844
EBS교재비,수목수,0.33871192
EBS교재비,총조사가구,0.4049821
EBS교재비,월평균가계지출,0.36985895
EBS교재비,상대표준오차,0.3790954
EBS교재비,취업시간,0.4284507
EBS교재비,거주가구수,0.38464642
EBS교재비,재혼신혼부부,0.42658913
EBS교재비,운수비용,0.41225073
EBS교재비,보유농가,0.38784748
EBS교재비,생산자본스톡,0.3504877
EBS교재비,어학연수비용,0.44190916
EBS교재비,출생아부모,0.36694482
EBS교재비,논벼수확농가,0.46178073
EBS교재비,어업경영주,0.31687716
EBS교재비,연금가입자,0.30204082
EBS교재비,장비대수,0.41600478
EBS교재비,기혼여자,0.3696778
EBS교재비,주요생산비,0.43384808
EBS교재비,고령자거주가구,0.40602252
EBS교재비,건물연면적규모,0.3542076
EBS교재비,EBS교재,0.7020916
EBS교재비,산업소분류,0.36337
EBS교재비,양식장면적,0.41167614
EBS교재비,산업세분류,0.4407724
EBS교재비,신용부채비율,0.41830388
EBS교재비,신용부채,0.43248445
EBS교재비,가구당월평균가계지출,0.38504615
EBS교재비,순자본스톡,0.38977876
EBS교재비,근로여건만족도,0.42162466
EBS교재비,외국인수,0.39817804
EBS교재비,투입물량,0.4064652
육우,농가,0.39182562
육우,임가,0.40175366
육우,소득,0.3131704
육우,농가인구,0.33689696
육우,재배면적,0.30616382
육우,연간소득,0.30206624
육우,생산액,0.3731717
육우,재배농가,0.48124555
육우,젖소,0.47453034
육우,영업비용,0.3003273
육우,기업수,0.32875213
육우,생산비,0.34268722
육우,임차료,0.3254136
육우,출하액,0.33852148
육우,계약액,0.35746107
육우,경지면적,0.30185762
육우,농업법인,0.3677492
육우,농가부채,0.3009489
육우,육계,0.43788728
육우,산란계,0.3944583
육우,임금,0.31389865
육우,돼지,0.46475926
농업법인,농가,0.35815576
농업법인,사업체수,0.3383634
농업법인,종사자수,0.31632724
농업법인,임가,0.39064103
농업법인,일반가구,0.32233036
농업법인,농가수,0.31746075
농업법인,가구원수,0.31834817
농업법인,농가인구,0.43518662
농업법인,재배농가,0.5655163
농업법인,임차료,0.30766076
농업법인,호텔업,0.30424574
농업법인,계약액,0.3304048
농업법인,경지면적,0.34752917
농업법인,경영주,0.37174347
농업법인,개인대출,0.34108418
농업법인,육우,0.3677492
농업법인,창업,0.30768853
농업법인,농가부채,0.3472157
농업법인,농기계,0.31376162
농업법인,어항시설,0.4307396
농업법인,연금수급자,0.36532184
농업법인,기타경비,0.33587292
농업법인,산란계,0.36101386
보유농가,종사자규모,0.431451
보유농가,통근통학인구,0.3675114
보유농가,기업체수,0.47116667
보유농가,어가인구,0.6047711
보유농가,가구내구재,0.33634052
보유농가,기혼여성인구,0.45723438
보유농가,월평균가계수지,0.5631242
보유농가,어업종사가구원,0.6368924
보유농가,평균시간,0.4807148
보유농가,행위자평균시간,0.56759316
보유농가,어가수,0.43692783
보유농가,연간판매액,0.55558497
보유농가,가구당월평균가계수지,0.50043744
보유농가,재등록자,0.3895745
보유농가,종사상지위,0.6055779
보유농가,매출액규모,0.54960966
보유농가,유형고정자산,0.48771173
보유농가,가구당가계수지,0.4611224
보유농가,부채잔액,0.3928181
보유농가,어업종사자수,0.6196829
보유농가,고령자인구,0.49183512
보유농가,사회보험가입률,0.6029598
보유농가,임가인구,0.5191376
보유농가,기성액,0.6284233
보유농가,자본금규모,0.40356636
보유농가,취업여부,0.39835507
보유농가,비임금근로자,0.35873115
보유농가,개인농가,0.3639784
보유농가,사교육참여율,0.33877906
보유농가,종사기간,0.36965796
보유농가,사업장면적,0.5320842
보유농가,경제활동상태,0.41822782
보유농가,농업종사가구원,0.58420444
보유농가,경력단절여성인구,0.32992986
보유농가,마을수,0.4881998
보유농가,통계인력,0.37465236
보유농가,어업종사기간,0.4706818
보유농가,귀화허가자,0.62839746
보유농가,가계재무건전성,0.6041493
보유농가,성별어가인구,0.5249537
보유농가,출하및연말재고액,0.6493603
보유농가,임업종사가구원,0.5035978
보유농가,연간급여액,0.4864053
보유농가,주거전용가구,0.4780396
보유농가,부인수,0.39961272
보유농가,1인취업가구,0.47791576
보유농가,수목수,0.46637985
보유농가,총조사가구,0.50866795
보유농가,월평균가계지출,0.5224454
보유농가,상대표준오차,0.5577422
보유농가,취업시간,0.46950442
보유농가,거주가구수,0.5702795
보유농가,사육비,0.38797903
보유농가,재혼신혼부부,0.50487816
보유농가,운수비용,0.47334248
보유농가,EBS교재비,0.38784748
보유농가,생산자본스톡,0.45148885
보유농가,학생이외인구,0.36825284
보유농가,직종별연간급여액,0.38071692
보유농가,어학연수비용,0.3193663
보유농가,출생아부모,0.56448215
보유농가,논벼수확농가,0.6127048
보유농가,어업경영주,0.3003886
보유농가,법인수,0.49855074
보유농가,연금가입자,0.41038808
보유농가,임가수,0.35566163
보유농가,장비대수,0.41215912
보유농가,기혼여자,0.42997473
보유농가,주요생산비,0.58971024
보유농가,담보부채,0.30076134
보유농가,사육현황,0.30801845
보유농가,고령자거주가구,0.6023715
보유농가,건물연면적규모,0.5411032
보유농가,산업소분류,0.4038077
보유농가,양식장면적,0.5510312
보유농가,산업세분류,0.6304844
보유농가,신용부채비율,0.49742195
보유농가,신용부채,0.5340803
보유농가,주택소유자수,0.41801345
보유농가,가구당월평균가계지출,0.46243685
보유농가,순자본스톡,0.43511936
보유농가,적립금액,0.537927
보유농가,무급가사노동,0.35561103
보유농가,근로여건만족도,0.6425136
보유농가,외국인수,0.480195
보유농가,투입물량,0.46145135
생산자본스톡,종사자규모,0.42978823
생산자본스톡,기업체수,0.37595353
생산자본스톡,어가인구,0.49725074
생산자본스톡,가구내구재,0.35856023
생산자본스톡,기혼여성인구,0.3898656
생산자본스톡,월평균가계수지,0.5530135
생산자본스톡,어업종사가구원,0.5506603
생산자본스톡,평균시간,0.3300653
생산자본스톡,행위자평균시간,0.52049917
생산자본스톡,어가수,0.4069957
생산자본스톡,연간판매액,0.4104598
생산자본스톡,가구당월평균가계수지,0.4910985
생산자본스톡,재등록자,0.31920376
생산자본스톡,종사상지위,0.44519013
생산자본스톡,매출액규모,0.453498
생산자본스톡,유형고정자산,0.4694648
생산자본스톡,가구당가계수지,0.39232248
생산자본스톡,어업종사자수,0.55685
생산자본스톡,고령자인구,0.38620514
생산자본스톡,사회보험가입률,0.46556744
생산자본스톡,임가인구,0.44609594
생산자본스톡,기성액,0.5457977
생산자본스톡,취업여부,0.39656985
생산자본스톡,종사기간,0.3676587
생산자본스톡,사업장면적,0.42062268
생산자본스톡,경제활동상태,0.40713993
생산자본스톡,농업종사가구원,0.49395603
생산자본스톡,경력단절여성인구,0.34769103
생산자본스톡,마을수,0.48960057
생산자본스톡,통계인력,0.36750105
생산자본스톡,어업종사기간,0.41571552
생산자본스톡,귀화허가자,0.48952734
생산자본스톡,가계재무건전성,0.5430124
생산자본스톡,성별어가인구,0.48439056
생산자본스톡,출하및연말재고액,0.56244224
생산자본스톡,임업종사가구원,0.45560455
생산자본스톡,연간급여액,0.40589687
생산자본스톡,주거전용가구,0.48303303
생산자본스톡,부인수,0.3151081
생산자본스톡,1인취업가구,0.44490746
생산자본스톡,수목수,0.37807664
생산자본스톡,총조사가구,0.4439679
생산자본스톡,월평균가계지출,0.54177517
생산자본스톡,상대표준오차,0.42055404
생산자본스톡,취업시간,0.45285583
생산자본스톡,거주가구수,0.45697066
생산자본스톡,사육비,0.51112676
생산자본스톡,재혼신혼부부,0.47281772
생산자본스톡,운수비용,0.40147454
생산자본스톡,EBS교재비,0.3504877
생산자본스톡,보유농가,0.45148885
생산자본스톡,학생이외인구,0.39751428
생산자본스톡,직종별연간급여액,0.3285196
생산자본스톡,어학연수비용,0.37145722
생산자본스톡,출생아부모,0.4534698
생산자본스톡,논벼수확농가,0.55930585
생산자본스톡,법인수,0.3737351
생산자본스톡,연금가입자,0.36089823
생산자본스톡,임가수,0.33814213
생산자본스톡,장비대수,0.3415172
생산자본스톡,기혼여자,0.48274723
생산자본스톡,주요생산비,0.4533256
생산자본스톡,사육현황,0.33710694
생산자본스톡,고령자거주가구,0.512901
생산자본스톡,건물연면적규모,0.45857129
생산자본스톡,산업소분류,0.32626754
생산자본스톡,양식장면적,0.52258885
생산자본스톡,산업세분류,0.57117206
생산자본스톡,신용부채비율,0.4207346
생산자본스톡,신용부채,0.4639949
생산자본스톡,가구당월평균가계지출,0.4705524
생산자본스톡,순자본스톡,0.5258879
생산자본스톡,적립금액,0.5327703
생산자본스톡,통근인구,0.30150682
생산자본스톡,무급가사노동,0.31177747
생산자본스톡,근로여건만족도,0.54678226
생산자본스톡,외국인수,0.41282302
생산자본스톡,투입물량,0.4686566
학생이외인구,종사자규모,0.30107397
학생이외인구,기업체수,0.3167455
학생이외인구,월평균가계수지,0.38384604
학생이외인구,어업종사가구원,0.4152845
학생이외인구,평균시간,0.31657815
학생이외인구,연간판매액,0.36139098
학생이외인구,가구당월평균가계수지,0.3374418
학생이외인구,종사상지위,0.33612525
학생이외인구,매출액규모,0.3258674
학생이외인구,유형고정자산,0.31210837
학생이외인구,어업종사자수,0.38306347
학생이외인구,사회보험가입률,0.36741295
학생이외인구,임가인구,0.37214994
학생이외인구,기성액,0.3388079
학생이외인구,종사기간,0.3085262
학생이외인구,사업장면적,0.40258172
학생이외인구,농업종사가구원,0.34705904
학생이외인구,통계인력,0.34130636
학생이외인구,어업종사기간,0.3189599
학생이외인구,귀화허가자,0.38196433
학생이외인구,가계재무건전성,0.37687567
학생이외인구,출하및연말재고액,0.4136483
학생이외인구,임업종사가구원,0.30230537
학생이외인구,주거전용가구,0.31015667
학생이외인구,총조사가구,0.31174493
학생이외인구,월평균가계지출,0.38091558
학생이외인구,상대표준오차,0.34322226
학생이외인구,취업시간,0.382383
학생이외인구,거주가구수,0.36832938
학생이외인구,재혼신혼부부,0.3576505
학생이외인구,운수비용,0.39508218
학생이외인구,보유농가,0.36825284
학생이외인구,생산자본스톡,0.39751428
학생이외인구,직종별연간급여액,0.31301704
학생이외인구,출생아부모,0.38977435
학생이외인구,논벼수확농가,0.45356008
학생이외인구,장비대수,0.30544534
학생이외인구,기혼여자,0.38211524
학생이외인구,주요생산비,0.3915042
학생이외인구,고령자거주가구,0.33318654
학생이외인구,건물연면적규모,0.3249865
학생이외인구,양식장면적,0.33975485
학생이외인구,산업세분류,0.3928178
학생이외인구,신용부채비율,0.40253425
학생이외인구,신용부채,0.4432216
학생이외인구,가구당월평균가계지출,0.32580733
학생이외인구,통근인구,0.30297783
학생이외인구,근로여건만족도,0.3624286
학생이외인구,투입물량,0.32354373
직종별연간급여액,농가수,0.33350143
직종별연간급여액,종사자규모,0.36680755
직종별연간급여액,기업체수,0.32238397
직종별연간급여액,어가인구,0.41117135
직종별연간급여액,기혼여성인구,0.33941
직종별연간급여액,월평균가계수지,0.3729985
직종별연간급여액,어업종사가구원,0.4263407
직종별연간급여액,평균시간,0.3101772
직종별연간급여액,행위자평균시간,0.41307664
직종별연간급여액,수확면적,0.30727988
직종별연간급여액,가구당월평균가계수지,0.33027458
직종별연간급여액,종사상지위,0.32284963
직종별연간급여액,매출액규모,0.3358387
직종별연간급여액,유형고정자산,0.38732445
직종별연간급여액,어업종사자수,0.38140818
직종별연간급여액,고령자인구,0.31695828
직종별연간급여액,사회보험가입률,0.44832107
직종별연간급여액,임가인구,0.46434185
직종별연간급여액,기성액,0.37127948
직종별연간급여액,비임금근로자,0.34409693
직종별연간급여액,종사기간,0.32362807
직종별연간급여액,사업장면적,0.3303042
직종별연간급여액,경제활동상태,0.38648188
직종별연간급여액,농업종사가구원,0.34652978
직종별연간급여액,경력단절여성인구,0.3618577
직종별연간급여액,마을수,0.32474685
직종별연간급여액,통계인력,0.32400212
직종별연간급여액,어업종사기간,0.4116232
직종별연간급여액,귀화허가자,0.469541
직종별연간급여액,가계재무건전성,0.44327074
직종별연간급여액,성별어가인구,0.36305833
직종별연간급여액,출하및연말재고액,0.45080796
직종별연간급여액,임업종사가구원,0.34133467
직종별연간급여액,연간급여액,0.6106856
직종별연간급여액,주거전용가구,0.3387378
직종별연간급여액,1인취업가구,0.36378285
직종별연간급여액,총조사가구,0.31462365
직종별연간급여액,월평균가계지출,0.38656917
직종별연간급여액,상대표준오차,0.3805466
직종별연간급여액,취업시간,0.3177672
직종별연간급여액,거주가구수,0.4454707
직종별연간급여액,사육비,0.34099546
직종별연간급여액,재혼신혼부부,0.3145374
직종별연간급여액,운수비용,0.39176717
직종별연간급여액,보유농가,0.38071692
직종별연간급여액,생산자본스톡,0.3285196
직종별연간급여액,학생이외인구,0.31301704
직종별연간급여액,어학연수비용,0.32761076
직종별연간급여액,출생아부모,0.33782575
직종별연간급여액,논벼수확농가,0.44071743
직종별연간급여액,법인수,0.44645628
직종별연간급여액,장비대수,0.30064657
직종별연간급여액,기혼여자,0.40035945
직종별연간급여액,주요생산비,0.3332821
직종별연간급여액,고령자거주가구,0.3886319
직종별연간급여액,건물연면적규모,0.40505892
직종별연간급여액,산업소분류,0.30274767
직종별연간급여액,양식장면적,0.44185603
직종별연간급여액,산업세분류,0.4446556
직종별연간급여액,신용부채비율,0.32608837
직종별연간급여액,신용부채,0.36781487
직종별연간급여액,주택소유자수,0.30993634
직종별연간급여액,가구당월평균가계지출,0.3287273
직종별연간급여액,순자본스톡,0.3548607
직종별연간급여액,적립금액,0.3950188
직종별연간급여액,무급가사노동,0.3124294
직종별연간급여액,근로여건만족도,0.47201332
직종별연간급여액,외국인수,0.38466227
직종별연간급여액,투입물량,0.3036313
어학연수비용,종사자규모,0.38828343
어학연수비용,통근통학인구,0.43073398
어학연수비용,기혼여성인구,0.33357364
어학연수비용,월평균가계수지,0.35096928
어학연수비용,어업종사가구원,0.44740462
어학연수비용,행위자평균시간,0.44923666
어학연수비용,가구당월평균가계수지,0.35701698
어학연수비용,재등록자,0.3154061
어학연수비용,종사상지위,0.34699464
어학연수비용,매출액규모,0.35849822
어학연수비용,유형고정자산,0.41308
어학연수비용,어업종사자수,0.4015283
어학연수비용,사회보험가입률,0.43176365
어학연수비용,임가인구,0.37776288
어학연수비용,기성액,0.3726123
어학연수비용,취업여부,0.35680765
어학연수비용,어학연수,0.611402
어학연수비용,사교육참여율,0.34029612
어학연수비용,종사기간,0.3969301
어학연수비용,사업장면적,0.3297011
어학연수비용,경제활동상태,0.39580947
어학연수비용,농업종사가구원,0.4250867
어학연수비용,경력단절여성인구,0.33566216
어학연수비용,통계인력,0.3215908
어학연수비용,어업종사기간,0.36268213
어학연수비용,귀화허가자,0.33186224
어학연수비용,가계재무건전성,0.43210608
어학연수비용,성별어가인구,0.43256956
어학연수비용,출하및연말재고액,0.3787282
어학연수비용,임업종사가구원,0.41949263
어학연수비용,연간급여액,0.35545954
어학연수비용,주거전용가구,0.37699947
어학연수비용,1인취업가구,0.31684476
어학연수비용,수목수,0.35124683
어학연수비용,총조사가구,0.45614567
어학연수비용,월평균가계지출,0.34926
어학연수비용,상대표준오차,0.39119536
어학연수비용,취업시간,0.43955675
어학연수비용,거주가구수,0.43746072
어학연수비용,사육비,0.31209284
어학연수비용,재혼신혼부부,0.45007178
어학연수비용,운수비용,0.42136353
어학연수비용,EBS교재비,0.44190916
어학연수비용,보유농가,0.3193663
어학연수비용,생산자본스톡,0.37145722
어학연수비용,직종별연간급여액,0.32761076
어학연수비용,출생아부모,0.36633876
어학연수비용,논벼수확농가,0.4614104
어학연수비용,연금가입자,0.33532226
어학연수비용,장비대수,0.36475992
어학연수비용,기혼여자,0.4194127
어학연수비용,주요생산비,0.39864916
어학연수비용,고령자거주가구,0.4113673
어학연수비용,건물연면적규모,0.37810838
어학연수비용,EBS교재,0.3433672
어학연수비용,산업소분류,0.3522997
어학연수비용,양식장면적,0.39866903
어학연수비용,산업세분류,0.43323553
어학연수비용,신용부채비율,0.36881188
어학연수비용,신용부채,0.39036685
어학연수비용,가구당월평균가계지출,0.35009208
어학연수비용,순자본스톡,0.3179075
어학연수비용,적립금액,0.3793404
어학연수비용,근로여건만족도,0.3811768
어학연수비용,외국인수,0.30310696
어학연수비용,투입물량,0.4095415
교육비,가구주,0.3008279
교육비,가구원수,0.41959095
교육비,소득,0.38485786
교육비,가구원,0.3268002
교육비,임금근로자,0.36168823
교육비,급여액,0.38962305
교육비,저축액,0.31731072
교육비,실업자,0.35416558
교육비,연간소득,0.37804502
교육비,방과후학교,0.33458677
교육비,인건비,0.49014974
교육비,자녀,0.42957693
교육비,영업비용,0.3869478
교육비,교육정도,0.33103812
교육비,경력단절여성,0.3686253
교육비,어학연수,0.367529
교육비,근로여건,0.3227299
교육비,임차료,0.49774325
교육비,월평균소득,0.42581356
교육비,가구소득,0.48264244
교육비,임금수준,0.41689402
교육비,취업자수,0.30481908
교육비,순자산,0.31317493
교육비,자산현황,0.32251891
교육비,실업률,0.31708646
교육비,농가부채,0.33259216
교육비,고용률,0.3059722
교육비,주택소유자수,0.30858317
교육비,연금수급자,0.3697988
교육비,기타경비,0.41481
교육비,사교육비,0.5221732
출생아부모,종사자규모,0.34937996
출생아부모,통근통학인구,0.33094114
출생아부모,기업체수,0.44408688
출생아부모,어가인구,0.52275115
출생아부모,가구내구재,0.37836224
출생아부모,기혼여성인구,0.5274505
출생아부모,월평균가계수지,0.52196085
출생아부모,어업종사가구원,0.5620494
출생아부모,평균시간,0.34614804
출생아부모,행위자평균시간,0.4264089
출생아부모,어가수,0.43874943
출생아부모,연간판매액,0.51606506
출생아부모,가구당월평균가계수지,0.48908013
출생아부모,종사상지위,0.5372131
출생아부모,매출액규모,0.49885818
출생아부모,유형고정자산,0.4247575
출생아부모,가구당가계수지,0.3765104
출생아부모,부채잔액,0.3143791
출생아부모,어업종사자수,0.62277305
출생아부모,고령자인구,0.49825686
출생아부모,사회보험가입률,0.5382593
출생아부모,임가인구,0.43186963
출생아부모,기성액,0.51256925
출생아부모,자본금규모,0.4051832
출생아부모,취업여부,0.37642068
출생아부모,비임금근로자,0.35270488
출생아부모,개인농가,0.31532896
출생아부모,사교육참여율,0.3260103
출생아부모,종사기간,0.35347423
출생아부모,사업장면적,0.4969607
출생아부모,경제활동상태,0.39913097
출생아부모,농업종사가구원,0.48572087
출생아부모,경력단절여성인구,0.46793246
출생아부모,마을수,0.4598525
출생아부모,통계인력,0.3745979
출생아부모,어업종사기간,0.4598281
출생아부모,귀화허가자,0.54827744
출생아부모,가계재무건전성,0.59401464
출생아부모,성별어가인구,0.41514713
출생아부모,출하및연말재고액,0.5191366
출생아부모,임업종사가구원,0.4414255
출생아부모,연간급여액,0.43329036
출생아부모,주거전용가구,0.450419
출생아부모,부인수,0.4159565
출생아부모,1인취업가구,0.45128697
출생아부모,수목수,0.3977126
출생아부모,총조사가구,0.40503475
출생아부모,월평균가계지출,0.46356028
출생아부모,상대표준오차,0.4642495
출생아부모,취업시간,0.5165354
출생아부모,거주가구수,0.5722444
출생아부모,사육비,0.41490617
출생아부모,재혼신혼부부,0.5725007
출생아부모,운수비용,0.5087808
출생아부모,EBS교재비,0.36694482
출생아부모,보유농가,0.56448215
출생아부모,생산자본스톡,0.4534698
출생아부모,학생이외인구,0.38977435
출생아부모,직종별연간급여액,0.33782575
출생아부모,어학연수비용,0.36633876
출생아부모,논벼수확농가,0.5317796
출생아부모,법인수,0.39992946
출생아부모,연금가입자,0.38903126
출생아부모,임가수,0.30347747
출생아부모,장비대수,0.4355901
출생아부모,기혼여자,0.44456023
출생아부모,주요생산비,0.49366474
출생아부모,고령자거주가구,0.55169207
출생아부모,건물연면적규모,0.48520708
출생아부모,양식장면적,0.50400704
출생아부모,산업세분류,0.558534
출생아부모,신용부채비율,0.55296797
출생아부모,신용부채,0.59036916
출생아부모,주택소유자수,0.41297692
출생아부모,가구당월평균가계지출,0.4433874
출생아부모,순자본스톡,0.3736648
출생아부모,적립금액,0.43506166
출생아부모,무급가사노동,0.30554342
출생아부모,근로여건만족도,0.5742357
출생아부모,외국인수,0.37234074
출생아부모,투입물량,0.46901032
신생기업,사업체,0.31363755
신생기업,총자산,0.33123025
신생기업,경력단절여성,0.31879935
신생기업,기업,0.45087516
신생기업,경영주,0.3164193
신생기업,순자산,0.30979234
신생기업,창업,0.36127016
신생기업,해외건설,0.3280506
논벼수확농가,종사자규모,0.53968215
논벼수확농가,통근통학인구,0.37071127
논벼수확농가,기업체수,0.5647262
논벼수확농가,어가인구,0.6349108
논벼수확농가,가구내구재,0.33616966
논벼수확농가,기혼여성인구,0.53723866
논벼수확농가,월평균가계수지,0.65670437
논벼수확농가,어업종사가구원,0.69579303
논벼수확농가,평균시간,0.5728435
논벼수확농가,행위자평균시간,0.62612313
논벼수확농가,어가수,0.5159307
논벼수확농가,연간판매액,0.54542714
논벼수확농가,가구당월평균가계수지,0.60390604
논벼수확농가,재등록자,0.41541296
논벼수확농가,종사상지위,0.6544434
논벼수확농가,매출액규모,0.5805085
논벼수확농가,유형고정자산,0.5932168
논벼수확농가,가구당가계수지,0.44696692
논벼수확농가,부채잔액,0.35032368
논벼수확농가,어업종사자수,0.6255583
논벼수확농가,고령자인구,0.5870368
논벼수확농가,사회보험가입률,0.5931094
논벼수확농가,이동자수,0.3484089
논벼수확농가,임가인구,0.6355822
논벼수확농가,기성액,0.6706107
논벼수확농가,자본금규모,0.39910346
논벼수확농가,취업여부,0.5100743
논벼수확농가,비임금근로자,0.35127693
논벼수확농가,사교육참여율,0.40633634
논벼수확농가,종사기간,0.5847089
논벼수확농가,세대구성,0.39110973
논벼수확농가,사업장면적,0.47376528
논벼수확농가,경제활동상태,0.48730803
논벼수확농가,농업종사가구원,0.64944386
논벼수확농가,경력단절여성인구,0.4154721
논벼수확농가,마을수,0.56435895
논벼수확농가,통계인력,0.43706268
논벼수확농가,어업종사기간,0.56782526
논벼수확농가,귀화허가자,0.6634661
논벼수확농가,가계재무건전성,0.6234072
논벼수확농가,성별어가인구,0.6000986
논벼수확농가,출하및연말재고액,0.71659064
논벼수확농가,임업종사가구원,0.5932464
논벼수확농가,연간급여액,0.58952904
논벼수확농가,주거전용가구,0.5905323
논벼수확농가,부인수,0.3364248
논벼수확농가,1인취업가구,0.52022994
논벼수확농가,수목수,0.5345524
논벼수확농가,총조사가구,0.57176286
논벼수확농가,월평균가계지출,0.55745715
논벼수확농가,상대표준오차,0.66115016
논벼수확농가,취업시간,0.59375757
논벼수확농가,거주가구수,0.64256746
논벼수확농가,사육비,0.5210632
논벼수확농가,재혼신혼부부,0.6211132
논벼수확농가,운수비용,0.50986713
논벼수확농가,EBS교재비,0.46178073
논벼수확농가,보유농가,0.6127048
논벼수확농가,생산자본스톡,0.55930585
논벼수확농가,학생이외인구,0.45356008
논벼수확농가,직종별연간급여액,0.44071743
논벼수확농가,어학연수비용,0.4614104
논벼수확농가,출생아부모,0.5317796
논벼수확농가,어업경영주,0.33426684
논벼수확농가,법인수,0.5346617
논벼수확농가,연금가입자,0.51230377
논벼수확농가,임가수,0.42650422
논벼수확농가,장비대수,0.49485755
논벼수확농가,기혼여자,0.56433076
논벼수확농가,주요생산비,0.57058775
논벼수확농가,담보부채,0.34100518
논벼수확농가,사육현황,0.338415
논벼수확농가,고령자거주가구,0.6716366
논벼수확농가,건물연면적규모,0.6129059
논벼수확농가,산업소분류,0.40778553
논벼수확농가,양식장면적,0.68758726
논벼수확농가,산업세분류,0.6737893
논벼수확농가,신용부채비율,0.5192285
논벼수확농가,신용부채,0.55498475
논벼수확농가,한육우,0.32825434
논벼수확농가,주택소유자수,0.4046918
논벼수확농가,가구당월평균가계지출,0.5306004
논벼수확농가,순자본스톡,0.59765136
논벼수확농가,적립금액,0.6037747
논벼수확농가,통근인구,0.3252056
논벼수확농가,무급가사노동,0.3623843
논벼수확농가,근로여건만족도,0.6948264
논벼수확농가,외국인수,0.52358127
논벼수확농가,투입물량,0.54363245
판매농가,농가수,0.3160532
어업경영주,농가수,0.35853916
어업경영주,종사자규모,0.3216031
어업경영주,어가인구,0.32732823
어업경영주,월평균가계수지,0.40445223
어업경영주,어업종사가구원,0.38973987
어업경영주,연간판매액,0.35759315
어업경영주,가구당월평균가계수지,0.46197313
어업경영주,종사상지위,0.3114445
어업경영주,유형고정자산,0.30783182
어업경영주,가구당가계수지,0.31041583
어업경영주,어업종사자수,0.39346555
어업경영주,고령자인구,0.3475553
어업경영주,사회보험가입률,0.32394442
어업경영주,기성액,0.3302003
어업경영주,사교육참여율,0.30383837
어업경영주,종사기간,0.34480566
어업경영주,사업장면적,0.3062802
어업경영주,경제활동상태,0.30836922
어업경영주,농업종사가구원,0.31168687
어업경영주,통계인력,0.38042948
어업경영주,어업종사기간,0.34187534
어업경영주,귀화허가자,0.33036092
어업경영주,가계재무건전성,0.4258694
어업경영주,성별어가인구,0.4312866
어업경영주,출하및연말재고액,0.4103125
어업경영주,임업종사가구원,0.30878687
어업경영주,연간급여액,0.34436452
어업경영주,주거전용가구,0.32138926
어업경영주,총조사가구,0.34245205
어업경영주,월평균가계지출,0.3917299
어업경영주,상대표준오차,0.36140084
어업경영주,취업시간,0.3642391
어업경영주,거주가구수,0.37646216
어업경영주,사육비,0.36602828
어업경영주,재혼신혼부부,0.31358996
어업경영주,운수비용,0.40751112
어업경영주,EBS교재비,0.31687716
어업경영주,보유농가,0.3003886
어업경영주,논벼수확농가,0.33426684
어업경영주,장비대수,0.38780892
어업경영주,주요생산비,0.31509668
어업경영주,사육현황,0.33505687
어업경영주,고령자거주가구,0.4526724
어업경영주,건물연면적규모,0.37002835
어업경영주,양식장면적,0.37318456
어업경영주,산업세분류,0.36112508
어업경영주,신용부채비율,0.43099952
어업경영주,신용부채,0.4553216
어업경영주,가구당월평균가계지출,0.4509829
어업경영주,순자본스톡,0.31946582
어업경영주,적립금액,0.30223423
어업경영주,근로여건만족도,0.41121292
어업경영주,외국인수,0.32004973
어업경영주,투입물량,0.3445177
남자,가구,0.32394338
남자,가구주,0.3162443
남자,성별,0.40927687
남자,학생,0.34306324
남자,유업자,0.37533072
남자,연령,0.35612342
남자,여자,0.88011014
남자,기업,0.3109612
남자,가족,0.33029118
남자,기혼자,0.34281152
법인수,사업체수,0.38457376
법인수,행위자비율,0.34028938
법인수,농가수,0.47584465
법인수,종사자규모,0.30229628
법인수,기업체수,0.35151216
법인수,어가인구,0.50884664
법인수,가구내구재,0.3390304
법인수,기혼여성인구,0.3126257
법인수,월평균가계수지,0.47525483
법인수,어업종사가구원,0.4825369
법인수,재배면적,0.3445306
법인수,평균시간,0.43917462
법인수,행위자평균시간,0.5373355
법인수,어가수,0.4113633
법인수,연간판매액,0.43147773
법인수,가구당월평균가계수지,0.3701594
법인수,재등록자,0.33113375
법인수,종사상지위,0.45255375
법인수,매출액규모,0.42296743
법인수,유형고정자산,0.41643822
법인수,가구당가계수지,0.3703797
법인수,부채잔액,0.39674667
법인수,어업종사자수,0.46425584
법인수,고령자인구,0.44843435
법인수,사회보험가입률,0.4137633
법인수,이동자수,0.40144297
법인수,임가인구,0.386824
법인수,기성액,0.52780575
법인수,자본금규모,0.3447885
법인수,취업여부,0.34579155
법인수,개인농가,0.4065829
법인수,사교육참여율,0.35777786
법인수,종사기간,0.33006102
법인수,사업장면적,0.37335002
법인수,농업종사가구원,0.40886757
법인수,마을수,0.40195388
법인수,통계인력,0.38429165
법인수,어업종사기간,0.44303992
법인수,귀화허가자,0.5241215
법인수,가계재무건전성,0.4352675
법인수,월평균소득,0.3146767
법인수,성별어가인구,0.39325553
법인수,출하및연말재고액,0.5269201
법인수,임업종사가구원,0.36990714
법인수,연간급여액,0.51422685
법인수,주거전용가구,0.44588828
법인수,1인취업가구,0.4327681
법인수,수목수,0.33283398
법인수,총조사가구,0.38756925
법인수,월평균가계지출,0.41549942
법인수,상대표준오차,0.48460877
법인수,취업시간,0.35634762
법인수,거주가구수,0.54774415
법인수,사육비,0.40497255
법인수,재혼신혼부부,0.37017024
법인수,운수비용,0.37034938
법인수,보유농가,0.49855074
법인수,생산자본스톡,0.3737351
법인수,직종별연간급여액,0.44645628
법인수,출생아부모,0.39992946
법인수,논벼수확농가,0.5346617
법인수,연금가입자,0.3790774
법인수,임가수,0.37154728
법인수,장비대수,0.30525362
법인수,기혼여자,0.3944951
법인수,객실수,0.3643515
법인수,주요생산비,0.36055425
법인수,사육현황,0.3208739
법인수,고령자거주가구,0.5437133
법인수,건물연면적규모,0.43065968
법인수,양식장면적,0.47631443
법인수,산업세분류,0.5000356
법인수,신용부채비율,0.35771278
법인수,신용부채,0.37439662
법인수,한육우,0.34046796
법인수,주택소유자수,0.31378084
법인수,가구당월평균가계지출,0.3198291
법인수,순자본스톡,0.3517529
법인수,적립금액,0.4759272
법인수,통근인구,0.31131938
법인수,근로여건만족도,0.6259883
법인수,투입물량,0.37839833
인지도,수익성,0.300498
창업,가구,0.37345526
창업,사업체수,0.32487553
창업,일자리,0.31570157
창업,사업체,0.32765773
창업,학생,0.3283686
창업,산업,0.35141876
창업,이혼,0.36611733
창업,경력단절여성,0.31548026
창업,취업,0.51443875
창업,호텔업,0.30091307
창업,기업,0.43540636
창업,경영주,0.3279402
창업,농업법인,0.30768853
창업,신생기업,0.36127016
연금가입자,종사자수,0.30087188
연금가입자,가구원수,0.33195132
연금가입자,종사자규모,0.36363336
연금가입자,통근통학인구,0.332401
연금가입자,기업체수,0.36364076
연금가입자,어가인구,0.48802942
연금가입자,기혼여성인구,0.4657269
연금가입자,월평균가계수지,0.51927984
연금가입자,어업종사가구원,0.5069732
연금가입자,평균시간,0.39896056
연금가입자,행위자평균시간,0.42873654
연금가입자,어가수,0.381022
연금가입자,급여액,0.33515948
연금가입자,연간판매액,0.4060093
연금가입자,가구당월평균가계수지,0.4769828
연금가입자,종사상지위,0.47560814
연금가입자,매출액규모,0.45059755
연금가입자,유형고정자산,0.4596358
연금가입자,가구당가계수지,0.40553135
연금가입자,어업종사자수,0.54878074
연금가입자,고령자인구,0.49143386
연금가입자,사회보험가입률,0.48440567
연금가입자,임가인구,0.4062161
연금가입자,기성액,0.5599311
연금가입자,자본금규모,0.32734498
연금가입자,취업여부,0.36922434
연금가입자,비임금근로자,0.33708867
연금가입자,종사기간,0.4716964
연금가입자,세대구성,0.44023946
연금가입자,사업장면적,0.38308504
연금가입자,경제활동상태,0.38158235
연금가입자,농업종사가구원,0.46977815
연금가입자,경력단절여성인구,0.3972557
연금가입자,마을수,0.42194825
연금가입자,임차료,0.3082229
연금가입자,어업종사기간,0.4465075
연금가입자,귀화허가자,0.455687
연금가입자,가계재무건전성,0.5324628
연금가입자,월평균소득,0.42615482
연금가입자,성별어가인구,0.45524713
연금가입자,출하및연말재고액,0.44672573
연금가입자,임업종사가구원,0.3696387
연금가입자,연간급여액,0.3982556
연금가입자,주거전용가구,0.4861499
연금가입자,가구소득,0.30179518
연금가입자,1인취업가구,0.3417835
연금가입자,수목수,0.37659994
연금가입자,총조사가구,0.39369133
연금가입자,임금수준,0.36045733
연금가입자,월평균가계지출,0.4525176
연금가입자,상대표준오차,0.4592575
연금가입자,취업시간,0.34013692
연금가입자,거주가구수,0.47833785
연금가입자,사육비,0.38225678
연금가입자,재혼신혼부부,0.44996402
연금가입자,운수비용,0.38628843
연금가입자,EBS교재비,0.30204082
연금가입자,보유농가,0.41038808
연금가입자,생산자본스톡,0.36089823
연금가입자,어학연수비용,0.33532226
연금가입자,출생아부모,0.38903126
연금가입자,논벼수확농가,0.51230377
연금가입자,법인수,0.3790774
연금가입자,임가수,0.3008704
연금가입자,장비대수,0.33276853
연금가입자,기혼여자,0.40427187
연금가입자,주요생산비,0.47327906
연금가입자,고령자거주가구,0.54263216
연금가입자,건물연면적규모,0.44501245
연금가입자,양식장면적,0.44469303
연금가입자,산업세분류,0.4995754
연금가입자,신용부채비율,0.40159252
연금가입자,신용부채,0.43084708
연금가입자,주택소유자수,0.45331424
연금가입자,가구당월평균가계지출,0.4258358
연금가입자,순자본스톡,0.4195769
연금가입자,적립금액,0.4526283
연금가입자,근로여건만족도,0.5642291
연금가입자,외국인수,0.3771779
연금가입자,투입물량,0.40763897
임가수,어가인구,0.44499823
임가수,월평균가계수지,0.42969415
임가수,어업종사가구원,0.3635105
임가수,평균시간,0.34998414
임가수,행위자평균시간,0.41740772
임가수,연간판매액,0.42905784
임가수,가구당월평균가계수지,0.37207696
임가수,종사상지위,0.3789994
임가수,매출액규모,0.33500805
임가수,유형고정자산,0.36095327
임가수,가구당가계수지,0.35531572
임가수,어업종사자수,0.43074065
임가수,이동자수,0.30861834
임가수,임가인구,0.35269773
임가수,기성액,0.44622025
임가수,취업여부,0.31694818
임가수,사교육참여율,0.349004
임가수,종사기간,0.30478287
임가수,사업장면적,0.30910766
임가수,농업종사가구원,0.308394
임가수,마을수,0.45165548
임가수,귀화허가자,0.3918397
임가수,가계재무건전성,0.40753296
임가수,성별어가인구,0.4211571
임가수,출하및연말재고액,0.45259497
임가수,주거전용가구,0.44611242
임가수,1인취업가구,0.38419122
임가수,수목수,0.39331305
임가수,총조사가구,0.35598168
임가수,월평균가계지출,0.40898964
임가수,상대표준오차,0.3942838
임가수,거주가구수,0.39474767
임가수,사육비,0.37522
임가수,재혼신혼부부,0.35381705
임가수,운수비용,0.37488687
임가수,보유농가,0.35566163
임가수,생산자본스톡,0.33814213
임가수,출생아부모,0.30347747
임가수,논벼수확농가,0.42650422
임가수,법인수,0.37154728
임가수,연금가입자,0.3008704
임가수,장비대수,0.3359689
임가수,기혼여자,0.31986558
임가수,주요생산비,0.3652845
임가수,사육현황,0.3364577
임가수,고령자거주가구,0.45022413
임가수,건물연면적규모,0.4267694
임가수,양식장면적,0.44122663
임가수,산업세분류,0.4458263
임가수,신용부채비율,0.3793802
임가수,신용부채,0.37060708
임가수,가구당월평균가계지출,0.348492
임가수,순자본스톡,0.31366283
임가수,적립금액,0.38249356
임가수,근로여건만족도,0.5070489
임가수,외국인수,0.3246964
임가수,투입물량,0.40412724
해외건설,사업체수,0.35258386
해외건설,종사자수,0.34600997
해외건설,임금근로자,0.313031
해외건설,부가가치,0.30908892
해외건설,제조업,0.32017514
해외건설,주요지표,0.36007556
해외건설,생산액,0.34419823
해외건설,재배농가,0.30311105
해외건설,비임금근로자,0.31944838
해외건설,수출입,0.33536798
해외건설,경력단절여성,0.34131283
해외건설,출하액,0.30084395
해외건설,계약액,0.34774157
해외건설,취업자수,0.3403962
해외건설,자산현황,0.3027707
해외건설,수익성,0.3383579
해외건설,신생기업,0.3280506
해외건설,농가부채,0.309531
해외건설,농기계,0.33362615
해외건설,보유대수,0.32211855
실업률,인구,0.33919835
실업률,사업체수,0.34301156
실업률,취업자,0.47547695
실업률,종사자수,0.31909
실업률,일자리,0.45019776
실업률,소득,0.3977897
실업률,취업인구,0.3822243
실업률,경제활동인구,0.456415
실업률,농가인구,0.32143113
실업률,임금근로자,0.43765843
실업률,재배면적,0.3388444
실업률,이민자,0.33999732
실업률,비경제활동인구,0.41043124
실업률,저축액,0.3266023
실업률,실업자,0.50462705
실업률,혼인상태,0.34926316
실업률,주요지표,0.36419544
실업률,유업자,0.31851968
실업률,생산액,0.31027642
실업률,영업비용,0.322801
실업률,출생아수,0.45340222
실업률,수입액,0.3141102
실업률,비임금근로자,0.3447499
실업률,경력단절여성,0.31111962
실업률,근로여건,0.32941803
실업률,사망자수,0.3382877
실업률,여성인구,0.37130848
실업률,출하액,0.31177542
실업률,가구소득,0.44222242
실업률,임금수준,0.46695814
실업률,취업자수,0.5291394
실업률,근속기간,0.3663347
실업률,교육비,0.31708646
실업률,농가부채,0.4054279
실업률,고용률,0.5232146
실업률,소비자물가지수,0.35405463
실업률,임금,0.33098042
실업률,사교육비,0.36647958
총농가,농가수,0.30983776
총농가,유형고정자산,0.33903876
장비대수,종사자규모,0.3553361
장비대수,통근통학인구,0.31853133
장비대수,기업체수,0.3558209
장비대수,어가인구,0.4201778
장비대수,기혼여성인구,0.4091936
장비대수,월평균가계수지,0.3905205
장비대수,어업종사가구원,0.5342381
장비대수,행위자평균시간,0.42480415
장비대수,연간판매액,0.39405814
장비대수,가구당월평균가계수지,0.46373904
장비대수,종사상지위,0.4169539
장비대수,매출액규모,0.3812252
장비대수,유형고정자산,0.3779113
장비대수,어업종사자수,0.5165863
장비대수,고령자인구,0.3796622
장비대수,사회보험가입률,0.44198337
장비대수,임가인구,0.45633087
장비대수,기성액,0.3975946
장비대수,취업여부,0.43112752
장비대수,비임금근로자,0.3138496
장비대수,사교육참여율,0.4190792
장비대수,종사기간,0.50500643
장비대수,사업장면적,0.36761376
장비대수,경제활동상태,0.38228798
장비대수,농업종사가구원,0.44406688
장비대수,경력단절여성인구,0.40394545
장비대수,마을수,0.35765937
장비대수,어업종사기간,0.47832277
장비대수,귀화허가자,0.45069668
장비대수,가계재무건전성,0.531523
장비대수,성별어가인구,0.4802725
장비대수,출하및연말재고액,0.48318148
장비대수,임업종사가구원,0.4436899
장비대수,연간급여액,0.39283586
장비대수,주거전용가구,0.3723554
장비대수,1인취업가구,0.3859285
장비대수,수목수,0.41659513
장비대수,총조사가구,0.4430792
장비대수,월평균가계지출,0.44708642
장비대수,상대표준오차,0.48919618
장비대수,취업시간,0.44022772
장비대수,거주가구수,0.48440534
장비대수,사육비,0.3629492
장비대수,재혼신혼부부,0.5709487
장비대수,운수비용,0.5411457
장비대수,EBS교재비,0.41600478
장비대수,보유농가,0.41215912
장비대수,생산자본스톡,0.3415172
장비대수,학생이외인구,0.30544534
장비대수,직종별연간급여액,0.30064657
장비대수,어학연수비용,0.36475992
장비대수,출생아부모,0.4355901
장비대수,논벼수확농가,0.49485755
장비대수,어업경영주,0.38780892
장비대수,법인수,0.30525362
장비대수,연금가입자,0.33276853
장비대수,임가수,0.3359689
장비대수,기혼여자,0.4553787
장비대수,주요생산비,0.47520286
장비대수,담보부채,0.38085416
장비대수,고령자거주가구,0.4845981
장비대수,건물연면적규모,0.43196803
장비대수,양식장면적,0.53996235
장비대수,산업세분류,0.4465001
장비대수,신용부채비율,0.49204883
장비대수,신용부채,0.514429
장비대수,한육우,0.32024318
장비대수,주택소유자수,0.34246308
장비대수,가구당월평균가계지출,0.4945514
장비대수,순자본스톡,0.4720993
장비대수,적립금액,0.43618673
장비대수,무급가사노동,0.31215018
장비대수,근로여건만족도,0.48271248
장비대수,외국인수,0.3706499
장비대수,투입물량,0.45213696
어업가구,가구당월평균가계수지,0.30345923
어업가구,가구당가계수지,0.30941722
어업가구,거주가구수,0.320805
어업가구,운수비용,0.3312547
어업가구,신용부채비율,0.31544125
어업가구,가구당월평균가계지출,0.30328423
어업가구,근로여건만족도,0.3408165
청소년,학생,0.37253112
청소년,고령자인구,0.32516205
청소년,경력단절여성,0.3056056
청소년,자원봉사활동,0.3354976
청소년,장애인,0.32619467
기혼여자,종사자규모,0.47284585
기혼여자,통근통학인구,0.35955217
기혼여자,기업체수,0.36947116
기혼여자,어가인구,0.41254017
기혼여자,가구내구재,0.35651612
기혼여자,기혼여성인구,0.4581022
기혼여자,월평균가계수지,0.4593979
기혼여자,어업종사가구원,0.5043245
기혼여자,평균시간,0.35800162
기혼여자,행위자평균시간,0.46660337
기혼여자,어가수,0.4008686
기혼여자,연간판매액,0.37713966
기혼여자,가구당월평균가계수지,0.4352912
기혼여자,종사상지위,0.46177134
기혼여자,매출액규모,0.4178858
기혼여자,유형고정자산,0.45277947
기혼여자,가구당가계수지,0.34311423
기혼여자,어업종사자수,0.49905407
기혼여자,고령자인구,0.5381134
기혼여자,사회보험가입률,0.50354624
기혼여자,임가인구,0.49214685
기혼여자,기성액,0.5064379
기혼여자,자본금규모,0.33655044
기혼여자,취업여부,0.45085362
기혼여자,비임금근로자,0.33527088
기혼여자,사교육참여율,0.41524673
기혼여자,종사기간,0.5104404
기혼여자,사업장면적,0.38059255
기혼여자,경제활동상태,0.43049186
기혼여자,농업종사가구원,0.48462507
기혼여자,경력단절여성인구,0.41516075
기혼여자,마을수,0.5362528
기혼여자,통계인력,0.3427896
기혼여자,어업종사기간,0.44401208
기혼여자,귀화허가자,0.54775405
기혼여자,가계재무건전성,0.5534768
기혼여자,월평균소득,0.31859118
기혼여자,성별어가인구,0.5453558
기혼여자,출하및연말재고액,0.46929833
기혼여자,임업종사가구원,0.4678009
기혼여자,연간급여액,0.42605647
기혼여자,주거전용가구,0.47581992
기혼여자,1인취업가구,0.47722232
기혼여자,수목수,0.4116342
기혼여자,총조사가구,0.42074567
기혼여자,월평균가계지출,0.44949603
기혼여자,상대표준오차,0.43663168
기혼여자,취업시간,0.43622667
기혼여자,거주가구수,0.52985317
기혼여자,사육비,0.44250235
기혼여자,재혼신혼부부,0.5038528
기혼여자,운수비용,0.49090773
기혼여자,EBS교재비,0.3696778
기혼여자,보유농가,0.42997473
기혼여자,생산자본스톡,0.48274723
기혼여자,학생이외인구,0.38211524
기혼여자,직종별연간급여액,0.40035945
기혼여자,어학연수비용,0.4194127
기혼여자,출생아부모,0.44456023
기혼여자,논벼수확농가,0.56433076
기혼여자,법인수,0.3944951
기혼여자,연금가입자,0.40427187
기혼여자,임가수,0.31986558
기혼여자,장비대수,0.4553787
기혼여자,주요생산비,0.518683
기혼여자,고령자거주가구,0.50477093
기혼여자,건물연면적규모,0.39516357
기혼여자,산업소분류,0.37788993
기혼여자,양식장면적,0.5131538
기혼여자,산업세분류,0.54519016
기혼여자,신용부채비율,0.43342623
기혼여자,신용부채,0.44566143
기혼여자,주택소유자수,0.3834824
기혼여자,가구당월평균가계지출,0.4196653
기혼여자,순자본스톡,0.4598971
기혼여자,적립금액,0.49603066
기혼여자,근로여건만족도,0.5703049
기혼여자,외국인수,0.35600862
기혼여자,투입물량,0.44685274
농가부채,인구,0.31012765
농가부채,농가,0.42252707
농가부채,사업체수,0.43839052
농가부채,취업자,0.3866402
농가부채,종사자수,0.40117928
농가부채,일자리,0.3225914
농가부채,일반가구,0.3065211
농가부채,농가수,0.33377436
농가부채,가구원수,0.42541745
농가부채,소득,0.36218783
농가부채,취업인구,0.3925014
농가부채,1인가구,0.34355745
농가부채,부채,0.34195668
농가부채,경제활동인구,0.34150293
농가부채,농가인구,0.5598455
농가부채,주택,0.308453
농가부채,임금근로자,0.43057653
농가부채,재배면적,0.46633208
농가부채,급여액,0.36350158
농가부채,저축액,0.35106328
농가부채,가구수,0.38798818
농가부채,실업자,0.3595231
농가부채,주요지표,0.39213383
농가부채,연간소득,0.37676427
농가부채,생산액,0.40252495
농가부채,재배농가,0.42983308
농가부채,인건비,0.31610075
농가부채,영업비용,0.3874119
농가부채,출생아수,0.3334336
농가부채,총자산,0.33036348
농가부채,기업수,0.30372995
농가부채,수입액,0.34031644
농가부채,비임금근로자,0.34810233
농가부채,경력단절여성,0.3210197
농가부채,근로여건,0.35605142
농가부채,생산비,0.37067732
농가부채,사망자수,0.33897418
농가부채,임차료,0.38246715
농가부채,주택수,0.37229666
농가부채,월평균소득,0.34480742
농가부채,호텔업,0.31831524
농가부채,여성인구,0.4384372
농가부채,출하액,0.30317697
농가부채,계약액,0.4055764
농가부채,가구소득,0.37428847
농가부채,판매액,0.3458563
농가부채,경지면적,0.47354397
농가부채,임금수준,0.4048132
농가부채,취업자수,0.48213616
농가부채,자산현황,0.47128913
농가부채,개인대출,0.35067508
농가부채,육우,0.3009489
농가부채,농업법인,0.3472157
농가부채,교육비,0.33259216
농가부채,해외건설,0.309531
농가부채,실업률,0.4054279
농가부채,농기계,0.3500433
농가부채,고용률,0.36273384
농가부채,연금수급자,0.4499887
농가부채,기타경비,0.39788923
농가부채,산란계,0.43332878
농가부채,임금,0.30548894
농가부채,사교육비,0.42692354
부인,이혼,0.37133893
부인,자녀,0.35683614
부인,혼인,0.3001579
객실수,인구,0.32768533
객실수,가구,0.3120238
객실수,사업체수,0.452518
객실수,종사자수,0.41589588
객실수,면적,0.43195018
객실수,사업체,0.3160749
객실수,농가수,0.42836642
객실수,가구원수,0.41121352
객실수,행정리,0.36977038
객실수,가구원,0.33428276
객실수,급여액,0.30119547
객실수,가구수,0.40184024
객실수,연간소득,0.33294442
객실수,종업원수,0.41423556
객실수,연령,0.30008778
객실수,총자산,0.33832887
객실수,기업수,0.32080105
객실수,시군구,0.32386494
객실수,임차료,0.3526239
객실수,점포수,0.48451582
객실수,주택수,0.32231995
객실수,월평균소득,0.42292958
객실수,호텔업,0.3797716
객실수,여성인구,0.3106234
객실수,경지면적,0.34338766
객실수,자산현황,0.35000518
객실수,법인수,0.3643515
객실수,보유대수,0.32255256
객실수,구성비,0.34752002
객실수,기타경비,0.3560045
주요생산비,농가수,0.31208357
주요생산비,종사자규모,0.42333615
주요생산비,통근통학인구,0.3805792
주요생산비,기업체수,0.4698112
주요생산비,어가인구,0.56528664
주요생산비,가구내구재,0.33681723
주요생산비,기혼여성인구,0.52390105
주요생산비,월평균가계수지,0.55620646
주요생산비,어업종사가구원,0.6084514
주요생산비,평균시간,0.45476323
주요생산비,행위자평균시간,0.5503467
주요생산비,어가수,0.47048947
주요생산비,연간판매액,0.5013895
주요생산비,가구당월평균가계수지,0.5737657
주요생산비,재등록자,0.30367985
주요생산비,종사상지위,0.58317995
주요생산비,매출액규모,0.48924515
주요생산비,유형고정자산,0.51377517
주요생산비,가구당가계수지,0.48401764
주요생산비,부채잔액,0.364489
주요생산비,어업종사자수,0.62219775
주요생산비,고령자인구,0.5417798
주요생산비,사회보험가입률,0.57354563
주요생산비,임가인구,0.4719748
주요생산비,기성액,0.58748317
주요생산비,자본금규모,0.3584254
주요생산비,취업여부,0.4920724
주요생산비,비임금근로자,0.4447109
주요생산비,사교육참여율,0.40143603
주요생산비,종사기간,0.4800721
주요생산비,세대구성,0.31815135
주요생산비,사업장면적,0.44930148
주요생산비,경제활동상태,0.48811728
주요생산비,농업종사가구원,0.5327016
주요생산비,경력단절여성인구,0.45016587
주요생산비,마을수,0.44714457
주요생산비,통계인력,0.32727078
주요생산비,어업종사기간,0.48572102
주요생산비,귀화허가자,0.5476977
주요생산비,가계재무건전성,0.6536897
주요생산비,월평균소득,0.361647
주요생산비,성별어가인구,0.5060194
주요생산비,출하및연말재고액,0.510554
주요생산비,장애인,0.3357868
주요생산비,임업종사가구원,0.4793243
주요생산비,연간급여액,0.45621935
주요생산비,주거전용가구,0.5032757
주요생산비,부인수,0.36663833
주요생산비,1인취업가구,0.455658
주요생산비,수목수,0.45164156
주요생산비,총조사가구,0.45442662
주요생산비,월평균가계지출,0.49502757
주요생산비,다문화가구,0.30852363
주요생산비,상대표준오차,0.579361
주요생산비,취업시간,0.5368052
주요생산비,거주가구수,0.54006374
주요생산비,사육비,0.44726798
주요생산비,재혼신혼부부,0.5999843
주요생산비,운수비용,0.49094358
주요생산비,EBS교재비,0.43384808
주요생산비,보유농가,0.58971024
주요생산비,생산자본스톡,0.4533256
주요생산비,학생이외인구,0.3915042
주요생산비,직종별연간급여액,0.3332821
주요생산비,어학연수비용,0.39864916
주요생산비,출생아부모,0.49366474
주요생산비,논벼수확농가,0.57058775
주요생산비,어업경영주,0.31509668
주요생산비,법인수,0.36055425
주요생산비,연금가입자,0.47327906
주요생산비,임가수,0.3652845
주요생산비,장비대수,0.47520286
주요생산비,기혼여자,0.518683
주요생산비,사육현황,0.33883876
주요생산비,고령자거주가구,0.61475563
주요생산비,건물연면적규모,0.48952636
주요생산비,양식장면적,0.5628291
주요생산비,산업세분류,0.5884047
주요생산비,신용부채비율,0.57991004
주요생산비,신용부채,0.61841047
주요생산비,한육우,0.3695578
주요생산비,주택소유자수,0.49374563
주요생산비,가구당월평균가계지출,0.52910405
주요생산비,순자본스톡,0.43709707
주요생산비,적립금액,0.5124338
주요생산비,무급가사노동,0.3848537
주요생산비,근로여건만족도,0.642219
주요생산비,외국인수,0.44028747
주요생산비,투입물량,0.552396
담보부채,어업종사가구원,0.32621148
담보부채,행위자평균시간,0.34791148
담보부채,가구당월평균가계수지,0.30578375
담보부채,고령자인구,0.31080264
담보부채,임가인구,0.4250092
담보부채,사교육참여율,0.32181475
담보부채,경제활동상태,0.31330007
담보부채,농업종사가구원,0.32610774
담보부채,귀화허가자,0.352533
담보부채,가계재무건전성,0.3457151
담보부채,성별어가인구,0.32446107
담보부채,출하및연말재고액,0.373442
담보부채,주거전용가구,0.30798715
담보부채,수목수,0.37933743
담보부채,총조사가구,0.34941143
담보부채,월평균가계지출,0.3163541
담보부채,재혼신혼부부,0.33074996
담보부채,운수비용,0.40617868
담보부채,보유농가,0.30076134
담보부채,논벼수확농가,0.34100518
담보부채,장비대수,0.38085416
담보부채,건물연면적규모,0.38392615
담보부채,산업소분류,0.36284778
담보부채,양식장면적,0.41460985
담보부채,산업세분류,0.37057096
담보부채,주택소유자수,0.31404382
담보부채,가구당월평균가계지출,0.3272689
담보부채,순자본스톡,0.34032574
담보부채,근로여건만족도,0.33435452
담보부채,외국인수,0.3312123
농기계,농가,0.35970584
농기계,임가,0.30086127
농기계,산업,0.30534655
농기계,재배면적,0.3268566
농기계,생산액,0.304686
농기계,재배농가,0.4700804
농기계,생산비,0.32267916
농기계,경지면적,0.3501626
농기계,농업법인,0.31376162
농기계,해외건설,0.33362615
농기계,농가부채,0.3500433
농기계,보유대수,0.4221063
농기계,산란계,0.45467862
어항시설,사업체수,0.36086705
어항시설,종사자수,0.30495402
어항시설,농가수,0.44687933
어항시설,농가인구,0.31768212
어항시설,재배면적,0.34563008
어항시설,재배농가,0.4273826
어항시설,임차료,0.36234853
어항시설,계약액,0.32727757
어항시설,경지면적,0.41997194
어항시설,농업법인,0.4307396
어항시설,산란계,0.31819344
사육현황,농가수,0.3043832
사육현황,종사자규모,0.31802088
사육현황,어가인구,0.423378
사육현황,월평균가계수지,0.34002042
사육현황,어업종사가구원,0.3471161
사육현황,행위자평균시간,0.30444378
사육현황,가구당월평균가계수지,0.31495613
사육현황,종사상지위,0.35608295
사육현황,유형고정자산,0.33955473
사육현황,어업종사자수,0.4073586
사육현황,사회보험가입률,0.3346143
사육현황,임가인구,0.31847203
사육현황,기성액,0.35418963
사육현황,종사기간,0.32751366
사육현황,농업종사가구원,0.3297486
사육현황,마을수,0.32064742
사육현황,어업종사기간,0.30619302
사육현황,귀화허가자,0.3883239
사육현황,가계재무건전성,0.40851083
사육현황,성별어가인구,0.36968392
사육현황,출하및연말재고액,0.40716663
사육현황,연간급여액,0.30664632
사육현황,주거전용가구,0.30689013
사육현황,1인취업가구,0.30958563
사육현황,월평균가계지출,0.30916753
사육현황,거주가구수,0.36561725
사육현황,사육비,0.47206694
사육현황,보유농가,0.30801845
사육현황,생산자본스톡,0.33710694
사육현황,논벼수확농가,0.338415
사육현황,어업경영주,0.33505687
사육현황,법인수,0.3208739
사육현황,임가수,0.3364577
사육현황,주요생산비,0.33883876
사육현황,고령자거주가구,0.4045522
사육현황,건물연면적규모,0.33481017
사육현황,양식장면적,0.37487987
사육현황,산업세분류,0.34917253
사육현황,신용부채비율,0.34437898
사육현황,신용부채,0.39516392
사육현황,적립금액,0.33526543
사육현황,근로여건만족도,0.41378134
사육현황,투입물량,0.35245782
가족관계,가구주,0.3078622
가족관계,성별,0.34261206
가족관계,가구원수,0.3006483
가족관계,소득,0.30656943
가족관계,혼인상태,0.38729152
가족관계,거주지,0.34176335
가족관계,이혼,0.31059593
가족관계,자녀,0.3370453
가족관계,교육정도,0.44356656
가족관계,혼인,0.30059803
가족관계,종사기간,0.33958313
가족관계,배우자,0.31501684
가족관계,월평균소득,0.33204594
가족관계,가구소득,0.32847813
가족관계,임금수준,0.3037063
가족관계,직장,0.30766717
가족관계,가족,0.36613014
보유대수,인구,0.32188085
보유대수,가구,0.3322919
보유대수,사업체수,0.5270889
보유대수,취업자,0.36867705
보유대수,종사자수,0.47196338
보유대수,면적,0.31366688
보유대수,사업체,0.33959112
보유대수,일반가구,0.48425102
보유대수,농가수,0.3717149
보유대수,매출액,0.34118906
보유대수,가구원수,0.46139053
보유대수,취업인구,0.38613987
보유대수,경제활동인구,0.334011
보유대수,농가인구,0.40347394
보유대수,가구원,0.31535462
보유대수,임금근로자,0.35220677
보유대수,재배면적,0.35917246
보유대수,급여액,0.35397902
보유대수,저축액,0.34965092
보유대수,가구수,0.4007762
보유대수,제조업,0.30941933
보유대수,혼인상태,0.30344585
보유대수,주요지표,0.36467013
보유대수,연간소득,0.44908115
보유대수,생산액,0.5079491
보유대수,재배농가,0.31942028
보유대수,종업원수,0.47398174
보유대수,영업비용,0.37537262
보유대수,출생아수,0.41324
보유대수,총자산,0.4484481
보유대수,기업수,0.42206857
보유대수,수입액,0.5441788
보유대수,수출입,0.35510367
보유대수,아동인구,0.33175486
보유대수,사망자수,0.34707075
보유대수,임차료,0.36356944
보유대수,점포수,0.49990103
보유대수,주택수,0.5080747
보유대수,월평균소득,0.4409115
보유대수,호텔업,0.3557225
보유대수,여성인구,0.40779153
보유대수,출하액,0.55094534
보유대수,계약액,0.44309548
보유대수,가구소득,0.33821648
보유대수,기업규모,0.3180756
보유대수,판매액,0.40104786
보유대수,경지면적,0.43684086
보유대수,임금수준,0.34299606
보유대수,취업자수,0.51617634
보유대수,순자산,0.33950305
보유대수,자산현황,0.32797977
보유대수,해외건설,0.32211855
보유대수,객실수,0.32255256
보유대수,농기계,0.4221063
보유대수,고용률,0.37255907
보유대수,연금수급자,0.31970537
보유대수,구성비,0.39895907
보유대수,기타경비,0.35105067
고령자거주가구,사업체수,0.32774526
고령자거주가구,행위자비율,0.34522802
고령자거주가구,농가수,0.3977576
고령자거주가구,종사자규모,0.5113931
고령자거주가구,통근통학인구,0.4385233
고령자거주가구,기업체수,0.49277815
고령자거주가구,이동인구,0.33551267
고령자거주가구,어가인구,0.67402744
고령자거주가구,가구내구재,0.44032255
고령자거주가구,기혼여성인구,0.5859068
고령자거주가구,월평균가계수지,0.6659759
고령자거주가구,어업종사가구원,0.6826948
고령자거주가구,재배면적,0.36640337
고령자거주가구,평균시간,0.5258569
고령자거주가구,행위자평균시간,0.61493033
고령자거주가구,어가수,0.536301
고령자거주가구,연간판매액,0.62125546
고령자거주가구,가구당월평균가계수지,0.67362404
고령자거주가구,재등록자,0.37825146
고령자거주가구,종사상지위,0.6120741
고령자거주가구,매출액규모,0.59106195
고령자거주가구,유형고정자산,0.63216907
고령자거주가구,가구당가계수지,0.54309714
고령자거주가구,부채잔액,0.39950925
고령자거주가구,어업종사자수,0.6690636
고령자거주가구,고령자인구,0.56188554
고령자거주가구,사회보험가입률,0.6539914
고령자거주가구,이동자수,0.34462765
고령자거주가구,맞벌이가구,0.37551886
고령자거주가구,임가인구,0.51341087
고령자거주가구,기성액,0.6904011
고령자거주가구,자본금규모,0.38179597
고령자거주가구,취업여부,0.4978619
고령자거주가구,비임금근로자,0.48319578
고령자거주가구,개인농가,0.39762828
고령자거주가구,사교육참여율,0.44541228
고령자거주가구,종사기간,0.56068885
고령자거주가구,세대구성,0.39055514
고령자거주가구,사업장면적,0.52456445
고령자거주가구,경제활동상태,0.53430134
고령자거주가구,농업종사가구원,0.64195555
고령자거주가구,경력단절여성인구,0.4715447
고령자거주가구,마을수,0.53644365
고령자거주가구,통계인력,0.49249327
고령자거주가구,어업종사기간,0.5253521
고령자거주가구,귀화허가자,0.62172747
고령자거주가구,가계재무건전성,0.69266516
고령자거주가구,월평균소득,0.34943467
고령자거주가구,성별어가인구,0.58903265
고령자거주가구,출하및연말재고액,0.6570578
고령자거주가구,임업종사가구원,0.5887147
고령자거주가구,연간급여액,0.5417451
고령자거주가구,주거전용가구,0.61675704
고령자거주가구,부인수,0.42065793
고령자거주가구,1인취업가구,0.4959972
고령자거주가구,수목수,0.48734915
고령자거주가구,총조사가구,0.56084085
고령자거주가구,임금수준,0.3097158
고령자거주가구,월평균가계지출,0.6372635
고령자거주가구,다문화가구,0.34403238
고령자거주가구,상대표준오차,0.6436683
고령자거주가구,취업시간,0.6043498
고령자거주가구,거주가구수,0.67196244
고령자거주가구,사육비,0.5227793
고령자거주가구,재혼신혼부부,0.66299766
고령자거주가구,운수비용,0.5868358
고령자거주가구,EBS교재비,0.40602252
고령자거주가구,보유농가,0.6023715
고령자거주가구,생산자본스톡,0.512901
고령자거주가구,학생이외인구,0.33318654
고령자거주가구,직종별연간급여액,0.3886319
고령자거주가구,어학연수비용,0.4113673
고령자거주가구,출생아부모,0.55169207
고령자거주가구,논벼수확농가,0.6716366
고령자거주가구,어업경영주,0.4526724
고령자거주가구,법인수,0.5437133
고령자거주가구,연금가입자,0.54263216
고령자거주가구,임가수,0.45022413
고령자거주가구,장비대수,0.4845981
고령자거주가구,기혼여자,0.50477093
고령자거주가구,주요생산비,0.61475563
고령자거주가구,사육현황,0.4045522
고령자거주가구,건물연면적규모,0.5774275
고령자거주가구,양식장면적,0.59475654
고령자거주가구,어업법인,0.35288623
고령자거주가구,산업세분류,0.6837619
고령자거주가구,신용부채비율,0.64433455
고령자거주가구,신용부채,0.66110224
고령자거주가구,한육우,0.35685834
고령자거주가구,소비자물가지수,0.32403025
고령자거주가구,주택소유자수,0.44689906
고령자거주가구,가구당월평균가계지출,0.6453362
고령자거주가구,순자본스톡,0.5396161
고령자거주가구,적립금액,0.5923781
고령자거주가구,무급가사노동,0.39830747
고령자거주가구,근로여건만족도,0.740522
고령자거주가구,외국인수,0.45653903
고령자거주가구,투입물량,0.59420985
고용률,인구,0.34206846
고용률,사업체수,0.44638005
고용률,취업자,0.50617856
고용률,종사자수,0.39498445
고용률,가구주,0.41759583
고용률,일자리,0.487204
고용률,일반가구,0.37247133
고용률,가구원수,0.43965027
고용률,소득,0.4363813
고용률,취업인구,0.46956208
고용률,고령자,0.31438184
고용률,1인가구,0.38100386
고용률,경제활동인구,0.5042704
고용률,농가인구,0.4538524
고용률,임금근로자,0.5037474
고용률,재배면적,0.3848209
고용률,부가가치,0.30393857
고용률,비경제활동인구,0.43467885
고용률,급여액,0.30637917
고용률,저축액,0.39884177
고용률,가구수,0.3959502
고용률,실업자,0.39799047
고용률,혼인상태,0.31740725
고용률,주요지표,0.424871
고용률,연간소득,0.3201911
고용률,유업자,0.34148034
고용률,생산액,0.4046972
고용률,연령,0.329273
고용률,영업비용,0.34364143
고용률,출생아수,0.42778978
고용률,교육정도,0.31645304
고용률,기업수,0.34544712
고용률,수입액,0.41487876
고용률,비임금근로자,0.37699366
고용률,경력단절여성,0.41165242
고용률,취업,0.35584944
고용률,근로여건,0.48300502
고용률,아동인구,0.33789134
고용률,시군구,0.3018975
고용률,경력단절여성인구,0.32084775
고용률,점포수,0.3225083
고용률,주택수,0.3590798
고용률,월평균소득,0.5061071
고용률,장애인,0.31445557
고용률,여성인구,0.51529336
고용률,출하액,0.39004347
고용률,계약액,0.34256476
고용률,가구소득,0.56290936
고용률,기업규모,0.30765772
고용률,판매액,0.30156118
고용률,경지면적,0.33256525
고용률,임금수준,0.4915549
고용률,취업자수,0.5347459
고용률,자산현황,0.3297046
고용률,근속기간,0.39778075
고용률,교육비,0.3059722
고용률,실업률,0.5232146
고용률,농가부채,0.36273384
고용률,보유대수,0.37255907
고용률,소비자물가지수,0.31486335
고용률,연금수급자,0.3286631
고용률,구성비,0.39754343
고용률,임금,0.34822413
고용률,유연근무제,0.36690736
고용률,사교육비,0.4230988
건물연면적규모,농가수,0.34869498
건물연면적규모,종사자규모,0.43419224
건물연면적규모,통근통학인구,0.39203534
건물연면적규모,기업체수,0.3879437
건물연면적규모,어가인구,0.5653978
건물연면적규모,기혼여성인구,0.4593704
건물연면적규모,월평균가계수지,0.5607045
건물연면적규모,어업종사가구원,0.56179184
건물연면적규모,평균시간,0.43954092
건물연면적규모,행위자평균시간,0.55271477
건물연면적규모,어가수,0.36666384
건물연면적규모,수확면적,0.3362758
건물연면적규모,연간판매액,0.48003212
건물연면적규모,가구당월평균가계수지,0.51608396
건물연면적규모,재등록자,0.37933424
건물연면적규모,종사상지위,0.57053876
건물연면적규모,매출액규모,0.4671301
건물연면적규모,유형고정자산,0.53486276
건물연면적규모,가구당가계수지,0.3972514
건물연면적규모,부채잔액,0.36262637
건물연면적규모,어업종사자수,0.5500853
건물연면적규모,고령자인구,0.4427281
건물연면적규모,사회보험가입률,0.5133109
건물연면적규모,이동자수,0.39371416
건물연면적규모,임가인구,0.5065299
건물연면적규모,기성액,0.5480002
건물연면적규모,자본금규모,0.32970914
건물연면적규모,취업여부,0.4283399
건물연면적규모,사교육참여율,0.42962313
건물연면적규모,종사기간,0.4870668
건물연면적규모,세대구성,0.33013877
건물연면적규모,사업장면적,0.4672432
건물연면적규모,경제활동상태,0.39717048
건물연면적규모,농업종사가구원,0.50587845
건물연면적규모,경력단절여성인구,0.35494304
건물연면적규모,마을수,0.39885122
건물연면적규모,통계인력,0.38604322
건물연면적규모,어업종사기간,0.4806329
건물연면적규모,귀화허가자,0.54826033
건물연면적규모,가계재무건전성,0.5726169
건물연면적규모,성별어가인구,0.550817
건물연면적규모,출하및연말재고액,0.61078215
건물연면적규모,임업종사가구원,0.43701908
건물연면적규모,연간급여액,0.47213465
건물연면적규모,주거전용가구,0.53734154
건물연면적규모,1인취업가구,0.41211462
건물연면적규모,수목수,0.48565045
건물연면적규모,총조사가구,0.47527924
건물연면적규모,월평균가계지출,0.5670786
건물연면적규모,상대표준오차,0.6163857
건물연면적규모,취업시간,0.47713113
건물연면적규모,거주가구수,0.5696392
건물연면적규모,사육비,0.43542567
건물연면적규모,재혼신혼부부,0.5269263
건물연면적규모,운수비용,0.4893136
건물연면적규모,EBS교재비,0.3542076
건물연면적규모,보유농가,0.5411032
건물연면적규모,생산자본스톡,0.45857129
건물연면적규모,학생이외인구,0.3249865
건물연면적규모,직종별연간급여액,0.40505892
건물연면적규모,어학연수비용,0.37810838
건물연면적규모,출생아부모,0.48520708
건물연면적규모,논벼수확농가,0.6129059
건물연면적규모,어업경영주,0.37002835
건물연면적규모,법인수,0.43065968
건물연면적규모,연금가입자,0.44501245
건물연면적규모,임가수,0.4267694
건물연면적규모,장비대수,0.43196803
건물연면적규모,기혼여자,0.39516357
건물연면적규모,주요생산비,0.48952636
건물연면적규모,담보부채,0.38392615
건물연면적규모,사육현황,0.33481017
건물연면적규모,고령자거주가구,0.5774275
건물연면적규모,양식장면적,0.5746311
건물연면적규모,어업법인,0.31088302
건물연면적규모,산업세분류,0.5531745
건물연면적규모,신용부채비율,0.50475335
건물연면적규모,신용부채,0.56117415
건물연면적규모,주택소유자수,0.38592276
건물연면적규모,가구당월평균가계지출,0.506825
건물연면적규모,순자본스톡,0.49887794
건물연면적규모,적립금액,0.5245582
건물연면적규모,무급가사노동,0.4025197
건물연면적규모,근로여건만족도,0.6102386
건물연면적규모,외국인수,0.50258255
건물연면적규모,투입물량,0.46908233
EBS교재,종사자규모,0.30468932
EBS교재,가구당월평균가계수지,0.31723982
EBS교재,방과후학교,0.36579484
EBS교재,종사기간,0.3240273
EBS교재,가계재무건전성,0.30837247
EBS교재,EBS교재비,0.7020916
EBS교재,어학연수비용,0.3433672
EBS교재,산업소분류,0.30223978
EBS교재,산업세분류,0.31570464
산업소분류,종사자규모,0.33736172
산업소분류,통근통학인구,0.30213338
산업소분류,월평균가계수지,0.37500125
산업소분류,어업종사가구원,0.357199
산업소분류,행위자평균시간,0.41671827
산업소분류,가구당월평균가계수지,0.36484325
산업소분류,유형고정자산,0.32764453
산업소분류,고령자인구,0.37194937
산업소분류,사회보험가입률,0.35382482
산업소분류,임가인구,0.46630096
산업소분류,기성액,0.31103155
산업소분류,사업장면적,0.32731065
산업소분류,경제활동상태,0.35344458
산업소분류,농업종사가구원,0.4077442
산업소분류,귀화허가자,0.35521674
산업소분류,가계재무건전성,0.36236882
산업소분류,성별어가인구,0.40642098
산업소분류,출하및연말재고액,0.3697417
산업소분류,임업종사가구원,0.36239937
산업소분류,연간급여액,0.3201362
산업소분류,수목수,0.3545589
산업소분류,총조사가구,0.33140942
산업소분류,월평균가계지출,0.35619488
산업소분류,다문화가구,0.30761248
산업소분류,취업시간,0.3658502
산업소분류,운수비용,0.3697413
산업소분류,EBS교재비,0.36337
산업소분류,보유농가,0.4038077
산업소분류,생산자본스톡,0.32626754
산업소분류,직종별연간급여액,0.30274767
산업소분류,어학연수비용,0.3522997
산업소분류,논벼수확농가,0.40778553
산업소분류,기혼여자,0.37788993
산업소분류,담보부채,0.36284778
산업소분류,EBS교재,0.30223978
산업소분류,양식장면적,0.40083668
산업소분류,산업세분류,0.45662716
산업소분류,신용부채,0.31181952
산업소분류,가구당월평균가계지출,0.34643257
산업소분류,순자본스톡,0.35649598
산업소분류,적립금액,0.34308028
산업소분류,근로여건만족도,0.36589828
산업소분류,외국인수,0.46689186
행정구역,행정리,0.36685684
행정구역,시군구,0.36752078
양식장면적,농가수,0.31129536
양식장면적,종사자규모,0.47674176
양식장면적,통근통학인구,0.37435496
양식장면적,기업체수,0.49842113
양식장면적,어가인구,0.5991473
양식장면적,가구내구재,0.3827592
양식장면적,기혼여성인구,0.4710642
양식장면적,월평균가계수지,0.57595575
양식장면적,어업종사가구원,0.6503114
양식장면적,평균시간,0.48222858
양식장면적,행위자평균시간,0.5997327
양식장면적,어가수,0.46669084
양식장면적,연간판매액,0.45030117
양식장면적,가구당월평균가계수지,0.550924
양식장면적,재등록자,0.3537981
양식장면적,종사상지위,0.5913625
양식장면적,매출액규모,0.5335602
양식장면적,유형고정자산,0.54267234
양식장면적,가구당가계수지,0.40426996
양식장면적,부채잔액,0.34401062
양식장면적,어업종사자수,0.62368995
양식장면적,고령자인구,0.46432933
양식장면적,사회보험가입률,0.54079336
양식장면적,이동자수,0.31279707
양식장면적,임가인구,0.60239106
양식장면적,부채액,0.33138713
양식장면적,기성액,0.6452534
양식장면적,자본금규모,0.34623972
양식장면적,취업여부,0.48400515
양식장면적,비임금근로자,0.36588538
양식장면적,사교육참여율,0.39237723
양식장면적,종사기간,0.4767528
양식장면적,사업장면적,0.50301474
양식장면적,경제활동상태,0.45752117
양식장면적,농업종사가구원,0.57342845
양식장면적,경력단절여성인구,0.39053553
양식장면적,마을수,0.582318
양식장면적,통계인력,0.3219866
양식장면적,어업종사기간,0.5456493
양식장면적,귀화허가자,0.64602363
양식장면적,가계재무건전성,0.63616157
양식장면적,성별어가인구,0.5648948
양식장면적,출하및연말재고액,0.6549145
양식장면적,임업종사가구원,0.5154792
양식장면적,연간급여액,0.53351086
양식장면적,주거전용가구,0.5748532
양식장면적,부인수,0.31267047
양식장면적,1인취업가구,0.51105285
양식장면적,수목수,0.54678184
양식장면적,총조사가구,0.49967188
양식장면적,월평균가계지출,0.6010543
양식장면적,상대표준오차,0.62401164
양식장면적,취업시간,0.5134172
양식장면적,거주가구수,0.60448
양식장면적,사육비,0.47978315
양식장면적,재혼신혼부부,0.5554977
양식장면적,운수비용,0.54422814
양식장면적,EBS교재비,0.41167614
양식장면적,보유농가,0.5510312
양식장면적,생산자본스톡,0.52258885
양식장면적,학생이외인구,0.33975485
양식장면적,직종별연간급여액,0.44185603
양식장면적,어학연수비용,0.39866903
양식장면적,출생아부모,0.50400704
양식장면적,논벼수확농가,0.68758726
양식장면적,어업경영주,0.37318456
양식장면적,법인수,0.47631443
양식장면적,연금가입자,0.44469303
양식장면적,임가수,0.44122663
양식장면적,장비대수,0.53996235
양식장면적,기혼여자,0.5131538
양식장면적,주요생산비,0.5628291
양식장면적,담보부채,0.41460985
양식장면적,사육현황,0.37487987
양식장면적,고령자거주가구,0.59475654
양식장면적,건물연면적규모,0.5746311
양식장면적,산업소분류,0.40083668
양식장면적,산업세분류,0.6844434
양식장면적,신용부채비율,0.48505703
양식장면적,신용부채,0.53149426
양식장면적,주택소유자수,0.4099501
양식장면적,가구당월평균가계지출,0.5536153
양식장면적,순자본스톡,0.54397386
양식장면적,적립금액,0.52061313
양식장면적,무급가사노동,0.33718678
양식장면적,근로여건만족도,0.62708336
양식장면적,외국인수,0.49589142
양식장면적,투입물량,0.49081254
어업법인,행위자평균시간,0.30052125
어업법인,가구당월평균가계수지,0.35279208
어업법인,어업종사자수,0.31087318
어업법인,월평균가계지출,0.330355
어업법인,고령자거주가구,0.35288623
어업법인,건물연면적규모,0.31088302
어업법인,가구당월평균가계지출,0.38509682
어업법인,순자본스톡,0.34059453
어업법인,근로여건만족도,0.30835292
산업세분류,농가수,0.33601636
산업세분류,종사자규모,0.51108295
산업세분류,통근통학인구,0.41542178
산업세분류,기업체수,0.5161933
산업세분류,어가인구,0.64911854
산업세분류,가구내구재,0.38358304
산업세분류,기혼여성인구,0.5624927
산업세분류,월평균가계수지,0.6269926
산업세분류,어업종사가구원,0.69233453
산업세분류,재배면적,0.32163087
산업세분류,평균시간,0.45814684
산업세분류,행위자평균시간,0.6255588
산업세분류,어가수,0.5135552
산업세분류,수확면적,0.3086634
산업세분류,연간판매액,0.5111534
산업세분류,가구당월평균가계수지,0.60207295
산업세분류,재등록자,0.38800216
산업세분류,종사상지위,0.63779205
산업세분류,매출액규모,0.5439441
산업세분류,유형고정자산,0.6008017
산업세분류,가구당가계수지,0.47541812
산업세분류,부채잔액,0.37313962
산업세분류,어업종사자수,0.671802
산업세분류,고령자인구,0.6052185
산업세분류,사회보험가입률,0.6296292
산업세분류,이동자수,0.32812816
산업세분류,맞벌이가구,0.33380207
산업세분류,임가인구,0.6221635
산업세분류,부채액,0.3594592
산업세분류,기성액,0.6749391
산업세분류,자본금규모,0.43266767
산업세분류,취업여부,0.51847476
산업세분류,비임금근로자,0.4206857
산업세분류,개인농가,0.33477327
산업세분류,경력단절여성,0.32300776
산업세분류,사교육참여율,0.42770433
산업세분류,종사기간,0.47324765
산업세분류,세대구성,0.3409485
산업세분류,사업장면적,0.5076485
산업세분류,경제활동상태,0.5139002
산업세분류,농업종사가구원,0.6200626
산업세분류,경력단절여성인구,0.48039067
산업세분류,마을수,0.5894615
산업세분류,통계인력,0.4221409
산업세분류,어업종사기간,0.5533526
산업세분류,귀화허가자,0.6669774
산업세분류,가계재무건전성,0.6580024
산업세분류,월평균소득,0.349093
산업세분류,성별어가인구,0.5647523
산업세분류,출하및연말재고액,0.67697394
산업세분류,임업종사가구원,0.5748849
산업세분류,연간급여액,0.5189504
산업세분류,주거전용가구,0.6027228
산업세분류,부인수,0.38051564
산업세분류,1인취업가구,0.47008583
산업세분류,수목수,0.50200516
산업세분류,총조사가구,0.5386261
산업세분류,월평균가계지출,0.59701324
산업세분류,다문화가구,0.36535022
산업세분류,상대표준오차,0.5677833
산업세분류,취업시간,0.52835935
산업세분류,거주가구수,0.6426474
산업세분류,사육비,0.4770604
산업세분류,재혼신혼부부,0.59992164
산업세분류,운수비용,0.55813223
산업세분류,EBS교재비,0.4407724
산업세분류,보유농가,0.6304844
산업세분류,생산자본스톡,0.57117206
산업세분류,학생이외인구,0.3928178
산업세분류,직종별연간급여액,0.4446556
산업세분류,어학연수비용,0.43323553
산업세분류,출생아부모,0.558534
산업세분류,논벼수확농가,0.6737893
산업세분류,어업경영주,0.36112508
산업세분류,법인수,0.5000356
산업세분류,연금가입자,0.4995754
산업세분류,임가수,0.4458263
산업세분류,장비대수,0.4465001
산업세분류,기혼여자,0.54519016
산업세분류,주요생산비,0.5884047
산업세분류,담보부채,0.37057096
산업세분류,사육현황,0.34917253
산업세분류,고령자거주가구,0.6837619
산업세분류,건물연면적규모,0.5531745
산업세분류,EBS교재,0.31570464
산업세분류,산업소분류,0.45662716
산업세분류,양식장면적,0.6844434
산업세분류,신용부채비율,0.5789873
산업세분류,신용부채,0.5989274
산업세분류,한육우,0.30359384
산업세분류,주택소유자수,0.47268543
산업세분류,가구당월평균가계지출,0.5716326
산업세분류,순자본스톡,0.52614176
산업세분류,적립금액,0.5771156
산업세분류,통근인구,0.3085776
산업세분류,무급가사노동,0.36044496
산업세분류,근로여건만족도,0.7184923
산업세분류,외국인수,0.5261689
산업세분류,투입물량,0.53647095
신용부채비율,행위자비율,0.3152677
신용부채비율,농가수,0.32722068
신용부채비율,종사자규모,0.44666886
신용부채비율,통근통학인구,0.3899726
신용부채비율,기업체수,0.4588053
신용부채비율,어가인구,0.4967141
신용부채비율,가구내구재,0.33775893
신용부채비율,기혼여성인구,0.5406805
신용부채비율,월평균가계수지,0.54226387
신용부채비율,어업종사가구원,0.6263304
신용부채비율,평균시간,0.38094518
신용부채비율,행위자평균시간,0.45887834
신용부채비율,어가수,0.4363648
신용부채비율,연간판매액,0.5492887
신용부채비율,가구당월평균가계수지,0.5772829
신용부채비율,재등록자,0.3130271
신용부채비율,종사상지위,0.5146176
신용부채비율,매출액규모,0.5250883
신용부채비율,유형고정자산,0.53100544
신용부채비율,가구당가계수지,0.46394268
신용부채비율,부채잔액,0.317143
신용부채비율,어업종사자수,0.66271985
신용부채비율,고령자인구,0.4258575
신용부채비율,사회보험가입률,0.59176606
신용부채비율,맞벌이가구,0.33657515
신용부채비율,임가인구,0.4526509
신용부채비율,기성액,0.5851961
신용부채비율,자본금규모,0.31620145
신용부채비율,취업여부,0.5697816
신용부채비율,비임금근로자,0.4116134
신용부채비율,개인농가,0.3351002
신용부채비율,사교육참여율,0.41359696
신용부채비율,종사기간,0.4078047
신용부채비율,세대구성,0.30611524
신용부채비율,사업장면적,0.5033493
신용부채비율,경제활동상태,0.43947488
신용부채비율,농업종사가구원,0.50819033
신용부채비율,경력단절여성인구,0.37689328
신용부채비율,마을수,0.4383121
신용부채비율,통계인력,0.37450483
신용부채비율,어업종사기간,0.5077893
신용부채비율,귀화허가자,0.5098695
신용부채비율,가계재무건전성,0.65495235
신용부채비율,성별어가인구,0.5769812
신용부채비율,출하및연말재고액,0.509644
신용부채비율,임업종사가구원,0.49188185
신용부채비율,연간급여액,0.39765728
신용부채비율,주거전용가구,0.48784515
신용부채비율,부인수,0.43735993
신용부채비율,1인취업가구,0.39744958
신용부채비율,수목수,0.4044715
신용부채비율,총조사가구,0.3997164
신용부채비율,월평균가계지출,0.5149757
신용부채비율,상대표준오차,0.52561045
신용부채비율,취업시간,0.54562026
신용부채비율,거주가구수,0.5729858
신용부채비율,사육비,0.446917
신용부채비율,재혼신혼부부,0.5750505
신용부채비율,운수비용,0.617678
신용부채비율,EBS교재비,0.41830388
신용부채비율,보유농가,0.49742195
신용부채비율,생산자본스톡,0.4207346
신용부채비율,학생이외인구,0.40253425
신용부채비율,직종별연간급여액,0.32608837
신용부채비율,어학연수비용,0.36881188
신용부채비율,출생아부모,0.55296797
신용부채비율,논벼수확농가,0.5192285
신용부채비율,어업경영주,0.43099952
신용부채비율,법인수,0.35771278
신용부채비율,연금가입자,0.40159252
신용부채비율,임가수,0.3793802
신용부채비율,장비대수,0.49204883
신용부채비율,어업가구,0.31544125
신용부채비율,기혼여자,0.43342623
신용부채비율,주요생산비,0.57991004
신용부채비율,사육현황,0.34437898
신용부채비율,고령자거주가구,0.64433455
신용부채비율,건물연면적규모,0.50475335
신용부채비율,양식장면적,0.48505703
신용부채비율,산업세분류,0.5789873
신용부채비율,신용부채,0.921319
신용부채비율,한육우,0.3672247
신용부채비율,주택소유자수,0.392986
신용부채비율,가구당월평균가계지출,0.5538311
신용부채비율,순자본스톡,0.41177943
신용부채비율,적립금액,0.44441095
신용부채비율,통근인구,0.36619765
신용부채비율,무급가사노동,0.3717728
신용부채비율,근로여건만족도,0.617466
신용부채비율,외국인수,0.44744697
신용부채비율,투입물량,0.625831
신용부채,행위자비율,0.31848696
신용부채,종사자규모,0.49262807
신용부채,통근통학인구,0.43388256
신용부채,기업체수,0.50268227
신용부채,어가인구,0.5301829
신용부채,가구내구재,0.3690577
신용부채,기혼여성인구,0.5811985
신용부채,월평균가계수지,0.59712344
신용부채,어업종사가구원,0.66475534
신용부채,평균시간,0.39549157
신용부채,행위자평균시간,0.4609715
신용부채,어가수,0.41733378
신용부채,연간판매액,0.5560591
신용부채,가구당월평균가계수지,0.6049929
신용부채,재등록자,0.33188912
신용부채,종사상지위,0.5552359
신용부채,매출액규모,0.53529894
신용부채,유형고정자산,0.5309696
신용부채,가구당가계수지,0.46855837
신용부채,부채잔액,0.31167424
신용부채,어업종사자수,0.68847394
신용부채,고령자인구,0.4614531
신용부채,사회보험가입률,0.6055665
신용부채,임가인구,0.520156
신용부채,기성액,0.5811562
신용부채,자본금규모,0.32185423
신용부채,취업여부,0.6063256
신용부채,비임금근로자,0.39936233
신용부채,개인농가,0.33111343
신용부채,사교육참여율,0.43035027
신용부채,종사기간,0.42749628
신용부채,세대구성,0.337259
신용부채,사업장면적,0.51595783
신용부채,경제활동상태,0.43902454
신용부채,농업종사가구원,0.5418392
신용부채,경력단절여성인구,0.40343693
신용부채,마을수,0.429907
신용부채,통계인력,0.3937648
신용부채,어업종사기간,0.53742725
신용부채,귀화허가자,0.5421857
신용부채,가계재무건전성,0.6799251
신용부채,성별어가인구,0.6068722
신용부채,출하및연말재고액,0.547908
신용부채,임업종사가구원,0.5198336
신용부채,연간급여액,0.4290171
신용부채,주거전용가구,0.5014046
신용부채,부인수,0.4441139
신용부채,1인취업가구,0.43202007
신용부채,수목수,0.40660048
신용부채,총조사가구,0.4385512
신용부채,월평균가계지출,0.54747266
신용부채,상대표준오차,0.56879634
신용부채,취업시간,0.570462
신용부채,거주가구수,0.6098283
신용부채,사육비,0.47916067
신용부채,재혼신혼부부,0.5779405
신용부채,운수비용,0.62951773
신용부채,EBS교재비,0.43248445
신용부채,보유농가,0.5340803
신용부채,생산자본스톡,0.4639949
신용부채,학생이외인구,0.4432216
신용부채,직종별연간급여액,0.36781487
신용부채,어학연수비용,0.39036685
신용부채,출생아부모,0.59036916
신용부채,논벼수확농가,0.55498475
신용부채,어업경영주,0.4553216
신용부채,법인수,0.37439662
신용부채,연금가입자,0.43084708
신용부채,임가수,0.37060708
신용부채,장비대수,0.514429
신용부채,기혼여자,0.44566143
신용부채,주요생산비,0.61841047
신용부채,사육현황,0.39516392
신용부채,고령자거주가구,0.66110224
신용부채,건물연면적규모,0.56117415
신용부채,산업소분류,0.31181952
신용부채,양식장면적,0.53149426
신용부채,산업세분류,0.5989274
신용부채,신용부채비율,0.921319
신용부채,한육우,0.3603067
신용부채,주택소유자수,0.41506976
신용부채,가구당월평균가계지출,0.56570995
신용부채,순자본스톡,0.44861317
신용부채,적립금액,0.43970683
신용부채,통근인구,0.36175558
신용부채,무급가사노동,0.39938328
신용부채,근로여건만족도,0.62676823
신용부채,외국인수,0.48650146
신용부채,투입물량,0.62607986
기혼자,가구주,0.4659739
기혼자,일반가구,0.3159565
기혼자,가구원수,0.3306984
기혼자,고령자,0.30783108
기혼자,학생,0.3074991
기혼자,1인가구,0.3098943
기혼자,주택,0.33300287
기혼자,가구원,0.38316634
기혼자,신혼부부,0.36380494
기혼자,비경제활동인구,0.33590928
기혼자,가구수,0.31628656
기혼자,혼인상태,0.3068416
기혼자,연간소득,0.30818537
기혼자,이혼,0.3481522
기혼자,자녀,0.35460436
기혼자,연령,0.33172402
기혼자,교육정도,0.3048895
기혼자,혼인,0.31651908
기혼자,단독주택,0.3036772
기혼자,경력단절여성,0.33119398
기혼자,월평균소득,0.35970995
기혼자,여자,0.41187814
기혼자,여성인구,0.32346138
기혼자,가구소득,0.37824556
기혼자,경영주,0.3357352
기혼자,직장,0.31814343
기혼자,남자,0.34281152
기혼자,연금수급자,0.31451666
한육우,어업종사가구원,0.36207274
한육우,행위자평균시간,0.32710484
한육우,어가수,0.32460982
한육우,연간판매액,0.3302325
한육우,가구당월평균가계수지,0.33492786
한육우,어업종사자수,0.31312686
한육우,고령자인구,0.31889492
한육우,사회보험가입률,0.31954557
한육우,농업종사가구원,0.31802878
한육우,어업종사기간,0.32147893
한육우,귀화허가자,0.30334875
한육우,가계재무건전성,0.3448828
한육우,임업종사가구원,0.31962436
한육우,다문화가구,0.33226997
한육우,거주가구수,0.32173508
한육우,재혼신혼부부,0.46280813
한육우,운수비용,0.35460788
한육우,논벼수확농가,0.32825434
한육우,법인수,0.34046796
한육우,장비대수,0.32024318
한육우,주요생산비,0.3695578
한육우,고령자거주가구,0.35685834
한육우,산업세분류,0.30359384
한육우,신용부채비율,0.3672247
한육우,신용부채,0.3603067
한육우,가구당월평균가계지출,0.32485265
한육우,적립금액,0.3132778
한육우,근로여건만족도,0.3606075
한육우,투입물량,0.38072318
소비자물가지수,사업체수,0.32159314
소비자물가지수,취업자,0.32307982
소비자물가지수,일반가구,0.31361383
소비자물가지수,가구원수,0.4137886
소비자물가지수,경제활동인구,0.3625636
소비자물가지수,농가인구,0.34038842
소비자물가지수,임금근로자,0.32489964
소비자물가지수,비경제활동인구,0.3012312
소비자물가지수,제조업,0.34682965
소비자물가지수,가구당월평균가계수지,0.31556943
소비자물가지수,주요지표,0.5152963
소비자물가지수,생산액,0.31912768
소비자물가지수,영업비용,0.33786276
소비자물가지수,출생아수,0.32812226
소비자물가지수,총자산,0.3004573
소비자물가지수,수입액,0.40983486
소비자물가지수,비임금근로자,0.4074125
소비자물가지수,수출입,0.31951037
소비자물가지수,경제활동상태,0.371398
소비자물가지수,월평균소득,0.30420998
소비자물가지수,출하액,0.3419017
소비자물가지수,가구소득,0.3660155
소비자물가지수,판매액,0.33248967
소비자물가지수,임금수준,0.3747877
소비자물가지수,취업자수,0.43495116
소비자물가지수,자산현황,0.31778532
소비자물가지수,실업률,0.35405463
소비자물가지수,고령자거주가구,0.32403025
소비자물가지수,고용률,0.31486335
소비자물가지수,구성비,0.31961846
주택소유자수,가구원수,0.32934883
주택소유자수,통근통학인구,0.37512338
주택소유자수,어가인구,0.40178788
주택소유자수,기혼여성인구,0.44188195
주택소유자수,월평균가계수지,0.43308717
주택소유자수,어업종사가구원,0.50422025
주택소유자수,행위자평균시간,0.31912062
주택소유자수,어가수,0.338397
주택소유자수,연간판매액,0.32054925
주택소유자수,가구당월평균가계수지,0.44197908
주택소유자수,종사상지위,0.41783378
주택소유자수,매출액규모,0.3545038
주택소유자수,유형고정자산,0.3961909
주택소유자수,가구당가계수지,0.30978718
주택소유자수,어업종사자수,0.49988422
주택소유자수,고령자인구,0.4725486
주택소유자수,사회보험가입률,0.44015348
주택소유자수,임가인구,0.35848165
주택소유자수,기성액,0.40937474
주택소유자수,자본금규모,0.32695162
주택소유자수,비임금근로자,0.3677804
주택소유자수,경력단절여성,0.31516775
주택소유자수,사교육참여율,0.31193274
주택소유자수,종사기간,0.35914946
주택소유자수,세대구성,0.3031621
주택소유자수,사업장면적,0.32893562
주택소유자수,경제활동상태,0.4047989
주택소유자수,농업종사가구원,0.45848995
주택소유자수,경력단절여성인구,0.4290386
주택소유자수,마을수,0.38716352
주택소유자수,통계인력,0.3082579
주택소유자수,어업종사기간,0.4248067
주택소유자수,귀화허가자,0.45610392
주택소유자수,가계재무건전성,0.47805494
주택소유자수,월평균소득,0.36197907
주택소유자수,성별어가인구,0.39738178
주택소유자수,출하및연말재고액,0.4041188
주택소유자수,장애인,0.32515317
주택소유자수,임업종사가구원,0.3564617
주택소유자수,연간급여액,0.3696907
주택소유자수,주거전용가구,0.45883384
주택소유자수,수목수,0.35519776
주택소유자수,총조사가구,0.36181778
주택소유자수,월평균가계지출,0.35163668
주택소유자수,상대표준오차,0.42092228
주택소유자수,취업시간,0.3549492
주택소유자수,거주가구수,0.41596565
주택소유자수,재혼신혼부부,0.45290875
주택소유자수,운수비용,0.39446244
주택소유자수,보유농가,0.41801345
주택소유자수,직종별연간급여액,0.30993634
주택소유자수,교육비,0.30858317
주택소유자수,출생아부모,0.41297692
주택소유자수,논벼수확농가,0.4046918
주택소유자수,법인수,0.31378084
주택소유자수,연금가입자,0.45331424
주택소유자수,장비대수,0.34246308
주택소유자수,기혼여자,0.3834824
주택소유자수,주요생산비,0.49374563
주택소유자수,담보부채,0.31404382
주택소유자수,고령자거주가구,0.44689906
주택소유자수,건물연면적규모,0.38592276
주택소유자수,양식장면적,0.4099501
주택소유자수,산업세분류,0.47268543
주택소유자수,신용부채비율,0.392986
주택소유자수,신용부채,0.41506976
주택소유자수,가구당월평균가계지출,0.38711244
주택소유자수,연금수급자,0.34657186
주택소유자수,순자본스톡,0.30991593
주택소유자수,적립금액,0.36176336
주택소유자수,근로여건만족도,0.4877878
주택소유자수,외국인수,0.3848586
주택소유자수,투입물량,0.34834862
가구당월평균가계지출,행위자비율,0.32469794
가구당월평균가계지출,농가수,0.37299106
가구당월평균가계지출,종사자규모,0.41772634
가구당월평균가계지출,통근통학인구,0.44851273
가구당월평균가계지출,기업체수,0.41133854
가구당월평균가계지출,어가인구,0.51015073
가구당월평균가계지출,가구내구재,0.30296144
가구당월평균가계지출,기혼여성인구,0.4900075
가구당월평균가계지출,월평균가계수지,0.5981115
가구당월평균가계지출,어업종사가구원,0.5813942
가구당월평균가계지출,평균시간,0.35219064
가구당월평균가계지출,행위자평균시간,0.5276426
가구당월평균가계지출,어가수,0.421857
가구당월평균가계지출,연간판매액,0.4828302
가구당월평균가계지출,가구당월평균가계수지,0.9038992
가구당월평균가계지출,종사상지위,0.48230913
가구당월평균가계지출,매출액규모,0.4563602
가구당월평균가계지출,유형고정자산,0.48488596
가구당월평균가계지출,가구당가계수지,0.50214523
가구당월평균가계지출,부채잔액,0.40931478
가구당월평균가계지출,어업종사자수,0.5781979
가구당월평균가계지출,고령자인구,0.4982289
가구당월평균가계지출,사회보험가입률,0.54274035
가구당월평균가계지출,이동자수,0.33419475
가구당월평균가계지출,임가인구,0.43621048
가구당월평균가계지출,기성액,0.5527253
가구당월평균가계지출,자본금규모,0.32377014
가구당월평균가계지출,취업여부,0.49669945
가구당월평균가계지출,비임금근로자,0.39993897
가구당월평균가계지출,개인농가,0.31768918
가구당월평균가계지출,사교육참여율,0.3788257
가구당월평균가계지출,종사기간,0.4717894
가구당월평균가계지출,세대구성,0.3303356
가구당월평균가계지출,사업장면적,0.43751922
가구당월평균가계지출,경제활동상태,0.427166
가구당월평균가계지출,농업종사가구원,0.5202506
가구당월평균가계지출,경력단절여성인구,0.4002862
가구당월평균가계지출,마을수,0.47969505
가구당월평균가계지출,통계인력,0.4117028
가구당월평균가계지출,어업종사기간,0.4891545
가구당월평균가계지출,귀화허가자,0.45883307
가구당월평균가계지출,가계재무건전성,0.57328457
가구당월평균가계지출,월평균소득,0.3247599
가구당월평균가계지출,성별어가인구,0.5022934
가구당월평균가계지출,출하및연말재고액,0.5482554
가구당월평균가계지출,임업종사가구원,0.49713382
가구당월평균가계지출,연간급여액,0.41709995
가구당월평균가계지출,주거전용가구,0.47188488
가구당월평균가계지출,부인수,0.35898834
가구당월평균가계지출,1인취업가구,0.39902356
가구당월평균가계지출,수목수,0.3404606
가구당월평균가계지출,총조사가구,0.48442912
가구당월평균가계지출,월평균가계지출,0.74687415
가구당월평균가계지출,상대표준오차,0.52846014
가구당월평균가계지출,취업시간,0.5299771
가구당월평균가계지출,거주가구수,0.55802846
가구당월평균가계지출,사육비,0.41793567
가구당월평균가계지출,재혼신혼부부,0.56904197
가구당월평균가계지출,운수비용,0.56498045
가구당월평균가계지출,EBS교재비,0.38504615
가구당월평균가계지출,보유농가,0.46243685
가구당월평균가계지출,생산자본스톡,0.4705524
가구당월평균가계지출,학생이외인구,0.32580733
가구당월평균가계지출,직종별연간급여액,0.3287273
가구당월평균가계지출,어학연수비용,0.35009208
가구당월평균가계지출,출생아부모,0.4433874
가구당월평균가계지출,논벼수확농가,0.5306004
가구당월평균가계지출,어업경영주,0.4509829
가구당월평균가계지출,법인수,0.3198291
가구당월평균가계지출,연금가입자,0.4258358
가구당월평균가계지출,임가수,0.348492
가구당월평균가계지출,장비대수,0.4945514
가구당월평균가계지출,어업가구,0.30328423
가구당월평균가계지출,기혼여자,0.4196653
가구당월평균가계지출,주요생산비,0.52910405
가구당월평균가계지출,담보부채,0.3272689
가구당월평균가계지출,고령자거주가구,0.6453362
가구당월평균가계지출,건물연면적규모,0.506825
가구당월평균가계지출,산업소분류,0.34643257
가구당월평균가계지출,양식장면적,0.5536153
가구당월평균가계지출,어업법인,0.38509682
가구당월평균가계지출,산업세분류,0.5716326
가구당월평균가계지출,신용부채비율,0.5538311
가구당월평균가계지출,신용부채,0.56570995
가구당월평균가계지출,한육우,0.32485265
가구당월평균가계지출,주택소유자수,0.38711244
가구당월평균가계지출,순자본스톡,0.56313884
가구당월평균가계지출,적립금액,0.50193053
가구당월평균가계지출,무급가사노동,0.31120557
가구당월평균가계지출,근로여건만족도,0.57747287
가구당월평균가계지출,외국인수,0.426815
가구당월평균가계지출,투입물량,0.5413898
연금수급자,사업체수,0.4557654
연금수급자,취업자,0.40378356
연금수급자,종사자수,0.51235026
연금수급자,가구주,0.40807876
연금수급자,사업체,0.32285818
연금수급자,가구원수,0.56900615
연금수급자,소득,0.34707573
연금수급자,취업인구,0.44967642
연금수급자,고령자,0.357482
연금수급자,1인가구,0.3125251
연금수급자,경제활동인구,0.4134617
연금수급자,농가인구,0.3800011
연금수급자,가구원,0.4348413
연금수급자,임금근로자,0.4823781
연금수급자,외국인,0.30135965
연금수급자,비경제활동인구,0.3982594
연금수급자,종사자,0.37430722
연금수급자,급여액,0.46213627
연금수급자,저축액,0.4124856
연금수급자,가구수,0.38922155
연금수급자,실업자,0.36168706
연금수급자,주요지표,0.3013956
연금수급자,연간소득,0.44750497
연금수급자,생산액,0.34219444
연금수급자,고령자인구,0.34252694
연금수급자,재배농가,0.31966975
연금수급자,인건비,0.32244903
연금수급자,종업원수,0.39808872
연금수급자,자녀,0.31598788
연금수급자,영업비용,0.3626031
연금수급자,출생아수,0.31074604
연금수급자,기업수,0.32831976
연금수급자,비임금근로자,0.36826858
연금수급자,경력단절여성,0.43166858
연금수급자,유학생,0.30510178
연금수급자,근로여건,0.39204082
연금수급자,아동인구,0.32851148
연금수급자,세대구성,0.32722226
연금수급자,자원봉사활동,0.31431162
연금수급자,경력단절여성인구,0.30290562
연금수급자,임차료,0.41562933
연금수급자,주택수,0.40814778
연금수급자,월평균소득,0.49070275
연금수급자,호텔업,0.30024582
연금수급자,여성인구,0.43414804
연금수급자,출하액,0.31207484
연금수급자,계약액,0.3858555
연금수급자,가구소득,0.39280954
연금수급자,경지면적,0.3865845
연금수급자,임금수준,0.45386532
연금수급자,경영주,0.44606128
연금수급자,취업자수,0.43739516
연금수급자,순자산,0.30988047
연금수급자,자산현황,0.4157242
연금수급자,근속기간,0.30018178
연금수급자,개인대출,0.4179469
연금수급자,농업법인,0.36532184
연금수급자,교육비,0.3697988
연금수급자,농가부채,0.4499887
연금수급자,보유대수,0.31970537
연금수급자,고용률,0.3286631
연금수급자,기혼자,0.31451666
연금수급자,주택소유자수,0.34657186
연금수급자,구성비,0.33608577
연금수급자,외국인수,0.3052834
연금수급자,기타경비,0.48542908
연금수급자,임금,0.31722826
연금수급자,유연근무제,0.31327552
순자본스톡,종사자규모,0.4070671
순자본스톡,통근통학인구,0.3573843
순자본스톡,기업체수,0.43693185
순자본스톡,어가인구,0.5018376
순자본스톡,기혼여성인구,0.44303787
순자본스톡,월평균가계수지,0.51112384
순자본스톡,어업종사가구원,0.56262404
순자본스톡,평균시간,0.3897288
순자본스톡,행위자평균시간,0.5221381
순자본스톡,어가수,0.3731953
순자본스톡,연간판매액,0.43365103
순자본스톡,가구당월평균가계수지,0.5315223
순자본스톡,종사상지위,0.44175014
순자본스톡,매출액규모,0.41274115
순자본스톡,유형고정자산,0.50352603
순자본스톡,가구당가계수지,0.41183078
순자본스톡,부채잔액,0.32474625
순자본스톡,어업종사자수,0.5492859
순자본스톡,고령자인구,0.4302352
순자본스톡,사회보험가입률,0.4867727
순자본스톡,임가인구,0.48653704
순자본스톡,기성액,0.5420742
순자본스톡,취업여부,0.38559434
순자본스톡,비임금근로자,0.31531668
순자본스톡,사교육참여율,0.3215554
순자본스톡,종사기간,0.46331626
순자본스톡,세대구성,0.33240417
순자본스톡,사업장면적,0.35828462
순자본스톡,경제활동상태,0.45195457
순자본스톡,농업종사가구원,0.5252714
순자본스톡,경력단절여성인구,0.35615423
순자본스톡,마을수,0.47104198
순자본스톡,통계인력,0.33613226
순자본스톡,어업종사기간,0.4586322
순자본스톡,귀화허가자,0.5389326
순자본스톡,가계재무건전성,0.49911606
순자본스톡,성별어가인구,0.50986505
순자본스톡,출하및연말재고액,0.5311825
순자본스톡,임업종사가구원,0.47816172
순자본스톡,연간급여액,0.41945997
순자본스톡,주거전용가구,0.45110723
순자본스톡,1인취업가구,0.38770542
순자본스톡,수목수,0.47332796
순자본스톡,총조사가구,0.44341424
순자본스톡,월평균가계지출,0.57863396
순자본스톡,다문화가구,0.31244323
순자본스톡,상대표준오차,0.48666525
순자본스톡,취업시간,0.41900033
순자본스톡,거주가구수,0.5175355
순자본스톡,사육비,0.4116834
순자본스톡,재혼신혼부부,0.51345253
순자본스톡,운수비용,0.44617754
순자본스톡,EBS교재비,0.38977876
순자본스톡,보유농가,0.43511936
순자본스톡,생산자본스톡,0.5258879
순자본스톡,직종별연간급여액,0.3548607
순자본스톡,어학연수비용,0.3179075
순자본스톡,출생아부모,0.3736648
순자본스톡,논벼수확농가,0.59765136
순자본스톡,어업경영주,0.31946582
순자본스톡,법인수,0.3517529
순자본스톡,연금가입자,0.4195769
순자본스톡,임가수,0.31366283
순자본스톡,장비대수,0.4720993
순자본스톡,기혼여자,0.4598971
순자본스톡,주요생산비,0.43709707
순자본스톡,담보부채,0.34032574
순자본스톡,고령자거주가구,0.5396161
순자본스톡,건물연면적규모,0.49887794
순자본스톡,산업소분류,0.35649598
순자본스톡,양식장면적,0.54397386
순자본스톡,어업법인,0.34059453
순자본스톡,산업세분류,0.52614176
순자본스톡,신용부채비율,0.41177943
순자본스톡,신용부채,0.44861317
순자본스톡,주택소유자수,0.30991593
순자본스톡,가구당월평균가계지출,0.56313884
순자본스톡,적립금액,0.58014035
순자본스톡,근로여건만족도,0.5115599
순자본스톡,외국인수,0.36317506
순자본스톡,투입물량,0.40797022
육계,농가,0.35090736
육계,임가,0.3032563
육계,소득,0.3751584
육계,농가인구,0.3215115
육계,재배면적,0.3231605
육계,생산액,0.3148616
육계,재배농가,0.39031157
육계,연령,0.33237967
육계,젖소,0.35101172
육계,영업비용,0.3465771
육계,총자산,0.33443436
육계,기업수,0.32003644
육계,수입액,0.42663765
육계,생산비,0.35066617
육계,계약액,0.33340588
육계,경지면적,0.34050903
육계,취업자수,0.30264834
육계,육우,0.43788728
육계,산란계,0.44836447
육계,임금,0.30451426
육계,돼지,0.36798984
적립금액,종사자규모,0.39000782
적립금액,통근통학인구,0.34798217
적립금액,기업체수,0.37461388
적립금액,어가인구,0.579495
적립금액,기혼여성인구,0.41891295
적립금액,월평균가계수지,0.5099704
적립금액,어업종사가구원,0.5699975
적립금액,평균시간,0.45670906
적립금액,행위자평균시간,0.60539573
적립금액,어가수,0.45026246
적립금액,연간판매액,0.4942371
적립금액,가구당월평균가계수지,0.51168364
적립금액,재등록자,0.31328976
적립금액,종사상지위,0.5060509
적립금액,매출액규모,0.42386648
적립금액,유형고정자산,0.5343501
적립금액,가구당가계수지,0.469195
적립금액,부채잔액,0.35826936
적립금액,어업종사자수,0.5724595
적립금액,고령자인구,0.49017256
적립금액,사회보험가입률,0.5820014
적립금액,임가인구,0.460566
적립금액,기성액,0.62806845
적립금액,취업여부,0.39095914
적립금액,비임금근로자,0.30764547
적립금액,사교육참여율,0.31440878
적립금액,종사기간,0.48130962
적립금액,세대구성,0.3225584
적립금액,사업장면적,0.44727066
적립금액,경제활동상태,0.4872836
적립금액,농업종사가구원,0.5228883
적립금액,경력단절여성인구,0.36242616
적립금액,마을수,0.50252706
적립금액,통계인력,0.3740199
적립금액,어업종사기간,0.475767
적립금액,귀화허가자,0.5736526
적립금액,가계재무건전성,0.5989924
적립금액,성별어가인구,0.57023597
적립금액,출하및연말재고액,0.56268656
적립금액,임업종사가구원,0.48797587
적립금액,연간급여액,0.49213812
적립금액,주거전용가구,0.45776907
적립금액,1인취업가구,0.42472446
적립금액,수목수,0.5132871
적립금액,총조사가구,0.49815825
적립금액,월평균가계지출,0.50879973
적립금액,다문화가구,0.32178766
적립금액,상대표준오차,0.534624
적립금액,취업시간,0.42755938
적립금액,거주가구수,0.5308655
적립금액,사육비,0.5476323
적립금액,재혼신혼부부,0.52284247
적립금액,운수비용,0.48774078
적립금액,보유농가,0.537927
적립금액,생산자본스톡,0.5327703
적립금액,직종별연간급여액,0.3950188
적립금액,어학연수비용,0.3793404
적립금액,출생아부모,0.43506166
적립금액,논벼수확농가,0.6037747
적립금액,어업경영주,0.30223423
적립금액,법인수,0.4759272
적립금액,연금가입자,0.4526283
적립금액,임가수,0.38249356
적립금액,장비대수,0.43618673
적립금액,기혼여자,0.49603066
적립금액,주요생산비,0.5124338
적립금액,사육현황,0.33526543
적립금액,고령자거주가구,0.5923781
적립금액,건물연면적규모,0.5245582
적립금액,산업소분류,0.34308028
적립금액,양식장면적,0.52061313
적립금액,산업세분류,0.5771156
적립금액,신용부채비율,0.44441095
적립금액,신용부채,0.43970683
적립금액,한육우,0.3132778
적립금액,주택소유자수,0.36176336
적립금액,가구당월평균가계지출,0.50193053
적립금액,순자본스톡,0.58014035
적립금액,무급가사노동,0.33725822
적립금액,근로여건만족도,0.6410999
적립금액,외국인수,0.46406576
적립금액,투입물량,0.45500743
통근인구,월평균가계수지,0.32764664
통근인구,어업종사가구원,0.32069263
통근인구,행위자평균시간,0.32890186
통근인구,유형고정자산,0.30154353
통근인구,어업종사자수,0.3052393
통근인구,임가인구,0.3075485
통근인구,자본금규모,0.31245822
통근인구,취업여부,0.35751796
통근인구,어업종사기간,0.30367827
통근인구,출하및연말재고액,0.3162173
통근인구,상대표준오차,0.30477926
통근인구,취업시간,0.34677973
통근인구,재혼신혼부부,0.32671624
통근인구,생산자본스톡,0.30150682
통근인구,학생이외인구,0.30297783
통근인구,논벼수확농가,0.3252056
통근인구,법인수,0.31131938
통근인구,산업세분류,0.3085776
통근인구,신용부채비율,0.36619765
통근인구,신용부채,0.36175558
통근인구,근로여건만족도,0.33185858
무급가사노동,종사자규모,0.34035674
무급가사노동,어가인구,0.39931446
무급가사노동,기혼여성인구,0.38217163
무급가사노동,월평균가계수지,0.37246317
무급가사노동,어업종사가구원,0.39174
무급가사노동,행위자평균시간,0.371041
무급가사노동,연간판매액,0.40378276
무급가사노동,가구당월평균가계수지,0.31560427
무급가사노동,종사상지위,0.37694597
무급가사노동,유형고정자산,0.3787268
무급가사노동,어업종사자수,0.4349357
무급가사노동,사회보험가입률,0.3818177
무급가사노동,임가인구,0.33334327
무급가사노동,기성액,0.39452684
무급가사노동,취업여부,0.35675406
무급가사노동,사교육참여율,0.3066599
무급가사노동,사업장면적,0.31269842
무급가사노동,경제활동상태,0.336498
무급가사노동,어업종사기간,0.31890407
무급가사노동,가계재무건전성,0.36951518
무급가사노동,성별어가인구,0.3681177
무급가사노동,출하및연말재고액,0.40852037
무급가사노동,연간급여액,0.31822392
무급가사노동,1인취업가구,0.319238
무급가사노동,총조사가구,0.3347843
무급가사노동,월평균가계지출,0.38271102
무급가사노동,상대표준오차,0.3422036
무급가사노동,취업시간,0.3615124
무급가사노동,거주가구수,0.3491879
무급가사노동,사육비,0.31557173
무급가사노동,재혼신혼부부,0.3956449
무급가사노동,운수비용,0.30990615
무급가사노동,보유농가,0.35561103
무급가사노동,생산자본스톡,0.31177747
무급가사노동,직종별연간급여액,0.3124294
무급가사노동,출생아부모,0.30554342
무급가사노동,논벼수확농가,0.3623843
무급가사노동,장비대수,0.31215018
무급가사노동,주요생산비,0.3848537
무급가사노동,고령자거주가구,0.39830747
무급가사노동,건물연면적규모,0.4025197
무급가사노동,양식장면적,0.33718678
무급가사노동,산업세분류,0.36044496
무급가사노동,신용부채비율,0.3717728
무급가사노동,신용부채,0.39938328
무급가사노동,가구당월평균가계지출,0.31120557
무급가사노동,적립금액,0.33725822
무급가사노동,근로여건만족도,0.42944127
무급가사노동,외국인수,0.3405388
무급가사노동,투입물량,0.34736526
근로여건만족도,사업체수,0.34165993
근로여건만족도,종사자수,0.31254238
근로여건만족도,행위자비율,0.39707083
근로여건만족도,농가수,0.4680212
근로여건만족도,종사자규모,0.554583
근로여건만족도,통근통학인구,0.41618454
근로여건만족도,기업체수,0.5184153
근로여건만족도,어가인구,0.68076074
근로여건만족도,가구내구재,0.42574248
근로여건만족도,기혼여성인구,0.5440685
근로여건만족도,월평균가계수지,0.68644106
근로여건만족도,어업종사가구원,0.6738134
근로여건만족도,재배면적,0.31200603
근로여건만족도,평균시간,0.49725452
근로여건만족도,행위자평균시간,0.62872326
근로여건만족도,어가수,0.53360116
근로여건만족도,연간판매액,0.6080934
근로여건만족도,가구당월평균가계수지,0.6308535
근로여건만족도,재등록자,0.41308835
근로여건만족도,종사상지위,0.6547185
근로여건만족도,매출액규모,0.5484555
근로여건만족도,유형고정자산,0.6410589
근로여건만족도,가구당가계수지,0.5203728
근로여건만족도,부채잔액,0.4072383
근로여건만족도,어업종사자수,0.6954588
근로여건만족도,고령자인구,0.6012305
근로여건만족도,사회보험가입률,0.6572148
근로여건만족도,이동자수,0.33536795
근로여건만족도,맞벌이가구,0.3340209
근로여건만족도,임가인구,0.5810535
근로여건만족도,기성액,0.70845354
근로여건만족도,자본금규모,0.3909179
근로여건만족도,취업여부,0.5265341
근로여건만족도,비임금근로자,0.45804614
근로여건만족도,개인농가,0.38330647
근로여건만족도,사교육참여율,0.47242287
근로여건만족도,종사기간,0.51840204
근로여건만족도,세대구성,0.3856275
근로여건만족도,사업장면적,0.5251508
근로여건만족도,경제활동상태,0.5073823
근로여건만족도,농업종사가구원,0.614566
근로여건만족도,경력단절여성인구,0.44168717
근로여건만족도,마을수,0.54791397
근로여건만족도,통계인력,0.4326568
근로여건만족도,어업종사기간,0.54726523
근로여건만족도,귀화허가자,0.67221004
근로여건만족도,가계재무건전성,0.7022152
근로여건만족도,월평균소득,0.3820824
근로여건만족도,성별어가인구,0.60972637
근로여건만족도,출하및연말재고액,0.7188927
근로여건만족도,임업종사가구원,0.5575463
근로여건만족도,연간급여액,0.5859867
근로여건만족도,주거전용가구,0.59207845
근로여건만족도,부인수,0.41167176
근로여건만족도,1인취업가구,0.58675843
근로여건만족도,수목수,0.5150129
근로여건만족도,총조사가구,0.5275535
근로여건만족도,월평균가계지출,0.6224782
근로여건만족도,다문화가구,0.32279226
근로여건만족도,상대표준오차,0.6679817
근로여건만족도,취업시간,0.53208935
근로여건만족도,거주가구수,0.644158
근로여건만족도,사육비,0.5481003
근로여건만족도,재혼신혼부부,0.62337935
근로여건만족도,운수비용,0.581141
근로여건만족도,EBS교재비,0.42162466
근로여건만족도,보유농가,0.6425136
근로여건만족도,생산자본스톡,0.54678226
근로여건만족도,학생이외인구,0.3624286
근로여건만족도,직종별연간급여액,0.47201332
근로여건만족도,어학연수비용,0.3811768
근로여건만족도,출생아부모,0.5742357
근로여건만족도,논벼수확농가,0.6948264
근로여건만족도,어업경영주,0.41121292
근로여건만족도,법인수,0.6259883
근로여건만족도,연금가입자,0.5642291
근로여건만족도,임가수,0.5070489
근로여건만족도,장비대수,0.48271248
근로여건만족도,어업가구,0.3408165
근로여건만족도,기혼여자,0.5703049
근로여건만족도,주요생산비,0.642219
근로여건만족도,담보부채,0.33435452
근로여건만족도,사육현황,0.41378134
근로여건만족도,고령자거주가구,0.740522
근로여건만족도,건물연면적규모,0.6102386
근로여건만족도,산업소분류,0.36589828
근로여건만족도,양식장면적,0.62708336
근로여건만족도,어업법인,0.30835292
근로여건만족도,산업세분류,0.7184923
근로여건만족도,신용부채비율,0.617466
근로여건만족도,신용부채,0.62676823
근로여건만족도,한육우,0.3606075
근로여건만족도,주택소유자수,0.4877878
근로여건만족도,가구당월평균가계지출,0.57747287
근로여건만족도,순자본스톡,0.5115599
근로여건만족도,적립금액,0.6410999
근로여건만족도,통근인구,0.33185858
근로여건만족도,무급가사노동,0.42944127
근로여건만족도,외국인수,0.49228278
근로여건만족도,투입물량,0.6122795
구성비,인구,0.39283514
구성비,가구,0.3184313
구성비,사업체수,0.6059878
구성비,취업자,0.4090824
구성비,종사자수,0.5100501
구성비,면적,0.33680147
구성비,가구주,0.37114516
구성비,성별,0.36871788
구성비,사업체,0.325685
구성비,일반가구,0.3407587
구성비,농가수,0.34584218
구성비,매출액,0.4260699
구성비,가구원수,0.50198126
구성비,소득,0.30524716
구성비,취업인구,0.44687107
구성비,고령자,0.31327346
구성비,1인가구,0.33520728
구성비,경제활동인구,0.4266836
구성비,농가인구,0.41353622
구성비,가구원,0.38489327
구성비,임금근로자,0.39283445
구성비,재배면적,0.3586782
구성비,부가가치,0.33142763
구성비,비경제활동인구,0.3238307
구성비,급여액,0.36592686
구성비,저축액,0.34018704
구성비,가구수,0.5027198
구성비,혼인상태,0.45586908
구성비,주요지표,0.40696096
구성비,연간소득,0.33840647
구성비,유업자,0.34837955
구성비,조직형태,0.3484855
구성비,생산액,0.47441986
구성비,종업원수,0.47384685
구성비,연령,0.3791987
구성비,영업비용,0.39972273
구성비,출생아수,0.44853047
구성비,교육정도,0.37504524
구성비,총자산,0.4123924
구성비,기업수,0.38316843
구성비,수입액,0.45847884
구성비,비임금근로자,0.3825287
구성비,아동인구,0.4223596
구성비,사망자수,0.41661155
구성비,임차료,0.36610994
구성비,점포수,0.45566225
구성비,주택수,0.44445062
구성비,월평균소득,0.45158276
구성비,여성인구,0.4864756
구성비,출하액,0.4582855
구성비,계약액,0.32749262
구성비,가구소득,0.5144519
구성비,기업규모,0.39442322
구성비,판매액,0.37999734
구성비,경지면적,0.37708652
구성비,임금수준,0.4189286
구성비,취업자수,0.57792705
구성비,순자산,0.35688895
구성비,자산현황,0.41067234
구성비,근속기간,0.38675717
구성비,객실수,0.34752002
구성비,보유대수,0.39895907
구성비,고용률,0.39754343
구성비,소비자물가지수,0.31961846
구성비,연금수급자,0.33608577
구성비,기타경비,0.3157595
외국인수,종사자규모,0.3111801
외국인수,통근통학인구,0.31118587
외국인수,기업체수,0.35833022
외국인수,어가인구,0.4389497
외국인수,기혼여성인구,0.4356289
외국인수,월평균가계수지,0.46279195
외국인수,어업종사가구원,0.45850992
외국인수,행위자평균시간,0.41523775
외국인수,어가수,0.3351249
외국인수,연간판매액,0.33654442
외국인수,가구당월평균가계수지,0.47211152
외국인수,재등록자,0.3234809
외국인수,종사상지위,0.5164301
외국인수,매출액규모,0.36333162
외국인수,유형고정자산,0.41308638
외국인수,가구당가계수지,0.40127772
외국인수,어업종사자수,0.43870193
외국인수,고령자인구,0.4531343
외국인수,사회보험가입률,0.4914229
외국인수,임가인구,0.5037115
외국인수,기성액,0.390949
외국인수,취업여부,0.41037324
외국인수,비임금근로자,0.35085133
외국인수,사교육참여율,0.31388348
외국인수,종사기간,0.3692405
외국인수,사업장면적,0.3902886
외국인수,경제활동상태,0.44204488
외국인수,농업종사가구원,0.42922187
외국인수,경력단절여성인구,0.32123187
외국인수,통계인력,0.3289073
외국인수,어업종사기간,0.35673246
외국인수,귀화허가자,0.45503837
외국인수,가계재무건전성,0.5184084
외국인수,월평균소득,0.3105873
외국인수,성별어가인구,0.4729858
외국인수,출하및연말재고액,0.48972362
외국인수,임업종사가구원,0.39484888
외국인수,연간급여액,0.4116987
외국인수,주거전용가구,0.42951804
외국인수,수목수,0.42633852
외국인수,총조사가구,0.39374906
외국인수,월평균가계지출,0.3985673
외국인수,상대표준오차,0.4258493
외국인수,취업시간,0.39860892
외국인수,거주가구수,0.41672388
외국인수,사육비,0.409186
외국인수,재혼신혼부부,0.41426983
외국인수,운수비용,0.46041268
외국인수,EBS교재비,0.39817804
외국인수,보유농가,0.480195
외국인수,생산자본스톡,0.41282302
외국인수,직종별연간급여액,0.38466227
외국인수,어학연수비용,0.30310696
외국인수,출생아부모,0.37234074
외국인수,논벼수확농가,0.52358127
외국인수,어업경영주,0.32004973
외국인수,연금가입자,0.3771779
외국인수,임가수,0.3246964
외국인수,장비대수,0.3706499
외국인수,기혼여자,0.35600862
외국인수,주요생산비,0.44028747
외국인수,담보부채,0.3312123
외국인수,고령자거주가구,0.45653903
외국인수,건물연면적규모,0.50258255
외국인수,산업소분류,0.46689186
외국인수,양식장면적,0.49589142
외국인수,산업세분류,0.5261689
외국인수,신용부채비율,0.44744697
외국인수,신용부채,0.48650146
외국인수,주택소유자수,0.3848586
외국인수,가구당월평균가계지출,0.426815
외국인수,연금수급자,0.3052834
외국인수,순자본스톡,0.36317506
외국인수,적립금액,0.46406576
외국인수,무급가사노동,0.3405388
외국인수,근로여건만족도,0.49228278
외국인수,투입물량,0.41316286
투입물량,행위자비율,0.3412622
투입물량,종사자규모,0.4207681
투입물량,통근통학인구,0.38442132
투입물량,기업체수,0.4333071
투입물량,어가인구,0.46742743
투입물량,기혼여성인구,0.48289716
투입물량,월평균가계수지,0.56192833
투입물량,어업종사가구원,0.57682467
투입물량,평균시간,0.3511961
투입물량,행위자평균시간,0.5062899
투입물량,어가수,0.3914692
투입물량,연간판매액,0.48668876
투입물량,가구당월평균가계수지,0.5816906
투입물량,재등록자,0.30089682
투입물량,종사상지위,0.4525379
투입물량,매출액규모,0.49056658
투입물량,유형고정자산,0.4936304
투입물량,가구당가계수지,0.4840013
투입물량,어업종사자수,0.5894944
투입물량,고령자인구,0.45199746
투입물량,사회보험가입률,0.5675661
투입물량,맞벌이가구,0.32368985
투입물량,임가인구,0.44065908
투입물량,기성액,0.5402556
투입물량,자본금규모,0.3002254
투입물량,취업여부,0.49568638
투입물량,비임금근로자,0.38714513
투입물량,개인농가,0.34759665
투입물량,사교육참여율,0.37691307
투입물량,종사기간,0.44513512
투입물량,세대구성,0.30716515
투입물량,사업장면적,0.42935997
투입물량,경제활동상태,0.46711224
투입물량,농업종사가구원,0.49893847
투입물량,경력단절여성인구,0.3902136
투입물량,마을수,0.4619018
투입물량,어업종사기간,0.47972852
투입물량,귀화허가자,0.52159494
투입물량,가계재무건전성,0.5932263
투입물량,성별어가인구,0.47805476
투입물량,출하및연말재고액,0.5143812
투입물량,임업종사가구원,0.4792968
투입물량,연간급여액,0.37991962
투입물량,주거전용가구,0.44106996
투입물량,부인수,0.43082657
투입물량,1인취업가구,0.43871346
투입물량,수목수,0.43509302
투입물량,총조사가구,0.44011417
투입물량,월평균가계지출,0.5081356
투입물량,다문화가구,0.30682588
투입물량,상대표준오차,0.56804585
투입물량,취업시간,0.58381814
투입물량,거주가구수,0.56776565
투입물량,사육비,0.45961365
투입물량,재혼신혼부부,0.56065935
투입물량,운수비용,0.57840645
투입물량,EBS교재비,0.4064652
투입물량,보유농가,0.46145135
투입물량,생산자본스톡,0.4686566
투입물량,학생이외인구,0.32354373
투입물량,직종별연간급여액,0.3036313
투입물량,어학연수비용,0.4095415
투입물량,출생아부모,0.46901032
투입물량,논벼수확농가,0.54363245
투입물량,어업경영주,0.3445177
투입물량,법인수,0.37839833
투입물량,연금가입자,0.40763897
투입물량,임가수,0.40412724
투입물량,장비대수,0.45213696
투입물량,기혼여자,0.44685274
투입물량,주요생산비,0.552396
투입물량,사육현황,0.35245782
투입물량,고령자거주가구,0.59420985
투입물량,건물연면적규모,0.46908233
투입물량,양식장면적,0.49081254
투입물량,산업세분류,0.53647095
투입물량,신용부채비율,0.625831
투입물량,신용부채,0.62607986
투입물량,한육우,0.38072318
투입물량,주택소유자수,0.34834862
투입물량,가구당월평균가계지출,0.5413898
투입물량,순자본스톡,0.40797022
투입물량,적립금액,0.45500743
투입물량,무급가사노동,0.34736526
투입물량,근로여건만족도,0.6122795
투입물량,외국인수,0.41316286
기타경비,사업체수,0.38799143
기타경비,종사자수,0.46318746
기타경비,가구주,0.3039078
기타경비,사업체,0.30126604
기타경비,일반가구,0.3464211
기타경비,농가수,0.36401442
기타경비,가구원수,0.54060966
기타경비,소득,0.3087509
기타경비,가구원,0.43413043
기타경비,임금근로자,0.37130672
기타경비,급여액,0.4620526
기타경비,저축액,0.4412612
기타경비,가구수,0.31780252
기타경비,혼인상태,0.3346174
기타경비,주요지표,0.34716195
기타경비,연간소득,0.42765525
기타경비,생산액,0.3560746
기타경비,재배농가,0.32061332
기타경비,인건비,0.38524815
기타경비,종업원수,0.38002768
기타경비,영업비용,0.40969712
기타경비,기업수,0.4033713
기타경비,수입액,0.3059531
기타경비,임차료,0.509095
기타경비,월평균소득,0.43958125
기타경비,호텔업,0.36384845
기타경비,출하액,0.31761262
기타경비,계약액,0.48230475
기타경비,가구소득,0.38102722
기타경비,판매액,0.3583463
기타경비,경지면적,0.3156383
기타경비,임금수준,0.37395456
기타경비,경영주,0.39284965
기타경비,취업자수,0.33557034
기타경비,순자산,0.337528
기타경비,자산현황,0.4687099
기타경비,개인대출,0.34870893
기타경비,농업법인,0.33587292
기타경비,교육비,0.41481
기타경비,농가부채,0.39788923
기타경비,객실수,0.3560045
기타경비,보유대수,0.35105067
기타경비,연금수급자,0.48542908
기타경비,구성비,0.3157595
산란계,농가,0.51429504
산란계,사업체수,0.35916218
산란계,종사자수,0.36157927
산란계,임가,0.33176896
산란계,농가수,0.31441718
산란계,가구원수,0.32004243
산란계,농가인구,0.46621758
산란계,재배면적,0.5000859
산란계,가구수,0.30805072
산란계,재배농가,0.602775
산란계,젖소,0.50832963
산란계,수입액,0.33731675
산란계,생산비,0.40531155
산란계,마리,0.30555916
산란계,임차료,0.3354409
산란계,여성인구,0.31631505
산란계,계약액,0.31526628
산란계,판매액,0.32766005
산란계,경지면적,0.41466838
산란계,육우,0.3944583
산란계,농업법인,0.36101386
산란계,농가부채,0.43332878
산란계,농기계,0.45467862
산란계,어항시설,0.31819344
산란계,육계,0.44836447
산란계,돼지,0.4455198
임금,취업자,0.3169534
임금,어가,0.30472955
임금,소득,0.4271139
임금,부채,0.31119055
임금,임금근로자,0.34706572
임금,급여액,0.36559263
임금,인건비,0.354778
임금,연령,0.34680793
임금,근로여건,0.42212304
임금,임차료,0.3132021
임금,계약액,0.3007108
임금,가구소득,0.3387894
임금,임금수준,0.4832246
임금,직장,0.3499847
임금,취업자수,0.33607623
임금,근속기간,0.3819361
임금,육우,0.31389865
임금,실업률,0.33098042
임금,농가부채,0.30548894
임금,고용률,0.34822413
임금,연금수급자,0.31722826
임금,육계,0.30451426
임금,유연근무제,0.32713565
유연근무제,사업체수,0.31054497
유연근무제,취업자,0.34920248
유연근무제,일자리,0.3050912
유연근무제,가구원수,0.33305314
유연근무제,취업인구,0.32519644
유연근무제,1인가구,0.33534282
유연근무제,경제활동인구,0.3182482
유연근무제,농가인구,0.30129796
유연근무제,임금근로자,0.35380718
유연근무제,주요지표,0.33462265
유연근무제,방과후학교,0.3412472
유연근무제,조직형태,0.36968848
유연근무제,고령자인구,0.30380142
유연근무제,인건비,0.30216524
유연근무제,비임금근로자,0.33899182
유연근무제,경력단절여성,0.35989574
유연근무제,근로여건,0.44838488
유연근무제,월평균소득,0.31387
유연근무제,가구소득,0.33002335
유연근무제,기업규모,0.30709243
유연근무제,임금수준,0.45486015
유연근무제,직장,0.36772415
유연근무제,근속기간,0.31581557
유연근무제,고용률,0.36690736
유연근무제,연금수급자,0.31327552
유연근무제,임금,0.32713565
유연근무제,사교육비,0.31921342
돼지,젖소,0.56595933
돼지,마리,0.38418555
돼지,육우,0.46475926
돼지,육계,0.36798984
돼지,산란계,0.4455198
사교육비,인구,0.30630657
사교육비,일자리,0.3435721
사교육비,소득,0.36565876
사교육비,1인가구,0.33831623
사교육비,경제활동인구,0.32725736
사교육비,농가인구,0.37754706
사교육비,임금근로자,0.33384833
사교육비,재배면적,0.31287986
사교육비,저축액,0.34170255
사교육비,가구수,0.30563396
사교육비,실업자,0.3445644
사교육비,방과후학교,0.36965606
사교육비,인건비,0.36683524
사교육비,자녀,0.33122283
사교육비,출생아수,0.39581144
사교육비,근로여건,0.32252464
사교육비,생산비,0.32681057
사교육비,월평균소득,0.31509495
사교육비,여성인구,0.3301871
사교육비,가구소득,0.4409689
사교육비,취업자수,0.3673583
사교육비,교육비,0.5221732
사교육비,실업률,0.36647958
사교육비,농가부채,0.42692354
사교육비,고용률,0.4230988
사교육비,유연근무제,0.31921342
