통계표ID,통계표명,승인번호,기관코드,주기,시작연도,마지막연도,지역,연령대,대상,구분
DT_1SA100,"세종특별자치시 농가, 농가인구",13002,101,부정기,2013,2013,세종,,"농가,농가인구",
DT_1SA101,경지규모별 농가수,13002,101,부정기,2013,2013,,,농가수,경지규모별
DT_1SA1011,논면적규모별 농가수,13002,101,부정기,2013,2013,,,농가수,논면적규모별
DT_1SA1011_01,"농가수, 논면적",13002,101,부정기,2013,2013,,,"농가수,논면적",
DT_1SA1013,밭면적규모별 농가수,13002,101,부정기,2013,2013,,,농가수,밭면적규모별
DT_1SA1013_01,"농가수, 밭면적",13002,101,부정기,2013,2013,,,"농가수,밭면적",
DT_1SA1015,과수원면적규모별 농가수,13002,101,부정기,2013,2013,,,농가수,과수원면적규모별
DT_1SA1015_01,과수원면적,13002,101,부정기,2013,2013,,,과수원면적,품목별
DT_1SA101_01,"농가수, 경지면적",13002,101,부정기,2013,2013,,,"농가수,경지면적",
DT_1SA102,경영형태별 농가수,13002,101,부정기,2013,2013,,,농가수,경영형태별
DT_1SA103,전겸업별 농가,13002,101,부정기,2013,2013,,,농가,전겸업별
DT_1SA104,가구원수별 농가수,13002,101,부정기,2013,2013,,,"농가수,가구원수",가구원수별
DT_1SA104_01,평균가수원수,13002,101,부정기,2013,2013,,,가수원수,
DT_1SA105,세대구성별 농가수,13002,101,부정기,2013,2013,,,농가수,세대구성별
DT_1SA107,경영주연령(5세계급)별/교육정도별 농가수,13002,101,부정기,2013,2013,,,농가수,"경영주연령별,교육정도별"
DT_1SA108,경영주농사경력기간별 농가수,13002,101,부정기,2013,2013,,,농가수,경영주농사경력기간별
DT_1SA117,농축산물판매금액별 농가,13002,101,부정기,2013,2013,,,농가,농축산물판매금액별
DT_1SA118,농축산물판매처별 농가수,13002,101,부정기,2013,2013,,,농가수,판매처별
DT_1SA120,주요과수재배시설별 농가수,13002,101,부정기,2013,2013,,,농가수,주요과수재배시설별
DT_1SA201,"연령(각세)별/성별 농가인구, 성비",13002,101,부정기,2013,2013,,,농가인구,"연령별,성별"
DT_1SA202,연령(5세계급)별/성별 농가인구,13002,101,부정기,2013,2013,,,농가인구,"연령별,성별"
DT_1SA401,논벼수확면적규모별 농가수,13002,101,부정기,2013,2013,,,논벼수확면적규모별농가수,규모별
DT_1SA401_01,수확면적,13002,101,부정기,2013,2013,,,수확면적,"품목별,행정구역별"
DT_1SA402,"수확규모별/식량작물(논벼제외)별 농가수, 면적",13002,101,부정기,2013,2013,,,"농가수,면적","수확규모별,식량작물,논벼제외별"
DT_1SA403,"수확규모별/작물별(채소, 특용작물, 화초작물, 기타 작물) 농가수, 면적",13002,101,부정기,2013,2013,,,"농가수,면적","수확규모별,작물별"
DT_1SA408,"시설작물별 농가수, 면적",13002,101,부정기,2013,2013,,,"농가수,면적",시설작물별
DT_1SA4086,시설수박수확면적규모별 농가수,13002,101,부정기,2013,2013,,,농가수,시설수박수확면적규모별
DT_1SA4086_01,시설수박 수확면적,13002,101,부정기,2013,2013,,,"시설수박,수확면적",행정구역별
DT_1SA4088,시설딸기수확면적 규모별 농가수,13002,101,부정기,2013,2013,,,농가수,규모별
DT_1SA4088_01,시설딸기 수확면적,13002,101,부정기,2013,2013,,,"시설딸기,수확면적",행정구역별
DT_1SA409,과수재배규모별 농가수,13002,101,부정기,2013,2013,,,농가수,과수재배규모별
DT_1SA4093,경지규모별/복숭아재배면적및수확면적규모별 농가수,13002,101,부정기,2013,2013,,,경지규모별복숭아재배면적및수확면적규모별농가수,"경지규모별,복숭아재배면적및수확면적규모별"
DT_1SA4093_01,"복숭아 재배면적, 수확면적",13002,101,부정기,2013,2013,,,"재배면적,수확면적",품목별
DT_1SA409_01,과수종류별 면적,13002,101,부정기,2013,2013,,,면적,과수종류별
DT_1SA4103,과수재배규모별/복숭아 주된 재배품종별 농가수,13002,101,부정기,2013,2013,,,농가수,"과수재배규모별,복숭아주된재배품종별"
DT_1SA501,가축종류별 사육 농가수,13002,101,부정기,2013,2013,,,사육농가수,가축종류별
DT_1SA501_01,가축종류별 사육 마리(통)수,13002,101,부정기,2013,2013,,,"가축,마리수",가축종류별
DT_1SC1001,"가구형태별 가구, 가구원수",13002,101,부정기,2013,2013,,,"가구,가구원수","가구형태별,가구원수별"
DT_1SC1002,가구원수별/방·거실·식사용방수별 일반가구수,13002,101,부정기,2013,2013,,,일반가구수,"가구원수별,방거실식사용방수별"
DT_1SC1003,가구원수별/거처종류별/사용방수별 일반가구수,13002,101,부정기,2013,2013,,,일반가구수,"가구원수별,거처종류별,사용방수별"
DT_1SC1003_01,가구원수별/거처종류별 평균 사용방수,13002,101,부정기,2013,2013,,,"가구원수,거처종류,평균사용방수","가구원수별,거처종류별"
DT_1SC1004,거처종류별/주거시설형태별 일반가구수,13002,101,부정기,2013,2013,,,일반가구수,"거처종류별,주거시설형태별"
DT_1SC1005,가구주연령별/가구원수별 일반가구수,13002,101,부정기,2013,2013,,,일반가구수,"가구주연령별,가구원수별"
DT_1SC1005_01,가구주연령별 평균 가구원수,13002,101,부정기,2013,2013,,,평균가구원수,가구주연령별
DT_1SC1006,가구주의 성별/연령별/혼인상태별 일반가구수,13002,101,부정기,2013,2013,,,일반가구수,"성별,연령별,혼인상태별"
DT_1SC1007,가구주의 성별/연령별/거처종류별 일반가구수,13002,101,부정기,2013,2013,,,일반가구수,"성별,연령별,거처종류별"
DT_1SC1008,"세대구성별 일반가구수, 일반가구원수",13002,101,부정기,2013,2013,,,"일반가구수,일반가구원수",세대구성별
DT_1SC1009,세대구성별/가구원수별 일반가구수,13002,101,부정기,2013,2013,,,일반가구수,"세대구성별,가구원수별"
DT_1SC1009_01,세대구성별 평균 가구원수,13002,101,부정기,2013,2013,,,가구원수,세대구성별
DT_1SC1010,가구주의 성별/연령별/세대구성별 일반가구수,13002,101,부정기,2013,2013,,,일반가구수,"성별,연령별,세대구성별"
DT_1SF101,산림보유 면적 규모별 임가수,13002,101,부정기,2013,2013,,,임가수,면적별
DT_1SF101_01,"임가수, 산림면적",13002,101,부정기,2013,2013,,,"임가수,산림면적",산림면적별
DT_1SF102,전겸업별 임가수,13002,101,부정기,2013,2013,,,임가수,전겸업별
DT_1SF103,임업경영형태별 임가수,13002,101,부정기,2013,2013,,,임가수,임업경영형태별
DT_1SF105,가구원수별 임가수,13002,101,부정기,2013,2013,,,"가구원수,임가수",가구원수별
DT_1SF105_01,"임가수, 가구원수",13002,101,부정기,2013,2013,,,"임가수,가구원수",가구원수별
DT_1SF106,세대구성별 임가수,13002,101,부정기,2013,2013,,,임가수,세대구성별
DT_1SF108,경영주연령(5세계급)별/교육정도별 임가수,13002,101,부정기,2013,2013,,,임가수,"경영주연령별,교육정도별"
DT_1SF202,경영주임업종사기간별 임가수,13002,101,부정기,2013,2013,,,임가수,경영주임업종사기간별
DT_1SF205,임산물판매금액별 임가수,13002,101,부정기,2013,2013,,,임가수,임산물판매금액별
DT_1SF301,"연령(각세)별/성별 임가인구,성비",13002,101,부정기,2013,2013,,,임가인구,"연령별,성별"
DT_1SF302,연령(5세계급)별/성별 임가인구,13002,101,부정기,2013,2013,,,임가인구,"연령별,성별"
DT_1SF501,임산물재배품목별 임가수,13002,101,부정기,2013,2013,,,임가수,임산물재배품목별
DT_1SF501_01,임산물재배품목별 재배면적,13002,101,부정기,2013,2013,,,재배면적,임산물재배품목별
DT_1SL1001,성별/거처종류별 1인 가구수,13002,101,부정기,2013,2013,,,1인가구수,"성별,거처종류별"
DT_1SL1002,성별/연령별/교육정도별 1인가구수,13002,101,부정기,2013,2013,,,1인가구수,"성별,연령별,교육정도별"
DT_1SL1003,성별/연령별/혼인상태별 1인가구수(15세이상),13002,101,부정기,2013,2013,,15세이상,1인가구수,"성별,연령별,혼인상태별"
DT_1SN1001,"인구, 가구수, 주택수",13002,101,부정기,2013,2013,,,"인구,가구수,주택수",행정구역별
DT_1SN1002,연령별 성별 인구,13002,101,부정기,2013,2013,,,인구,"연령별,성별"
DT_1SN1003,성별/연령별/교육정도별 인구(6세이상),13002,101,부정기,2013,2013,,6세이상,인구,"성별,연령별,교육정도별"
DT_1SN1004,성별/연령별/혼인상태별 인구(15세이상),13002,101,부정기,2013,2013,,15세이상,인구,"성별,연령별,혼인상태별"
DT_1SN1005,성별/연령별/가구주와의 관계별 인구,13002,101,부정기,2013,2013,,,인구,"성별,연령별,가구주와의관계별"
DT_1SN1006,가구주와의 관계별/성별/혼인상태별 인구,13002,101,부정기,2013,2013,,,"가구주,성별,혼인상태별인구","가구주와의관계별,성별,혼인상태별"
DT_1SR101,총가구수별 행정리수,13002,101,부정기,2013,2013,,,"행정리,총가구수",총가구수별
DT_1SR102,농가수별 행정리수,13002,101,부정기,2013,2013,,,"농가수,행정리수",행정리별
DT_1SR103,임가수별 행정리수,13002,101,부정기,2013,2013,,,행정리,임가수별
DT_1SU1001,주택의 종류별 주택수,13002,101,부정기,2013,2013,,,주택수,종류별
DT_1SU1002,"거처종류별 거처수, 가구수, 가구원수",13002,101,부정기,2013,2013,,,"거처수,가구수,가구원수",거처종류별
DT_1SU1003,주택종류별/연면적별/거주인수별 주택수,13002,101,부정기,2013,2013,,,주택수,"주택종류별,연면적별,거주인수별"
DT_1SU1003_01,주택종류별/연면적별 평균 거주인수,13002,101,부정기,2013,2013,,,거주인수,"주택종류별,연면적별"
DT_1SU1004,주택종류별/총방수별 주택수,13002,101,부정기,2013,2013,,,주택수,"주택종류별,총방수별"
DT_1SU1005,주택종류별/연면적별/총방수별 주택수,13002,101,부정기,2013,2013,,,주택수,"주택종류별,연면적별,총방수별"
DT_1B08024,인구밀도(인구주택총조사기준) - 시도,101001,101,년,1966,2023,,,인구,행정구역별
DT_1B90001,행정구역/가구규모/성별 통근·통학인구(12세이상),101001,101,5년,1995,1995,,12세이상,"가구,인구","행정구역별,가구규모별,성별"
DT_1B90003,대도시/통근통학/성/이용교통수단별 통근·통학인구(12세이상),101001,101,5년,1995,1995,,12세이상,통근통학인구,"이용교통수단별,성,대도시통근통학"
DT_1B90005,시도/소요시간/이용교통수단별 통근·통학인구(12세이상),101001,101,5년,1995,1995,,12세이상,통근통학인구,"행정구역별,소요시간별,이용교통수단별"
DT_1B90007,시도/점유형태/이용교통수단별 통근·통학인구(12세이상),101001,101,5년,1995,1995,,12세이상,통근통학인구,"시도별,점유형태별,이용교통수단별"
DT_1B90008,시도/성/직업/이용교통수단별 통근·통학인구(12세이상),101001,101,5년,1995,1995,,12세이상,통근통학인구,"시도별,성별,직업별,이용교통수단별"
DT_1B90009,시도/성/산업/이용교통수단별 통근·통학인구(12세이상),101001,101,5년,1995,1995,,12세이상,통근통학인구,"시도별,성별,산업별,이용교통수단별"
DT_1B9000A,시도/성/소요시간/학교별 통근·통학인구(12세이상),101001,101,5년,1995,1995,,12세이상,통근통학인구,"행정구역별,성별,학교별"
DT_1B9000D,"현거주지/성/목적지별 통근·통학인구(서울,인천,경기,12세이상)",101001,101,5년,1995,1995,"경기, 서울, 인천",12세이상,통근통학인구,"현거주지별,목적지별"
DT_1B9000E,"현거주지/성/목적지별 통근·통학인구(부산,경남,12세이상)",101001,101,5년,1995,1995,,12세이상,통근통학인구,"현거주지별,목적지별"
DT_1B9000F,"현거주지/성/목적지별 통근·통학인구(대구,경북,12세이상)",101001,101,5년,1995,1995,"경북, 대구",12세이상,통근통학인구,"현거주지별,목적지별"
DT_1B9000G,"현거주지/성/목적지별 통근·통학인구(광주,전남,12세이상)",101001,101,5년,1995,1995,"광주, 전남",12세이상,통근통학인구,"현거주지별,목적지별"
DT_1B9000H,"현거주지/성/목적지별 통근·통학인구(대전,충남,12세이상)",101001,101,5년,1995,1995,"대전, 충남",12세이상,통근통학인구,"현거주지별,목적지별"
DT_1B9000I,"현거주지/성/목적지별 통근·통학인구(강원도,12세이상)",101001,101,5년,1995,1995,강원,12세이상,통근통학인구,"현거주지별,목적지별"
DT_1B9000J,"현거주지/성/목적지별 통근·통학인구(충청북도,12세이상)",101001,101,5년,1995,1995,충북,12세이상,통근통학인구,"현거주지별,목적지별"
DT_1B9000K,"현거주지/성/목적지별 통근·통학인구(전라북도,12세이상)",101001,101,5년,1995,1995,전북,12세이상,통근통학인구,"현거주지별,성별,목적지별"
DT_1B9000L,"현거주지/성/목적지별 통근·통학인구(제주도,12세이상)",101001,101,5년,1995,1995,제주,12세이상,통근통학인구,"현거주지별,목적지별"
DT_1B90010,행정구역/성/학교/이용교통수단별 통근·통학인구(12세이상),101001,101,5년,1995,1995,,12세이상,통근통학인구,"행정구역별,성별,학교별,이용교통수단별"
DT_1B90012,행정구역/성/상주(야간)및 주간인구(12세이상),101001,101,5년,1995,1995,,12세이상,"행정구역,성,상주,야간,주간인구","행정구역별,성별,시간대별"
DT_1B90014,시도/성/연령/이용교통수단별 통근·통학인구,101001,101,5년,1995,1995,,,통근통학인구,"시도별,성별,연령별,이용교통수단별"
DT_1BA0501,성/연령/혼인상태/경제활동상태별 인구(15세이상)-시도,101001,101,5년,2005,2005,,15세이상,인구,"성별,연령별,혼인상태별,경제활동상태별"
DT_1BA0502,성/교육정도/경제활동상태별 인구(15세이상)-시도,101001,101,5년,2005,2005,,15세이상,인구,"성별,교육정도별,경제활동상태별"
DT_1BA0503,성/연령/산업별 취업자(15세이상)-시도,101001,101,5년,2005,2005,,15세이상,취업자,"성별,연령별,산업별,행정구역별"
DT_1BA0504,성/연령/직업별 취업자(15세이상)-시도,101001,101,5년,2005,2005,,15세이상,취업자,"성별,연령별,직업별,시도별"
DT_1BA0505,성/직업/산업별 취업자(15세이상)-시도,101001,101,5년,2005,2005,,15세이상,취업자,"성별,직업별,산업별,시도별"
DT_1BA0506,성/교육정도/산업별 취업자(15세이상)-시도,101001,101,5년,2005,2005,,15세이상,취업자,"성별,교육정도별,산업별,시도별"
DT_1BA0507,성/교육정도/직업별 취업자(15세이상)-시도,101001,101,5년,2005,2005,,15세이상,취업자,"성별,교육정도별,직업별,시도별"
DT_1BA0508,현거주지/근무지/산업별 취업자(15세이상)-시군구,101001,101,5년,2005,2005,,15세이상,취업자,"현거주지별,근무지별,산업별,행정구역별"
DT_1BA0509,현거주지/근무지/직업별 취업자(15세이상)-시군구,101001,101,5년,2005,2005,,15세이상,취업자,"현거주지별,근무지별,직업별"
DT_1BA0510,성/교육정도/종사상 지위별 취업자(15세이상)-시도,101001,101,5년,2005,2005,,15세이상,취업자,"성별,교육정도별,종사상지위별,시도별"
DT_1BA0511,성/연령/혼인상태/종사상의 지위별 취업자(15세이상)-시도,101001,101,5년,2005,2005,,15세이상,취업자,"성별,연령별,혼인상태별,종사상지위별,시도별"
DT_1BA0512,성/종사상의 지위/근로장소별 취업자(15세이상)-시도,101001,101,5년,2005,2005,,15세이상,취업자,"취업자별,시도별"
DT_1BA0513,성/연령/근로장소별 취업자(15세이상)-시도,101001,101,5년,2005,2005,,15세이상,취업자,"성별,연령별,근로장소별,시도별"
DT_1BA0514,성/교육정도/근로장소별 취업자(15세이상)-시도,101001,101,5년,2005,2005,,15세이상,취업자,"성별,교육정도별,근로장소별,시도별"
DT_1BA0515,세대구성/경제활동상태별 여성인구(15세이상)-시도,101001,101,5년,2005,2005,,15세이상,여성인구,"세대구성별,경제활동상태별,시도별"
DT_1BA0516,가구원수/취업자수별 가구(일반가구)-시도,101001,101,5년,2005,2005,,,"가구원수,취업자수,가구","가구원수별,취업자수별,가구유형별,시도별"
DT_1BA0517,가구주 부부의 경제활동상태/산업별 가구(일반가구)-시도,101001,101,5년,2005,2005,,,"가구주부부,일반가구","산업별,행정구역별"
DT_1BA0518,가구주 부부의 경제활동상태/직업별 가구(일반가구)-시도,101001,101,5년,2005,2005,,,"경제활동상태,직업,가구","경제활동상태별,직업별,가구유형별,행정구역별"
DT_1BA0519,거처의 종류/가구주의 종사상의 지위(일반가구)-시도,101001,101,5년,2005,2005,,,"거처종류,일반가구","거처종류별,가구주종사상지위별,시도별"
DT_1BA0520,성/연령/경제활동상태별 인구(15세이상)-시도,101001,101,5년,2005,2005,,15세이상,인구,"성별,연령별,경제활동상태별,시도별"
DT_1BA9501,시도/성/연령/경제활동상태별 인구(15세이상),101001,101,5년,1995,1995,,15세이상,인구,"시도별,성별,연령별,경제활동상태별"
DT_1BA9502,시도/성/연령/종사상 지위별 취업자(15세이상),101001,101,5년,1995,1995,,15세이상,취업자,"시도별,성별,연령별,종사상지위별"
DT_1BA9503,시도/성/취업상태/산업별 취업자(15세이상),101001,101,5년,1995,1995,,15세이상,취업자,"시도별,성별,취업상태별,산업별"
DT_1BA9504,시도/성/취업상태/직업별 취업자(15세이상),101001,101,5년,1995,1995,,15세이상,취업자,"행정구역별,성별,취업상태별,직업별"
DT_1BA9505,시도/성/취업상태/종사상의 지위별 취업자(15세이상),101001,101,5년,1995,1995,,15세이상,취업자,"행정구역별,성별,취업상태별,종사상의지위별"
DT_1BA9506,시도/성/직업/산업별 취업자(15세 이상),101001,101,5년,1995,1995,,15세 이상,취업자,"시도별,성별,직업별,산업별"
DT_1BA9507,시도/성/연령/산업별 취업자(15세이상),101001,101,5년,1995,1995,,15세이상,취업자,"시도별,성별,연령별,산업별"
DT_1BA9508,시도/성/연령/직업별 취업자(15세이상),101001,101,5년,1995,1995,,15세이상,취업자,"시도별,성별,연령별,직업별"
DT_1BA9509,"시도/성/연령,혼인상태/경제활동상태별 인구(15세 이상)",101001,101,5년,1995,1995,,15세 이상,인구,"행정구역별,성별,연령별,혼인상태별,경제활동상태별"
DT_1BA9510,"시도/성/연령,혼인상태/종사상의 지위별 취업자(15세 이상)",101001,101,5년,1995,1995,,15세 이상,취업자,"행정구역별,성별,연령및혼인상태별,종사상지위별"
DT_1BA9511,"시도/성/연령,혼인상태/산업별 취업자(15세이상)",101001,101,5년,1995,1995,,15세이상,취업자,"행정구역별,성별,연령및혼인상태별,산업별"
DT_1BA9512,"시도/성/연령,혼인상태/직업별 취업자(15세이상)",101001,101,5년,1995,1995,,15세이상,취업자,"행정구역별,성별,연령및혼인상태별,직업별"
DT_1BA9513,시도/성/교육정도/경제활동상태별 인구(15세이상),101001,101,5년,1995,1995,,15세이상,인구,"시도별,성별,교육정도별,경제활동상태별"
DT_1BA9514,시도/성/교육정도/종사상의 지위별 취업자(15세이상),101001,101,5년,1995,1995,,15세이상,취업자,"시도별,성별,교육정도별,종사상의지위별"
DT_1BA9515,시도/성/교육정도/산업별 취업자(15세이상),101001,101,5년,1995,1995,,15세이상,취업자,"행정구역별,성별,교육정도별,산업별"
DT_1BA9516,시도/성/교육정도/직업별 취업자(15세이상),101001,101,5년,1995,1995,,15세이상,취업자,"시도별,성별,교육정도별,직업별"
DT_1BA9517,시도/거처의 종류/가구의 규모/취업자수별 가구(일반가구),101001,101,5년,1995,1995,,,"가구,취업자수","시도별,거처의종류별,가구의규모별,취업자수별"
DT_1BA9518,시도/가구주의 성/경제활동상태/가구의 규모별 가구(일반가구),101001,101,5년,1995,1995,,,가구,"시도별,가구주성별,경제활동상태별,가구의규모별"
DT_1BA9519,시도/가구주의 성/종사상의 지위/거처의 종류별 가구(일반가구),101001,101,5년,1995,1995,,,가구,"시도별,가구주의성별,종사상의지위별,거처의종류별"
DT_1BA9520,시도/세대구성/가구주의 직업별 가구(일반가구),101001,101,5년,1995,1995,,,가구,"시도별,세대구성별,가구주의직업별"
DT_1BA9521,시도/세대구성/경제활동상태별 여성인구(15세 이상),101001,101,5년,1995,1995,,15세 이상,여성인구,"시도별,세대구성별,경제활동상태별"
DT_1BA9522,시도/가구주 부부의 경제활동상태 및 산업별 가구(일반가구),101001,101,5년,1995,1995,,,"가구,가구주부부의경제활동상태,산업별가구","행정구역별,가구주부부경제활동상태별,산업별"
DT_1BA9523,시도/가구주 부부의 경제활동상태 및 직업별 가구(일반가구),101001,101,5년,1995,1995,,,"가구주부부,가구","시도별,가구주부부경제활동상태별,직업별"
DT_1BAOO01,행정구역/성/연령/경제활동상태별 인구,101001,101,5년,2000,2000,,,인구,"행정구역별,성별,연령별,경제활동상태별"
DT_1BAOO02,행정구역/성/연령/종사상의 지위별 취업자(15세 이상),101001,101,5년,2000,2000,,15세 이상,취업자,"행정구역별,성별,연령별,종사상의지위별"
DT_1BAOO03,시도/성/직업(대분류)/산업(대분류)별 취업자(15세 이상),101001,101,5년,2000,2000,,15세 이상,취업자,"시도별,성별,직업별,산업별"
DT_1BAOO04,행정구역/성/연령/산업(대분류)별 취업자(15세 이상),101001,101,5년,2000,2000,,15세 이상,취업자,"행정구역별,성별,연령별,산업별"
DT_1BAOO05,행정구역/성/연령/직업(대분류)별 취업자(15세 이상),101001,101,5년,2000,2000,,15세 이상,취업자,"행정구역별,성별,연령별,직업별"
DT_1BAOO06,"시도/성/연령,혼인상태/경제활동상태별 인구(15세 이상)",101001,101,5년,2000,2000,,15세 이상,인구,"행정구역별,성별,연령별,혼인상태별,경제활동상태별"
DT_1BAOO07,"시도/성/연령,혼인상태/종사상의 지위별 취업자(15세 이상)",101001,101,5년,2000,2000,,15세 이상,취업자,"행정구역별,성별,연령및혼인상태별,종사상지위별"
DT_1BAOO08,"시도/성/연령,혼인상태/산업(대분류)별 취업자(15세 이상)",101001,101,5년,2000,2000,,15세 이상,취업자,"행정구역별,성별,연령및혼인상태별,산업별"
DT_1BAOO09,"시도/성/연령,혼인상태/직업(대분류)별 취업자(15세 이상)",101001,101,5년,2000,2000,,15세 이상,취업자,"행정구역별,성별,연령별,혼인상태별,직업별"
DT_1BAOO10,시도/성/교육정도/경제활동상태별 인구(15세 이상),101001,101,5년,2000,2000,,15세 이상,인구,"시도별,성별,교육정도별,경제활동상태별"
DT_1BAOO11,시도/성/교육정도/종사상의 지위별 취업자(15세 이상),101001,101,5년,2000,2000,,15세 이상,취업자,"시도별,성별,교육정도별,종사상의지위별"
DT_1BAOO12,시도/성/교육정도/산업(대분류)별 취업자(15세 이상),101001,101,5년,2000,2000,,15세 이상,취업자,"시도별,성별,교육정도별,산업별"
DT_1BAOO13,시도/성/교육정도/직업(대분류)별 취업자(15세 이상),101001,101,5년,2000,2000,,15세 이상,취업자,"시도별,성별,교육정도별,직업별"
DT_1BAOO14,시도/거처의 종류/가구의 규모/취업자수별 가구(일반가구),101001,101,5년,2000,2000,,,"가구,취업자수","시도별,거처의종류별,가구의규모별"
DT_1BAOO15,시도/가구주의 성/종사상의 지위/거처의 종류별 가구(일반가구),101001,101,5년,2000,2000,,,가구,"시도별,가구주성별,종사상의지위별,거처종류별"
DT_1BAOO16,시도/세대구성/가구주의 직업(대분류)별 가구(일반가구),101001,101,5년,2000,2000,,,가구,"시도별,세대구성별,가구주의직업별"
DT_1BAOO17,시도/세대구성/경제활동상태별 여성인구(15세 이상),101001,101,5년,2000,2000,,15세 이상,여성인구,"시도별,세대구성별,경제활동상태별"
DT_1BAOO18,시도/가구주 부부의 경제활동상태 및 산업(대분류)별 가구(일반가구),101001,101,5년,2000,2000,,,가구,"행정구역별,가구주부부경제활동상태별,산업별"
DT_1BAOO19,시도/가구주 부부의 경제활동상태 및 직업(대분류)별 가구(일반가구),101001,101,5년,2000,2000,,,가구,"행정구역별,경제활동상태별,직업별"
DT_1BAOO20,시도/성/경제활동상태/전공분야별 인구(15세 이상),101001,101,5년,2000,2000,,15세 이상,인구,"시도별,성별,경제활동상태별,전공분야별"
DT_1BAOO21,시도/성/산업(대분류)/전공분야별 인구(15세이상),101001,101,5년,2000,2000,,15세이상,인구,"시도별,성별,산업별,전공분야별"
DT_1BAOO22,시도/성/직업(대분류)/전공분야별 인구(15세이상),101001,101,5년,2000,2000,,15세이상,인구,"행정구역별,성별,직업별,전공분야별"
DT_1BAOO23,시도/성/산업(대분류)/근무년수별 취업자,101001,101,5년,2000,2000,,,취업자,"시도별,성별,산업별,근무년수별"
DT_1BAOO24,시도/성/직업(대분류)/근무년수별 취업자,101001,101,5년,2000,2000,,,취업자,"시도별,성별,직업별,근무년수별"
DT_1BC0501,산업(소분류)/성/행정구역별 취업자(15세이상)-시도,101001,101,5년,2005,2005,,15세이상,취업자,행정구역별
DT_1BC0502,직업(소분류)/성/행정구역별 취업자(15세이상)-시도,101001,101,5년,2005,2005,,15세이상,취업자,행정구역별
DT_1BC0503,성/산업(중분류)/직업(중분류)별 취업자(15세이상)-전국,101001,101,5년,2005,2005,,15세이상,취업자,"성별,산업별,직업별"
DT_1BC0504,성/산업(중분류)/연령별 취업자(15세이상)-시도,101001,101,5년,2005,2005,,15세이상,취업자,"성별,산업별,연령별,시도별"
DT_1BC0505,성/직업(중분류)/연령별 취업자(15세이상)-시도,101001,101,5년,2005,2005,,15세이상,취업자,"성별,직업별,연령별,시도별"
DT_1BC0506,산업(중분류)/성/종사상의 지위별 취업자(15세이상)-시도,101001,101,5년,2005,2005,,15세이상,취업자,"지위별,시도별"
DT_1BC0507,직업(중분류)/성/종사상의 지위별 취업자(15세이상)-시도,101001,101,5년,2005,2005,,15세이상,취업자,"직업별,성별,종사상지위별,시도별"
DT_1BC0508,성/산업(중분류)/근로장소별 취업자(15세이상)-시도,101001,101,5년,2005,2005,,15세이상,취업자,"성별,산업별,근로장소별,행정구역별"
DT_1BC0509,성/직업(중분류)/근로장소별 취업자(15세이상)-시도,101001,101,5년,2005,2005,,15세이상,취업자,"성별,직업별,근로장소별,시도별"
DT_1BC1601,미성년자가 있는 자녀수별 가구 - 시군구,101001,101,년,2016,2023,,,"자녀수,가구","행정구역별,자녀수별"
DT_1BC9501,시도/산업(소분류)/성별 취업자,101001,101,5년,1995,1995,,,취업자,"시도별,산업별,성별"
DT_1BC9502,시도/직업(소분류)/성별 취업자,101001,101,5년,1995,1995,,,취업자,"시도별,직업별,성별"
DT_1BC9503,시도/산업(중분류)/직업(중분류)/성별 취업자,101001,101,5년,1995,1995,,,취업자,"시도별,산업별,직업별,성별"
DT_1BC9504,시도/산업(중분류)/성/종사상의 지위별 취업자,101001,101,5년,1995,1995,,,취업자,"시도별,산업별,성별로"
DT_1BC9505,시도/직업(중분류)/성/종사상의 지위별 취업자,101001,101,5년,1995,1995,,,취업자,"시도별,직업별,성,별,종사상의지위별"
DT_1BC9506,시도/산업(중분류)/성/연령별 취업자,101001,101,5년,1995,1995,,,취업자,"시도별,산업별,성별,연령별"
DT_1BC9507,시도/직업(중분류)/성/연령별 취업자,101001,101,5년,1995,1995,,,취업자,"시도별,직업별,성별,연령별"
DT_1BC9508,시도/산업(중분류)/성/교육정도별 취업자,101001,101,5년,1995,1995,,,취업자,"시도별,산업별,성별,교육정도별"
DT_1BC9509,시도/직업(중분류)/성/교육정도별 취업자,101001,101,5년,1995,1995,,,취업자,"시도별,직업별,성별,교육정도별"
DT_1BCOO01,시도/산업(소분류)/성별 취업자,101001,101,5년,2000,2000,,,취업자,"시도별,산업별,성별"
DT_1BCOO02,시도/직업(소분류)/성별 취업자,101001,101,5년,2000,2000,,,취업자,"시도별,직업별,성별"
DT_1BCOO03,시도/성/산업(중분류)/직업(중분류)별 취업자,101001,101,5년,2000,2000,,,취업자,"시도별,성별,산업별,직업별"
DT_1BCOO04,시도/산업(중분류)/성/종사상의 지위별 취업자,101001,101,5년,2000,2000,,,취업자,"시도별,산업별,성별,종사상의지위별"
DT_1BCOO05,시도/직업(중분류)/성/종사상의 지위별 취업자,101001,101,5년,2000,2000,,,취업자,"시도별,직업별,성별,종사상의지위별"
DT_1BCOO06,시도/산업(중분류)/성/연령별 취업자,101001,101,5년,2000,2000,,,취업자,"시도별,산업별,성별,연령별"
DT_1BCOO07,시도/직업(중분류)/성/연령별 취업자,101001,101,5년,2000,2000,,,취업자,"시도별,직업별,성별,연령별"
DT_1BD0501,거처의 종류/사용방수/전세금 규모별 가구(주거전용)-시도,101001,101,5년,2005,2005,,,가구,"거처종류별,사용방식별,전세규모별,시도별"
DT_1BD0503,거처의 종류/사용방수/월세금 및 보증금 규모별 가구(주거전용)-시도,101001,101,5년,2005,2005,,,가구,"거처종류별,사용방식별,월세및보증금규모별,시도별"
DT_1BD0505,거처의 종류/사용방수/사글세 규모별 가구(주거전용)-시도,101001,101,5년,2005,2005,,,가구,"거처종류별,사용방식별,사글세규모별,시도별"
DT_1BD0507,거처의 종류/가구주의 연령/전세금 규모별 가구수(주거전용)-시도,101001,101,5년,2005,2005,,,가구수,"거처종류별,가구주연령별,전세금규모별,시도별"
DT_1BD0508,거처의종류/가구주의연령/월세금및보증금규모별가구수(주거전용)-시도,101001,101,5년,2005,2005,,,"거처종류별가구,월세및보증금규모별가구","거처의종류별,가구주의연령별,월세금및보증금규모별,시도별"
DT_1BD0509,거처의 종류/가구주의 연령/사글세 규모별 가구수(주거전용)-시도,101001,101,5년,2005,2005,,,"가구수,가구","거처종류별,가구주연령별,사글세규모별,시도별"
DT_1BD0510,거처의 종류/가구원수/전세금 규모별 가구수(주거전용)-시도,101001,101,5년,2005,2005,,,"가구수,전세금,가구","거처종류별,가구원수별,전세금규모별,시도별"
DT_1BD0511,거처의 종류/가구원수/월세금 및 보증금 규모별 가구수(주거전용)-시도,101001,101,5년,2005,2005,,,"거처종류,가구원수,월세및보증금규모별가구수","거처종류별,가구원수별,월세및보증금규모별,시도별"
DT_1BD0512,거처의 종류/가구원수/사글세 규모별 가구수(주거전용)-시도,101001,101,5년,2005,2005,,,"거처,가구원수,사글세,가구","거처종류별,가구원수별,사글세계획규모별,행정구역별"
DT_1BD0513,가구주의 연령/혼인상태/전세금 규모별 가구수(주거전용)-시도,101001,101,5년,2005,2005,,,"가구주,가구","연령별,혼인상태별,전세금규모별,시도별"
DT_1BD0514,가구주의 연령/혼인상태/월세금 및 보증금 규모별 가구수(주거전용)-시도,101001,101,5년,2005,2005,,,"가구주,가구","연령별,혼인상태별,월세금및보증금규모별,행정구역별"
DT_1BD0515,가구주의 연령/혼인상태/사글세 규모별 가구수(주거전용)-시도,101001,101,5년,2005,2005,,,"가구주,가구","연령별,혼인상태별,사글세규모별,주거전용가구별,시도별"
DT_1BD0516,거처의 종류/전세금 규모별 가구수(영업겸용)-시도,101001,101,5년,2005,2005,,,가구수,"거처종류별,전세금규모별,영업겸용여부별,행정구역별"
DT_1BD0517,거처의 종류/월세금/보증금 규모별 가구수(영업겸용)-시도,101001,101,5년,2005,2005,,,가구수,"규모별,시도별"
DT_1BD0518,거처의 종류/사글세 규모별 가구수(영업겸용)-시도,101001,101,5년,2005,2005,,,가구수,"거처종류별,사글세규모별,영업겸용여부별,시도별"
DT_1BD9501,시도/거처의 종류/사용방수/전세금별 가구(주거전용),101001,101,5년,1995,1995,,,가구,"시도별,거처의종류별,사용방수별,전세금별"
DT_1BD9502,시도/거처의 종류/사용방수/월세금/보증금별 가구(주거전용),101001,101,5년,1995,1995,,,가구,"시도별,거처의종류별,사용방수별,월세금별,보증금별"
DT_1BD9503,시도/거처의 종류/사용방수/사글세별 가구(주거전용),101001,101,5년,1995,1995,,,가구,"시도별,거처의종류별,사용방수별"
DT_1BD9504,시도/사용방수/전세금별 가구(영업겸용),101001,101,5년,1995,1995,,,가구,"시도별,사용방수별,전세금별"
DT_1BD9505,시도/사용방수/월세금/보증금별 가구(영업겸용),101001,101,5년,1995,1995,,,가구,"시도별,사용방수별,월세금별,보증금별"
DT_1BD9506,시도/사용방수/사글세별 가구(영업겸용),101001,101,5년,1995,1995,,,가구,"행정구역별,사글세별"
DT_1BD9507,시도/가구주의 연령/전세금별 가구(주거전용),101001,101,5년,1995,1995,,,가구,"시도별,가구주의연령별,전세금별"
DT_1BD9508,시도/가구주의 연령/월세금/보증금별 가구(주거전용),101001,101,5년,1995,1995,,,가구,"시도별,연령별,월세금보증금별"
DT_1BD9509,시도/가구주의 연령/사글세별 가구(주거전용),101001,101,5년,1995,1995,,,가구,"행정구역별,주거전용사글세별"
DT_1BD9510,시도/가구주의 혼인상태/전세금별 가구(주거전용),101001,101,5년,1995,1995,,,가구,"시도별,주거전용전세금별"
DT_1BD9511,시도/가구주의 혼인상태/월세금/보증금별 가구(주거전용),101001,101,5년,1995,1995,,,가구,"시도별,가구주의혼인상태별,월세금보증금별"
DT_1BD9512,시도/가구주의 혼인상태/사글세별 가구(주거전용),101001,101,5년,1995,1995,,,가구,"행정구역별,혼인상태별,주거유형별"
DT_1BD9513,시도/가구원수/전세금별 가구(주거전용),101001,101,5년,1995,1995,,,가구,"시도별,가구원수별,전세금별"
DT_1BD9514,시도/가구원수/월세금/보증금별 가구(주거전용),101001,101,5년,1995,1995,,,가구,"시도별,가구원수별,월세금별,보증금별"
DT_1BD9515,시도/가구원수/사글세별 가구(주거전용),101001,101,5년,1995,1995,,,가구,"행정구역별,사글세별"
DT_1BDOO01,행정구역(시도)/거처의 종류/사용방수/전세금별 가구(주거전용),101001,101,5년,2000,2000,,,가구,"행정구역별,거처종류별,사용방수별,전세금별"
DT_1BDOO02,행정구역(시도)/거처의 종류/사용방수/월세금/보증금별 가구(주거전용),101001,101,5년,2000,2000,,,가구,"행정구역별,거처종류별,사용방수별,월세금별,보증금별"
DT_1BDOO03,행정구역(시도)/거처의 종류/사용방수/사글세별 가구(주거전용),101001,101,5년,2000,2000,,,"행정구역,거처의종류,사용방수,사글세별가구","행정구역별,거처종류별,사용방수별"
DT_1BDOO04,시도/거처의 종류/가구주의 연령/전세금별 가구(주거전용),101001,101,5년,2000,2000,,,가구,"시도별,거처의종류별,가구주의연령별,전세금별"
DT_1BDOO05,시도/가구주의 연령/월세금/보증금별 가구(주거전용),101001,101,5년,2000,2000,,,가구,"시도별,가구주의연령별,월세금보증금별"
DT_1BDOO06,시도/거처의 종류/가구주의 연령/사글세별 가구(주거전용),101001,101,5년,2000,2000,,,가구,"시도별,거처의종류별,가구주의연령별,사글세별"
DT_1BDOO07,시도/가구주의 연령/혼인상태/전세금별 가구(주거전용),101001,101,5년,2000,2000,,,가구,"시도별,가구주의연령별,혼인상태별,전세금별"
DT_1BDOO08,시도/가구주의 혼인상태/월세금/보증금별 가구(주거전용),101001,101,5년,2000,2000,,,가구,"시도별,가구주의혼인상태별,월세금보증금별"
DT_1BDOO09,시도/가구주의 연령/혼인상태/사글세별 가구(주거전용),101001,101,5년,2000,2000,,,가구,"행정구역별,연령별,혼인상태별,주거형태별"
DT_1BDOO10,시도/거처의 종류/가구원수/전세금별 가구(주거전용),101001,101,5년,2000,2000,,,가구,"시도별,거처의종류별,가구원수별,전세금별"
DT_1BDOO11,시도/거처의 종류/가구원수/월세금/보증금별 가구(주거전용),101001,101,5년,2000,2000,,,가구,"시도별,거처의종류별,가구원수별,월세금별,보증금별"
DT_1BDOO12,시도/거처의 종류/가구원수/사글세별 가구(주거전용),101001,101,5년,2000,2000,,,가구,"행정구역별,거처의종류별,가구원수별,사글세별"
DT_1BDOO13,시도/가구주의 성/가구주의 직업/거처의 점유형태별 가구(주거전용),101001,101,5년,2000,2000,,,가구,"시도별,가구주의성별,가구주의직업별,거처의점유형태별"
DT_1BDOO14,시도/가구주의 산업/거처의 점유형태별 가구(주거전용),101001,101,5년,2000,2000,,,가구,"시도별,산업별,거처의점유형태별"
DT_1BDOO15,시도/가구주의 성/가구주의 교육정도/거처의 점유형태별 가구(주거전용),101001,101,5년,2000,2000,,,가구,"시도별,가구주의성별,가구주의교육정도별,거처의점유형태별"
DT_1BDOO16,행정구역(시도)/거처의 종류/사용방수/전세금별 가구(영업겸용),101001,101,5년,2000,2000,,,가구,"행정구역별,거처종류별,사용방수별,전세금별"
DT_1BDOO17,행정구역(시도)/거처의 종류/사용방수/월세금/보증금별 가구(영업겸용),101001,101,5년,2000,2000,,,가구,"행정구역별,거처의종류별,사용방수별,월세금별,보증금별"
DT_1BDOO18,행정구역(시도)/거처의 종류/사용방수/사글세별 가구(영업겸용),101001,101,5년,2000,2000,,,"행정구역,거처의종류,사용방수,사글세별가구","행정구역별,거처종류별,사용방수별"
DT_1BF0501,육체적·정신적 활동제약유형별 인구(5세 이상)-시군구,101001,101,5년,2005,2005,,5세 이상,인구,행정구역별
DT_1BF0502,성/연령/육체적·정신적 활동제약유형별 인구(5세 이상)-시도,101001,101,5년,2005,2005,,5세 이상,인구,"성별,연령별,육체적정신적활동제약유형별,행정구역별"
DT_1BF0503,성/교육정도/육체적·정신적 활동제약유형별 인구(5세 이상)-시도,101001,101,5년,2005,2005,,5세 이상,인구,"성별,교육정도별,육체적정신적활동제약유형별,시도별"
DT_1BF0504,성/혼인상태/육체적·정신적 활동제약유형별 인구(15세 이상)-시도,101001,101,5년,2005,2005,,15세 이상,인구,"성별,혼인상태별,육체적정신적활동제약유형별,시도별"
DT_1BF0505,성/세대구성/육체적·정신적 활동제약유형별 인구(5세 이상)-시도,101001,101,5년,2005,2005,,5세 이상,인구,"성별,세대구성별,육체적정신적활동제약유형별,행정구역별"
DT_1BF0506,성/경제활동상태/육체적·정신적 활동제약유형별 인구(15세 이상)-시도,101001,101,5년,2005,2005,,15세 이상,인구,"성별,경제활동상태별,육체적정신적활동제약유형별,행정구역별"
DT_1BF0507,성/산업/육체적·정신적 활동제약유형별 인구(15세 이상)-시도,101001,101,5년,2005,2005,,15세 이상,인구,"산업별,행정구역별"
DT_1BF0508,성/직업/육체적·정신적 활동제약유형별 인구(15세 이상)-시도,101001,101,5년,2005,2005,,15세 이상,인구,"성별,직업별,육체적정신적활동제약유형별,행정구역별"
DT_1BF0509,일상·사회 활동제약유형별 인구(5세 이상)-시군구,101001,101,5년,2005,2005,,5세 이상,인구,행정구역별
DT_1BF0510,성/연령/일상·사회 활동제약유형별 인구(5세 이상)-시도,101001,101,5년,2005,2005,,5세 이상,인구,"성별,연령별,일상사회활동제약유형별,시도별"
DT_1BF0511,성/교육정도/일상·사회 활동제약유형별 인구(5세 이상)-시도,101001,101,5년,2005,2005,,5세 이상,인구,"성별,교육정도별,일상사회활동제약유형별,시도별"
DT_1BF0512,성/혼인상태/일상·사회 활동제약유형별 인구(15세 이상)-시도,101001,101,5년,2005,2005,,15세 이상,인구,"성별,혼인상태별,일상사회활동제약유형별,시도별"
DT_1BF0513,성/세대구성/일상·사회 활동제약유형별 인구(5세 이상)-시도,101001,101,5년,2005,2005,,5세 이상,인구,"행정구역별,일상사회활동제약유형별"
DT_1BF0514,성/경제활동상태/일상·사회 활동제약유형별 인구(15세 이상)-시도,101001,101,5년,2005,2005,,15세 이상,인구,"성별,경제활동상태별,일상사회활동제약유형별,행정구역별"
DT_1BF0515,성/산업/일상·사회 활동제약유형별 인구(15세 이상)-시도,101001,101,5년,2005,2005,,15세 이상,인구,"산업별,행정구역별"
DT_1BF0516,성/직업/일상·사회 활동제약유형별 인구(15세 이상)-시도,101001,101,5년,2005,2005,,15세 이상,인구,"성별,직업별,일상사회활동제약유형별,행정구역별"
DT_1BF0517,성/일상·사회 활동제약유형/육체적·정신적 활동제약유형별 인구(5+)-시도,101001,101,5년,2005,2005,,,활동제약인구,"행정구역별,제약유형별"
DT_1BF0518,가구원수/활동제약자 거주 가구(일반가구)-시도,101001,101,5년,2005,2005,,,"가구원수,활동제약자,가구","거주가구별,활동제약자별,가구원수별"
DT_1BF0519,가구주의 성/경제활동상태/활동제약자 거주 가구(일반가구)-시도,101001,101,5년,2005,2005,,,"가구주,경제활동상태,활동제약자,일반가구","가구주성별별,경제활동상태별,활동제약자거주가구여부별,행정구역별"
DT_1BF0520,거처의종류/점유형태별육체적·정신적활동제약자거주가구(일반가구)-시도,101001,101,5년,2005,2005,,,거처의종류점유형태별육체적정신적활동제약자거주가구,"거처의종류별,점유형태별,육체적정신적활동제약자별,가구주특성별,시도별"
DT_1BF0521,거처의 종류/점유형태별 일상·사회 활동제약자 거주가구(일반가구)-시도,101001,101,5년,2005,2005,,,일상사회활동제약자거주가구,"거처의종류별,점유형태별,시도별"
DT_1BIOO01,시도/성/연령/교육정도/전공분야별 인구,101001,101,5년,2000,2000,,,인구,"시도별,성별,연령별,교육정도별,전공분야별"
DT_1BIOO02,시도/산업(중분류)/성/교육정도별 취업자,101001,101,5년,2000,2000,,,취업자,"시도별,산업별,성별,교육정도별"
DT_1BIOO03,시도/직업(중분류)/성/교육정도별 취업자,101001,101,5년,2000,2000,,,취업자,"시도별,직업별,성별,교육정도별"
DT_1BIOO04,시도/산업(중분류)/성/전공분야별 인구(15세 이상),101001,101,5년,2000,2000,,15세 이상,인구,"시도별,산업별,성별,전공분야별"
DT_1BIOO05,시도/직업(중분류)/성/전공분야별 인구(15세 이상),101001,101,5년,2000,2000,,15세 이상,인구,"시도별,직업별,성,별,전공분야별"
DT_1BIOO06,시도/산업(중분류)/성/근무년수별 취업자,101001,101,5년,2000,2000,,,취업자,"시도별,산업별,성별,근무년수별"
DT_1BIOO07,시도/직업(중분류)/성/근무년수별 취업자,101001,101,5년,2000,2000,,,취업자,"시도별,직업별,성별,근무년수별"
DT_1BIOO08,행정구역/성/연령/컴퓨터 활용상태별 인구,101001,101,5년,2000,2000,,,인구,"행정구역별,성별,연령별"
DT_1BIOO09,시도/성/연령/컴퓨터 보유여부/컴퓨터 활용상태별 인구,101001,101,5년,2000,2000,,,인구,"행정구역별,성별,연령별,컴퓨터보유여부별,컴퓨터활용상태별"
DT_1BIOO10,시도/성/가구주와의 관계/컴퓨터 활용상태별 인구,101001,101,5년,2000,2000,,,인구,"시도별,성별,가구주와의관계별,컴퓨터활용상태별"
DT_1BIOO11,시도/성/교육정도/컴퓨터 활용상태별 인구,101001,101,5년,2000,2000,,,인구,"행정구역별,성별,교육정도별,컴퓨터활용상태별"
DT_1BIOO12,시도/성/직업(중분류)/컴퓨터 활용상태별 인구,101001,101,5년,2000,2000,,,인구,"행정구역별,성별,직업별,컴퓨터활용상태별"
DT_1BIOO13,시도/성/산업(중분류)/컴퓨터 활용상태별 인구,101001,101,5년,2000,2000,,,인구,"시도별,성별,산업별,컴퓨터활용상태별"
DT_1BIOO14,행정구역/성/연령/인터넷 활용상태별 인구,101001,101,5년,2000,2000,,,인구,"행정구역별,성별,연령별,인터넷활용상태별"
DT_1BIOO15,시도/성/연령/컴퓨터 보유여부/인터넷 활용상태별 인구,101001,101,5년,2000,2000,,,인구,"시도별,성별,연령별,컴퓨터보유여부별,인터넷활용상태별"
DT_1BIOO16,시도/성/연령/인터넷전용회선 보유여부/인터넷 활용상태별 인구,101001,101,5년,2000,2000,,,인구,"행정구역별,성별,연령별,인터넷전용회선보유여부별"
DT_1BIOO17,시도/성/가구주와의 관계/인터넷 활용상태별 인구,101001,101,5년,2000,2000,,,인구,"시도별,성별,가구주와의관계별,인터넷활용상태별"
DT_1BIOO18,시도/성/교육정도/인터넷 활용상태별 인구,101001,101,5년,2000,2000,,,인구,"시도별,성별,교육정도별"
DT_1BIOO19,시도/성/직업(중분류)/인터넷 활용상태별 인구,101001,101,5년,2000,2000,,,인구,"시도별,성별,직업별,인터넷활용상태별"
DT_1BIOO20,시도/성/산업(중분류)/인터넷 활용상태별 인구,101001,101,5년,2000,2000,,,인구,"행정구역별,성별,산업별,인터넷활용상태별"
DT_1BIOO21,시도/성/컴퓨터 활용상태/인터넷 활용상태별 인구,101001,101,5년,2000,2000,,,인구,"행정구역별,성별,컴퓨터활용상태별,인터넷활용상태별"
DT_1BIOO22,행정구역/성/연령/개인휴대용 통신기기 보유여부별 인구,101001,101,5년,2000,2000,,,인구,"행정구역별,성별,연령별"
DT_1BIOO23,시도/성/가구주와의 관계/개인휴대용 통신기기 보유여부별 인구,101001,101,5년,2000,2000,,,인구,"행정구역별,성별,가구주와의관계별"
DT_1BIOO24,시도/성/직업(중분류)/개인휴대용 통신기기 보유여부별 인구,101001,101,5년,2000,2000,,,인구,"행정구역별,성별,직업별"
DT_1BIOO25,시도/성/산업(중분류)/개인휴대용 통신기기 보유여부별 인구,101001,101,5년,2000,2000,,,인구,"행정구역별,성별,산업별,개인휴대용통신기기보유여부별"
DT_1BIOO26,행정구역/가구주의 성/정보통신기기 보유현황별 가구,101001,101,5년,2000,2000,,,가구,"행정구역별,가구주성별"
DT_1BIOO27,시도/가구주의 성/가구주의 연령/정보통신기기 보유현황별 가구,101001,101,5년,2000,2000,,,가구,"시도별,가구주성별,가구주연령별"
DT_1BIOO28,행정구역(시도)/가구주의 성·교육정도/정보통신기기 보유현황별 가구,101001,101,5년,2000,2000,,,가구,"행정구역별,가구주의성별,교육정도별"
DT_1BIOO29,시도/가구주의 성· 직업(중분류)/정보통신기기 보유현황별 가구,101001,101,5년,2000,2000,,,가구,"행정구역별,가구주성별,직업별"
DT_1BIOO30,시도/가구주의 성·산업(중분류)/정보통신기기 보유현황별,101001,101,5년,2000,2000,,,"가구,정보통신기기","행정구역별,가구주성산업별"
DT_1BIOO31,시도/세대구성/정보통신기기 보유현황별 가구,101001,101,5년,2000,2000,,,가구,"시도별,세대구성별,정보통신기기보유현황별"
DT_1BIOO32,시도/거처의 종류/정보통신기기 보유현황별 가구,101001,101,5년,2000,2000,,,가구,"시도별,거처의종류별,정보통신기기보유현황별"
DT_1BJ0501,거주기간별 가구수(일반가구)-시군구,101001,101,5년,2005,2005,,,"가구수,가구","거주기간별,행정구역별"
DT_1BJ0502,거처의 종류/점유형태/거주기간별 가구수(일반가구)-시도,101001,101,5년,2005,2005,,,가구수,"거처별,점유형태별,거주기간별,시도별"
DT_1BJ0503,가구주의 성/연령/거주기간별 가구수(일반가구)-시도,101001,101,5년,2005,2005,,,"가구주,가구수","가구주별,연령별,거주기간별,시도별"
DT_1BJ0504,가구주의 성/교육정도/거주기간별 가구수(일반가구)-시도,101001,101,5년,2005,2005,,,"가구주,가구수","가구주별,교육정도별,거주기간별,시도별"
DT_1BJ0505,가구주의 성/경제활동상태/산업/거주기간별 가구수(일반가구)-시도,101001,101,5년,2005,2005,,,"가구주,가구","가구주별,경제활동상태별,산업별,거주기간별,행정구역별"
DT_1BJ0506,가구주의 성/경제활동상태/직업/거주기간별 가구수(일반가구)-시도,101001,101,5년,2005,2005,,,"가구주,가구","가구주별,경제활동상태별,직업별,거주기간별,시도별"
DT_1BJ0507,자동차 보유대수별 가구수(일반가구)-시군구,101001,101,5년,2005,2005,,,"자동차보유대수,가구수","자동차보유대수별,행정구역별"
DT_1BJ0508,거처의 종류/점유형태/자동차 보유대수별 가구수(일반가구)-시도,101001,101,5년,2005,2005,,,"가구수,자동차보유대수","거처별,점유형태별,자동차보유대수별,시도별"
DT_1BJ0509,가구주의 성/연령/자동차 보유대수별 가구수(일반가구)-시도,101001,101,5년,2005,2005,,,"가구주,가구","가구주성별,연령별,자동차보유대수별,시도별"
DT_1BJ0510,가구주의 경제활동상태/산업/자동차 보유대수별 가구수(일반가구)-시도,101001,101,5년,2005,2005,,,"가구주,자동차보유대수,가구","경제활동상태별,산업별,자동차보유대수별,행정구역별"
DT_1BJ0511,가구주의 경제활동상태/직업/자동차 보유대수별 가구수(일반가구)-시도,101001,101,5년,2005,2005,,,"가구주,가구","경제활동상태별,직업별,자동차보유대수별,시도별"
DT_1BJ0512,세대구성/자동차 보유대수별 가구수(일반가구)-시도,101001,101,5년,2005,2005,,,"가구수,자동차","시도별,자동차보유대수별"
DT_1BJ0513,가구원수/자동차 보유대수별 가구수(일반가구)-시도,101001,101,5년,2005,2005,,,"가구원수,자동차보유대수,가구,일반가구,시도","시도별,자동차보유가구수별"
DT_1BJ0514,주차시설별 가구수(일반가구)-시군구,101001,101,5년,2005,2005,,,"주차시설별가구수,일반가구","주차시설별,행정구역별"
DT_1BJ0515,거처의 종류/점유형태/주차시설별 가구수(일반가구)-시도,101001,101,5년,2005,2005,,,가구수,"거처별,점유형태별,주차시설별,시도별"
DT_1BJ0516,거처의 종류/주차시설별 가구수(일반가구)-시도,101001,101,5년,2005,2005,,,가구수,"거처의종류별,주차시설별,시도별"
DT_1BJ0517,가구주의 성/연령/주차시설별 가구수(일반가구)-시도,101001,101,5년,2005,2005,,,"가구주,가구수","가구주성별,연령별,주차시설별,시도별"
DT_1BJOO01,행정구역/가구주의 성/가구주의 연령/거주기간별 가구(일반가구),101001,101,5년,2000,2000,,,가구,"행정구역별,가구주의성별,가구주의연령별,거주기간별"
DT_1BJOO02,시도/가구주의 성/가구주의 직업(대분류)/거주기간별 가구(일반가구),101001,101,5년,2000,2000,,,가구,"시도별,가구주성별,가구주직업별,거주기간별"
DT_1BJOO03,시도/가구주의 성/가구주의 산업(대분류)/거주기간별 가구(일반가구),101001,101,5년,2000,2000,,,가구,"시도별,가구주의성별,가구주의산업별,거주기간별"
DT_1BJOO04,시도/가구주의 성/가구주의 교육정도/거주기간별 가구(일반가구),101001,101,5년,2000,2000,,,가구,"시도별,가구주성별,가구주교육정도별,거주기간별"
DT_1BJOO05,행정구역(시도)/거처의 종류/점유형태/거주기간별 가구(일반가구),101001,101,5년,2000,2000,,,가구,"행정구역별,거처종류별,점유형태별,거주기간별"
DT_1BJOO06,행정구역(구시군)/취사연료별 가구(일반가구),101001,101,5년,2000,2000,,,가구,"행정구역별,취사연료별"
DT_1BJOO07,시도/거처의 종류/취사연료별 가구(일반가구),101001,101,5년,2000,2000,,,가구,"행정구역별,거처의종류별,취사연료별"
DT_1BJOO08,행정구역(구시군)/난방시설별 가구(일반가구),101001,101,5년,2000,2000,,,가구,"행정구역별,난방시설별"
DT_1BJOO09,시도/거처의 종류/난방시설별 가구,101001,101,5년,2000,2000,,,가구,"행정구역별,거처의종류별,난방시설별"
DT_1BJOO10,행정구역(시도)/거처의 종류/취사연료/난방시설별 가구(일반가구),101001,101,5년,2000,2000,,,가구,"행정구역별,거처종류별,취사연료별,난방시설별"
DT_1BJOO11,행정구역(구시군)/자동차 보유대수별 가구(일반가구),101001,101,5년,2000,2000,,,"자동차보유대수,가구,일반가구","행정구역별,자동차보유대수별"
DT_1BJOO12,행정구역(시도)/가구주의 성/가구주의 연령/자동차 보유대수별 가구(일반,101001,101,5년,2000,2000,,,"가구주,가구,자동차보유대수","행정구역별,가구주성별,가구연령별,자동차보유대수별"
DT_1BJOO13,시도/가구주의 산업(대분류)/자동차 보유대수별 가구(일반가구),101001,101,5년,2000,2000,,,가구,"행정구역별,산업별,자동차보유대수별"
DT_1BJOO14,시도/가구주의 직업(대분류)/자동차 보유대수별 가구(일반가구),101001,101,5년,2000,2000,,,가구,"시도별,가구주의직업별,자동차보유대수별"
DT_1BJOO15,시도/세대구성/자동차 보유대수별 가구(일반가구),101001,101,5년,2000,2000,,,"자동차보유대수가구,일반가구","시도별,세대구성별,자동차보유대수별"
DT_1BJOO16,행정구역(구시군)/주차시설별 가구(일반가구),101001,101,5년,2000,2000,,,가구,"행정구역별,주차시설별"
DT_1BJOO17,시도/거처의 종류/주차시설별 가구(일반가구),101001,101,5년,2000,2000,,,가구,"시도별,거처의종류별,주차시설별"
DT_1BJOO18,시도/가구주의 성/가구주의 연령/주차시설별 가구(일반가구),101001,101,5년,2000,2000,,,가구,"행정구역별,가구주성별,가구주연령별,주차시설별"
DT_1BJOO19,"행정구역(구시군)/상수도시설,식수사용 형태별 가구(일반가구)",101001,101,5년,2000,2000,,,가구,"행정구역별,식수사용형태별"
DT_1BJOO20,"시도/거처의 종류/상수도시설, 식수사용 형태별 가구(일반가구)",101001,101,5년,2000,2000,,,가구,"행정구역별,거처의종류별,상수도시설별,식수사용형태별"
DT_1BNOO01,"행정구역별 북한출생 인구 및 가구,주택",101001,101,5년,2000,2000,,,"북한출생인구,가구,주택",행정구역별
DT_1BNOO02,시도/연령/성/혼인상태별 북한출생 인구,101001,101,5년,2000,2000,,,북한출생인구,"시도별,연령별,성별,혼인상태별"
DT_1BNOO03,시도/성/연령/교육정도별 북한출생 인구,101001,101,5년,2000,2000,,,북한출생인구,"시도별,성별,연령별,교육정도별"
DT_1BNOO04,시도/가구주와의 관계/성/혼인상태별 북한출생 인구,101001,101,5년,2000,2000,,,북한출생인구,"행정구역별,가구주와의관계별,성별,혼인상태별"
DT_1BO0501,성/거처의 종류별 1인가구-시군구,101001,101,5년,2005,2005,,,1인가구,"성거처의종류별,행정구역별"
DT_1BO0502,성/연령/교육정도별 1인가구-시도,101001,101,5년,2005,2005,,,1인가구,"성별,연령별,교육정도별,시도별"
DT_1BO0503,성/연령/혼인상태별 1인가구-시도,101001,101,5년,2005,2005,,,1인가구,"성별,연령별,혼인상태별,시도별"
DT_1BO0504,성/연령/경제활동상태별 1인가구(15세 이상)-시도,101001,101,5년,2005,2005,,15세 이상,1인가구,"성별,연령별,경제활동상태별,시도별"
DT_1BO0505,성/연령/산업별 1인가구(15세 이상)-시도,101001,101,5년,2005,2005,,15세 이상,1인가구,"성연령별,산업별,시도별"
DT_1BO0506,성/연령/직업별 1인가구(15세 이상)-시도,101001,101,5년,2005,2005,,15세 이상,1인가구,"성별,연령별,직업별,시도별"
DT_1BO0507,성/연령/거주기간별 1인가구-시도,101001,101,5년,2005,2005,,,1인가구,"성별,연령별,거주기간별,시도별"
DT_1BO0508,성/연령/거처의 종류별 1인가구-시도,101001,101,5년,2005,2005,,,1인가구,"성별,연령별,거처종류별,시도별"
DT_1BO0509,거처의 종류/사용방수/점유형태별 1인가구-시도,101001,101,5년,2005,2005,,,1인가구,"거처별,사용방수별,점유형태별,시도별"
DT_1BO0510,거처의 종류/주거시설 형태별 1인가구-시도,101001,101,5년,2005,2005,,,1인가구,"거처별,주거시설형태별,시도별"
DT_1BO0511,성/거처의 종류/점유형태별 고령자 1인가구(65세 이상)-시도,101001,101,5년,2005,2005,,65세 이상,고령자1인가구,"성별,거처종류별,점유형태별,시도별"
DT_1BO0512,성/연령/활동제약유형별 1인가구(5세 이상)-시도,101001,101,5년,2005,2005,,5세 이상,1인가구,"성별,연령별,활동제약유형별,시도별"
DT_1BO0513,성/거처의 종류/점유형태별 활동제약자 1인가구(5세 이상)-시도,101001,101,5년,2005,2005,,5세 이상,활동제약자1인가구,"활동제약자1인가구를성거처의종류점유형태별로나타낸통계표이며,시도를분류기준으로합니다따라서이통계표에서의분류기준은성별,거처종류별,점유형태별,행정구역별입니다"
DT_1BO0514,현거주지/성/연령/5년전 거주지별 1인가구-시도,101001,101,5년,2005,2005,,,1인가구,"현거주지별,성별,연령별,5년전거주지별,시도별"
DT_1BOOO01,"행정구역/성,주택의 종류별 1인가구",101001,101,5년,2000,2000,,,1인가구,"행정구역별,주택종류별"
DT_1BOOO02,행정구역/성/연령별 1인가구,101001,101,5년,2000,2000,,,1인가구,"행정구역별,성별,연령별"
DT_1BOOO03,행정구역/연령/성/혼인상태별 1인가구,101001,101,5년,2000,2000,,,1인가구,"행정구역별,연령별,성별,혼인상태별"
DT_1BOOO04,시도/성/연령/교육정도별 1인가구,101001,101,5년,2000,2000,,,1인가구,"시도별,성별,연령별,교육정도별"
DT_1BOOO05,현거주지/성/연령/5년전 거주지별 1인가구,101001,101,5년,2000,2000,,,1인가구,"현거주지별,성별,연령별,5년전거주지별"
DT_1BOOO06,현거주지/성/연령/1년전 거주지별 1인가구,101001,101,5년,2000,2000,,,1인가구,"현거주지별,성별,연령별,1년전거주지별"
DT_1BOOO07,시도/성/연령/경제활동상태별 1인가구(15세 이상),101001,101,5년,2000,2000,,15세 이상,1인가구,"시도별,성별,연령별,경제활동상태별"
DT_1BOOO08,시도/성/연령/산업(대분류)별 1인 가구(15세 이상),101001,101,5년,2000,2000,,15세 이상,1인가구,"시도별,성별,연령별,산업별"
DT_1BOOO09,시도/성/연령/직업(대분류)별 1인 가구(15세 이상),101001,101,5년,2000,2000,,15세 이상,1인가구,"시도별,성별,연령별,직업별"
DT_1BOOO10,시도/성/연령/정보통신기기 보유현황별 1인 가구,101001,101,5년,2000,2000,,,1인가구,"시도별,성별,연령별"
DT_1BOOO11,시도/성/연령/거주기간별 1인가구,101001,101,5년,2000,2000,,,1인가구,"시도별,성별,연령별,거주기간별"
DT_1BOOO12,시도/성/연령/거처의 종류별 1인가구,101001,101,5년,2000,2000,,,1인가구,"시도별,성별,연령별,거처의종류별"
DT_1BOOO13,시도/거처의 종류/사용방수/점유형태별 1인가구,101001,101,5년,2000,2000,,,1인가구,"시도별,거처의종류별,사용방수별,점유형태별"
DT_1BOOO14,행정구역/거처의 종류/주거시설 형태별 1인가구,101001,101,5년,2000,2000,,,1인가구,"행정구역별,거처종류별,주거시설형태별"
DT_1BOOO15,행정구역/성/생계수단별 1인가구(65세 이상),101001,101,5년,2000,2000,,65세 이상,1인가구,"행정구역별,성별,생계수단별"
DT_1BOOO16,행정구역/성/생계수단별 1인가구(60세 이상),101001,101,5년,2000,2000,,60세 이상,1인가구,"행정구역별,성별,생계수단별"
DT_1BW0501,연령/교육정도/출생자녀수별 기혼여성인구-시도,101001,101,5년,2005,2005,,,기혼여성인구,"연령별,교육정도별,출생자녀수별,시도별"
DT_1BW0502,연령/경제활동상태/출생자녀수별 기혼여성인구-시도,101001,101,5년,2005,2005,,,기혼여성인구,"연령별,경제활동상태별,출생자녀수별,시도별"
DT_1BW0503,동거자녀수/출생자녀수별 기혼여성인구(15세 이상)-시도,101001,101,5년,2005,2005,,15세 이상,"동거자녀수,출생자녀수,기혼여성인구",시도별
DT_1BW0504,사망자녀수/출생자녀수별 기혼여성인구(15세 이상)-시도,101001,101,5년,2005,2005,,15세 이상,기혼여성인구,시도별
DT_1BW0505,연령/경제활동상태/동거자녀수별 기혼여성인구(15세 이상)-시도,101001,101,5년,2005,2005,,15세 이상,기혼여성인구,"연령별,경제활동상태별,동거자녀수별,시도별"
DT_1BW0506,출생자녀수/추가계획자녀수별 기혼여성인구(15세 이상)-시도,101001,101,5년,2005,2005,,15세 이상,"출생자녀수,추가계획자녀수,기혼여성인구","출생자녀수별,추가계획자녀수별,시도별"
DT_1BW0507,교육정도/추가계획자녀수별 기혼여성인구(15세 이상)-시도,101001,101,5년,2005,2005,,15세 이상,"교육정도,추가계획자녀수,기혼여성인구,시도","교육정도별,추가계획자녀수별,시도별"
DT_1BW0508,경제활동상태/추가계획자녀수별 기혼여성인구(15세 이상)-시도,101001,101,5년,2005,2005,,15세 이상,기혼여성인구,"경제활동상태별,추가계획자녀수별,시도별"
DT_1BW0509,교육정도/초혼연령별 기혼여성인구(15세 이상)-시도,101001,101,5년,2005,2005,,15세 이상,"교육정도,초혼연령별,기혼여성인구,시도","교육정도별,초혼연령별,시도별"
DT_1BW0510,경제활동상태/초혼연령별 기혼여성인구(15세 이상)-시도,101001,101,5년,2005,2005,,15세 이상,기혼여성인구,"경제활동상태별,초혼연령별,시도별"
DT_1BW0511,출생자녀수/초혼연령별 기혼여성인구(15세 이상)-시도,101001,101,5년,2005,2005,,15세 이상,"출생자녀수,기혼여성인구","출생자녀수별,초혼연령별,시도별"
DT_1BW0512,어머니 연령/동거여부/보육상태별 아동인구-시도,101001,101,5년,2005,2005,,,아동인구,"어머니연령별,동거여부별,보육상태별,시도별"
DT_1BW0513,어머니의 교육정도/보육상태별 아동인구-시도,101001,101,5년,2005,2005,,,아동인구,"보육상태별,시도별"
DT_1BW0514,어머니의 경제활동상태/보육상태별 아동인구-시도,101001,101,5년,2005,2005,,,아동인구,"경제활동상태별,보육상태별,시도별"
DT_1BW0515,세대구성/보육상태별 아동인구-시도,101001,101,5년,2005,2005,,,아동인구,"세대구성별,보육상태별,시도별"
DT_1BW0516,연령/추가계획자녀수별 기혼여성인구(15세 이상)-시도,101001,101,5년,2005,2005,,15세 이상,추가계획자녀수별기혼여성인구,"연령별,추가계획자녀수별,시도별"
DT_1BW0517,연령/초혼연령별 기혼여성인구(15세 이상)-시도,101001,101,5년,2005,2005,,15세 이상,기혼여성인구,"연령별,시도별"
DT_1BWOO01,시도/연령/출생자녀수별 기혼여성,101001,101,5년,2000,2000,,,기혼여성,"시도별,연령별,출생자녀수별"
DT_1BWOO02,시도/연령(5세)/교육정도/출생자녀수별 기혼여성,101001,101,5년,2000,2000,,,기혼여성,"시도별,연령별,교육정도별,출생자녀수별"
DT_1BWOO03,시도/남편의 연령(5세)/교육정도/출생자녀수별 기혼여성,101001,101,5년,2000,2000,,,기혼여성,"시도별,남편의연령별,교육정도별,출생자녀수별"
DT_1BWOO04,시도/연령/경제활동상태/출생자녀수별 기혼여성,101001,101,5년,2000,2000,,,기혼여성,"시도별,연령별,경제활동상태별,출생자녀수별"
DT_1BWOO10,시도/연령/교육정도별 여성인구(6세 이상),101001,101,5년,2000,2000,,6세 이상,여성인구,"시도별,연령별,교육정도별"
DT_1BWOO11,시도/연령/경제활동상태/전공분야별 여성인구(15세 이상),101001,101,5년,2000,2000,,15세 이상,여성인구,"시도별,연령별,경제활동상태별,전공분야별"
DT_1BWOO12,행정구역/연령/혼인상태/경제활동상태별 여성인구(15세 이상),101001,101,5년,2000,2000,,15세 이상,여성인구,"행정구역별,연령별,혼인상태별,경제활동상태별"
DT_1BWOO13,시도/혼인상태/교육정도/경제활동상태별 여성인구(15세 이상),101001,101,5년,2000,2000,,15세 이상,여성인구,"시도별,혼인상태별,교육정도별,경제활동상태별"
DT_1BWOO14,시도/연령/혼인상태/직업별 취업여성인구(15세 이상),101001,101,5년,2000,2000,,15세 이상,취업여성인구,"시도별,연령별,혼인상태별,직업별"
DT_1BWOO15,시도/연령/혼인상태/산업별 취업여성인구(15세 이상),101001,101,5년,2000,2000,,15세 이상,취업여성인구,"시도별,연령별,혼인상태별,산업별"
DT_1BWOO16,시도/연령/혼인상태/종사상의 지위별 취업여성인구(15세 이상),101001,101,5년,2000,2000,,15세 이상,취업여성인구,"시도별,연령별,혼인상태별,종사상의지위별"
DT_1BWOO17,시도/세대구성/아동보육상태별 아동수,101001,101,5년,2000,2000,,,아동수,"시도별,세대구성별,아동보육상태별"
DT_1BWOO19,행정구역/모의 연령/경제활동상태/아동보육상태별 기혼여성,101001,101,5년,2000,2000,,,기혼여성,"행정구역별,모의연령별,경제활동상태별,아동보육상태별"
DT_1BWOO21,행정구역/연령/혼인상태별 여성 가구주가구(일반가구),101001,101,5년,2000,2000,,,여성가구주가구,"행정구역별,연령별,혼인상태별"
DT_1BWOO22,시도/세대구성/가구주의 연령별 여성 가구주가구(일반가구),101001,101,5년,2000,2000,,,여성가구주가구,"시도별,세대구성별,가구주의연령별"
DT_1CH7001,시도/연령/출생아수별 부인,101001,101,5년,1970,1970,,,"부인,출생아수","시도별,연령별"
DT_1CH7002,시도/연령/생존아수별 부인,101001,101,5년,1970,1970,,,부인,"시도별,연령별"
DT_1CH7003,시도/모의 연령/모의 교육정도/출생아수별 부인,101001,101,5년,1970,1970,,,"부인,출생아수","시도별,연령별,교육정도별"
DT_1CH7004,시도/모의 연령별 적생아,101001,101,5년,1970,1970,,,출생아,연령별
DT_1CH7005,시도/모의 연령/혼인상태별 적생아,101001,101,5년,1970,1970,,,출생아,"시도별,연령별,혼인상태별"
DT_1CH7006,시도/모의 연령/교육정도별 적생아,101001,101,5년,1970,1970,,,미숙아,"행정구역별,연령별,교육정도별"
DT_1CH7007,시도/모의 연령/직업(대분류)별 적생아,101001,101,5년,1970,1970,,,출생아,"시도별,연령별,직업별"
DT_1CH7008,시도/모의 연령/종사상의 지위별 적생아,101001,101,5년,1970,1970,,,적생아,"시도별,연령별,종사상의지위별"
DT_1CH7009,시도/모의 연령/출생아수별 적생아,101001,101,5년,1970,1970,,,출생아수,"시도별,연령별"
DT_1CH700A,5년전 거주지/모의 연령별 적생아,101001,101,5년,1970,1970,,,적생아,"거주지별,연령별"
DT_1CH7501,시도/연령/출생아수별 부인,101001,101,5년,1975,1975,,,"부인,출생아수","시도별,연령별"
DT_1CH7502,시도/연령/생존아수별 부인,101001,101,5년,1975,1975,,,부인,"시도별,연령별"
DT_1CH7503,시도/모의 연령/모의 교육정도/출생아수별 부인,101001,101,5년,1975,1975,,,"부인,출생아수","시도별,연령별,교육정도별"
DT_1CH7504,시도/연령/초혼연령/성별 기혼자,101001,101,5년,1975,1975,,,"초혼연령,성별기혼자","시도별,연령별,성별"
DT_1CH7505,시도/연령/초혼연령별 출생아,101001,101,5년,1975,1975,,,출생아,"시도별,연령별,초혼연령별"
DT_1CH7506,시도/모의 연령별 적생아,101001,101,5년,1975,1975,,,적생아,연령별
DT_1CH7507,시도/모의 연령/혼인상태별 적생아,101001,101,5년,1975,1975,,,출생아,"시도별,연령별,혼인상태별"
DT_1CH7508,현거주지/모의 연령/출생아수/5년전 거주지별 이동인구,101001,101,5년,1975,1975,,,"출생아수,이동인구",거주지역별
DT_1CH7509,시도/모의 연령/직업(대분류)별 적생아,101001,101,5년,1975,1975,,,적생아,"시도별,연령별,직업별"
DT_1CH750A,시도/모의 연령/종사상의 지위별 적생아,101001,101,5년,1975,1975,,,적생아,"시도별,연령별,종사상의지위별"
DT_1CH8001,시도/연령/출생아수별 부인수,101001,101,5년,1980,1980,,,부인수,"시도별,연령별"
DT_1CH8002,시도/연령/생존아수별 부인수,101001,101,5년,1980,1980,,,부인수,"시도별,연령별"
DT_1CH8003,시도/교육정도/연령/출생아수별 부인수,101001,101,5년,1980,1980,,,부인수,"시도별,교육정도별,연령별"
DT_1CH8004,시도/성/연령/초혼연령별 기혼자수,101001,101,5년,1980,1980,,,기혼자수,"시도별,성별,연령별"
DT_1CH8005,시도/모의 연령/초혼연령별 출생아수,101001,101,5년,1980,1980,,,출생아수,"시도별,연령별,초혼연령별"
DT_1CH8006,시도/모의 연령별 적생아수,101001,101,5년,1980,1980,,,적생아수,연령별
DT_1CH8007,시도/모의연령/혼인상태별 적생아수,101001,101,5년,1980,1980,,,적생아수,"시도별,모의연령별,혼인상태별"
DT_1CH8501,시도/연령/출생아수별 부인수,101001,101,5년,1985,1985,,,부인수,"시도별,연령별"
DT_1CH8502,시도/연령/생존아수별 기혼부인수,101001,101,5년,1985,1985,,,기혼부인수,"시도별,연령별"
DT_1CH8503,시도/교육정도/연령/출생아수별 부인수,101001,101,5년,1985,1985,,,부인수,"시도별,교육정도별,연령별"
DT_1CH8504,시도/모의 연령별 적생아수,101001,101,5년,1985,1985,,,적생아수,연령별
DT_1CH8505,시도/모의연령/혼인상태별 적생아수,101001,101,5년,1985,1985,,,적생아수,"시도별,모의연령별,혼인상태별"
DT_1CH8506,시도/남편의 교육정도 및  연령/출생아수별 부인수,101001,101,5년,1985,1985,,,"부인수,출생아수","부인의남편교육정도별,연령별"
DT_1CH8507,시도/남편의 산업/출생아수별 부인수,101001,101,5년,1985,1985,,,"출생아수,부인수","행정구역별,산업별"
DT_1CH8508,시도/남편의 직업/출생아수별 부인수,101001,101,5년,1985,1985,,,"부인수,출생아수","행정구역별,남편직업별"
DT_1CH9001,시도/연령/출생아수별 부인수,101001,101,5년,1990,1990,,,"부인수,출생아수","시도별,연령별"
DT_1CH9002,시도/연령/생존아수별 기혼부인수,101001,101,5년,1990,1990,,,기혼부인수,"시도별,연령별"
DT_1CH9003,시도/교육정도/연령/출생아수별 부인수,101001,101,5년,1990,1990,,,부인수,"시도별,교육정도별,연령별"
DT_1CH9004,시도/성/연령/초혼연령별 기혼자수,101001,101,5년,1990,1990,,,기혼자수,"시도별,성별,연령별"
DT_1CH9005,시도/모의 연령별 적생아수,101001,101,5년,1990,1990,,,적생아수,연령별
DT_1CH9006,시도/모의연령/혼인상태별 적생아수,101001,101,5년,1990,1990,,,적생아수,"시도별,모의연령별,혼인상태별"
DT_1CH9007,시도/남편의 교육정도 및 연령/출생아수별 부인수,101001,101,5년,1990,1990,,,"부인수,출생아수",부인의남편교육정도및연령별
DT_1CH9008,시도/연령/혼인상태/취학자녀수별 부인수,101001,101,5년,1990,1990,,,부인수,"시도별,연령별,혼인상태별,취학자녀수별"
DT_1CH9009,시도/남편의 산업/출생아수별 부인수,101001,101,5년,1990,1990,,,"부인수,출생아수","행정구역별,산업별"
DT_1CH900A,시도/남편의 직업/출생아수별 부인수,101001,101,5년,1990,1990,,,"부인수,출생아수","행정구역별,남편직업별"
DT_1CH900B,시도/모의 연령/초혼연령별 출생아수,101001,101,5년,1990,1990,,,출생아수,"시도별,연령별,초혼연령별"
DT_1EC7001,시도/연령/성별 경제활동상태별 인구,101001,101,5년,1970,1970,,,인구,"시도별,연령별,성별"
DT_1EC7002,"시도/산업(대분류),직업(대분류)/성별 취업자",101001,101,5년,1970,1970,,,취업자,"행정구역별,산업별,성별"
DT_1EC7003,시도/산업(중분류)/연령/성별 취업자,101001,101,5년,1970,1970,,,취업자,"시도별,산업별,연령별,성별"
DT_1EC7004,시도/직업(중분류)/연령/성별 취업자,101001,101,5년,1970,1970,,,취업자,"시도별,직업별,연령별,성별"
DT_1EC7005,시도/연령/성/종사상의 지위별 취업자,101001,101,5년,1970,1970,,,취업자,"시도별,연령별,성별,종사상의지위별"
DT_1EC7006,시도/산업(대분류)/종사상지위/성별 취업자,101001,101,5년,1970,1970,,,취업자,"시도별,산업별,종사상지위별,성별"
DT_1EC7007,시도/직업(대분류)/혼인상태/성별 취업자,101001,101,5년,1970,1970,,,취업자,"행정구역별,직업별,혼인상태별,성별"
DT_1EC7008,"시도/산업(대분류),직업(대분류)/교육정도별 취업자",101001,101,5년,1970,1970,,,취업자,"행정구역별,산업별,교육정도별"
DT_1EC7009,시도/산업(중분류)/직업(대분류)/성별 취업자,101001,101,5년,1970,1970,,,취업자,"행정구역별,산업별,직업별,성별"
DT_1EC700A,시도/경제활동상태/취업기간/성별 인구,101001,101,5년,1970,1970,,,인구,"행정구역별,경제활동상태별,취업기간별,성별"
DT_1EC700B,"시도/평상상태 취업기간/연령,산업및직업(대분류)/성별 취업자",101001,101,5년,1970,1970,,,취업자,"행정구역별,상태별,기간별,연령별,산업및직업별,성별"
DT_1EC7501,시도/가구원수/경제활동 인구수별 가구,101001,101,5년,1975,1975,,,"가구,경제활동인구수","행정구역별,가구원수별,경제활동인구수별"
DT_1EC7502,시도/성/연령/경제활동상태별 인구,101001,101,5년,1975,1975,,,인구,"시도별,성별,연령별,경제활동상태별"
DT_1EC7503,"시도/산업(대분류),직업(대분류)/성별 취업자",101001,101,5년,1975,1975,,,취업자,"행정구역별,산업별,성별"
DT_1EC7504,시도/산업(중분류)/연령/성별 취업자,101001,101,5년,1975,1975,,,취업자,"행정구역별,산업별,연령별,성별"
DT_1EC7505,시도/직업(중분류)/연령/성별 취업자,101001,101,5년,1975,1975,,,취업자,"시도별,직업별,연령별,성별"
DT_1EC7506,시도/연령/성/종사상의 지위별 취업자,101001,101,5년,1975,1975,,,취업자,"시도별,연령별,성별,종사상의지위별"
DT_1EC7507,시도/산업(대분류)/종사상지위/성별 취업자,101001,101,5년,1975,1975,,,취업자,"시도별,산업별,종사상지위별,성별"
DT_1EC7508,시도/직업(대분류)/종사상지위/성별 취업자,101001,101,5년,1975,1975,,,취업자,"시도별,직업별,종사상지위별,성별"
DT_1EC7509,"시도/연령,혼인상태/경제활동상태별 여자",101001,101,5년,1975,1975,,,여자,"행정구역별,연령혼인상태별,경제활동상태별"
DT_1EC750A,"시도/산업(대분류),직업(대분류)/교육정도별 취업자",101001,101,5년,1975,1975,,,취업자,"행정구역별,산업별,교육정도별"
DT_1EC750B,시도/산업(대분류)/직업(대분류)/성별 취업자,101001,101,5년,1975,1975,,,취업자,"시도별,산업별,직업별,성별"
DT_1EC8001,시도/성/연령/경제활동상태별 인구,101001,101,5년,1980,1980,,,인구,"시도별,성별,연령별,경제활동상태별"
DT_1EC8002,시도/산업/유업상태/성별 유업자,101001,101,5년,1980,1980,,,유업자,"시도별,산업별,유업상태별,성별"
DT_1EC8003,시도/직업/유업상태/성별 유업자,101001,101,5년,1980,1980,,,유업자,"행정구역별,직업별,유업상태별,성별"
DT_1EC8004,시도/산업/직업/성별 유업자,101001,101,5년,1980,1980,,,유업자,"시도별,산업별,직업별,성별"
DT_1EC8005,시도/산업/연령/성별 유업자,101001,101,5년,1980,1980,,,유업자,"시도별,산업별,연령별,성별"
DT_1EC8006,시도/직업/연령/성별 유업자,101001,101,5년,1980,1980,,,유업자,"시도별,직업별,연령별,성별"
DT_1EC8007,시도/성/연령/종사상지위별 유업자,101001,101,5년,1980,1980,,,유업자,"시도별,성별,연령별,종사상지위별"
DT_1EC8008,시도/산업/종사상지위/성별 유업자,101001,101,5년,1980,1980,,,유업자,"시도별,산업별,종사상지위별,성별"
DT_1EC8009,시도/직업/종사상지위/성별 유업자,101001,101,5년,1980,1980,,,유업자,"시도별,직업별,종사상지위별,성별"
DT_1EC800A,시도/성/혼인상태/연령/직업별 유업자,101001,101,5년,1980,1980,,,유업자,"시도별,성별,혼인상태별,연령별,직업별"
DT_1EC800B,시도/산업/교육정도/성별 유업자,101001,101,5년,1980,1980,,,유업자,"시도별,산업별,교육정도별,성별"
DT_1EC800C,시도/직업/교육정도별/성별 유업자,101001,101,5년,1980,1980,,,유업자,"시도별,직업별,교육정도별,성별"
DT_1EC800D,성/경제활동상태 및 산업/교육정도 및 전공별 유업자,101001,101,5년,1980,1980,,,"경제활동상태,산업,교육정도,전공별유업자","성별,경제활동상태별,산업별,교육정도및전공별"
DT_1EC800E,성/직업/교육정도 및 전공별 유업자,101001,101,5년,1980,1980,,,유업자,"성별,직업별,교육정도별,전공별"
DT_1EC800F,시도/가구원수/경제활동 인구수별 가구,101001,101,5년,1980,1980,,,"가구,경제활동인구수","시도별,가구원수별,경제활동인구수별"
DT_1EC800G,시도/가구주의 성/직업/가구원수별 가구,101001,101,5년,1980,1980,,,가구,"행정구역별,가구주의성별,직업별,가구원수별"
DT_1EC9001,시도/성/연령/경제활동상태별 인구,101001,101,5년,1990,1990,,,인구,"시도별,성별,연령별,경제활동상태별"
DT_1EC9002,시도/성/연령/종사상지위별 유업자,101001,101,5년,1990,1990,,,유업자,"시도별,성별,연령별,종사상지위별"
DT_1EC9003,시도/유업상태/연령/종사상지위별 유업자,101001,101,5년,1990,1990,,,유업자,"시도별,유업상태별,연령별,종사상지위별"
DT_1EC9004,시도/산업/유업상태/성별 유업자,101001,101,5년,1990,1990,,,유업자,"시도별,산업별,유업상태별,성별"
DT_1EC9005,시도/직업/유업상태/성별 유업자,101001,101,5년,1990,1990,,,유업자,"행정구역별,직업별,유업상태별,성별"
DT_1EC9006,시도/성/직업/산업별 유업자,101001,101,5년,1990,1990,,,유업자,"시도별,성별,직업별,산업별"
DT_1EC9007,시도/성/연령/산업별 유업자,101001,101,5년,1990,1990,,,유업자,"시도별,성별,연령별,산업별"
DT_1EC9008,시도/성/연령/직업별 유업자,101001,101,5년,1990,1990,,,유업자,"시도별,성별,연령별,직업별"
DT_1EC9009,시도/성/혼인상태/연령/직업별 유업자,101001,101,5년,1990,1990,,,유업자,"시도별,성별,혼인상태별,연령별,직업별"
DT_1EC900A,시도/교육정도/성/산업별 유업자,101001,101,5년,1990,1990,,,유업자,"시도별,교육정도별,성별로"
DT_1EC900B,시도/교육정도/성/직업별 유업자,101001,101,5년,1990,1990,,,유업자,"시도별,교육정도별,성별,직업별"
DT_1EC900C,시도/거처의종류/가구규모/유업자수별 가구,101001,101,5년,1990,1990,,,가구,"시도별,거처의종류별,가구규모별"
DT_1EC900D,시도/가구주의 성/직업/가구규모별 가구,101001,101,5년,1990,1990,,,가구,"행정구역별,가구주의성별,직업별,가구규모별"
DT_1EC900E,시도/가구주의 성/종사상지위/거처종류별 가구,101001,101,5년,1990,1990,,,가구,"시도별,가구주성별,종사상지위별,거처종류별"
DT_1EC900F,시도/세대구성/가구주의 직업별 가구,101001,101,5년,1990,1990,,,가구,"시도별,세대구성별,가구주의직업별"
DT_1EC900G,시도/자녀수/부부의 유업상태별 가구,101001,101,5년,1990,1990,,,가구,유업상태별
DT_1EC900H,시도/부부의 경제활동상태 및 산업별 가구,101001,101,5년,1990,1990,,,"경제활동상태,가구","행정구역별,산업별"
DT_1EC900I,시도/부부의 경제활동상태 및 직업별 가구,101001,101,5년,1990,1990,,,"경제활동상태,직업별가구","행정구역별,직업별"
DT_1GA0001,총조사가구 총괄(행정구역/거처의 종류/가구원수/사용방수별),101001,101,5년,1980,2010,,,가구,"행정구역별,거처의종류별,가구원수별,사용방수별"
DT_1GA0501,가구형태별 가구 및 가구원-읍면동,101001,101,5년,2005,2005,,,"가구,가구원","가구형태별,행정구역별"
DT_1GA0502,세대구성별 가구 및 가구원-시군구,101001,101,5년,2005,2005,,,"가구,가구원","세대구성별,행정구역별"
DT_1GA0503,가구주의 성/연령/혼인상태별 가구(일반가구)-시군구,101001,101,5년,2005,2005,,,"가구주,가구","가구주별,행정구역별"
DT_1GA0504,가구주의 성/연령/세대구성별 가구(일반가구)-시군구,101001,101,5년,2005,2005,,,"가구주,가구","가구주별,연령별,세대구성별,행정구역별"
DT_1GA0505,세대구성/가구주의 교육정도별 가구(일반가구)-시군구,101001,101,5년,2005,2005,,,가구,"가구주의교육정도별,행정구역별"
DT_1GA0506,가구의 크기/핵수별 가구(일반가구)-시군구,101001,101,5년,2005,2005,,,가구,"크기별,핵수별,행정구역별"
DT_1GA0507,가구주의 성/연령/거처의 종류별 가구(일반가구)-시군구,101001,101,5년,2005,2005,,,"가구주,가구","가구주성별,연령별,거처종류별,행정구역별"
DT_1GA0508,거처의 종류/점유형태별 가구(일반가구)-시군구,101001,101,5년,2005,2005,,,가구,"거처별,점유형태별,행정구역별"
DT_1GA0509,가구주의 연령/점유형태별 가구(일반가구)-시군구,101001,101,5년,2005,2005,,,"가구주,가구","연령별,점유형태별,가구주별,행정구역별"
DT_1GA0510,거처의 종류/주거시설 형태별 가구(일반가구)-시군구,101001,101,5년,2005,2005,,,가구,"거처종류별,주거형태별,행정구역별"
DT_1GA0512,거처의 종류/가구원 규모/사용방수별 가구(일반가구)-시군구,101001,101,5년,2005,2005,,,가구,"거처별,가구원규모별,사용방수별,행정구역별"
DT_1GA0513,"가구원 규모/방, 거실, 식당수별 가구(일반가구)-시군구",101001,101,5년,2005,2005,,,가구,"가구원규모별,방거실식당수별,행정구역별"
DT_1GA0514,"세대구성/거처의 종류, 점유형태별 가구(일반가구)-시군구",101001,101,5년,2005,2005,,,가구,"거처종류별,점유형태별,행정구역별"
DT_1GA0515,가구주의 연령/가구원수별 가구(일반가구)-시군구,101001,101,5년,2005,2005,,,"가구주,가구원수,일반가구,시군구","연령별,가구원수별,행정구역별"
DT_1GA0516,타지 주택소유/거처의 점유형태별 가구(일반가구)-시군구,101001,101,5년,2005,2005,,,가구,시군구별
DT_1GA0517,거처의 종류/난방시설별 가구(일반가구)-시군구,101001,101,5년,2005,2005,,,가구,"거처별,난방시설별,행정구역별"
DT_1GA0518,거주층별 가구(일반가구)-시군구,101001,101,5년,2005,2005,,,가구,거주층별
DT_1GA0519,거처의 종류/사용방수/주거면적별 가구(일반가구)-시군구,101001,101,5년,2005,2005,,,가구,"거처종류별,사용방식별,주거면적별,행정구역별"
DT_1GA0520,세대구성/가구원수별 가구(일반가구)-시군구,101001,101,5년,2005,2005,,,가구,"행정구역별,가구원수별"
DT_1GA0521,세대구성/가구주의 혼인상태별 가구(일반가구)-시군구,101001,101,5년,2005,2005,,,가구,혼인상태별
DT_1GA0522,점유형태/가구원수/사용방수별 가구(일반가구)-시군구,101001,101,5년,2005,2005,,,가구,"점유형태별,가구원수별,사용방수별,행정구역별"
DT_1GA0523,거처의 종류 및 평균사용방수별 가구(일반가구)-시군구,101001,101,5년,2005,2005,,,가구,"거처별,행정구역별"
DT_1GA0524,주택(오피스텔 포함)의 종류 및 주거면적별 가구(일반가구)-시군구,101001,101,5년,2005,2005,,,가구,"종류별,면적별,행정구역별"
DT_1GA5501,시도별 가구 및 가구원,101001,101,5년,1955,1955,,,"가구,가구원",행정구역별
DT_1GA5502,"시부, 군부별 주거의 종류 및 가구",101001,101,5년,1955,1955,,,"주거의종류,가구",행정구역별
DT_1GA5503,"행정구역/주거의 종류/농가,비농가별 가구 및 가구원수",101001,101,5년,1955,1955,,,"가구,가구원수,농가,비농가","행정구역별,주거종류별,농가비농가별"
DT_1GA5504,행정구역/주택거주상활별 가구 및 인구,101001,101,5년,1955,1955,,,"가구,인구","행정구역별,주택거주상황별"
DT_1GA6001,"행정구역/영·비농,개인·집단,세대수별 가구 및 가구원수",101001,101,5년,1960,1960,,,"가구,가구원수","행정구역별,영비농별,개인집단별,세대수별"
DT_1GA7001,시도/세대구성/가구원수별 가구,101001,101,5년,1970,1970,,,가구,"시도별,세대구성별,가구원수별"
DT_1GA7002,행정구역/가구원수/핵가족수별 가구,101001,101,5년,1970,1970,,,가구,"행정구역별,가구원수별"
DT_1GA7003,시도/주택의종류/문화시설의 소유 가구 및 가구원,101001,101,5년,1970,1970,,,가구,"시도별,주택종류별"
DT_1GA7501,시도/성/연령/혼인상태별 가구주,101001,101,5년,1975,1975,,,가구주,"시도별,성별,연령별,혼인상태별"
DT_1GA7502,행정구역/가구의 크기/핵수별 가구,101001,101,5년,1975,1975,,,가구,"행정구역별,가구크기별"
DT_1GA7503,시도/세대구성/가구원수별 가구,101001,101,5년,1975,1975,,,가구,"시도별,세대구성별,가구원수별"
DT_1GA7504,시도/가구원수/거처의 점유형태별 가구,101001,101,5년,1975,1975,,,가구,"행정구역별,거처의점유형태별"
DT_1GA7505,시도/거처의종류/성/연령별 가구주,101001,101,5년,1975,1975,,,가구주,"시도별,거처의종류별,성별,연령별"
DT_1GA8001,시도/성/연령/혼인상태별 가구,101001,101,5년,1980,1980,,,가구,"시도별,성별,연령별,혼인상태별"
DT_1GA8002,"시도/가구주의 성,연령/거처의 종류별 가구",101001,101,5년,1980,1980,,,가구,"행정구역별,거처의종류별"
DT_1GA8003,시도/가구의 크기/핵수별 가구,101001,101,5년,1980,1980,,,가구,"행정구역별,가구크기별"
DT_1GA8004,시도/세대구성/가구원수별 가구,101001,101,5년,1980,1980,,,가구,"시도별,세대구성별,가구원수별"
DT_1GA8005,행정구역/거처의 종류/점유형태별 가구,101001,101,5년,1980,1980,,,가구,"행정구역별,거처종류별,점유형태별"
DT_1GA8006,행정구역/거처의종류/취사 및 난방연료별 가구,101001,101,5년,1980,1980,,,가구,"행정구역별,거처의종류별,취사및난방연료별"
DT_1GA8007,행정구역/거처의종류/사용식수별 가구 및 가구원,101001,101,5년,1980,1980,,,"가구,가구원","행정구역별,거처의종류별,사용식수별"
DT_1GA8008,행정구역/문화시설 보유가구,101001,101,5년,1980,1980,,,가구,행정구역별
DT_1GA8501,시도/성/연령/혼인상태별 가구,101001,101,5년,1985,1985,,,가구,"시도별,성별,연령별,혼인상태별"
DT_1GA8502,시도/세대구성/가구주의 연령별 가구,101001,101,5년,1985,1985,,,가구,"시도별,세대구성별,가구주의연령별"
DT_1GA8503,시도/세대구성/가구주의 혼인상태별 가구,101001,101,5년,1985,1985,,,가구,"시도별,세대구성별,가구주의혼인상태별"
DT_1GA8504,시도/세대구성/가구주의 교육정도별 가구,101001,101,5년,1985,1985,,,가구,"행정구역별,세대구성별,가구주의교육정도별"
DT_1GA8505,시도/세대구성/직업별 가구,101001,101,5년,1985,1985,,,가구,"시도별,세대구성별,직업별"
DT_1GA8506,"시도/가구주의 성,연령/거처의 종류별 가구",101001,101,5년,1985,1985,,,가구,"행정구역별,거처의종류별"
DT_1GA8507,시도/가구주의 연령/거처의 점유형태별 가구,101001,101,5년,1985,1985,,,가구,"행정구역별,거처의점유형태별"
DT_1GA8508,시도/가구의 크기/핵수별 가구,101001,101,5년,1985,1985,,,가구,"시도별,가구의크기별,핵수별"
DT_1GA8509,시도/세대구성/가구원수별 가구,101001,101,5년,1985,1985,,,가구,"시도별,세대구성별,가구원수별"
DT_1GA8510,행정구역/거처의 종류/점유형태별 가구,101001,101,5년,1985,1985,,,가구,"행정구역별,거처의종류별,점유형태별"
DT_1GA8511,행정구역/거처의종류/취사연료별 가구,101001,101,5년,1985,1985,,,가구,"행정구역별,거처의종류별,취사연료별"
DT_1GA8512,시도/거처의종류/사용방수/전세금별 가구(주거전용),101001,101,5년,1985,1985,,,가구,"시도별,거처의종류별,사용방수별,전세금별"
DT_1GA8513,시도/거처의종류/사용방수/월세금별 가구,101001,101,5년,1985,1985,,,가구,"행정구역별,거처의종류별,사용방수별,월세금별"
DT_1GA8514,시도/거처의종류/사용방수/월세금/보증금별 가구,101001,101,5년,1985,1985,,,가구,"행정구역별,거처의종류별,사용방수별,월세금별,보증금별"
DT_1GA8515,행정구역별 문화시설 보유가구,101001,101,5년,1985,1985,,,문화시설보유가구,행정구역별
DT_1GA9001,시도/성/연령/혼인상태별 가구,101001,101,5년,1990,1990,,,가구,"시도별,성별,연령별,혼인상태별"
DT_1GA9002,시도/세대구성/가구주의 연령별 가구,101001,101,5년,1990,1990,,,가구,"시도별,세대구성별,가구주의연령별"
DT_1GA9003,시도/세대구성/가구주의 혼인상태별 가구,101001,101,5년,1990,1990,,,가구,"시도별,세대구성별,가구주의혼인상태별"
DT_1GA9004,시도/세대구성/가구주의 교육정도별 가구,101001,101,5년,1990,1990,,,가구,"시도별,세대구성별,가구주의교육정도별"
DT_1GA9005,시도/세대구성/가구원수별 가구,101001,101,5년,1990,1990,,,가구,"시도별,세대구성별,가구원수별"
DT_1GA9006,시도/가구의크기/핵수별 가구,101001,101,5년,1990,1990,,,가구,"행정구역별,가구크기별"
DT_1GA9007,"시도/가구주의 성,연령/거처의 종류별 가구",101001,101,5년,1990,1990,,,가구,"행정구역별,거처의종류별"
DT_1GA9008,시도/가구주의 연령/거처의 점유형태별 가구,101001,101,5년,1990,1990,,,가구,"행정구역별,거처의점유형태별"
DT_1GA9009,행정구역/거처의 종류/점유형태별 가구,101001,101,5년,1990,1990,,,가구,"행정구역별,거처종류별,점유형태별"
DT_1GA9010,행정구역/거처의종류/식수종류별 가구 및 가구원,101001,101,5년,1990,1990,,,"가구,가구원","행정구역별,거처의종류별,식수종류별"
DT_1GA9011,행정구역/거처종류/취사연료별 가구,101001,101,5년,1990,1990,,,가구,"행정구역별,거처종류별,취사연료별"
DT_1GA9012,행정구역/거처의종류/난방시설별 가구,101001,101,5년,1990,1990,,,가구,"행정구역별,거처의종류별,난방시설별"
DT_1GA9013,행정구역/거처종류/시설형태별 가구,101001,101,5년,1990,1990,,,가구,"행정구역별,거처종류별,시설형태별"
DT_1GA9014,행정구역별 문화시설 보유가구,101001,101,5년,1990,1990,,,문화시설보유가구,행정구역별
DT_1GA9501,시도/성/연령/혼인상태별 가구,101001,101,5년,1995,1995,,,가구,"시도별,성별,연령별,혼인상태별"
DT_1GA9502,행정구역/세대구성/가구주의 연령별 가구,101001,101,5년,1995,1995,,,가구,"행정구역별,세대구성별,가구주의연령별"
DT_1GA9503,시도/세대구성/가구주의 혼인상태별 가구,101001,101,5년,1995,1995,,,가구,"행정구역별,세대구성별,가구주의혼인상태별"
DT_1GA9504,시도/세대구성/가구주의 교육정도별 가구,101001,101,5년,1995,1995,,,가구,"시도별,세대구성별,가구주의교육정도별"
DT_1GA9505,시도/세대구성/가구원수별 가구,101001,101,5년,1995,1995,,,가구,"시도별,세대구성별,가구원수별"
DT_1GA9506,시도/가구의 크기/핵수별 가구,101001,101,5년,1995,1995,,,가구,"행정구역별,가구크기별"
DT_1GA9507,"시도/가구주의 성,연령/거처의 종류별 가구",101001,101,5년,1995,1995,,,가구,"행정구역별,거처종류별"
DT_1GA9508,시도/가구주의 연령/거처의 점유형태별 가구,101001,101,5년,1995,1995,,,가구,"행정구역별,거처의점유형태별"
DT_1GA9509,행정구역/거처의 종류/점유형태/사용방수별 가구,101001,101,5년,1995,1995,,,가구,"행정구역별,거처의종류별,점유형태별,사용방수별"
DT_1GA9510,행정구역/거처의 종류/주거시설 형태별 가구,101001,101,5년,1995,1995,,,가구,"행정구역별,거처종류별,주거시설형태별"
DT_1GAOO01,행정구역별 총조사가구 및 가구원,101001,101,5년,2000,2000,,,"총조사가구,가구원",행정구역별
DT_1GAOO02,행정구역/가구주의 성/가구주의 연령/혼인상태별 총조사가구(일반가구),101001,101,5년,2000,2000,,,가구,"행정구역별,가구주의성별,가구주의연령별,혼인상태별"
DT_1GAOO03,행정구역/세대구성/가구주의 연령별 총조사가구(일반가구),101001,101,5년,2000,2000,,,"총조사가구,일반가구","행정구역별,세대구성별,가구주의연령별"
DT_1GAOO04,행정구역/세대구성/가구주의 혼인상태별 총조사가구(일반가구),101001,101,5년,2000,2000,,,"총조사가구,일반가구","행정구역별,세대구성별,가구주의혼인상태별"
DT_1GAOO05,행정구역/세대구성/가구주의 교육정도별 총조사가구(일반가구),101001,101,5년,2000,2000,,,"총조사가구,일반가구","행정구역별,세대구성별,가구주의교육정도별"
DT_1GAOO06,행정구역/세대구성/가구원수별 총조사가구(일반가구),101001,101,5년,2000,2000,,,"총조사가구,일반가구","행정구역별,세대구성별,가구원수별"
DT_1GAOO07,행정구역/가구의 크기/핵수별 총조사가구(일반가구),101001,101,5년,2000,2000,,,"총조사가구,일반가구","행정구역별,가구크기별"
DT_1GAOO08,행정구역/가구주의 성/연령/거처의 종류별 총조사가구(일반가구),101001,101,5년,2000,2000,,,가구,"행정구역별,가구주성별,연령별,거처종류별"
DT_1GAOO09,행정구역/가구주의 연령/성/거처의 점유형태별 총조사가구(일반가구),101001,101,5년,2000,2000,,,"총조사가구,일반가구","행정구역별,가구주의연령별,성별,거처의점유형태별"
DT_1GAOO10,행정구역/거처의 종류/점유형태/사용방수별 총조사가구(일반가구),101001,101,5년,2000,2000,,,"총조사가구,일반가구","행정구역별,거처종류별,점유형태별,사용방수별"
DT_1GAOO12,행정구역/거처의 종류/주거시설 형태별 총조사가구(일반가구),101001,101,5년,2000,2000,,,"총조사가구,일반가구","행정구역별,거처종류별,주거형태별"
DT_1GAOO14,행정구역/거처의 종류/가구형태별 총조사가구(일반가구),101001,101,5년,2000,2000,,,"총조사가구,일반가구","행정구역별,거처의종류별,가구형태별"
DT_1GAOO15,"행정구역/거처의 종류/가구원수,사용방수,연면적별 총조사가구(일반가구)",101001,101,5년,2000,2000,,,"총조사가구,일반가구","행정구역별,거처의종류별,가구원수,사용방수,연면적별"
DT_1GAOO16,"행정구역/가구원수/거실수,식당수,침실수별 총조사가구(일반가구)",101001,101,5년,2000,2000,,,가구,"행정구역별,가구원수별,거실수식당수침실수별"
DT_1GAOO17,행정구역/점유형태/가구원수/사용방수별 총조사가구(일반가구),101001,101,5년,2000,2000,,,"총조사가구,일반가구","행정구역별,점유형태별,가구원수별,사용방수별"
DT_1GAOO18,행정구역/거처의 종류/점유형태/사용방수(용도)별 총조사가구(일반가구),101001,101,5년,2000,2000,,,"총조사가구,일반가구","행정구역별,거처종류별,점유형태별,사용방수,용도별"
DT_1GAOO19,행정구역/세대구성/거처의 종류별 총조사가구(일반가구),101001,101,5년,2000,2000,,,"총조사가구,일반가구","행정구역별,거처종류별"
DT_1GAOO20,행정구역/가구주의 연령/가구원수별 총조사가구(일반가구),101001,101,5년,2000,2000,,,가구,"행정구역별,가구주의연령별,가구원수별"
DT_1GAOO21,행정구역/성/연령/혼인상태/거처의 종류별 1인 총조사가구,101001,101,5년,2000,2000,,,총조사가구,"행정구역별,성별,연령별,혼인상태별,거처종류별"
DT_1GO0501,연령/성별 고령자(60세 이상)-시군구,101001,101,5년,2005,2005,,60세 이상,고령자,"연령별,성별,행정구역별"
DT_1GO0502,성/연령/교육정도별 고령자(60세 이상)-시도,101001,101,5년,2005,2005,,60세 이상,고령자,"성별,연령별,교육정도별,시도별"
DT_1GO0503,연령/성/혼인상태별 고령자(60세 이상)-시도,101001,101,5년,2005,2005,,60세 이상,고령자,"연령별,성별,혼인상태별,시도별"
DT_1GO0504,성/연령/가구주와의 관계별 고령자(60세 이상)-시도,101001,101,5년,2005,2005,,60세 이상,고령자,"성별,연령별,가구주와의관계별,시도별"
DT_1GO0505,성/세대구성/연령별 고령자(60세 이상)-시도,101001,101,5년,2005,2005,,60세 이상,고령자,"성별,세대구성별,연령별,시도별"
DT_1GO0506,성/연령/거처의 종류별 고령자(60세 이상)-시도,101001,101,5년,2005,2005,,60세 이상,고령자,"성별,연령별,거처종류별,시도별"
DT_1GO0507,연령/성/거처의 점유형태별 고령자(60세 이상)-시도,101001,101,5년,2005,2005,,60세 이상,고령자,"행정구역별,고령자형태별"
DT_1GO0508,성/세대구성/거처의 종류별 고령자(65세 이상)-시도,101001,101,5년,2005,2005,,65세 이상,고령자,"성별,세대구성별,거처종류별,시도별"
DT_1GO0509,성/세대구성/거처의 종류별 고령자(60세 이상)-시도,101001,101,5년,2005,2005,,60세 이상,고령자,"성별,세대구성별,거처종류별,시도별"
DT_1GO0510,세대구성/성/거처의 점유형태별 고령자(65세 이상)-시도,101001,101,5년,2005,2005,,65세 이상,"세대구성,성별,거처의점유형태,고령자","행정구역별,고령자의거처점유형태별"
DT_1GO0511,세대구성/성/거처의 점유형태별 고령자(60세 이상)-시도,101001,101,5년,2005,2005,,60세 이상,"세대구성,성별,거처의점유형태,고령자",행정구역별
DT_1GO0512,성/거처의 점유형태/거처의 종류별 고령자(65세 이상)-시도,101001,101,5년,2005,2005,,65세 이상,"성,거처의종류,고령자,시도","거처의종류별,시도별"
DT_1GO0513,성/거처의 점유형태/거처의 종류별 고령자(60세 이상)-시도,101001,101,5년,2005,2005,,60세 이상,고령자,"거처의종류별,시도별"
DT_1GO0514,성/경제활동상태/연령별 고령자(60세 이상)-시도,101001,101,5년,2005,2005,,60세 이상,고령자,"성별,경제활동상태별,연령별,시도별"
DT_1GO0515,성/경제활동상태/세대구성별 고령자(65세 이상)-시도,101001,101,5년,2005,2005,,65세 이상,고령자,"성별,경제활동상태별,세대구성별,시도별"
DT_1GO0516,성/경제활동상태/세대구성별 고령자(60세 이상)-시도,101001,101,5년,2005,2005,,60세 이상,고령자,"성별,경제활동상태별,세대구성별,시도별"
DT_1GO0517,산업/성/종사상 지위별 고령자(65세 이상)-시도,101001,101,5년,2005,2005,,65세 이상,고령자,"산업별,성별,종사상지위별,행정구역별"
DT_1GO0518,산업/성/종사상 지위별 고령자(60세 이상)-시도,101001,101,5년,2005,2005,,60세 이상,고령자,"산업별,성별,종사상지위별,시도별"
DT_1GO0519,직업/성/종사상 지위별 고령자(65세 이상)-시도,101001,101,5년,2005,2005,,65세 이상,고령자,"직업별,성별,종사상지위별,시도별"
DT_1GO0520,직업/성/종사상 지위별 고령자(60세 이상)-시도,101001,101,5년,2005,2005,,60세 이상,고령자,"직업별,성별,종사상지위별,시도별"
DT_1GO0521,생활비원천별 고령자(65세 이상)-시군구,101001,101,5년,2005,2005,,65세 이상,고령자,"생활비원천별,행정구역별"
DT_1GO0522,생활비원천별 고령자(60세 이상)-시군구,101001,101,5년,2005,2005,,60세 이상,고령자,"생활비원천별,행정구역별"
DT_1GO0523,성/연령/생활비원천별 고령자(60세 이상)-시도,101001,101,5년,2005,2005,,60세 이상,고령자,"성별,연령별,생활비원천별,시도별"
DT_1GO0524,성/세대구성/생활비원천별 고령자(65세 이상)-시도,101001,101,5년,2005,2005,,65세 이상,고령자,"성별,세대구성별,생활비원천별,시도별"
DT_1GO0525,성/세대구성/생활비원천별 고령자(60세 이상)-시도,101001,101,5년,2005,2005,,60세 이상,고령자,"성별,세대구성별,생활비원천별,시도별"
DT_1GO0526,성/교육정도/생활비원천별 고령자(65세 이상)-시도,101001,101,5년,2005,2005,,65세 이상,고령자,"성별,교육정도별,생활비원천별,시도별"
DT_1GO0527,성/교육정도/생활비원천별 고령자(60세 이상)-시도,101001,101,5년,2005,2005,,60세 이상,고령자,"성별,교육정도별,생활비원천별,시도별"
DT_1GO0528,세대구성/거처의 종류별 고령자(65세이상) 거주 가구수(일반가구)-시도,101001,101,5년,2005,2005,,65세이상,"세대구성,거처의종류별,고령자,일반가구,시도","거처종류별,시도별"
DT_1GO0529,세대구성/거처의 종류별 고령자(60세이상) 거주 가구수(일반가구)-시도,101001,101,5년,2005,2005,,60세이상,"세대구성,거처의종류별,고령자거주가구수,일반가구,시도","거처종류별,시도별"
DT_1GO0530,세대구성/거처의점유형태별고령자(65세이상)거주가구수(일반가구)-시도,101001,101,5년,2005,2005,,65세이상,"세대구성,거처의점유형태별고령자거주가구,시도","세대구성별,거처의점유형태별,고령자거주가구수,일반가구,시도별"
DT_1GO0531,세대구성/거처의 점유형태별 고령자(60세이상) 거주 가구수(일반가구)-시도,101001,101,5년,2005,2005,,60세이상,"세대구성,거처의점유형태별,고령자,일반가구,시도","점유형태별,시도별"
DT_1GO0532,거처의점유형태/거처의 종류별고령자(65세+)거주가구수(일반가구)-시도,101001,101,5년,2005,2005,,,"거처의점유형태,거처종류별고령자거주가구수","거처종류별,시도별"
DT_1GO0533,거처의 점유형태/거처의 종류별 고령자(60세+) 거주 가구수(일반가구)-시도,101001,101,5년,2005,2005,,,"거처의점유형태,거처의종류별,고령자,60세,일반가구,시도","거처의종류별,시도별"
DT_1GO9001,행정구역/연령/성별 고령자인구,101001,101,5년,1990,1990,,,고령자인구,"행정구역별,연령별,성별"
DT_1GO9002,시도/연령/성/혼인상태별 고령자인구,101001,101,5년,1990,1990,,,고령자인구,"시도별,연령별,성별,혼인상태별"
DT_1GO9003,시도/연령/성/교육정도별 고령자인구,101001,101,5년,1990,1990,,,고령자인구,"시도별,연령별,성별,교육정도별"
DT_1GO9004,시도/연령/성/가구주와 관계별 고령자인구,101001,101,5년,1990,1990,,,고령자인구,"시도별,연령별,성별,가구주와관계별"
DT_1GO9005,시도/세대구성/연령/성별 고령자인구,101001,101,5년,1990,1990,,,"세대구성,고령자인구","시도별,세대구성별,연령별,성별"
DT_1GO9006,시도/연령/성/거처의 종류별 고령자인구,101001,101,5년,1990,1990,,,고령자인구,"시도별,연령별,성별,거처종류별"
DT_1GO9007,시도/세대구성/거처의 종류별 고령자인구(60세이상),101001,101,5년,1990,1990,,60세이상,고령자인구,"행정구역별,거처의종류별"
DT_1GO9008,시도/세대구성/거처의 종류별 고령자인구(65세이상),101001,101,5년,1990,1990,,65세이상,"세대구성,거처종류,고령자인구","시도별,거처의종류별"
DT_1GO9009,시도/연령/성/점유형태별 고령자인구,101001,101,5년,1990,1990,,,고령자인구,"시도별,연령별,성별,점유형태별"
DT_1GO900A,시도/세대구성/점유형태별 고령자인구(60세이상),101001,101,5년,1990,1990,,60세이상,고령자인구,"시도별,세대구성별,점유형태별"
DT_1GO900B,시도/세대구성/점유형태별 고령자인구(65세이상),101001,101,5년,1990,1990,,65세이상,고령자인구,"시도별,세대구성별,점유형태별"
DT_1GO900C,시도/점유형태/성/거처의 종류별 고령자인구(60세이상),101001,101,5년,1990,1990,,60세이상,고령자인구,"시도별,점유형태별,성별,거처종류별"
DT_1GO900D,시도/점유형태/성/거처의 종류별 고령자인구(65세이상),101001,101,5년,1990,1990,,65세이상,고령자인구,"시도별,점유형태별,성별,거처종류별"
DT_1GO900E,시도/연령/성/취업상태별 고령자인구,101001,101,5년,1990,1990,,,고령자인구,"시도별,연령별,성별,취업상태별"
DT_1GO900F,시도/세대구성/성/취업상태별 고령자인구(60세이상),101001,101,5년,1990,1990,,60세이상,고령자인구,"시도별,세대구성별,성별,취업상태별"
DT_1GO900G,시도/세대구성/성/취업상태별 고령자인구(65세이상),101001,101,5년,1990,1990,,65세이상,고령자인구,"시도별,세대구성별,성별,취업상태별"
DT_1GO900H,시도/산업/성/종사상지위 고령자인구(60세이상),101001,101,5년,1990,1990,,60세이상,고령자인구,"시도별,산업별,성별로"
DT_1GO900I,행정구역/직업/성/종사상지위(60세 이상) 고령자인구,101001,101,5년,1990,1990,,60세 이상,"행정구역,직업,성별,종사상지위,고령자인구","행정구역별,직업별,성별,종사상지위별"
DT_1GO900J,시도/산업/성/종사상지위 고령자인구(65세이상),101001,101,5년,1990,1990,,65세이상,고령자인구,"시도별,산업별,성별,종사상지위별"
DT_1GO900K,시도/직업/성/종사상지위 고령자인구(65세이상),101001,101,5년,1990,1990,,65세이상,"시도,직업,성별,종사상지위,고령자인구","시도별,직업별,성별,종사상지위별"
DT_1GO9501,행정구역/연령/성별 고령자,101001,101,5년,1995,1995,,,고령자,"행정구역별,연령별,성별"
DT_1GO9502,행정구역/연령/성/혼인상태별 고령자,101001,101,5년,1995,1995,,,고령자,"행정구역별,연령별,성별,혼인상태별"
DT_1GO9503,시도/연령/성/교육정도별 고령자,101001,101,5년,1995,1995,,,고령자,"시도별,연령별,성별,교육정도별"
DT_1GO9504,시도/연령/성/가구주와 관계별 고령자인구,101001,101,5년,1995,1995,,,고령자인구,"시도별,연령별,성별,가구주와관계별"
DT_1GO9505,시도/연령/성/세대구성별 고령자인구,101001,101,5년,1995,1995,,,고령자인구,"시도별,연령별,성별,세대구성별"
DT_1GO9506,시도/연령/성/거처의 종류별 고령자인구,101001,101,5년,1995,1995,,,고령자인구,"시도별,연령별,성별,거처종류별"
DT_1GO9507,시도/세대구성/거처의종류별(60세이상),101001,101,5년,1995,1995,,60세이상,"세대구성,거처의종류","시도별,세대구성별,거처의종류별"
DT_1GO9508,시도/세대구성/거처의종류별(65세이상),101001,101,5년,1995,1995,,65세이상,"세대구성,거처의종류","시도별,세대구성별,거처의종류별"
DT_1GO9509,시도/연령/성/점유형태별 고령자인구,101001,101,5년,1995,1995,,,고령자인구,"시도별,연령별,성별,점유형태별"
DT_1GO950A,시도/세대구성/점유형태별 고령자 및 고령자가구(60세 이상),101001,101,5년,1995,1995,,60세 이상,"고령자,고령자가구","시도별,세대구성별,점유형태별"
DT_1GO950B,시도/세대구성/점유형태별고령자 및 고령자가구(65세이상),101001,101,5년,1995,1995,,65세이상,"고령자,고령자가구","시도별,세대구성별,점유형태별"
DT_1GO950C,시도/점유형태/거처의종류별 고령자 및 고령자거주가구(60세이상),101001,101,5년,1995,1995,,60세이상,"고령자,고령자거주가구","시도별,점유형태별,거처의종류별"
DT_1GO950D,시도/점유형태/거처의종류별(65세이상),101001,101,5년,1995,1995,,65세이상,거처의종류,"행정구역별,점유형태별,거처의종류별"
DT_1GO950E,시도/연령/성/취업상태별(60세 이상) 고령자인구,101001,101,5년,1995,1995,,60세 이상,고령자인구,"시도별,연령별,성별,취업상태별"
DT_1GO950F,시도/세대구성/성/취업상태별(60세 이상) 고령자인구,101001,101,5년,1995,1995,,60세 이상,고령자인구,"시도별,세대구성별,성별,취업상태별"
DT_1GO950G,시도/세대구성/성/취업상태별(65세 이상) 고령자인구,101001,101,5년,1995,1995,,65세 이상,고령자인구,"시도별,세대구성별,성별,취업상태별"
DT_1GO950H,시도/산업및직업/성/종사상지위(60세 이상) 고령자인구,101001,101,5년,1995,1995,,60세 이상,"시도,산업및직업,성별,종사상지위,고령자인구","시도별,산업및직업별,성별,종사상지위별"
DT_1GO950I,시도/산업및직업/성/종사상지위(65세 이상) 고령자인구,101001,101,5년,1995,1995,,65세 이상,"시도,산업및직업,성별,종사상지위,고령자인구","시도별,산업및직업별,성별,종사상지위별"
DT_1GOOO01,행정구역/연령/성별 고령자,101001,101,5년,2000,2000,,,고령자,"행정구역별,연령별,성별"
DT_1GOOO02,행정구역/연령/성/혼인상태별 고령자,101001,101,5년,2000,2000,,,고령자,"행정구역별,연령별,성별,혼인상태별"
DT_1GOOO03,시도/성/연령/교육정도별 고령자,101001,101,5년,2000,2000,,,고령자,"시도별,성별,연령별,교육정도별"
DT_1GOOO04,시도/성/연령/가구주와의 관계별 고령자,101001,101,5년,2000,2000,,,고령자,"시도별,성별,연령별,가구주와의관계별"
DT_1GOOO05,시도/세대구성/성/연령별 고령자,101001,101,5년,2000,2000,,,고령자,"시도별,세대구성별,성별,연령별"
DT_1GOOO06,시도/성/연령/거처의 종류별 고령자,101001,101,5년,2000,2000,,,고령자,"시도별,성별,연령별,거처종류별"
DT_1GOOO07,시도/세대구성/거처의 종류별 고령자 거주가구(65세 이상),101001,101,5년,2000,2000,,65세 이상,고령자거주가구,"행정구역별,거처종류별"
DT_1GOOO08,시도/세대구성/거처의 종류별 고령자 거주가구(60세 이상),101001,101,5년,2000,2000,,60세 이상,고령자거주가구,"시도별,거처의종류별"
DT_1GOOO09,시도/연령/성/거처의 점유형태별 고령자,101001,101,5년,2000,2000,,,고령자,"시도별,연령별,성별,거처의점유형태별"
DT_1GOOO10,시도/세대구성/성/거처의 점유형태별 고령자(65세 이상),101001,101,5년,2000,2000,,65세 이상,고령자,"시도별,세대구성별,성별,거처의점유형태별"
DT_1GOOO11,시도/세대구성/성/거처의 점유형태별 고령자(60세 이상),101001,101,5년,2000,2000,,60세 이상,고령자,"시도별,세대구성별,성별,거처의점유형태별"
DT_1GOOO12,시도/세대구성/거처의 점유형태별 고령자(65세 이상) 거주가구,101001,101,5년,2000,2000,,65세 이상,고령자거주가구,"시도별,세대구성별,거처의점유형태별"
DT_1GOOO13,시도/세대구성/거처의 점유형태별 고령자(60세 이상) 거주가구,101001,101,5년,2000,2000,,60세 이상,고령자거주가구,"시도별,세대구성별,거처의점유형태별"
DT_1GOOO14,시도/거처의 점유형태/성/거처의 종류별 고령자(65세 이상),101001,101,5년,2000,2000,,65세 이상,고령자,거처의종류별
DT_1GOOO15,시도/거처의 점유형태/성/거처의 종류별 고령자(60세 이상),101001,101,5년,2000,2000,,60세 이상,고령자,거처의종류별
DT_1GOOO16,시도/거처의 점유형태/거처의 종류별 고령자 거주가구(65세 이상,101001,101,5년,2000,2000,,65세 이상,고령자거주가구,거처의종류별
DT_1GOOO17,시도/거처의 점유형태/거처의 종류별 고령자 거주가구(60세 이상,101001,101,5년,2000,2000,,60세 이상,고령자거주가구,거처의종류별
DT_1GOOO18,시도/경제활동상태/성/연령별 고령자,101001,101,5년,2000,2000,,,고령자,"시도별,경제활동상태별,성별,연령별"
DT_1GOOO19,시도/성/경제활동상태/세대구성별 고령자(65세 이상),101001,101,5년,2000,2000,,65세 이상,고령자,"행정구역별,성별,경제활동상태별,세대구성별"
DT_1GOOO20,시도/성/경제활동상태/세대구성별 고령자(60세 이상),101001,101,5년,2000,2000,,60세 이상,고령자,"시도별,성별,경제활동상태별,세대구성별"
DT_1GOOO21,"시도/산업,직업/성/종사상의 지위별 고령자(65세 이상)",101001,101,5년,2000,2000,,65세 이상,고령자,"시도별,산업직업별,성별,종사상지위별"
DT_1GOOO22,"시도/산업,직업/성/종사상의 지위별 고령자(60세 이상)",101001,101,5년,2000,2000,,60세 이상,고령자,"행정구역별,산업별,직업별,성별,종사상지위별"
DT_1GOOO23,시도/성/연령/자녀의 거주장소별 고령자(60세 이상),101001,101,5년,2000,2000,,60세 이상,고령자,"시도별,성별,연령별,자녀거주장소별"
DT_1GOOO24,시도/성/생계수단별 고령자(65세 이상),101001,101,5년,2000,2000,,65세 이상,고령자,"시도별,성별,생계수단별"
DT_1GOOO25,시도/성/생계수단별 고령자(60세 이상),101001,101,5년,2000,2000,,60세 이상,고령자,"행정구역별,성별,생계수단별"
DT_1GOOO26,행정구역/성/연령/생계수단별 고령자,101001,101,5년,2000,2000,,,고령자,"행정구역별,성별,연령별,생계수단별"
DT_1GOOO27,시도/성/생계수단/주부양자별 고령자(65세 이상),101001,101,5년,2000,2000,,65세 이상,고령자,"행정구역별,성별,생계수단별,주부양자별"
DT_1GOOO28,시도/성/생계수단/주부양자별 고령자(60세 이상),101001,101,5년,2000,2000,,60세 이상,고령자,"시도별,성별,생계수단별,주양자별"
DT_1GOOO29,행정구역/성/연령/거동불편여부별 고령자(60세 이상),101001,101,5년,2000,2000,,60세 이상,고령자,"행정구역별,성별,연령별,거동불편여부별"
DT_1GOOO30,행정구역/성/연령별 고령자 1인가구,101001,101,5년,2000,2000,,,고령자1인가구,"행정구역별,성별,연령별"
DT_1GOOO31,행정구역/거처의 종류/성/점유형태별 고령자 1인가구(65세 이상,101001,101,5년,2000,2000,,65세 이상,고령자1인가구,"행정구역별,거처의종류별,성별,점유형태별"
DT_1GOOO32,행정구역/거처의 종류/성/점유형태별 고령자 1인가구(60세 이상,101001,101,5년,2000,2000,,60세 이상,고령자1인가구,"행정구역별,거처의종류별,성별,점유형태별"
DT_1GOOO34,행정구역(시도)/성/직업/세대구성별 고령자,101001,101,5년,2000,2000,,,고령자,"행정구역별,성별,직업별,세대구성별"
DT_1GOOO35,시도/세대구성/성/거처의 종류별 고령자 (65세 이상),101001,101,5년,2000,2000,,65세 이상,고령자,"행정구역별,세대구성별,성별,거처종류별"
DT_1GOOO36,시도/세대구성/성/거처의 종류별 고령자 (60세 이상),101001,101,5년,2000,2000,,60세 이상,고령자,"시도별,세대구성별,성별,거처종류별"
DT_1IN0001,총조사인구 총괄(읍면동/성/연령별),101001,101,5년,1925,2010,,,인구,"행정구역별,성별,연령별"
DT_1IN0001_05,총조사인구 총괄(시군구/성/5세연령별),101001,101,5년,1925,2010,,,인구,"행정구역별,성별,연령별"
DT_1IN0001_11,서울특별시 총조사인구 총괄(읍면동/성/연령별),101001,101,5년,1949,2010,서울특별시,,인구,"읍면동별,성별,연령별"
DT_1IN0001_21,부산광역시 총조사인구 총괄(읍면동/성/연령별),101001,101,5년,1966,2010,부산,,인구,"행정구역별,성별,연령별"
DT_1IN0001_22,대구광역시 총조사인구 총괄(읍면동/성/연령별),101001,101,5년,1985,2010,대구,,인구,"읍면동별,성별,연령별"
DT_1IN0001_23,인천광역시 총조사인구 총괄(읍면동/성/연령별),101001,101,5년,1985,2010,인천,,인구,"행정구역별,성별,연령별"
DT_1IN0001_24,광주광역시 총조사인구 총괄(읍면동/성/연령별),101001,101,5년,1990,2010,광주,,인구,"읍면동별,성별,연령별"
DT_1IN0001_25,대전광역시 총조사인구 총괄(읍면동/성/연령별),101001,101,5년,1990,2010,대전,,인구,"행정구역별,성별,연령별"
DT_1IN0001_26,울산광역시 총조사인구 총괄(읍면동/성/연령별),101001,101,5년,2000,2010,울산,,인구,"읍면동별,성별,연령별"
DT_1IN0001_31,경기도 총조사인구 총괄(읍면동/성/연령별),101001,101,5년,1925,2010,경기도,,인구,"행정구역별,성별,연령별"
DT_1IN0001_32,강원도 총조사인구 총괄(읍면동/성/연령별),101001,101,5년,1925,2010,강원,,인구,"행정구역별,성별,연령별"
DT_1IN0001_33,충청북도 총조사인구 총괄(읍면동/성/연령별),101001,101,5년,1925,2010,충북,,인구,"행정구역별,성별,연령별"
DT_1IN0001_34,충청남도 총조사인구 총괄(읍면동/성/연령별),101001,101,5년,1925,2010,충남,,인구,"행정구역별,성별,연령별"
DT_1IN0001_35,전라북도 총조사인구 총괄(읍면동/성/연령별),101001,101,5년,1925,2010,전북,,인구,"행정구역별,성별,연령별"
DT_1IN0001_36,전라남도 총조사인구 총괄(읍면동/성/연령별),101001,101,5년,1925,2010,전남,,인구,"행정구역별,성별,연령별"
DT_1IN0001_37,경상북도 총조사인구 총괄(읍면동/성/연령별),101001,101,5년,1925,2010,경북,,인구,"읍면동별,성별,연령별"
DT_1IN0001_38,경상남도 총조사인구 총괄(읍면동/성/연령별),101001,101,5년,1925,2010,경남,,인구,"행정구역별,성별,연령별"
DT_1IN0001_39,제주도 총조사인구 총괄(읍면동/성/연령별),101001,101,5년,1949,2010,제주,,인구,"읍면동별,성별,연령별"
DT_1IN0001_ENG,총조사인구 총괄(시도/성/연령별),101001,101,5년,1925,2010,,,인구,"시도별,성별,연령별"
DT_1IN0502,"인구, 가구 및 주택-읍면동",101001,101,5년,2005,2005,,,"인구,가구,주택",행정구역별
DT_1IN0503,연령/성별 인구-읍면동,101001,101,5년,2005,2005,,,인구,"연령별,성별,읍면동별"
DT_1IN0504,성/연령/교육정도별 인구(6세이상)-시군구,101001,101,5년,2005,2005,,6세이상,인구,"성별,연령별,교육정도별"
DT_1IN0505,성/연령/종교별 인구-시군구,101001,101,5년,2005,2005,,,인구,"성별,연령별,종교별"
DT_1IN0506,성/연령/가족관계별 남북이산 인구-시군구,101001,101,5년,2005,2005,,,남북이산인구,"성별,연령별,가족관계별,행정구역별"
DT_1IN0507,성/연령/출생지별 남북이산 인구-시군구,101001,101,5년,2005,2005,,,남북이산인구,"성별,연령별,출생지별,행정구역별"
DT_1IN0508,연령/성/혼인상태별 인구(15세이상)-시군구,101001,101,5년,2005,2005,,15세이상,인구,"행정구역별,연령별,성별,혼인상태별"
DT_1IN0509,성/연령/가구주와의 관계별 인구-시군구,101001,101,5년,2005,2005,,,인구,"성별,연령별,가구주와의관계별"
DT_1IN0510,가구주와의 관계/성/혼인상태별 인구-시군구,101001,101,5년,2005,2005,,,인구,"가구주와의관계별,성별,혼인상태별"
DT_1IN0511,성/혼인상태/연령/세대구성별 인구-시도,101001,101,5년,2005,2005,,,인구,"성별,혼인상태별,연령별,세대구성별,시도별"
DT_1IN0512,성/혼인상태/연령/교육정도별 인구(15세이상)-시도,101001,101,5년,2005,2005,,15세이상,인구,"성별,혼인상태별,연령별,교육정도별,시도별"
DT_1IN0513,성/연령별 외국인-시도,101001,101,5년,2005,2005,,,외국인,"성별,연령별,시도별"
DT_1IN0514,국적/성/연령별 외국인-전국,101001,101,5년,2005,2005,,,외국인,"국적별,성별,연령별"
DT_1IN0515,성/국적별 외국인-시도,101001,101,5년,2005,2005,,,외국인,"성국적별,시도별"
DT_1IN0516,국적/성/직업(대분류)별 외국인-전국,101001,101,5년,2005,2005,,,외국인,"국적별,성별,직업별"
DT_1IN0517,국적/성/교육정도별 외국인-전국,101001,101,5년,2005,2005,,,외국인,"국적별,성별,교육정도별"
DT_1IN1002,"인구, 가구 및 주택 - 읍면동",101001,101,5년,2010,2010,,,"인구,가구,주택",행정구역별
DT_1IN1003,연령 및 성별 인구 - 읍면동,101001,101,5년,2010,2010,,,인구,"성별,행정구역별"
DT_1IN1004,"성, 연령 및 교육정도별 인구(6세 이상) - 시군구",101001,101,5년,2010,2010,,6세 이상,인구,"행정구역별,성연령교육정도별"
DT_1IN1005,"연령 및 성, 혼인상태별 인구(15세 이상) - 시군구",101001,101,5년,2010,2010,,15세 이상,인구,"연령별,성별,혼인상태별,행정구역별"
DT_1IN1006,"성, 연령, 혼인상태 및 교육정도별 인구(15세 이상) - 시군구",101001,101,5년,2010,2010,,15세 이상,인구,"성별,연령별,혼인상태별,교육정도별,행정구역별"
DT_1IN1007,"성, 연령 및 가구주와의 관계별 인구 - 시군구",101001,101,5년,2010,2010,,,인구,"성별,연령별,가구주와의관계별,행정구역별"
DT_1IN1008,"가구주와의 관계, 성 및 혼인상태별 인구 - 시군구",101001,101,5년,2010,2010,,,인구,"가구주와의관계별,성별,혼인상태별"
DT_1IN1009,"성, 연령, 혼인상태 및 세대구성별 인구 - 시군구",101001,101,5년,2010,2010,,,인구,"행정구역별,성별,연령별,혼인상태별,세대구성별"
DT_1IN1502,"인구, 가구 및 주택 ? 읍면동(연도 끝자리 0, 5), 시군구(그 외 연도)",101001,101,년,2015,2023,,,"인구,가구,주택",행정구역별
DT_1IN1503,연령 및 성별 인구 ? 읍면동,101001,101,년,2015,2023,,,인구,"성별,행정구역별"
DT_1IN1507,"성, 연령 및 가구주와의 관계별 인구 - 시군구",101001,101,년,2015,2023,,,인구,"성별,연령별,가구주와의관계별,행정구역별"
DT_1IN1509,"성, 연령 및 세대구성별 인구 - 시군구",101001,101,년,2015,2023,,,인구,"성별,연령별,세대구성별,행정구역별"
DT_1IN15SB,성씨ㆍ본관별 인구 - 시군구,101001,101,부정기,2015,2015,,,인구,행정구역별
DT_1IN15SC,성별 및 성씨ㆍ본관별 인구 - 시도,101001,101,부정기,2015,2015,,,인구,"성별별,행정구역별"
DT_1IN15SD,성씨ㆍ본관별 인구(5인 이상) - 전국,101001,101,부정기,2015,2015,전국,,인구,성씨본관별
DT_1IN2010,"성, 세대구성 및 연령별 고령자 - 시군구",101001,101,년,2020,2023,,,"성,세대구성,연령별고령자,시군구","행정구역별,연령별"
DT_1IN2011,"성, 연령 및 거처의 종류별 고령자 - 시도",101001,101,년,2020,2023,,,고령자,"성별,연령별,거처종류별,시도별"
DT_1IN2501,"도별 면적,인구 및 가구",101001,101,5년,1925,1925,,,"면적,인구,가구",도별
DT_1IN2502,행정구역/성/가구종류별 인구 및 가구,101001,101,5년,1925,1925,,,"인구,가구","행정구역별,성별,가구종류별"
DT_1IN2503,행정구역/연령/성/배우관계별 인구,101001,101,5년,1925,1925,,,인구,"행정구역별,연령별,성별,배우관계별"
DT_1IN2504,행정구역/국적/연령/성별 인구,101001,101,5년,1925,1925,,,인구,"행정구역별,국적별,연령별,성별"
DT_1IN2505,개항수면 세대 및 인구수,101001,101,5년,1925,1925,,,"세대,인구수",행정구역별
DT_1IN2506,개항수면 배우관계별 인구,101001,101,5년,1925,1925,,,배우관계별인구,배우관계별
DT_1IN2507,개항수면 국적별 인구,101001,101,5년,1925,1925,,,국적별인구,국적별
DT_1IN3001,"행정구역/성별 면적,인구 및 가구",101001,101,5년,1930,1930,,,"면적,인구,가구","행정구역별,성별"
DT_1IN3002,도/성/인구규모별 인구,101001,101,5년,1930,1930,,,인구,도성별
DT_1IN3003,행정구역/연령/성별 인구,101001,101,5년,1930,1930,,,인구,"행정구역별,연령별,성별"
DT_1IN3004,행정구역/특수연령/성별 인구,101001,101,5년,1930,1930,,,인구,"행정구역별,연령별,성별"
DT_1IN3005,행정구역/성/연령/배우관계별 인구,101001,101,5년,1930,1930,,,인구,"행정구역별,성별,연령별,배우관계별"
DT_1IN3006,성/연령(각세)/배우관계별 인구,101001,101,5년,1930,1930,,,인구,"성별,연령별,배우관계별"
DT_1IN3007,행정구역/출생지/성별 인구,101001,101,5년,1930,1930,,,인구,"행정구역별,성별"
DT_1IN3008,도별 조선출생자 이동,101001,101,5년,1930,1930,,,조선출생자,도별
DT_1IN3009,행정구역/성/연령/출생지별 인구,101001,101,5년,1930,1930,,,인구,"행정구역별,성별,연령별,출생지별"
DT_1IN3010,행정구역/성/국적별 인구,101001,101,5년,1930,1930,,,인구,"행정구역별,성별,국적별"
DT_1IN3011,행정구역/국적/성/연령별 인구,101001,101,5년,1930,1930,,,인구,"행정구역별,국적별,성별,연령별"
DT_1IN3012,국적/성/연령별 외국인,101001,101,5년,1930,1930,,,외국인,"국적별,성별,연령별"
DT_1IN3013,행정구역/국적/출생지/성별 인구,101001,101,5년,1930,1930,,,인구,"행정구역별,국적별,출생지별,성별"
DT_1IN3014,"행정구역/문맹여부/성별 내지인,조선인",101001,101,5년,1930,1930,,,문맹여부,"행정구역별,성별"
DT_1IN3015,"행정구역/문맹여부/연령/성별 내지인,조선인",101001,101,5년,1930,1930,,,"지인,조선인","행정구역별,성별"
DT_1IN3016,행정구역/성/취업유무별 인구,101001,101,5년,1930,1930,,,인구,"행정구역별,성별,취업유무별"
DT_1IN3017,행정구역/직업(대분류)/성별 취업자,101001,101,5년,1930,1930,,,취업자,"행정구역별,직업별,성별"
DT_1IN3018,행정구역/직업(소분류)/성별 취업자,101001,101,5년,1930,1930,,,취업자,"행정구역별,직업별,성별"
DT_1IN3019,행정구역/직업(중분류)/연령별 본업인구,101001,101,5년,1930,1930,,,본업인구,"행정구역별,직업별,연령별"
DT_1IN3020,행정구역/성/연령별 본업유업자,101001,101,5년,1930,1930,,,본업유업자,"행정구역별,성별,연령별"
DT_1IN3021,행정구역/직업(중분류)/배우관계/성별 본업인구,101001,101,5년,1930,1930,,,본업인구,"행정구역별,직업별,성별"
DT_1IN3022,행정구역/국적/직업(소분류)/성별 본업인구,101001,101,5년,1930,1930,,,본업인구,"행정구역별,국적별,직업별,성별"
DT_1IN3023,도/직업(중분류)/부업(직업중분류)별 본업인구중 부업인구,101001,101,5년,1930,1930,,,"본업인구,부업인구","도별,직업별"
DT_1IN3024,행정구역/직업(중분류)/본업유무/성별 부업자,101001,101,5년,1930,1930,,,부업자,"행정구역별,직업별,본업유무별,성별별"
DT_1IN3025,행정구역/성/가구종류별 인구 및 가구,101001,101,5년,1930,1930,,,"인구,가구","행정구역별,성별,가구종류별"
DT_1IN3026,행정구역/세대종류/성별 인구,101001,101,5년,1930,1930,,,인구,"행정구역별,세대종류별,성별"
DT_1IN3027,도/세대주의 직업(중분류)별 보통가구내 인구,101001,101,5년,1930,1930,,,보통가구내인구,직업별
DT_1IN3028,행정구역/직업(중분류)/성별 본업인구중 부업자,101001,101,5년,1930,1930,,,본업인구중부업자,"행정구역별,직업별,성별"
DT_1IN3029,행정구역/출생지/성별 인구(부군면),101001,101,5년,1930,1930,,,인구,"행정구역별,성별"
DT_1IN3030,연령/성/출생지별 인구(전국),101001,101,5년,1930,1930,전국,,인구,"연령별,성별,출생지별"
DT_1IN3501,"행정구역/성별 면적,인구 및 가구",101001,101,5년,1935,1935,,,"면적,인구,가구","행정구역별,성별"
DT_1IN3502,행정구역/성/가구종류별 인구 및 가구,101001,101,5년,1935,1935,,,"인구,가구","행정구역별,성별,가구종류별"
DT_1IN3503,도/성/인구규모별 인구,101001,101,5년,1935,1935,,,인구,도성별
DT_1IN3504,행정구역/연령/성별 인구,101001,101,5년,1935,1935,,,인구,"행정구역별,연령별,성별"
DT_1IN3505,행정구역/특수연령/성별 인구,101001,101,5년,1935,1935,,,인구,"행정구역별,특수연령별,성별"
DT_1IN3506,행정구역/성/연령/배우관계별 인구,101001,101,5년,1935,1935,,,인구,"행정구역별,성별,연령별,배우관계별"
DT_1IN3507,행정구역/성별 상주인구,101001,101,5년,1935,1935,,,"행정구역,성별상주인구","행정구역별,성별"
DT_1IN3508,행정구역/성/국적별 조선외 상주인구,101001,101,5년,1935,1935,,,조선외상주인구,"행정구역별,성별,국적별"
DT_1IN3509,일시현재자/성/일시부재자별 인구이동,101001,101,5년,1935,1935,,,인구,"성별,일시현재자일시부재자별"
DT_1IN3510,"행정구역/성/연령별 일시현재자,부재자별 상주인구",101001,101,5년,1935,1935,,,"일시현재자,부재자별상주인구","행정구역별,성별,연령별"
DT_1IN3511,행정구역/성/국적/연령별 인구,101001,101,5년,1935,1935,,,인구,"행정구역별,성별,국적별,연령별"
DT_1IN3512,행정구역/국적/성/연령별 인구,101001,101,5년,1935,1935,,,인구,"행정구역별,국적별,성별,연령별"
DT_1IN3513,국적/성/연령별 외국인,101001,101,5년,1935,1935,,,외국인,"국적별,성별,연령별"
DT_1IN3514,행정구역/국적/성/배우관계별 인구,101001,101,5년,1935,1935,,,인구,"행정구역별,국적별,성별,배우관계별"
DT_1IN3515,"연령/성/배우관계별 내지인,조선인,외국인",101001,101,5년,1935,1935,,,"내지인,조선인,외국인","연령별,성별,배우관계별"
DT_1IN4001,행정구역/성/국적별 인구 및 가구,101001,101,5년,1940,1940,,,"인구,가구","행정구역별,성별,국적별"
DT_1IN4002,본적지/성/현거주지별 인구,101001,101,5년,1940,1940,,,인구,"본적지별,성별,현거주지별"
DT_1IN4003,시도/성/연령/국적별 인구,101001,101,5년,1940,1940,,,인구,"시도별,성별,연령별,국적별"
DT_1IN4004,연령/출생지별 인구,101001,101,5년,1940,1940,,,인구,"연령별,출생지별"
DT_1IN4005,시도/산업/국적/성별 인구,101001,101,5년,1940,1940,,,인구,"행정구역별,산업별,국적별,성별"
DT_1IN4006,시도/성/산업/종사상지위별 인구,101001,101,5년,1940,1940,,,인구,"시도별,성별,산업별,종사상지위별"
DT_1IN4007,시도/성/특수연령/산업별 인구,101001,101,5년,1940,1940,,,인구,"행정구역별,성별,특수연령별,산업별"
DT_1IN4008,산업/성/국적/혼인상태별 인구,101001,101,5년,1940,1940,,,인구,"산업별,성별,국적별,혼인상태별"
DT_1IN4009,산업/성/연령/혼인상태별 인구,101001,101,5년,1940,1940,,,인구,"산업별,성별,연령별,혼인상태별"
DT_1IN4010,시도/연령/병역관계별 남자 인구,101001,101,5년,1940,1940,,,남자인구,"시도별,연령별,병역관계별"
DT_1IN4011,시도/산업/직업/성/국적별 인구,101001,101,5년,1940,1940,,,인구,"시도별,산업별,직업별,성별로"
DT_1IN4012,무직업자종류/성/국적별 인구,101001,101,5년,1940,1940,,,"무직업자,인구","성별,국적별"
DT_1IN4013,무직업자 종류/연령별 인구,101001,101,5년,1940,1940,,,"무직업자,인구","종류별,연령별"
DT_1IN4014,성/국적별 인구,101001,101,5년,1940,1940,,,인구,"성별,국적별"
DT_1IN4401,시도/성/연령/국적별 인구,101001,101,5년,1944,1944,,,인구,"시도별,성별,연령별,국적별"
DT_1IN4402,시도/성/연령/종사상지위별 내지인(조선거주 일본인),101001,101,5년,1944,1944,,,"내지인,조선거주일본인","시도별,성별,연령별,종사상지위별"
DT_1IN4403,시도/성/연령/종사상지위별 조선인,101001,101,5년,1944,1944,,,조선인,"시도별,성별,연령별,종사상지위별"
DT_1IN4404,시도/성/연령별 비경제활동인구,101001,101,5년,1944,1944,,,비경제활동인구,"시도별,성별,연령별"
DT_1IN4405,시도/성/연령/교육정도별 내지인(조선거주 일본인),101001,101,5년,1944,1944,,,"내지인,조선거주일본인","시도별,성별,연령별,교육정도별"
DT_1IN4406,시도/성/연령/교육정도별 조선인,101001,101,5년,1944,1944,,,조선인,"시도별,성별,연령별,교육정도별"
DT_1IN4407,행정구역/성/국적별 세대 및 인구수,101001,101,5년,1944,1944,,,"세대,인구수","행정구역별,성별,국적별"
DT_1IN4901,행정구역/내·외국인 및 성별 인구,101001,101,5년,1949,1949,,,인구,"행정구역별,성별"
DT_1IN5501,행정구역/성/연령별 인구,101001,101,5년,1955,1955,,,인구,"행정구역별,성별,연령별"
DT_1IN5502,시도/성별 인구 및 인구밀도,101001,101,5년,1955,1955,,,인구,"시도별,성별"
DT_1IN5503,시도/연령/학력/성별  인구,101001,101,5년,1955,1955,,,인구,"시도별,연령별,학력별,성별"
DT_1IN5504,시도/성별 문맹자비율(12세이상),101001,101,5년,1955,1955,,12세이상,문맹자비율,"시도별,성별"
DT_1IN5505,행정구역/연령/배우관계/성별 인구,101001,101,5년,1955,1955,,,인구,"행정구역별,연령별,배우관계별,성별"
DT_1IN5506,행정구역/성/연령/노동력상태별 인구(14세이상 인구),101001,101,5년,1955,1955,,14세이상,인구,"행정구역별,성별,연령별,노동력상태별"
DT_1IN5507,성/유직업자별 인구,101001,101,5년,1955,1955,,,인구,성유직업자별
DT_1IN5508,행정구역/성/직업(대분류)별 취업자(14세이상 인구),101001,101,5년,1955,1955,,14세이상,"취업자,인구","행정구역별,성별,직업별"
DT_1IN5509,행정구역/성/연령/직업(중분류)별 인구,101001,101,5년,1955,1955,,,인구,"행정구역별,성별,연령별,직업별"
DT_1IN5510,행정구역/학력/연령/성별 인구,101001,101,5년,1955,1955,,,인구,"행정구역별,학력별,연령별,성별"
DT_1IN5511,시도/연령/학력/성별 완전실업자(18세이상),101001,101,5년,1955,1955,,18세이상,완전실업자,"시도별,연령별,학력별,성별"
DT_1IN5512,행정구역/연령/성별 불구자,101001,101,5년,1955,1955,,,불구자,"행정구역별,연령별,성별"
DT_1IN5513,행정구역/전입지/전입시기/성별 인구,101001,101,5년,1955,1955,,,인구,"행정구역별,성별"
DT_1IN5514,행정구역/국적/성별 외국인,101001,101,5년,1955,1955,,,외국인,"행정구역별,국적별,성별별"
DT_1IN5515,연령/성별 인구,101001,101,5년,1955,1955,,,인구,"연령별,성별"
DT_1IN5516,행정구역/연령/학력/성별 완전실업자(18세이상),101001,101,5년,1955,1955,,18세이상,완전실업자,"행정구역별,연령별,학력별,성별"
DT_1IN6001,"행정구역/성,연령,배우관계,학력,경제활동상태별 인구",101001,101,5년,1960,1960,,,인구,"행정구역별,성별,연령별,배우관계별,학력별,경제활동상태별"
DT_1IN6002,"시도/연령/영,농가/성별 인구",101001,101,5년,1960,1960,,,"영농가,인구","행정구역별,연령별,영농가별,성별"
DT_1IN6003,"시도/월령/영,농가/성별 인구(2세이하)",101001,101,5년,1960,1960,,2세이하,"영농가,인구","시도별,월령별,영농가별,성별"
DT_1IN6004,시도/연령/배우관계/성별 인구(13세이상),101001,101,5년,1960,1960,,13세이상,인구,"시도별,연령별,배우관계별,성별"
DT_1IN6005,시도/연령/출생아수별 부인,101001,101,5년,1960,1960,,,"부인,출생아수","시도별,연령별"
DT_1IN6006,시도/연령/성/수학년수별 실업자(13세이상),101001,101,5년,1960,1960,,13세이상,실업자,"시도별,연령별,성별로"
DT_1IN6007,시도/국적/성별 인구,101001,101,5년,1960,1960,,,인구,"시도별,국적별,성별"
DT_1IN6601,"행정구역/성,연령,배우관계,학력별 인구",101001,101,5년,1966,1966,,,인구,"행정구역별,성별,연령별,배우관계별,학력별"
DT_1IN6602,시도/교육정도/연령/성별인구(6세이상),101001,101,5년,1966,1966,,6세이상,인구,"시도별,교육정도별,연령별,성별"
DT_1IN6603,시도/배우관계/연령/성별 인구(15세이상),101001,101,5년,1966,1966,,15세이상,인구,"행정구역별,성별"
DT_1IN6604,시도/인구규모별 시동읍면수 및 인구,101001,101,5년,1966,1966,,,"시동읍면수,인구",행정구역별
DT_1IN6605,행정구역/영농형태별 농가수 및 인구,101001,101,5년,1966,1966,,,"농가수,인구","행정구역별,영농형태별"
DT_1IN6606,시도/연령/국적/성별 외국인,101001,101,5년,1966,1966,,,외국인,"시도별,연령별,국적별,성별"
DT_1IN7001,행정구역별 인구 및 가구,101001,101,5년,1970,1970,,,"인구,가구",행정구역별
DT_1IN7002,행정구역/성/연령/교육정도별 인구(6세이상),101001,101,5년,1970,1970,,6세이상,인구,"행정구역별,성별,연령별,교육정도별"
DT_1IN7003,행정구역/성/연령/혼인상태별 인구(15세 이상),101001,101,5년,1970,1970,,15세 이상,인구,"행정구역별,성별,연령별,혼인상태별"
DT_1IN7005,시도/성/연령/국적별 외국인수,101001,101,5년,1970,1970,,,외국인수,"시도별,성별,연령별,국적별"
DT_1IN7006,인구규모별 행정구역수 및 성별 인구,101001,101,5년,1970,1970,,,"행정구역수,인구","인구규모별,성별"
DT_1IN7501,행정구역별 인구 및 가구,101001,101,5년,1975,1975,,,"인구,가구",행정구역별
DT_1IN7502,행정구역/성/연령/교육정도별 인구(6세이상),101001,101,5년,1975,1975,,6세이상,인구,"행정구역별,성별,연령별,교육정도별"
DT_1IN7503,행정구역/성/연령/혼인상태별 인구(15세 이상),101001,101,5년,1975,1975,,15세 이상,인구,"행정구역별,성별,연령별,혼인상태별"
DT_1IN7504,시도/국적/성/연령별 외국인수,101001,101,5년,1975,1975,,,외국인수,"시도별,국적별,성별,연령별"
DT_1IN7506,인구규모별 행정구역수 및 성별 인구,101001,101,5년,1975,1975,,,"행정구역수,인구","인구규모별,성별"
DT_1IN8001,행정구역별 인구 및 가구,101001,101,5년,1980,1980,,,"인구,가구",행정구역별
DT_1IN8002,행정구역/성/연령/교육정도별 인구(6세이상),101001,101,5년,1980,1980,,6세이상,인구,"행정구역별,성별,연령별,교육정도별"
DT_1IN8003,행정구역/성/연령/혼인상태별 인구(15세 이상),101001,101,5년,1980,1980,,15세 이상,인구,"행정구역별,성별,연령별,혼인상태별"
DT_1IN8004,시도/가구주와 관계/성/혼인상태별 인구(15세이상),101001,101,5년,1980,1980,,15세이상,"가구,인구","행정구역별,가구주와관계별,성별,혼인상태별"
DT_1IN8005,시도/성/연령별 외국인수,101001,101,5년,1980,1980,,,외국인수,"시도별,성별,연령별"
DT_1IN8006,국적/성/연령별 외국인수,101001,101,5년,1980,1980,,,외국인수,"국적별,성별,연령별"
DT_1IN8007,인구규모별 행정구역수 및 성별 인구,101001,101,5년,1980,1980,,,"행정구역수,인구","인구규모별,성별"
DT_1IN8501,행정구역별 인구 및 가구,101001,101,5년,1985,1985,,,"인구,가구",행정구역별
DT_1IN8502,행정구역/성/연령/교육정도별 인구(6세이상),101001,101,5년,1985,1985,,6세이상,인구,"행정구역별,성별,연령별,교육정도별"
DT_1IN8503,행정구역/성/연령/혼인상태별 인구(15세이상),101001,101,5년,1985,1985,,15세이상,인구,"행정구역별,성별,연령별,혼인상태별"
DT_1IN8504,시도/가구주와 관계/성/혼인상태별 인구(15세이상),101001,101,5년,1985,1985,,15세이상,"가구주,인구","행정구역별,가구주와관계별,성별,혼인상태별"
DT_1IN8505,시도/연령/성별 종교인구,101001,101,5년,1985,1985,,,종교인구,"시도별,연령별,성별"
DT_1IN8506,시도/성/연령별 외국인수,101001,101,5년,1985,1985,,,외국인수,"시도별,성별,연령별"
DT_1IN8507,국적/성/연령별 외국인수,101001,101,5년,1985,1985,,,외국인수,"국적별,성별,연령별"
DT_1IN8508,인구규모별 행정구역수 및 성별인구,101001,101,5년,1985,1985,,,"행정구역수,인구","인구규모별,성별"
DT_1IN8509,행정구역/산업/직업별 취업자,101001,101,5년,1985,1985,,,취업자,"행정구역별,산업별,직업별"
DT_1IN85SB,행정구역(구시군)/성씨·본관별 가구 및 인구,101001,101,부정기,1985,1985,,,"가구,인구","행정구역별,성씨본관별"
DT_1IN9001,행정구역별 인구 및 가구,101001,101,5년,1990,1990,,,"인구,가구",행정구역별
DT_1IN9002,행정구역/연령/교육정도별 인구,101001,101,5년,1990,1990,,,인구,"행정구역별,연령별,교육정도별"
DT_1IN9003,행정구역/성/연령/혼인상태별 인구,101001,101,5년,1990,1990,,,인구,"행정구역별,성별,연령별,혼인상태별"
DT_1IN9004,시도/가구주와 관계/성/혼인상태별 인구,101001,101,5년,1990,1990,,,"가구,인구","시도별,가구주와관계별,성별,혼인상태별"
DT_1IN9005,인구규모별 행정구역수 및 성별 인구,101001,101,5년,1990,1990,,,"행정구역수,인구","인구규모별,성별"
DT_1IN9006,시도/성/연령별 외국인수,101001,101,5년,1990,1990,,,외국인수,"시도별,성별,연령별"
DT_1IN9007,국적/성/연령별 외국인수,101001,101,5년,1990,1990,,,외국인수,"국적별,성별,연령별"
DT_1IN9501,행정구역별 인구 및 가구,101001,101,5년,1995,1995,,,"인구,가구",행정구역별
DT_1IN9502,행정구역/성/연령/교육정도별 총조사인구(6세이상),101001,101,5년,1995,1995,,6세이상,총조사인구,"행정구역별,성별,연령별,교육정도별"
DT_1IN9503,행정구역/성/연령/혼인상태별 인구(15세이상),101001,101,5년,1995,1995,,15세이상,인구,"행정구역별,성별,연령별,혼인상태별"
DT_1IN9504,시도/가구주와 관계/성/혼인상태별 인구(15세이상),101001,101,5년,1995,1995,,15세이상,"가구주,인구","시도별,가구주와관계별,성별,혼인상태별"
DT_1IN9505,인구규모별 행정구역수 및 성별 인구,101001,101,5년,1995,1995,,,"행정구역수,인구","인구규모별,성별"
DT_1IN9506,행정구역/성/연령별 종교인구,101001,101,5년,1995,1995,,,종교인구,"행정구역별,성별,연령별"
DT_1IN9507,시도/성/연령별 외국인수,101001,101,5년,1995,1995,,,외국인수,"시도별,성별,연령별"
DT_1IN9508,국적/성/연령별 외국인수,101001,101,5년,1995,1995,,,외국인수,"국적별,성별,연령별"
DT_1IN9509,시도/모의 연령/자녀의 연령별 동거자녀수,101001,101,5년,1995,1995,,,동거자녀수,"행정구역별,연령별"
DT_1IN9511,시도/연령/혼인상태/취학자녀수별 부인수(15세이상),101001,101,5년,1995,1995,,15세이상,부인수,"시도별,연령별,혼인상태별,취학자녀수별"
DT_1IN9512,시도/성/연령/혼인상태/세대구성별 인구(15세이상),101001,101,5년,1995,1995,,15세이상,인구,"시도별,성별,연령별,혼인상태별,세대구성별"
DT_1IN9513,시도/모의 연령/혼인상태별 동거자녀수(15세이상),101001,101,5년,1995,1995,,15세이상,동거자녀수,"시도별,연령별,혼인상태별"
DT_1INOO,행정구역/연령/성별 총조사인구,101001,101,5년,2000,2000,,,총조사인구,"행정구역별,연령별,성별"
DT_1INOO01,"행정구역별 총조사인구,가구 및 주택",101001,101,5년,2000,2000,,,"총조사인구,가구,주택",행정구역별
DT_1INOO02,행정구역/연령/성/교육정도별 총조사 인구(6세이상),101001,101,5년,2000,2000,,6세이상,총조사인구,"행정구역별,연령별,성별,교육정도별"
DT_1INOO04,행정구역/성/연령/가구주와의 관계별 총조사인구,101001,101,5년,2000,2000,,,총조사인구,"행정구역별,성별,연령별,가구주와의관계별"
DT_1INOO05,행정구역/가구주와의 관계/성/혼인상태별 총조사인구,101001,101,5년,2000,2000,,,총조사인구,"행정구역별,가구주와의관계별,성별,혼인상태별"
DT_1INOO06,인구규모별 행정구역수,101001,101,5년,2000,2000,,,"행정구역수,인구규모",인구규모별
DT_1INOO07,행정구역/성/연령/혼인상태/세대구성별 총조사인구,101001,101,5년,2000,2000,,,총조사인구,"행정구역별,성별,연령별,혼인상태별,세대구성별"
DT_1INOO08,시도/성/연령/혼인상태/교육정도별 총조사인구(15세 이상),101001,101,5년,2000,2000,,15세 이상,총조사인구,"시도별,성별,연령별,혼인상태별,교육정도별"
DT_1INOO09,시도/성/연령별 외국인,101001,101,5년,2000,2000,,,외국인,"시도별,성별,연령별"
DT_1INOO10,국적/성/연령별 외국인,101001,101,5년,2000,2000,,,외국인,"국적별,성별,연령별"
DT_1INOO12,국적/성/직업(대분류)별 외국인,101001,101,5년,2000,2000,,,외국인,"국적별,성별,직업별"
DT_1INOO13,국적/성/교육정도별 외국인,101001,101,5년,2000,2000,,,외국인,"국적별,성별,교육정도별"
DT_1INOOSB,행정구역(구시군)/성씨·본관별 가구 및 인구,101001,101,부정기,2000,2000,,,"가구,인구","행정구역별,성씨본관별"
DT_1INOOSC,행정구역(시도)/성씨·본관별 가구 및 인구,101001,101,부정기,2000,2000,,,"가구,인구","행정구역별,성씨본관별"
DT_1IO9001,시도/산업/성별 유업자,101001,101,5년,1990,1990,,,유업자,"시도별,산업별,성별"
DT_1IO9002,시도/직업/성별 유업자,101001,101,5년,1990,1990,,,유업자,"시도별,직업별,성별"
DT_1IO9003,시도/산업/직업/성별 유업자,101001,101,5년,1990,1990,,,유업자,"행정구역별,산업별,직업별,성별"
DT_1IO9004,시도/산업/종사상지위/성별 유업자,101001,101,5년,1990,1990,,,유업자,"시도별,산업별,종사상지위별,성별"
DT_1IO9005,시도/직업/종사상지위/성별 유업자,101001,101,5년,1990,1990,,,유업자,"시도별,직업별,종사상지위별,성별"
DT_1IO9006,시도/산업/연령/성별 유업자,101001,101,5년,1990,1990,,,유업자,"행정구역별,산업별,연령별,성별"
DT_1IO9007,시도/직업/연령/성별 유업자,101001,101,5년,1990,1990,,,유업자,"시도별,직업별,연령별,성별"
DT_1IO9008,시도/산업/교육정도/성별 유업자,101001,101,5년,1990,1990,,,유업자,"시도별,산업별,교육정도별,성별"
DT_1IO9009,시도/직업/교육정도별/성별 유업자,101001,101,5년,1990,1990,,,유업자,"시도별,직업별,교육정도별,성별"
DT_1JA1001,성별 외국인-시군구,101001,101,5년,2010,2010,,,외국인,"성별,행정구역별"
DT_1JA1002,성 및 연령별 외국인-시도,101001,101,5년,2010,2010,,,외국인,"성별,연령별,시도별"
DT_1JA1003,성 및 현재 국적별 외국인-시도,101001,101,5년,2010,2010,,,외국인,"성별,국적별,시도별"
DT_1JA1004,"성, 현재 국적 및 연령별 외국인-전국",101001,101,5년,2010,2010,,,외국인,"국적별,연령별"
DT_1JA1005,"성, 연령 및 교육정도별 외국인(6세이상)-시도",101001,101,5년,2010,2010,,6세이상,외국인,"성별,연령별,교육정도별,시도별"
DT_1JA1006,"성, 연령 및 혼인상태별 외국인(15세이상)-시도",101001,101,5년,2010,2010,,15세이상,외국인,"성별,연령별,혼인상태별,시도별"
DT_1JA1007,"성, 연령 및 입국연도별 외국인-시도",101001,101,5년,2010,2010,,,외국인,"성별,연령별,입국연도별,시도별"
DT_1JA1008,"성, 현재 국적 및 교육정도별 외국인(6세이상)-시도",101001,101,5년,2010,2010,,6세이상,외국인,"국적별,교육정도별,시도별"
DT_1JA1009,"성, 현재 국적 및 혼인상태별 외국인(15세이상)-시도",101001,101,5년,2010,2010,,15세이상,외국인,"국적별,혼인상태별,시도별"
DT_1JA1010,"성, 현재 국적 및 입국연도별 외국인-시도",101001,101,5년,2010,2010,,,외국인,"국적별,입국연도별,시도별"
DT_1JA1011,"성, 혼인상태 및 입국연도별 외국인(15세이상)-시도",101001,101,5년,2010,2010,,15세이상,외국인,"성별,혼인상태별,입국연도별,시도별"
DT_1JA1012,연령 및 가구주와의 관계별 외국인-시도,101001,101,5년,2010,2010,,,"외국인,가구주","연령별,가구주와의관계별,시도별"
DT_1JA1013,"성, 현재 국적 및 직업(대분류)별 외국인(15세이상)-전국",101001,101,5년,2010,2010,,15세이상,외국인,"국적별,직업별"
DT_1JA1501,성별 외국인 - 시군구,101001,101,년,2015,2023,,,외국인,"성별별,행정구역별"
DT_1JA1502,성 및 연령별 외국인 - 시도,101001,101,년,2015,2023,,,외국인,"성별,연령별,시도별"
DT_1JA1503,성 및 현재 국적별 외국인 - 시도,101001,101,년,2015,2023,,,외국인,"성별,국적별,시도별"
DT_1JA1504,"성, 현재 국적 및 연령별 외국인 - 전국",101001,101,년,2015,2023,전국,,외국인,"국적별,연령별"
DT_1JA1607,"성, 연령 및 입국연도별 외국인 - 시도",101001,101,년,2015,2023,,,외국인,"성별,연령별,입국연도별,시도별"
DT_1JA1610,"성, 현재 국적 및 입국연도별 외국인 - 시도",101001,101,년,2015,2023,,,외국인,"현재국적별,입국연도별,시도별"
DT_1JC1001,가구형태별 가구 및 가구원-읍면동,101001,101,5년,2010,2010,,,"가구,가구원","가구형태별,행정구역별"
DT_1JC1002,"가구원수 및 방, 거실, 식사용 방수별 가구(일반가구)-시군구",101001,101,5년,2010,2010,,,"가구원수,방,거실,식사용방수,가구","가구원수별,방거실식사용방수별,가구유형별,행정구역별"
DT_1JC1003,거처의 종류 및 점유형태별 가구(일반가구)-시군구,101001,101,5년,2010,2010,,,가구,"거처종류별,점유형태별,행정구역별"
DT_1JC1004,"점유형태, 가구원수 및 사용방수별 가구(일반가구)-시군구",101001,101,5년,2010,2010,,,가구,"점유형태별,가구원수별,사용방수별,행정구역별"
DT_1JC1005,"가구원수, 거처의 종류 및 사용방수별 가구(일반가구)-시군구",101001,101,5년,2010,2010,,,"가구원수,거처,가구","거처종류별,사용방수별,가구원수별,행정구역별"
DT_1JC1006,거처의 종류  및 평균사용방수별 가구(일반가구)-시군구,101001,101,5년,2010,2010,,,가구,"거처별,행정구역별"
DT_1JC1007,거처의 종류 및 주거시설 형태별 가구(일반가구)-시군구,101001,101,5년,2010,2010,,,가구,"거처별,주거시설형태별,행정구역별"
DT_1JC1008,"거처의 종류, 점유형태 및 가구형태별 가구(일반가구)-시군구",101001,101,5년,2010,2010,,,가구,"거처종류별,점유형태별,가구형태별,행정구역별"
DT_1JC1009,거주층별 가구(일반가구)-시군구,101001,101,5년,2010,2010,,,가구,거주층별
DT_1JC1010,타지 주택 소유 및 거처의 점유형태별 가구(일반가구)-시군구,101001,101,5년,2010,2010,,,가구,시군구별
DT_1JC1011,가구주의 연령 및 가구원수별 가구(일반가구)-시군구,101001,101,5년,2010,2010,,,"가구,가구원수","연령및가구원수별,행정구역별"
DT_1JC1012,"가구주의 성, 연령 및 혼인상태별 가구(일반가구)-시군구",101001,101,5년,2010,2010,,,"가구주,가구","성별,연령별,혼인상태별,행정구역별"
DT_1JC1013,가구주의 연령 및 점유형태별 가구(일반가구)-시군구,101001,101,5년,2010,2010,,,"가구주,가구","연령별,점유형태별,가구원수별,행정구역별"
DT_1JC1014,"가구주의 성, 연령 및 거처의 종류별 가구(일반가구)-시군구",101001,101,5년,2010,2010,,,"가구주,연령,거처의종류,일반가구,시군구","성별,연령별,거처종류별,행정구역별"
DT_1JC1015,세대구성별 가구 및 가구원(일반가구)-시군구,101001,101,5년,2010,2010,,,"가구,가구원","세대구성별,행정구역별"
DT_1JC1016,세대구성 및 가구원수별 가구(일반가구)-시군구,101001,101,5년,2010,2010,,,가구,"행정구역별,가구원수별"
DT_1JC1017,"가구주의 성, 연령 및 세대구성별 가구(일반가구)-시군구",101001,101,5년,2010,2010,,,"가구주,가구","가구주별,연령별,세대구성별,행정구역별"
DT_1JC1018,세대구성 및 가구주의 교육정도별 가구(일반가구)-시군구,101001,101,5년,2010,2010,,,가구,"세대구성별,가구주의교육정도별,가구유형별,행정구역별"
DT_1JC1019,세대구성 및 가구주의 혼인상태별 가구(일반가구)-시군구,101001,101,5년,2010,2010,,,가구,혼인상태별
DT_1JC1020,"세대구성 및 거처의 종류, 점유형태별 가구(일반가구)-시군구",101001,101,5년,2010,2010,,,가구,"거처종류별,점유형태별,행정구역별"
DT_1JC1021,주택(오피스텔포함)의 종류 및 주거면적별 가구(일반가구)-시군구,101001,101,5년,2010,2010,,,가구,"종류별,주거면적별,시군구별"
DT_1JC1501,"가구형태별 가구 및 가구원 - 읍면동(연도 끝자리 0, 5), 시군구(그 외 연도)",101001,101,년,2015,2023,,,"가구,가구원","가구형태별,행정구역별"
DT_1JC1502,"가구원수별 가구 - 읍면동(연도 끝자리 0, 5), 시군구(그 외 연도)",101001,101,년,2015,2023,,,"가구원수,가구",행정구역별
DT_1JC1503,"거처의 종류별 가구 - 읍면동(연도 끝자리 0, 5), 시군구(그 외 연도)",101001,101,년,2015,2023,,,가구,"거처별,행정구역별"
DT_1JC1505,거처의 종류 및 가구원수별 가구(일반가구) - 시군구,101001,101,년,2015,2023,,,가구,"거처종류별,가구원수별,행정구역별"
DT_1JC1511,가구주의 연령 및 가구원수별 가구(일반가구) - 시군구,101001,101,년,2015,2023,,,"가구주,가구원수,가구","연령별,가구원수별,행정구역별"
DT_1JC1514,"가구주의 성, 연령 및 거처의 종류별 가구(일반가구) - 시군구",101001,101,년,2015,2023,,,"가구주,가구","성별,연령별,거처종류별,행정구역별"
DT_1JC1515,세대구성별 가구 및 가구원(일반가구) - 시군구,101001,101,년,2015,2023,,,"가구원,가구","세대구성별,행정구역별"
DT_1JC1516,세대구성 및 가구원수별 가구(일반가구) - 시군구,101001,101,년,2015,2023,,,가구,행정구역별
DT_1JC1517,"가구주의 성, 연령 및 세대구성별 가구(일반가구) - 시군구",101001,101,년,2015,2023,,,"가구주,연령,세대구성,일반가구","가구주별,연령별,세대구성별,행정구역별"
DT_1JC1520,세대구성 및 거처의 종류별 가구(일반가구) - 시군구,101001,101,년,2015,2023,,,가구,거처종류별
DT_1JC1521,주택(오피스텔 포함)의 종류 및 주거면적별 가구(일반가구) - 시군구,101001,101,년,2015,2023,,,가구,"종류별,면적별,행정구역별"
DT_1JC1723,고령자(65세이상) 가구(일반가구) - 시군구,101001,101,년,2017,2023,,65세이상,가구,행정구역별
DT_1JC2024,거처의 종류 및 주거시설 형태별 가구(일반가구) - 시군구,101001,101,5년,2020,2020,,,가구,"거처별,주거시설형태별,행정구역별"
DT_1JC2025,"세대구성, 연령 및 거처의 종류별 고령자 - 시군구",101001,101,년,2020,2023,,,"세대구성,연령및거처종류별고령자","거처종류별,세대구성별,연령별,행정구역별"
DT_1JD1001,다문화가구 구성별 다문화 가구 및 가구원-시군구,101001,101,5년,2010,2010,,,"다문화가구,가구원",행정구역별
DT_1JD1002,연령 및 성별 다문화가구원-시군구,101001,101,5년,2010,2010,,,다문화가구원,"성별,행정구역별"
DT_1JD1003,"성, 연령 및 교육정도별 다문화가구원(6세이상)-시도",101001,101,5년,2010,2010,,6세이상,다문화가구원,"성별,연령별,교육정도별,시도별"
DT_1JD1004,"다문화가구 구성 및 방, 거실, 식사용 방수별 가구-시도",101001,101,5년,2010,2010,,,"다문화가구,가구","행정구역별,용도별"
DT_1JD1005,다문화가구 구성 및 가구원수별 가구-시도,101001,101,5년,2010,2010,,,"다문화가구,가구원수,가구","가구원수별,시도별"
DT_1JD1006,다문화가구 구성 및 동거 아동수별 다문화가구-시도,101001,101,5년,2010,2010,,,"다문화가구,동거아동수","동거아동수별,시도별"
DT_1JD1007,다문화가구 구성 및 가구주의 교육정도별 가구-시도,101001,101,5년,2010,2010,,,"다문화가구,가구주,가구","가구의다문화가구구성및가구주의교육정도별,시도별"
DT_1JD1008,다문화가구 구성 및 거처의 점유형태별 가구-시군구,101001,101,5년,2010,2010,,,"다문화가구,가구","행정구역별,점유형태별"
DT_1JD1009,다문화가구 구성 및 거주층별 가구-시군구,101001,101,5년,2010,2010,,,"다문화가구,가구","거주층별,행정구역별"
DT_1JD1010,다문화가구 구성 및 주거시설형태별 가구-시군구,101001,101,5년,2010,2010,,,"다문화가구,가구","행정구역별,주거시설형태별"
DT_1JD1011,다문화가구 구성 및 거처의 종류별 가구-시군구,101001,101,5년,2010,2010,,,가구,"거처종류별,행정구역별"
DT_1JD1012,"다문화가구 구성, 가구주의 연령 및 점유형태별 가구-시군구",101001,101,5년,2010,2010,,,가구,"행정구역별,가구주의연령별,점유형태별"
DT_1JD1013,"다문화가구 구성 및 평균사용방수, 주거면적별 가구-시군구",101001,101,5년,2010,2010,,,"다문화가구,가구,시군구","행정구역별,주거면적별"
DT_1JD1014,다문화가구 구성 및 세대구성별 가구 및 가구원-시군구,101001,101,5년,2010,2010,,,"다문화가구,가구원,가구","행정구역별,세대구성별"
DT_1JD1501,다문화가구 및 가구원 - 시군구,101001,101,년,2015,2023,,,"가구원,다문화가구,가구",행정구역별
DT_1JD1502,연령 및 성별 다문화가구원 - 시도,101001,101,년,2015,2023,,,다문화가구원,"성별,행정구역별"
DT_1JD1505,다문화가구 구성 및 가구원수별 가구 - 시도,101001,101,년,2016,2023,,,"다문화가구,가구원수,가구",행정구역별
DT_1JD1511,다문화가구 구성 및 거처의 종류별 다문화가구 - 시도,101001,101,년,2016,2023,,,다문화가구,"시도별,거처종류별"
DT_1JD1515,국적별 다문화 대상자 - 시도,101001,101,년,2015,2023,,,다문화대상자,"국적별,행정구역별"
DT_1JD1616,국적취득연도 및 이전국적별 내국인(귀화ㆍ인지) - 시도,101001,101,년,2016,2023,,,내국인,"국적취득연도별,이전국적별,시도별"
DT_1MI0501,현거주지/성/연령/5년 전 거주지 유형별 인구(5세이상)-시도,101001,101,5년,2005,2005,,5세이상,인구,"거주지역별,성별,연령별,이전거주지역유형별"
DT_1MI0502,현거주지/성/연령/5년 전 거주지별 이동인구(5세이상)-시도,101001,101,5년,2005,2005,,5세이상,이동인구,"현거주지별,성별,연령별,5년전거주지별,시도별"
DT_1MI0503,현거주지/교육정도/5년 전 거주지별 이동인구(6세 이상)-시도,101001,101,5년,2005,2005,,6세 이상,이동인구,"현거주지별,교육정도별,5년전거주지별"
DT_1MI0504,현거주지/성/연령/혼인상태/5년전 거주지별 이동인구(15세이상)-시도,101001,101,5년,2005,2005,,15세이상,이동인구,"현거주지별,성별,연령별,혼인상태별,5년전이동여부별"
DT_1MI0505,현거주지/성/경제활동상태/종사상지위/5년전거주지별이동인구(15+)-시도,101001,101,5년,2005,2005,,,이동인구,"거주지별,경제활동상태별,종사상지위별,이동여부별"
DT_1MI0506,현거주지/성/산업/5년 전 거주지별 이동인구(15세이상)-시도,101001,101,5년,2005,2005,,15세이상,이동인구,"거주지역별,산업별"
DT_1MI0507,현거주지/성/직업/5년 전 거주지별 이동인구(15세이상)-시도,101001,101,5년,2005,2005,,15세이상,이동인구,"현거주지별,직업별,5년전거주지별,시도별"
DT_1MI0508,현거주지/점유형태/5년 전 거주지별 이동인구(5세이상)-시도,101001,101,5년,2005,2005,,5세이상,이동인구,"현거주지별,점유형태별,5년전거주지별,시도별"
DT_1MI0509,현거주지/세대구성/5년 전 거주지별 이동인구(5세이상)-시도,101001,101,5년,2005,2005,,5세이상,이동인구,"현거주지별,세대구성별,5년전거주지별"
DT_1MI7001,성/현거주지/연령/출생지별 인구,101001,101,5년,1970,1970,,,인구,"성별,현거주지역별,연령별,출생지별"
DT_1MI7002,성/현거주지/출생지별 인구,101001,101,5년,1970,1970,,,인구,"성별,현거주지별,출생지별"
DT_1MI7003,성/5년전 거주지/현거주지별 인구(5세이상),101001,101,5년,1970,1970,,5세이상,인구,거주지별
DT_1MI7004,성/연령/현거주지/5년전 거주지별 인구,101001,101,5년,1970,1970,,,인구,"성별,연령별,현거주지별,5년전거주지별"
DT_1MI7005,성/현거주지/경제활동상태/5년전 거주지별 이동인구,101001,101,5년,1970,1970,,,이동인구,"성별,현거주지역별,경제활동상태별,5년전이동거주지역별"
DT_1MI7006,성/현거주지/교육정도/5년전 거주지별 이동인구,101001,101,5년,1970,1970,,,이동인구,"성별,현거주지별,교육정도별,5년전거주지별"
DT_1MI7007,성/현거주지/연령및배우관계/5년전 거주지별 이동인구,101001,101,5년,1970,1970,,,이동인구,"성별,현거주지역별,연령및배우관계별,5년전이동거주지역별"
DT_1MI7008,현거주지/모의 연령/출생아수/5년전 거주지별 이동인구,101001,101,5년,1970,1970,,,"출생아수,이동인구",거주지역별
DT_1MI7501,성/현거주지/5년전 거주지별 이동인구,101001,101,5년,1975,1975,,,이동인구,거주지역별
DT_1MI7502,성/연령/현거주지/5년전 거주지별 이동인구,101001,101,5년,1975,1975,,,이동인구,"성별,연령별,현거주지별,5년전거주지별"
DT_1MI7503,성/현거주지/직업/5년전 거주지별 이동인구,101001,101,5년,1975,1975,,,이동인구,"성별,현거주지역별,직업별,5년전이동거주지역별"
DT_1MI7504,성/현거주지/산업/5년전 거주지별 이동인구,101001,101,5년,1975,1975,,,이동인구,"성별,현거주지산업별,5년전거주지별"
DT_1MI7505,성/현거주지/교육정도/5년전 거주지별 이동인구,101001,101,5년,1975,1975,,,이동인구,"성별,현거주지별,교육정도별,5년전이동전거주지별"
DT_1MI7506,"성/현거주지/연령,혼인상태/5년전 거주지별 이동인구",101001,101,5년,1975,1975,,,이동인구,"성별,현거주지역별,연령혼인상태별,5년전거주지별"
DT_1MI8001,현거주지/성/출생지별 이동인구,101001,101,5년,1980,1980,,,이동인구,"현거주지별,성별,출생지별"
DT_1MI8002,현거주지/성/연령/출생지별 이동인구,101001,101,5년,1980,1980,,,이동인구,"현거주지별,성별,연령별,출생지별"
DT_1MI8003,현거주지/성/연령/5년전거주지별 이동인구(5세이상),101001,101,5년,1980,1980,,5세이상,이동인구,"현거주지별,성별,연령별,5년전거주지별"
DT_1MI8004,현거주지/성/연령/1년전거주지별 이동인구(1세이상),101001,101,5년,1980,1980,,1세이상,이동인구,"현거주지별,성별,연령별,1년전거주지별"
DT_1MI8005,현거주지/성/교육정도/5년전거주지별 이동인구(6세이상),101001,101,5년,1980,1980,,6세이상,이동인구,"현거주지별,성별,교육정도별,5년전거주지별"
DT_1MI8006,현거주지/성/혼인상태/연령/1년전거주지별 이동인구(15세이상),101001,101,5년,1980,1980,,15세이상,이동인구,"현거주지별,성별,혼인상태별,연령별"
DT_1MI8007,현거주지/성/혼인상태/연령/5년전거주지별 이동인구(15세이상),101001,101,5년,1980,1980,,15세이상,이동인구,"현거주지별,성별,혼인상태별,연령별,5년전거주지역별"
DT_1MI8008,현거주지/성/산업/1년전거주지별 이동인구(14세이상),101001,101,5년,1980,1980,,14세이상,이동인구,"현거주지별,성별,산업별,1년전거주지별"
DT_1MI8009,현거주지/성/산업/5년전거주지별 이동인구(14세이상),101001,101,5년,1980,1980,,14세이상,이동인구,"현거주지별,성별,산업별,5년전거주지별"
DT_1MI800A,현거주지/성/직업/1년전거주지별 이동인구(14세이상),101001,101,5년,1980,1980,,14세이상,이동인구,"현거주지별,직업별,1년전거주지별"
DT_1MI800B,현거주지/성/직업/5년전거주지별 이동인구(14세이상),101001,101,5년,1980,1980,,14세이상,이동인구,"현거주지별,성별,직업별,5년전거주지별"
DT_1MI800C,현거주지/성/교육정도/1년전거주지별 이동인구(6세이상),101001,101,5년,1980,1980,,6세이상,이동인구,"현거주지별,성별,교육정도별,1년전거주지별"
DT_1MI8501,현거주지/성/연령/출생지별 이동인구,101001,101,5년,1985,1985,,,이동인구,"현거주지별,성별,연령별,출생지별"
DT_1MI8502,현거주지/성/연령/1년전거주지별 이동인구(1세이상),101001,101,5년,1985,1985,,1세이상,이동인구,"현거주지별,성별,연령별,1년전거주지별"
DT_1MI8503,현거주지/성/연령/5년전거주지별 이동인구(5세이상),101001,101,5년,1985,1985,,5세이상,이동인구,"현거주지별,성별,연령별,5년전거주지별"
DT_1MI8504,현거주지/성/교육정도/1년전거주지별 이동인구(6세이상),101001,101,5년,1985,1985,,6세이상,이동인구,"현거주지별,성별,교육정도별,1년전거주지별"
DT_1MI8505,현거주지/성/교육정도/5년전거주지별 이동인구(6세이상),101001,101,5년,1985,1985,,6세이상,이동인구,"현거주지별,성별,교육정도별,5년전거주지별"
DT_1MI8506,현거주지/성/혼인상태/연령/1년전거주지별 이동인구(14세이상),101001,101,5년,1985,1985,,14세이상,이동인구,"현거주지별,성별,혼인상태별,연령별,1년전거주지별"
DT_1MI8507,현거주지/성/혼인상태/연령/5년전거주지별 이동인구(14세이상),101001,101,5년,1985,1985,,14세이상,이동인구,"현거주지별,성별,혼인상태별,연령별,5년전거주지별"
DT_1MI8508,현거주지/성/산업/1년전거주지별 이동인구(14세이상),101001,101,5년,1985,1985,,14세이상,이동인구,"현거주지별,성별,산업별,1년전거주지별"
DT_1MI8509,현거주지/성/산업/5년전거주지별 이동인구(14세이상),101001,101,5년,1985,1985,,14세이상,이동인구,"현거주지별,성별,산업별,5년전거주지별"
DT_1MI850A,현거주지/성/직업/1년전거주지별 이동인구(14세이상),101001,101,5년,1985,1985,,14세이상,이동인구,"현거주지별,성별,직업별,1년전거주지별"
DT_1MI850B,현거주지/성/직업/5년전거주지별 이동인구(14세이상),101001,101,5년,1985,1985,,14세이상,이동인구,"현거주지별,직업별,5년전거주지별"
DT_1MI9001,현거주지/성/연령/출생지별 이동인구,101001,101,5년,1990,1990,,,이동인구,"현거주지별,성별,연령별,출생지별"
DT_1MI9002,현거주지/성/연령/1년전거주지별 이동인구(1세이상),101001,101,5년,1990,1990,,1세이상,이동인구,"현거주지별,성별,연령별,1년전거주지별"
DT_1MI9003,현거주지/성/연령/5년전거주지별 이동인구(5세이상),101001,101,5년,1990,1990,,5세이상,이동인구,"현거주지별,성별,연령별,5년전거주지별"
DT_1MI9004,현거주지/성/교육정도/1년전거주지별 이동인구(6세이상),101001,101,5년,1990,1990,,6세이상,이동인구,"현거주지별,성별,교육정도별,1년전거주지별"
DT_1MI9005,현거주지/성/교육정도/5년전거주지별 이동인구(6세이상),101001,101,5년,1990,1990,,6세이상,이동인구,"현거주지별,성별,교육정도별,5년전거주지별"
DT_1MI9006,현거주지/성/혼인상태/연령/1년전거주지별 이동인구(15세이상),101001,101,5년,1990,1990,,15세이상,이동인구,"현거주지별,성별,혼인상태별,연령별,1년전거주지별"
DT_1MI9007,현거주지/성/혼인상태/연령/5년전거주지별 이동인구(15세이상),101001,101,5년,1990,1990,,15세이상,이동인구,"현거주지별,성별,혼인상태별,연령별,5년전거주지별"
DT_1MI9008,현거주지/성/산업/1년전거주지별 이동인구(15세이상),101001,101,5년,1990,1990,,15세이상,이동인구,"현거주지별,성별,산업별,1년전거주지별"
DT_1MI9009,현거주지/성/산업/5년전거주지별 이동인구(15세이상),101001,101,5년,1990,1990,,15세이상,이동인구,"현거주지별,성별,산업별,5년전거주지별"
DT_1MI900A,현거주지/성/직업/1년전거주지별 이동인구(15세이상),101001,101,5년,1990,1990,,15세이상,이동인구,"현거주지별,성별,직업별,1년전거주지별"
DT_1MI900B,현거주지/성/직업/5년전거주지별 이동인구(15세이상),101001,101,5년,1990,1990,,15세이상,이동인구,"현거주지별,성별,직업별,5년전거주지별"
DT_1MI9501,현거주지/성/출생지별 인구,101001,101,5년,1995,1995,,,인구,"현거주지별,성별,출생지별"
DT_1MI9502,현거주지/성/연령/출생지별 인구,101001,101,5년,1995,1995,,,인구,"현거주지별,성별,연령별,출생지별"
DT_1MI9503,현거주지/성/연령/출생지(북한)별 인구,101001,101,5년,1995,1995,,,인구,"현거주지별,성별,연령별,출생지,북한별"
DT_1MI9504,현거주지/성/5년전 거주지별 이동인구(5세이상),101001,101,5년,1995,1995,,5세이상,이동인구,거주지에따른분류
DT_1MI9505,현거주지/성/연령/5년전 거주지별 이동인구(5세이상),101001,101,5년,1995,1995,,5세이상,이동인구,"현거주지별,성별,연령별,5년전이동전거주지별"
DT_1MI9506,현거주지/성/교육정도/5년전 거주지별 이동인구(6세이상),101001,101,5년,1995,1995,,6세이상,이동인구,"현거주지별,성별,교육정도별,5년전이동여부별"
DT_1MI9507,현거주지/성/연령/혼인상태/5년전 거주지별 이동인구(15세이상),101001,101,5년,1995,1995,,15세이상,이동인구,"현거주지별,성별,연령별,혼인상태별,5년전이동여부별"
DT_1MI9508,현거주지/성/경제활동상태/5년전거주지별 이동인구(15세이상),101001,101,5년,1995,1995,,15세이상,이동인구,"현거주지별,경제활동상태별"
DT_1MI9509,현거주지/성/산업/5년전 거주지별 이동인구(15세이상),101001,101,5년,1995,1995,,15세이상,이동인구,"현거주지별,성별,산업별,5년전거주지별"
DT_1MI950A,현거주지/성/직업/5년전 거주지별 이동인구(15세이상),101001,101,5년,1995,1995,,15세이상,이동인구,"현거주지별,성별,직업별,5년전이동거주지역별"
DT_1MIOO01,현거주지/성/출생지별 인구,101001,101,5년,2000,2000,,,인구,"현거주지별,성별,출생지별"
DT_1MIOO02,현거주지/성/연령/출생지별 인구,101001,101,5년,2000,2000,,,인구,"현거주지별,성별,연령별"
DT_1MIOO03,현거주지/성/5년전 거주지별 이동인구(5세이상),101001,101,5년,2000,2000,,5세이상,이동인구,"현거주지별,5년전거주지별"
DT_1MIOO04,현거주지/성/연령/5년전 거주지별 이동인구(5세 이상),101001,101,5년,2000,2000,,5세 이상,이동인구,"현거주지별,성별,연령별,5년전거주지별"
DT_1MIOO05,현거주지/성/교육정도/5년전 거주지별 이동인구(6세이상),101001,101,5년,2000,2000,,6세이상,이동인구,"현거주지별,성별,교육정도별,5년전거주지별"
DT_1MIOO06,"현거주지/성/연령,혼인상태/5년전 거주지별 이동인구(15세 이상",101001,101,5년,2000,2000,,15세 이상,이동인구,현거주지별
DT_1MIOO07,현거주지/성/경제활동상태/5년전 거주지별 이동인구(15세 이상),101001,101,5년,2000,2000,,15세 이상,이동인구,"현거주지별,성별,경제활동상태별,5년전이동여부별"
DT_1MIOO08,현거주지/성/산업/5년전 거주지별 이동인구(15세 이상),101001,101,5년,2000,2000,,15세 이상,이동인구,"현거주지별,성별,산업별,5년전이동전거주지역별"
DT_1MIOO09,현거주지/성/직업/5년전 거주지별 이동인구(15세 이상),101001,101,5년,2000,2000,,15세 이상,이동인구,"현거주지별,성별,직업별,5년전거주지별"
DT_1MIOO10,현거주지/성/세대구성/5년전 거주지별 이동인구(5세 이상),101001,101,5년,2000,2000,,5세 이상,이동인구,"현거주지별,성별,세대구성별,5년전거주지별"
DT_1MIOO11,현거주지/점유형태/5년전 거주지별 이동인구(5세 이상),101001,101,5년,2000,2000,,5세 이상,이동인구,"현거주지별,점유형태별,5년전거주지별"
DT_1MIOO12,"현거주지/성/경제활동상태,종사상의 지위/5년전 거주지별 이동인구",101001,101,5년,2000,2000,,,이동인구,"현거주지별,경제활동상태종사상의지위별,5년전거주지별"
DT_1MIOO13,현거주지/성/1년전 거주지별 이동인구(1세 이상),101001,101,5년,2000,2000,,1세 이상,이동인구,거주지역별
DT_1MIOO14,현거주지/성/연령/1년전 거주지별 이동인구(1세 이상),101001,101,5년,2000,2000,,1세 이상,이동인구,"현거주지별,성별,연령별,1년전거주지별"
DT_1MIOO15,현거주지/성/교육정도/1년전 거주지별 이동인구(6세이상),101001,101,5년,2000,2000,,6세이상,이동인구,"현거주지별,성별,교육정도별,1년전거주지별"
DT_1MIOO16,"현거주지/성/연령,혼인상태/1년전 거주지별 이동인구(15세 이상",101001,101,5년,2000,2000,,15세 이상,이동인구,"현거주지별,연령별,혼인상태별,1년전거주지별"
DT_1MIOO17,현거주지/성/경제활동상태/1년전 거주지별 이동인구(15세 이상),101001,101,5년,2000,2000,,15세 이상,이동인구,"현거주지별,성별,경제활동상태별,1년전이동여부별"
DT_1MIOO18,현거주지/성/산업/1년전 거주지별 이동인구(15세 이상),101001,101,5년,2000,2000,,15세 이상,이동인구,"현거주지별,성별,산업별,1년전거주지별"
DT_1MIOO19,현거주지/성/직업/1년전 거주지별 이동인구(15세 이상),101001,101,5년,2000,2000,,15세 이상,이동인구,"현거주지별,성별,직업별,1년전거주지별"
DT_1MIOO20,현거주지/성/세대구성/1년전 거주지별 이동인구(1세 이상),101001,101,5년,2000,2000,,1세 이상,이동인구,"현거주지별,성별,세대구성별,1년전거주지별"
DT_1MIOO21,현거주지/점유형태/1년전 거주지별 이동인구(1세 이상),101001,101,5년,2000,2000,,1세 이상,이동인구,"현거주지별,점유형태별,1년전거주지별"
DT_1MIOO22,"현거주지/성/경제활동상태,종사상의 지위/1년전 거주지별 이동인구",101001,101,5년,2000,2000,,,이동인구,"현거주지별,경제활동상태별,종사상의지위별,1년전거주지별"
DT_1MIOO23,현거주지/성/연령/출생지 종류별 인구,101001,101,5년,2000,2000,,,인구,종류별
DT_1MIOO24,현거주지/성/연령/1년전 거주지 종류별 인구(1세 이상),101001,101,5년,2000,2000,,1세 이상,인구,종류별
DT_1MIOO25,현거주지/성/연령/5년전 거주지 종류별 인구(5세 이상),101001,101,5년,2000,2000,,5세 이상,인구,종류별
DT_1NL2001,분거가족이 있는 가구 - 시도,101001,101,년,2020,2023,,,가구,행정구역별
DT_1PA1001,성별 통근 통학 인구(12세 이상)-시군구,101001,101,5년,2010,2010,,12세 이상,통근통학인구,"성별,행정구역별"
DT_1PA1002,"성, 연령 및 통근 통학 유형별 인구(12세 이상)-시군구",101001,101,5년,2010,2010,,12세 이상,인구,"성별,연령별,통근통학유형별"
DT_1PA1003,"성, 연령 및 이용 교통 수단별 통근 통학 인구(12세 이상)-시군구",101001,101,5년,2010,2010,,12세 이상,통근통학인구,"성별,연령별,이용교통수단별,행정구역별"
DT_1PA1004,소요시간 및 이용 교통수단별 통근 통학 인구(12세 이상)-시군구,101001,101,5년,2010,2010,,12세 이상,통근통학인구,행정구역별
DT_1PA1006,"현 거주지, 성 및 통근통학지별 통근통학 인구(서울, 인천, 경기)(12세 이상)-시군구",101001,101,5년,2010,2010,"경기, 서울, 인천",12세 이상,통근통학인구,"거주지별,성별"
DT_1PA1007,"현 거주지, 성 및 통근통학지별 통근통학 인구(부산,울산,경남)(12세 이상)-시군구",101001,101,5년,2010,2010,,12세 이상,"거주지인구,성인구,통근통학인구","거주지별,성별"
DT_1PA1008,"현 거주지, 성 및 통근통학지별 통근통학 인구(대구,경북)(12세 이상)-시군구",101001,101,5년,2010,2010,"경북, 대구",12세 이상,"거주지인구,성인구,통근통학인구","거주지별,성별"
DT_1PA1009,"현 거주지, 성 및 통근통학지별 통근통학 인구(광주,전남)(12세 이상)-시군구",101001,101,5년,2010,2010,"광주, 전남",12세 이상,"거주지인구,성인구,통근통학인구","거주지별,성별"
DT_1PA1010,"현 거주지, 성 및 통근통학지별 통근통학 인구(대전,충북,충남)(12세 이상)-시군구",101001,101,5년,2010,2010,"대전, 충남, 충북",12세 이상,통근통학인구,거주지별
DT_1PA1011,"현 거주지, 성 및 통근통학지별 통근통학 인구(강원)(12세 이상)-시군구",101001,101,5년,2010,2010,강원,12세 이상,"거주지인구,성인구,통근통학인구","거주지별,성별"
DT_1PA1012,"현 거주지, 성 및 통근통학지별 통근통학 인구(전북)(12세 이상)-시군구",101001,101,5년,2010,2010,전북,12세 이상,통근통학인구,"거주지별,성별"
DT_1PA1013,"현 거주지, 성 및 통근통학지별 통근통학 인구(제주)(12세 이상)-시군구",101001,101,5년,2010,2010,제주,12세 이상,통근통학인구,"거주지별,성별"
DT_1PA1014,"성, 산업 및 이용 교통수단별 통근 인구(15세 이상)-시도",101001,101,5년,2010,2010,,15세 이상,통근인구,"성별,산업별,이용교통수단별,행정구역별"
DT_1PA1015,"성, 직업 및 이용 교통수단별 통근 인구(15세 이상)-시도",101001,101,5년,2010,2010,,15세 이상,통근인구,"성별,직업별,이용교통수단별,시도별"
DT_1PA1016,"성, 종사상 지위 및 이용 교통수단별 통근 인구(15세 이상)-시도",101001,101,5년,2010,2010,,15세 이상,"성,종사상지위및이용교통수단에따른통근인구","성별,종사상지위별,이용교통수단별,시도별"
DT_1PA1017,"성, 각급 학교 및 이용 교통수단별 통학 인구(12세 이상)-시도",101001,101,5년,2010,2010,,12세 이상,"성,각급학교,이용교통수단별통학인구,시도","행정구역별,학교별,교통수단별"
DT_1PA1018,"성, 소요시간 및 각급 학교별 통학 인구(12세 이상)-시도",101001,101,5년,2010,2010,,12세 이상,"성,소요시간,각급학교별통학인구,시도","행정구역별,학교별"
DT_1PA1019,성 및 통근 유형별 취업 인구(15세 이상)-시군구,101001,101,5년,2010,2010,,15세 이상,취업인구,"성별,통근유형별,행정구역별"
DT_1PA1020,성 및 통학 유형별 재학 인구(12세 이상)-시군구,101001,101,5년,2010,2010,,12세 이상,재학인구,"성별,통학유형별"
DT_1PA1021,"성, 연령별 상주(야간)/주간 인구-시군구",101001,101,5년,2010,2010,,,인구,"행정구역별,성연령별"
DT_1PA1501,성별 통근 통학 인구(12세 이상)-시군구,101001,101,5년,2015,2015,,12세 이상,통근통학인구,"성별,행정구역별"
DT_1PA1502,성별/연령별/통근 통학 유형별 인구(12세 이상)-시군구,101001,101,5년,2015,2015,,12세 이상,인구,"성별,연령별,통근통학유형별,행정구역별"
DT_1PA1503,성별/연령별/이용 교통 수단별 통근 통학 인구(12세 이상)-시군구,101001,101,5년,2015,2015,,12세 이상,통근통학인구,"성별,연령별,이용교통수단별,행정구역별"
DT_1PA1504,소요시간별/이용 교통수단별 통근 통학 인구(12세 이상)-시군구,101001,101,5년,2015,2015,,12세 이상,통근통학인구,"소요시간별,이용교통수단별,행정구역별"
DT_1PA1505,"현 거주지별/성별/통근통학지별 통근통학 인구(서울, 인천, 경기)(12세 이상)-시군구",101001,101,5년,2015,2015,"경기, 서울, 인천",12세 이상,통근통학인구,"거주지별,성별,통근통학지별"
DT_1PA1506,"현 거주지별/성별/통근통학지별 통근통학 인구(부산, 울산, 경남)(12세 이상)-시군구",101001,101,5년,2015,2015,,12세 이상,통근통학인구,"거주지별,성별,통근통학지별"
DT_1PA1507,"현 거주지별/성별/통근통학지별 통근통학 인구(대구, 경북)(12세 이상)-시군구",101001,101,5년,2015,2015,"경북, 대구",12세 이상,통근통학인구,"거주지별,성별,통근통학지별"
DT_1PA1508,"현 거주지별/성별/통근통학지별 통근통학 인구(광주, 전남)(12세 이상)-시군구",101001,101,5년,2015,2015,"광주, 전남",12세 이상,통근통학인구,"거주지별,성별,통근통학지별"
DT_1PA1509,"현 거주지별/성별/통근통학지별 통근통학 인구(대전, 세종, 충북, 충남)(12세 이상)-시군구",101001,101,5년,2015,2015,"대전, 충남, 충북",12세 이상,"거주지,성별,통근통학지,인구","거주지별,성별,통근통학지별"
DT_1PA1510,현 거주지별/성별/통근통학지별 통근통학 인구(강원)(12세 이상)-시군구,101001,101,5년,2015,2015,강원,12세 이상,통근통학인구,"거주지별,성별,통근통학지별"
DT_1PA1511,현 거주지별/성별/통근통학지별 통근통학 인구(전북)(12세 이상)-시군구,101001,101,5년,2015,2015,전북,12세 이상,통근통학인구,"거주지별,성별,통근통학지별"
DT_1PA1512,현 거주지별/성별/통근통학지별 통근통학 인구(제주)(12세 이상)-시군구,101001,101,5년,2015,2015,제주,12세 이상,통근통학인구,"거주지별,성별,통근통학지별"
DT_1PA1513,"성, 산업 및 이용 교통수단별 통근 인구(15세 이상)-시도",101001,101,5년,2015,2015,,15세 이상,통근인구,"성별,산업별,이용교통수단별,행정구역별"
DT_1PA1514,"성, 직업 및 이용 교통수단별 통근 인구(15세 이상)-시도",101001,101,5년,2015,2015,,15세 이상,통근인구,"성별,직업별,이용교통수단별,시도별"
DT_1PA1515,"성, 종사상 지위 및 이용 교통수단별 통근 인구(15세 이상)-시도",101001,101,5년,2015,2015,,15세 이상,"성,종사상지위,이용교통수단,인구","성별,종사상지위별,이용교통수단별,시도별"
DT_1PA1516,"성, 각급 학교 및 이용 교통수단별 통학 인구(12세 이상)-시도",101001,101,5년,2015,2015,,12세 이상,"성,각급학교,이용교통수단,통학인구,시도","행정구역별,학교별,교통수단별"
DT_1PA1517,성별/소요시간별/각급 학교별 통학 인구(12세 이상)-시도,101001,101,5년,2015,2015,,12세 이상,통학인구,"성별,소요시간별,각급학교별,시도별"
DT_1PA1518,성별/통근 유형별 취업 인구(15세 이상)-시군구,101001,101,5년,2015,2015,,15세 이상,취업인구,"성별,통근유형별,행정구역별"
DT_1PA1519,성별/통학 유형별 재학 인구(12세 이상)-시군구,101001,101,5년,2015,2015,,12세 이상,재학인구,"성별별,통학유형별,시군구별"
DT_1PA1520,성별/연령별 상주(야간) · 주간 인구-시군구,101001,101,5년,2015,2015,,,인구,"성별별,연령별,행정구역별"
DT_1PA1521,현 거주지별/통근통학지별 통근통학 인구(12세 이상)-시군구,101001,101,5년,2015,2015,,12세 이상,통근통학인구,"거주지별,통근통학지별"
DT_1PA2001,성별 통근 통학 인구(12세 이상)-시군구,101001,101,5년,2020,2020,,12세 이상,통근통학인구,"성별,행정구역별"
DT_1PA2002,성별/연령별/통근 통학 유형별 인구(12세 이상)-시군구,101001,101,5년,2020,2020,,12세 이상,인구,"성별,연령별,통근통학유형별,행정구역별"
DT_1PA2003,성별/연령별/이용 교통 수단별 통근 통학 인구(12세 이상)-시군구,101001,101,5년,2020,2020,,12세 이상,교통수단별인구,"성별,연령별,이용교통수단별,행정구역별"
DT_1PA2004,소요시간별/이용 교통수단별 통근 통학 인구(12세 이상)-시군구,101001,101,5년,2020,2020,,12세 이상,통근통학인구,"소요시간별,이용교통수단별,행정구역별"
DT_1PA2005,"현 거주지별/성별/통근통학지별 통근통학 인구(서울, 인천, 경기)(12세 이상)-시군구",101001,101,5년,2020,2020,"경기, 서울, 인천",12세 이상,통근통학인구,"거주지별,성별,통근통학지별"
DT_1PA2006,"현 거주지별/성별/통근통학지별 통근통학 인구(부산, 울산, 경남)(12세 이상)-시군구",101001,101,5년,2020,2020,,12세 이상,통근통학인구,"거주지별,성별,통근통학지별"
DT_1PA2007,"현 거주지별/성별/통근통학지별 통근통학 인구(대구, 경북)(12세 이상)-시군구",101001,101,5년,2020,2020,"경북, 대구",12세 이상,통근통학인구,"거주지별,성별,통근통학지별"
DT_1PA2008,"현 거주지별/성별/통근통학지별 통근통학 인구(광주, 전남)(12세 이상)-시군구",101001,101,5년,2020,2020,"광주, 전남",12세 이상,통근통학인구,"거주지별,성별,통근통학지별"
DT_1PA2009,"현 거주지별/성별/통근통학지별 통근통학 인구(대전, 세종, 충북, 충남)(12세 이상)-시군구",101001,101,5년,2020,2020,"대전, 충남, 충북",12세 이상,통근통학인구,"거주지별,성별,통근통학지별"
DT_1PA2010,현 거주지별/성별/통근통학지별 통근통학 인구(강원)(12세 이상)-시군구,101001,101,5년,2020,2020,강원,12세 이상,통근통학인구,"거주지별,성별,통근통학지별"
DT_1PA2011,현 거주지별/성별/통근통학지별 통근통학 인구(전북)(12세 이상)-시군구,101001,101,5년,2020,2020,전북,12세 이상,통근통학인구,"거주지별,성별,통근통학지별"
DT_1PA2012,현 거주지별/성별/통근통학지별 통근통학 인구(제주)(12세 이상)-시군구,101001,101,5년,2020,2020,제주,12세 이상,통근통학인구,"거주지별,성별,통근통학지별"
DT_1PA2013,"성, 산업 및 이용 교통수단별 통근 인구(15세 이상)-시도",101001,101,5년,2020,2020,,15세 이상,교통수단별통근인구,"성별,산업별,이용교통수단별,시도별"
DT_1PA2014,"성, 직업 및 이용 교통수단별 통근 인구(15세 이상)-시도",101001,101,5년,2020,2020,,15세 이상,통근인구,"성별,직업별,이용교통수단별,시도별"
DT_1PA2015,"성, 종사상 지위 및 이용 교통수단별 통근 인구(15세 이상)-시도",101001,101,5년,2020,2020,,15세 이상,"성,종사상지위,이용교통수단,인구","성별,종사상지위별,이용교통수단별,시도별"
DT_1PA2016,"성, 각급 학교 및 이용 교통수단별 통학 인구(12세 이상)-시도",101001,101,5년,2020,2020,,12세 이상,"성,각급학교,이용교통수단별인구","행정구역별,학교별,교통수단별"
DT_1PA2017,성별/소요시간별/각급 학교별 통학 인구(12세 이상)-시도,101001,101,5년,2020,2020,,12세 이상,통학인구,"성별,소요시간별,각급학교별,시도별"
DT_1PA2018,성별/통근 유형별 취업 인구(15세 이상)-시군구,101001,101,5년,2020,2020,,15세 이상,취업인구,"성별,통근유형별,행정구역별"
DT_1PA2019,성 및 통학 유형별 재학 인구(12세 이상)-시군구,101001,101,5년,2020,2020,,12세 이상,재학인구,"성별,통학유형별"
DT_1PA2020,성별/연령별 상주(야간) · 주간 인구-시군구,101001,101,5년,2020,2020,,,인구,"성별별,연령별,행정구역별"
DT_1PA2021,현 거주지별/통근통학지별 통근통학 인구(12세 이상)-시군구,101001,101,5년,2020,2020,,12세 이상,통근통학인구,"거주지별,통근통학지별"
DT_1PB1001,"현 거주지, 성 및 출생지 유형별 인구-시군구",101001,101,5년,2010,2010,,,"거주지,성,출생지,인구,시군구","거주지별,성별,출생지유형별"
DT_1PB1002,"현 거주지, 성, 연령 및 출생지 유형별 인구-시군구",101001,101,5년,2010,2010,,,인구,"거주지별,성별,연령별,출생지유형별"
DT_1PB1003,"현 거주지, 성, 연령, 교육정도 및 출생지 유형별 인구(6세 이상)-시도",101001,101,5년,2010,2010,,6세 이상,"거주지,성,연령,교육정도,출생지유형,인구,시도","거주지별,성별,연령별,교육정도별,출생지유형별"
DT_1PB1004,"현 거주지, 성, 연령, 혼인상태 및 출생지 유형별 인구(15세 이상)-시도",101001,101,5년,2010,2010,,15세 이상,"거주지,성,연령,혼인상태,출생지,인구,시도","거주지별,성별,연령별,혼인상태별,출생지유형별"
DT_1PB1005,"현 거주지, 성, 연령 및 출생지별 인구-시도",101001,101,5년,2010,2010,,,인구,"거주지별,성별,연령별,출생지별"
DT_1PB1006,"현 거주지, 성 및 1년 전 거주지 유형별 인구(1세 이상)-시군구",101001,101,5년,2010,2010,,1세 이상,인구,거주지유형별
DT_1PB1007,"현 거주지, 성, 연령 및 1년 전 거주지 유형별 인구(1세 이상)-시군구",101001,101,5년,2010,2010,,1세 이상,인구,거주지유형별
DT_1PB1008,"현 거주지, 성, 연령 및 1년 전 거주지 이동 인구(1세 이상)-시도",101001,101,5년,2010,2010,,1세 이상,"거주지,성,연령,1년전거주지이동인구","거주지별,성별,연령별,행정구역별"
DT_1PB1009,"현 거주지, 성 교육정도 및 1년 전 거주지별 이동 인구(6세 이상)-시도",101001,101,5년,2010,2010,,6세 이상,"거주지,성,교육정도,1년전거주지,인구",거주지별
DT_1PB1010,"현 거주지, 성, 연령, 혼인상태 및 1년 전 거주지별 이동 인구(15세 이상)-시도",101001,101,5년,2010,2010,,15세 이상,"거주지,성,연령,혼인상태및1년전거주지별이동인구",거주지별
DT_1PB1011,"현 거주지, 성, 경제활동 상태, 종사상 지위 및 1년 전 거주지별 이동 인구(15세 이상)-시도",101001,101,5년,2010,2010,,15세 이상,"거주지,성,경제활동상태,종사상지위및1년전거주지별이동인구",거주지별
DT_1PB1012,"현 거주지, 성, 산업 및 1년 전 거주지별 이동 인구(15세 이상)-시도",101001,101,5년,2010,2010,,15세 이상,"거주지,성,산업,1년전거주지,인구",거주지별
DT_1PB1013,"현 거주지, 성, 직업 및 1년 전 거주지별 이동 인구(15세 이상)-시도",101001,101,5년,2010,2010,,15세 이상,"거주지,성,직업및1년전거주지,인구",거주지별
DT_1PB1014,"현 거주지, 점유형태 및 1년 전 거주지별 이동 인구(1세 이상)-시도",101001,101,5년,2010,2010,,1세 이상,"거주지,점유형태,1년전거주지,인구",거주지별
DT_1PB1015,"현 거주지, 성 및 5년 전 거주지 유형별 인구(5세 이상)-시군구",101001,101,5년,2010,2010,,5세 이상,"거주지,인구",거주지유형별
DT_1PB1016,"현 거주지, 성, 연령 및 5년 전 거주지 유형별 인구(5세 이상)-시군구",101001,101,5년,2010,2010,,5세 이상,인구,"거주지유형별,행정구역별,연령별,성별"
DT_1PB1017,"현 거주지, 성, 연령 및 5년 전 거주지 이동 인구(5세 이상)-시도",101001,101,5년,2010,2010,,5세 이상,"거주지,성,연령,5년전거주지이동인구,시도","거주지별,성별,연령별,5년전이동구분별"
DT_1PB1018,"현 거주지, 성 교육정도 및 5년 전 거주지별 이동 인구(6세 이상)-시도",101001,101,5년,2010,2010,,6세 이상,"거주지,인구",거주지별
DT_1PB1019,"현 거주지, 성, 연령, 혼인상태 및 5년 전 거주지별 이동 인구(15세 이상)-시도",101001,101,5년,2010,2010,,15세 이상,"거주지,성,연령,혼인상태및5년전거주지에따른이동인구","거주지별,성별,연령별,혼인상태별"
DT_1PB1020,"현 거주지, 성, 경제활동 상태, 종사상 지위 및 5년 전 거주지별 이동 인구(15세 이상)-시도",101001,101,5년,2010,2010,,15세 이상,"거주지,성,경제활동상태,종사상지위및5년전거주지별이동인구",거주지별
DT_1PB1021,"현 거주지, 성, 산업 및 5년 전 거주지별 이동 인구(15세 이상)-시도",101001,101,5년,2010,2010,,15세 이상,"거주지,성,산업,시도,이동인구","거주지별,성별,산업별,5년전거주지별"
DT_1PB1022,"현 거주지, 성, 직업 및 5년 전 거주지별 이동 인구(15세 이상)-시도",101001,101,5년,2010,2010,,15세 이상,"거주지,성,직업및5년전거주지별이동인구",거주지별
DT_1PB1023,"현 거주지, 점유형태 및 5년 전 거주지별 이동 인구(5세 이상)-시도",101001,101,5년,2010,2010,,5세 이상,"거주지,점유형태,이동인구",거주지별
DT_1PB1501,현 거주지별/성별/출생지 유형별 인구-시군구,101001,101,5년,2015,2015,,,인구,"거주지별,성별,출생지유형별"
DT_1PB1502,현 거주지별/성별/연령별/출생지 유형별 인구-시군구,101001,101,5년,2015,2015,,,인구,"거주지별,성별,연령별,출생지유형별"
DT_1PB1503,현 거주지별/성별/연령별/교육정도별/출생지 유형별 인구(6세 이상)-시도,101001,101,5년,2015,2015,,6세 이상,인구,"거주지별,성별,연령별,교육정도별,출생지유형별"
DT_1PB1504,현 거주지별/성별/연령별/혼인상태별/출생지 유형별 인구(15세 이상)-시도,101001,101,5년,2015,2015,,15세 이상,인구,"거주지별,성별,연령별,혼인상태별,출생지유형별"
DT_1PB1505,현 거주지별/성별/연령별/출생지별 인구-시도,101001,101,5년,2015,2015,,,인구,"거주지별,성별,연령별,출생지별"
DT_1PB1506,현 거주지별/성별/1년 전 거주지 유형별 인구(1세 이상)-시군구,101001,101,5년,2015,2015,,1세 이상,인구,"거주지별,성별,1년전거주지유형별"
DT_1PB1507,"현 거주지, 성, 연령 및 1년 전 거주지 유형별 인구(1세 이상)-시군구",101001,101,5년,2015,2015,,1세 이상,인구,"거주지유형별,행정구역별"
DT_1PB1508,현 거주지별/성별/연령별/1년 전 거주지 이동 인구(1세 이상)-시도,101001,101,5년,2015,2015,,1세 이상,"거주지별인구,성별인구,연령별인구,1년전거주지이동인구","거주지별,성별,연령별,1년전거주지이동인구별"
DT_1PB1509,현 거주지별/성별/교육정도별/1년 전 거주지별 이동 인구(6세 이상)-시도,101001,101,5년,2015,2015,,6세 이상,"거주지별,성별,교육정도별,1년전거주지별,시도","거주지별,성별,교육정도별,1년전거주지별"
DT_1PB1510,현 거주지별/성별/연령별/혼인상태별/1년 전 거주지별 이동 인구(15세 이상)-시도,101001,101,5년,2015,2015,,15세 이상,거주지인구,"거주지별,성별,연령별,혼인상태별,1년전거주지별"
DT_1PB1511,현 거주지별/성별/경제활동 상태별/종사상 지위별/1년 전 거주지별 이동 인구(15세 이상)-시도,101001,101,5년,2015,2015,,15세 이상,거주지별인구,"거주지별,성별,경제활동상태별,종사상지위별,1년전거주지별"
DT_1PB1512,현 거주지별/성별/산업별/1년 전 거주지별 이동 인구(15세 이상)-시도,101001,101,5년,2015,2015,,15세 이상,거주지별이동인구,"거주지별,성별,산업별,1년전거주지별"
DT_1PB1513,현 거주지별/성별/직업별/1년 전 거주지별 이동 인구(15세 이상)-시도,101001,101,5년,2015,2015,,15세 이상,"거주지별,성별,직업별,1년전거주지별,시도","거주지별,성별,직업별,1년전거주지별"
DT_1PB1514,"현 거주지별/점유형태별/1년 전 거주지별 이동 인구(1세 이상, 일반가구)-시도",101001,101,5년,2015,2015,,1세 이상,"거주지,점유형태,1년전거주지,일반가구,시도","거주지별,점유형태별,1년전거주지별"
DT_1PB1515,현 거주지별/성별/5년 전 거주지 유형별 인구(5세 이상)-시군구,101001,101,5년,2015,2015,,5세 이상,인구,"거주지별,성별,5년전거주지유형별"
DT_1PB1516,현 거주지별/성별/연령별/5년 전 거주지 유형별 인구(5세 이상)-시군구,101001,101,5년,2015,2015,,5세 이상,인구,"거주지별,성별,연령별,5년전거주지유형별"
DT_1PB1517,현 거주지별/성별/연령별/5년 전 거주지 이동 인구(5세 이상)-시도,101001,101,5년,2015,2015,,5세 이상,"거주지별인구,성별인구,연령별인구,5년전거주지이동인구","거주지별,성별,연령별,5년전거주지이동인구별"
DT_1PB1518,"현 거주지, 성, 교육정도 및 5년 전 거주지별 이동 인구(6세 이상)-시도",101001,101,5년,2015,2015,,6세 이상,"거주지,성,교육정도,5년전거주지,이동인구,시도",거주지별
DT_1PB1519,현 거주지별/성별/연령별/혼인상태별/5년 전 거주지별 이동 인구(15세 이상)-시도,101001,101,5년,2015,2015,,15세 이상,거주지인구,"거주지별,성별,연령별,혼인상태별,5년전거주지별"
DT_1PB1520,현 거주지별/성별/경제활동 상태별/종사상 지위별/5년 전 거주지별 이동 인구(15세 이상)-시도,101001,101,5년,2015,2015,,15세 이상,"거주지별인구,성별인구,경제활동상태별인구,종사상지위별인구,5년전거주지별인구","거주지별,성별,경제활동상태별,종사상지위별,5년전거주지역별"
DT_1PB1521,현 거주지별/성별/산업별/5년 전 거주지별 이동 인구(15세 이상)-시도,101001,101,5년,2015,2015,,15세 이상,거주지별이동인구,"거주지별,성별,산업별,5년전거주지별"
DT_1PB1522,현 거주지별/성별/직업별/5년 전 거주지별 이동 인구(15세 이상)-시도,101001,101,5년,2015,2015,,15세 이상,거주지별이동인구,"거주지별,성별,직업별,5년전거주지별"
DT_1PB1523,"현 거주지별/점유형태별/5년 전 거주지별 이동 인구(5세 이상, 일반가구)-시도",101001,101,5년,2015,2015,,5세 이상,"거주지별,점유형태별,5년전거주지별,일반가구,시도","거주지별,점유형태별,5년전거주지별"
DT_1PB1607,"현 거주지 성, 연령 및 1년 전 거주지 기준 이동자유형별 인구(1세이상) - 읍면동(연도 끝자리 0, 5), 시군구(그 외 연도)",101001,101,년,2016,2023,,1세이상,인구,"거주지별,연령별,이동유형별"
DT_1PB1608,"현 거주지 성, 연령 및 1년 전 거주지 이동 인구(1세이상) - 시도",101001,101,년,2016,2023,,1세이상,"거주지,인구","행정구역별,연령별"
DT_1PB2001,현 거주지별/성별/출생지 유형별 인구-시군구,101001,101,5년,2020,2020,,,인구,"거주지별,성별,출생지유형별"
DT_1PB2002,현 거주지별/성별/연령별/출생지 유형별 인구-시군구,101001,101,5년,2020,2020,,,인구,"거주지별,성별,연령별,출생지유형별"
DT_1PB2003,"현 거주지, 성, 연령, 교육정도 및 출생지 유형별 인구(6세 이상)-시도",101001,101,5년,2020,2020,,6세 이상,"거주지,성,연령,교육정도,출생지유형,인구,시도","거주지별,성별,연령별,교육정도별,출생지유형별"
DT_1PB2004,"현 거주지, 성, 연령, 혼인상태 및 출생지 유형별 인구(15세 이상)-시도",101001,101,5년,2020,2020,,15세 이상,"거주지,성,연령,혼인상태,출생지,시도","거주지별,성별,연령별,혼인상태별,출생지유형별"
DT_1PB2005,현 거주지별/성별/연령별/출생지별 인구-시도,101001,101,5년,2020,2020,,,인구,"거주지별,성별,연령별,출생지별"
DT_1PB2006,현 거주지별/성별/교육정도별/1년 전 거주지별 이동 인구(6세 이상)-시도,101001,101,5년,2020,2020,,6세 이상,이동인구,"거주지별,성별,교육정도별,1년전거주지별"
DT_1PB2007,현 거주지별/성별/연령별/혼인상태별/1년 전 거주지별 이동 인구(15세 이상)-시도,101001,101,5년,2020,2020,,15세 이상,이동인구,"거주지별,성별,연령별,혼인상태별,1년전거주지별"
DT_1PB2008,현 거주지별/성별/경제활동 상태별/종사상 지위별/1년 전 거주지별 이동 인구(15세 이상)-시도,101001,101,5년,2020,2020,,15세 이상,"거주지별,성별,경제활동상태별,종사상지위별,1년전거주지별이동인구","거주지별,성별,경제활동상태별,종사상지위별,1년전거주지역별"
DT_1PB2009,"현 거주지, 성 및 1년 전 거주지 기준 이동자유형별 인구(1세이상) - 읍면동(연도 끝자리 0, 5), 시군구(그 외 연도)",101001,101,년,2016,2023,,1세이상,인구,거주자유형별
DT_1PB2010,현 거주지별/성별/직업별/1년 전 거주지별 이동 인구(15세 이상)-시도,101001,101,5년,2020,2020,,15세 이상,이동인구,"거주지별,성별,직업별,1년전거주지별"
DT_1PB2011,"현 거주지별/점유형태별/1년 전 거주지별 이동 인구(1세 이상, 일반가구)-시도",101001,101,5년,2020,2020,,1세 이상,"거주지별,점유형태별,1년전거주지별,일반가구,시도","거주지별,점유형태별,1년전거주지별"
DT_1PB2012,현 거주지별/성별/5년 전 거주지 기준 이동자 유형별 인구(5세 이상)-시군구,101001,101,5년,2020,2020,,5세 이상,"거주지,성별,이동자유형,인구,시군구","거주지별,성별,5년전거주지기준이동자유형별"
DT_1PB2013,"현 거주지, 성, 연령 및 5년 전 거주지 기준 이동자 유형별 인구(5세 이상)-시군구",101001,101,5년,2020,2020,,5세 이상,"거주지,성,연령및5년전거주지기준이동자인구시군구","거주지별,성별,연령별"
DT_1PB2014,현 거주지별/성별/연령별/5년 전 거주지 이동 인구(5세 이상)-시도,101001,101,5년,2020,2020,,5세 이상,거주지이동인구,"거주지별,성별,연령별,5년전거주지이동인구별"
DT_1PB2015,"현 거주지, 성, 교육정도 및 5년 전 거주지별 이동 인구(6세 이상)-시도",101001,101,5년,2020,2020,,6세 이상,"거주지,성,교육정도및5년전거주지에따른이동인구",거주지별
DT_1PB2016,현 거주지별/성별/연령별/혼인상태별/5년 전 거주지별 이동 인구(15세 이상)-시도,101001,101,5년,2020,2020,,15세 이상,이동인구,"거주지별,성별,연령별,혼인상태별,5년전거주지별"
DT_1PB2017,현 거주지별/성별/경제활동 상태별/종사상 지위별/5년 전 거주지별 이동 인구(15세 이상)-시도,101001,101,5년,2020,2020,,15세 이상,"거주지별,성별,경제활동상태별,종사상지위별,5년전거주지별,이동인구,시도","거주지별,성별,경제활동상태별,종사상지위별,5년전거주지별"
DT_1PB2018,현 거주지별/성별/산업별/5년 전 거주지별 이동 인구(15세 이상)-시도,101001,101,5년,2020,2020,,15세 이상,"거주지별,성별,산업별,5년전거주지별,시도","거주지별,성별,산업별,5년전거주지별"
DT_1PB2019,현 거주지별/성별/직업별/5년 전 거주지별 이동 인구(15세 이상)-시도,101001,101,5년,2020,2020,,15세 이상,거주지별이동인구,"거주지별,성별,직업별,5년전거주지별"
DT_1PB2020,현 거주지별/성별/산업별/1년 전 거주지별 이동 인구(15세 이상)-시도,101001,101,5년,2020,2020,,15세 이상,거주지별이동인구,"거주지별,성별,산업별,1년전거주지별"
DT_1PB2021,"현 거주지별/점유형태별/5년 전 거주지별 이동 인구(5세 이상, 일반가구)-시도",101001,101,5년,2020,2020,,5세 이상,"거주지별,점유형태별,5년전거주지별,일반가구,시도","거주지별,점유형태별,5년전거주지별"
DT_1PC1001,성 및 경제활동상태별 인구(15세 이상)-시군구,101001,101,5년,2010,2010,,15세 이상,인구,"행정구역별,성,경제활동상태별"
DT_1PC1002,"성, 연령 및 경제활동상태별 인구(15세 이상)-시도",101001,101,5년,2010,2010,,15세 이상,인구,"성별,연령별,경제활동상태별"
DT_1PC1003,"성, 혼인상태 및 경제활동상태별 인구(15세 이상)-시군구",101001,101,5년,2010,2010,,15세 이상,인구,"행정구역별,혼인상태별,경제활동상태별"
DT_1PC1004,"성, 교육정도 및 경제활동상태별 인구(15세 이상)-시군구",101001,101,5년,2010,2010,,15세 이상,인구,"행정구역별,교육정도별,경제활동상태별"
DT_1PC1005,성 및 종사상 지위별 취업 인구(15세 이상)-시군구,101001,101,5년,2010,2010,,15세 이상,취업인구,"성별,종사상지위별,행정구역별"
DT_1PC1006,"성, 연령 및 종사상 지위별 취업 인구(15세 이상)-시도",101001,101,5년,2010,2010,,15세 이상,취업인구,"성별,연령별,종사상지위별,시도별"
DT_1PC1007,"성, 혼인상태 및 종사상 지위별 취업 인구(15세 이상)-시군구",101001,101,5년,2010,2010,,15세 이상,취업인구,"행정구역별,혼인상태별,종사상지위별"
DT_1PC1008,"성, 교육정도 및 종사상 지위별 취업 인구(15세 이상)-시군구",101001,101,5년,2010,2010,,15세 이상,취업인구,"행정구역별,교육정도별,종사상지위별"
DT_1PC1009,"성, 연령 및 산업별 취업 인구(15세 이상)-시도",101001,101,5년,2010,2010,,15세 이상,취업인구,"성별,연령별,산업별,행정구역별"
DT_1PC1010,"성, 연령 및 직업별 취업 인구(15세 이상)-시도",101001,101,5년,2010,2010,,15세 이상,취업인구,"성별,연령별,직업별,시도별"
DT_1PC1011,"현 거주지, 근무지 및 산업별 취업 인구(15세 이상)-시군구",101001,101,5년,2010,2010,,15세 이상,"거주지인구,근무지인구","거주지별,산업별"
DT_1PC1012,"현 거주지, 근무지 및 직업별 취업 인구(15세 이상)-시군구",101001,101,5년,2010,2010,,15세 이상,취업인구,"거주지별,근무지별,직업별"
DT_1PC1013,"성, 연령 및 근로장소별 취업 인구(15세 이상)-시도",101001,101,5년,2010,2010,,15세 이상,취업인구,"성별,연령별,근로장소별,시도별"
DT_1PC1014,"성, 교육 정도 및 근로장소별 취업 인구(15세 이상)-시도",101001,101,5년,2010,2010,,15세 이상,취업인구,"성별,교육정도별,근로장소별,시도별"
DT_1PC1015,"성, 종사상 지위 및 근로장소별 취업 인구(15세 이상)-시도",101001,101,5년,2010,2010,,15세 이상,취업인구,"성별,종사상지위별,근로장소별"
DT_1PC1016,성 및 현 직업 근무 연수별 취업 인구(15세 이상)-시군구,101001,101,5년,2010,2010,,15세 이상,취업인구,"성별,현직업근무연수별,행정구역별"
DT_1PC1017,"성, 교육정도 및 현 직업 근무 연수별 취업 인구(15세 이상)-시도",101001,101,5년,2010,2010,,15세 이상,취업인구,"성별,교육정도별,현직업근무연수별,시도별"
DT_1PC1018,"성, 혼인상태 및 현 직업 근무 연수별 취업 인구(15세 이상)-시군구",101001,101,5년,2010,2010,,15세 이상,취업인구,"행정구역별,혼인상태별,현직업근무연수별"
DT_1PC1019,"성, 종사상 지위 및 현 직업 근무 연수별 취업 인구(15세 이상)-시군구",101001,101,5년,2010,2010,,15세 이상,취업인구,"행정구역별,종사상지위별,현직업근속연수별"
DT_1PC1020,"성, 산업(대분류) 및 현 직업 근무 연수별 취업 인구(15세 이상)-시도",101001,101,5년,2010,2010,,15세 이상,취업인구,"성별,산업별,근무연수별,행정구역별"
DT_1PC1021,"성, 직업(대분류) 및 현 직업 근무 연수별 취업 인구(15세 이상)-시도",101001,101,5년,2010,2010,,15세 이상,취업인구,"성별,직업별,현직업근무연수별,행정구역별"
DT_1PC1022,"성, 근로장소 및 현 직업 근무 연수별 취업 인구(15세 이상)-시도",101001,101,5년,2010,2010,,15세 이상,취업인구,"행정구역별,현직업근무연수별"
DT_1PC1023,세대구성 및 경제활동상태별 여성 인구(15세 이상)-시도,101001,101,5년,2010,2010,,15세 이상,여성인구,"행정구역별,구성별,상태별"
DT_1PC1501,성별/경제활동상태별 인구(15세이상)-시군구,101001,101,5년,2015,2015,,15세이상,인구,"성별,경제활동상태별,시군구별"
DT_1PC1502,성별/연령별/경제활동상태별 인구(15세이상)-시도,101001,101,5년,2015,2015,,15세이상,인구,"성별,연령별,경제활동상태별,시도별"
DT_1PC1503,성별/혼인상태별/경제활동상태별 인구(15세이상)-시군구,101001,101,5년,2015,2015,,15세이상,인구,"성별,혼인상태별,경제활동상태별,시군구별"
DT_1PC1504,성별/교육정도별/경제활동상태별 인구(15세이상)-시군구,101001,101,5년,2015,2015,,15세이상,인구,"성별,교육정도별,경제활동상태별,행정구역별"
DT_1PC1505,성별/종사상지위별 취업 인구(15세이상)-시군구,101001,101,5년,2015,2015,,15세이상,취업인구,"성별,종사상지위별,행정구역별"
DT_1PC1506,성별/연령별/종사상지위별 취업인구(15세이상)-시도,101001,101,5년,2015,2015,,15세이상,취업인구,"성별,연령별,종사상지위별,시도별"
DT_1PC1507,성별/혼인상태별/종사상지위별 취업인구(15세이상)-시군구,101001,101,5년,2015,2015,,15세이상,취업인구,"성별,혼인상태별,종사상지위별,행정구역별"
DT_1PC1508,성별/교육정도별/종사상지위별 취업인구(15세이상)-시군구,101001,101,5년,2015,2015,,15세이상,취업인구,"성별,교육정도별,종사상지위별,행정구역별"
DT_1PC1509,성별/연령별/산업별 취업인구(15세이상)-시도,101001,101,5년,2015,2015,,15세이상,취업인구,"성별,연령별,산업별,시도별"
DT_1PC1510,성별/연령별/직업별 취업인구(15세이상)-시도,101001,101,5년,2015,2015,,15세이상,취업인구,"성별,연령별,직업별,시도별"
DT_1PC1511,현거주지별/근무지별/산업별 취업인구(15세이상)-시군구,101001,101,5년,2015,2015,,15세이상,취업인구,"현거주지별,근무지별,산업별"
DT_1PC1512,현거주지별/근무지별/직업별 취업인구(15세이상)-시군구,101001,101,5년,2015,2015,,15세이상,취업인구,"현거주지별,근무지별,직업별"
DT_1PC1513,성별/연령별/근로장소별 취업인구(15세이상)-시도,101001,101,5년,2015,2015,,15세이상,취업인구,"성별,연령별,근로장소별,시도별"
DT_1PC1514,성별/교육정도별/근로장소별 취업인구(15세이상)-시도,101001,101,5년,2015,2015,,15세이상,취업인구,"성별,교육정도별,근로장소별,시도별"
DT_1PC1515,성별/종사상지위별/근로장소별 취업인구(15세이상)-시도,101001,101,5년,2015,2015,,15세이상,취업인구,"성별,종사상지위별,근로장소별,시도별"
DT_1PC1516,성별/현 직업 근무연수별 취업인구(15세이상)-시군구,101001,101,5년,2015,2015,,15세이상,취업인구,"성별,현직업근무연수별,행정구역별"
DT_1PC1517,성별/교육정도별/현 직업 근무연수별 취업인구(15세이상)-시도,101001,101,5년,2015,2015,,15세이상,취업인구,"성별별,교육정도별,현직업근무연수별,시도별"
DT_1PC1518,성별/혼인상태별/현 직업 근무연수별 취업인구(15세이상)-시군구,101001,101,5년,2015,2015,,15세이상,취업인구,"성별,혼인상태별,현직업근무연수별,행정구역별"
DT_1PC1519,성별/종사상지위별/현 직업 근무연수별 취업인구(15세이상)-시군구,101001,101,5년,2015,2015,,15세이상,취업인구,"성별,종사상지위별,현직업근무연수별,행정구역별"
DT_1PC1520,성별/산업(대분류)별/현 직업 근무연수별 취업인구(15세이상)-시도,101001,101,5년,2015,2015,,15세이상,취업인구,"성별,산업별,현직업근무연수별,시도별"
DT_1PC1521,성별/직업(대분류)별/현 직업 근무연수별 취업인구(15세이상)-시도,101001,101,5년,2015,2015,,15세이상,취업인구,"성별별,직업별,현직업근무연수별,시도별"
DT_1PC1522,성별/근로장소별/현 직업 근무연수별 취업인구(15세이상)-시도,101001,101,5년,2015,2015,,15세이상,취업인구,"성별,근로장소별,현직업근무연수별,시도별"
DT_1PC1523,"세대구성별/경제활동상태별 여성인구(15세이상인구,일반가구)-시도",101001,101,5년,2015,2015,,15세이상,여성인구,"세대구성별,경제활동상태별,시도별"
DT_1PC1524,"성별/경제활동상태별/전공분야별 인구(15세이상, 대학 이상 인구) -시도",101001,101,5년,2015,2015,,15세이상,인구,"성별,경제활동상태별,전공분야별,시도별"
DT_1PC1525,"성별/산업(대분류)별/전공분야별 인구(15세이상, 대학 이상 인구)-시도",101001,101,5년,2015,2015,,15세이상,인구,"성별,산업별,전공분야별,시도별"
DT_1PC1526,"성별/직업(대분류)별/전공분야별 인구(15세이상, 대학 이상 인구)-시도",101001,101,5년,2015,2015,,15세이상,인구,"성별,직업별,전공분야별,시도별"
DT_1PC1527,"가구원수/취업자수별 가구(15세이상,일반가구)-시군구",101001,101,5년,2015,2015,,15세이상,"가구원수,취업자수,일반가구","가구원수별,취업자수별,가구유형별,행정구역별"
DT_1PC1530,"거처의 종류별/가구주의 종사상지위별 가구(15세이상,일반가구)-시군구",101001,101,5년,2015,2015,,15세이상,가구,"거처종류별,가구주의종사상지위별,행정구역별"
DT_1PC2001,성 및 경제활동상태인구(15세이상)-시군구,101001,101,5년,2020,2020,,15세이상,경제활동상태인구,행정구역별
DT_1PC2002,성별/연령별/경제활동상태별 인구(15세이상)-시도,101001,101,5년,2020,2020,,15세이상,인구,"성별,연령별,경제활동상태별,시도별"
DT_1PC2003,"성, 혼인상태 및 경제활동상태인구(15세이상)-시군구",101001,101,5년,2020,2020,,15세이상,"성,혼인상태및경제활동상태인구",행정구역별
DT_1PC2004,"성, 교육정도 및 경제활동상태인구(15세이상)-시군구",101001,101,5년,2020,2020,,15세이상,"성,교육정도,경제활동상태인구",행정구역별
DT_1PC2005,성 및 종사상지위별 취업인구(15세이상)-시군구,101001,101,5년,2020,2020,,15세이상,취업인구,"성별,종사상지위별,행정구역별"
DT_1PC2006,"성, 연령 및 종사상지위별 취업인구(15세이상)-시도",101001,101,5년,2020,2020,,15세이상,취업인구,"성별,연령별,종사상지위별,시도별"
DT_1PC2007,성별/혼인상태별/종사상지위별 취업인구(15세이상)-시군구,101001,101,5년,2020,2020,,15세이상,취업인구,"성별별,혼인상태별,종사상지위별,행정구역별"
DT_1PC2008,"성, 교육정도 및 종사상지위별 취업인구(15세이상)-시군구",101001,101,5년,2020,2020,,15세이상,취업인구,"행정구역별,교육정도별,종사상지위별"
DT_1PC2009,"성, 연령 및 산업별 취업인구(15세이상)-시도",101001,101,5년,2020,2020,,15세이상,취업인구,"성별,연령별,산업별,행정구역별"
DT_1PC2010,"성, 연령 및 직업별 취업인구(15세이상)-시도",101001,101,5년,2020,2020,,15세이상,취업인구,"성별,연령별,직업별,시도별"
DT_1PC2011,현거주지별/근무지별/산업별 취업인구(15세이상)-시군구,101001,101,5년,2020,2020,,15세이상,취업인구,"현거주지별,근무지별,산업별"
DT_1PC2012,현거주지별/근무지별/직업별 취업인구(15세이상)-시군구,101001,101,5년,2020,2020,,15세이상,취업인구,"현거주지별,근무지별,직업별"
DT_1PC2013,성별/연령별/근로장소별 취업인구(15세이상)-시도,101001,101,5년,2020,2020,,15세이상,취업인구,"성별,연령별,근로장소별,시도별"
DT_1PC2014,성별/교육정도별/근로장소별 취업인구(15세이상)-시도,101001,101,5년,2020,2020,,15세이상,취업인구,"성별,교육정도별,근로장소별,시도별"
DT_1PC2015,성별/종사상지위별/근로장소별 취업인구(15세이상)-시도,101001,101,5년,2020,2020,,15세이상,취업인구,"성별,종사상지위별,근로장소별,시도별"
DT_1PC2016,성별/현 직업 근무연수별 취업인구(15세이상)-시군구,101001,101,5년,2020,2020,,15세이상,취업인구,"성별,현직업근무연수별,행정구역별"
DT_1PC2017,성별/교육정도별/현 직업 근무연수별 취업인구(15세이상)-시도,101001,101,5년,2020,2020,,15세이상,취업인구,"성별,교육정도별,현직업근무연수별,시도별"
DT_1PC2018,성별/혼인상태별/현 직업 근무연수별 취업인구(15세이상)-시군구,101001,101,5년,2020,2020,,15세이상,취업인구,"성별별,혼인상태별,현직업근무연수별,행정구역별"
DT_1PC2019,성별/종사상지위별/현 직업 근무연수별 취업인구(15세이상)-시군구,101001,101,5년,2020,2020,,15세이상,취업인구,"성별,종사상지위별,현직업근무연수별,행정구역별"
DT_1PC2020,성별/산업(대분류)별/현 직업 근무연수별 취업인구(15세이상)-시도,101001,101,5년,2020,2020,,15세이상,취업인구,"성별,산업별,현직업근무연수별,시도별"
DT_1PC2021,성별/직업(대분류)별/현 직업 근무연수별 취업인구(15세이상)-시도,101001,101,5년,2020,2020,,15세이상,취업인구,"성별별,직업별,현직업근무연수별,시도별"
DT_1PC2022,성별/근로장소별/현 직업 근무연수별 취업인구(15세이상)-시도,101001,101,5년,2020,2020,,15세이상,취업인구,"성별,근로장소별,현직업근무연수별,시도별"
DT_1PC2023,"세대구성별/경제활동상태별 여성인구(15세이상인구,일반가구)-시도",101001,101,5년,2020,2020,,15세이상,여성인구,"세대구성별,경제활동상태별,시도별"
DT_1PC2024,"성별/경제활동상태별/전공분야별 인구(15세이상, 대학 이상 인구) -시도",101001,101,5년,2020,2020,,15세이상,인구,"성별,경제활동상태별,전공분야별,시도별"
DT_1PC2025,"성별/산업(대분류)별/전공분야별 인구(15세이상, 대학 이상 인구)-시도",101001,101,5년,2020,2020,,15세이상,인구,"성별,산업별,전공분야별,시도별"
DT_1PC2026,"성별/직업(대분류)별/전공분야별 인구(15세이상, 대학 이상 인구)-시도",101001,101,5년,2020,2020,,15세이상,인구,"성별,직업별,전공분야별,시도별"
DT_1PC2027,"가구원수/취업자수별 가구(15세이상,일반가구)-시군구",101001,101,5년,2020,2020,,15세이상,"가구원수,취업자수,가구","가구원수별,취업자수별,가구유형별,행정구역별"
DT_1PC2028,"거처의 종류별/가구주의 종사상지위별 가구(15세이상,일반가구)-시군구",101001,101,5년,2020,2020,,15세이상,가구,"거처종류별,가구주종사상지위별,행정구역별"
DT_1PD1001,"성, 산업(소분류) 및 행정구역별 취업 인구(15세 이상)-시도",101001,101,5년,2010,2010,,15세 이상,취업인구,"성별,산업별,행정구역별"
DT_1PD1002,"성, 직업(소분류) 및 행정구역별 취업 인구(15세 이상)-시도",101001,101,5년,2010,2010,,15세 이상,취업인구,행정구역별
DT_1PD1003,"산업(중분류), 직업(중분류) 및 성별 취업 인구(15세 이상)-전국",101001,101,5년,2010,2010,,15세 이상,취업인구,"성별,산업별"
DT_1PD1004,"성, 산업(중분류) 및 연령별 취업 인구(15세 이상)-시도",101001,101,5년,2010,2010,,15세 이상,취업인구,"성별,산업별,연령별,행정구역별"
DT_1PD1005,"성, 직업(중분류) 및 연령별 취업 인구(15세 이상)-시도",101001,101,5년,2010,2010,,15세 이상,취업인구,"성별,직업별,연령별,시도별"
DT_1PD1006,"산업(중분류) 및 성, 종사상 지위별 취업 인구(15세 이상)-시도",101001,101,5년,2010,2010,,15세 이상,취업인구,"산업별,행정구역별"
DT_1PD1007,"직업(중분류) 및 성, 종사상 지위별 취업 인구(15세 이상)-시도",101001,101,5년,2010,2010,,15세 이상,취업인구,"성별,종사상지위별,시도별"
DT_1PD1008,"성, 산업(중분류) 및 근로장소별 취업 인구(15세 이상)-시도",101001,101,5년,2010,2010,,15세 이상,취업인구,"성별,산업별,행정구역별"
DT_1PD1009,"성, 직업(중분류) 및 근로장소별 취업 인구(15세 이상)-시도",101001,101,5년,2010,2010,,15세 이상,취업인구,"성별,직업별,근로장소별,시도별"
DT_1PD1501,성별/산업(소분류)별/행정구역별 취업인구(15세이상)-시도,101001,101,5년,2015,2015,,15세이상,취업인구,"성별,산업별,행정구역별"
DT_1PD1502,성별/직업(소분류)별/행정구역별 취업인구(15세이상)-시도,101001,101,5년,2015,2015,,15세이상,취업인구,"성별,직업별,행정구역별"
DT_1PD1503,산업(중분류)별/직업(중분류)별/성별 취업인구(15세이상)-전국,101001,101,5년,2015,2015,,15세이상,취업인구,"산업별,직업별,성별"
DT_1PD1504,성별/산업(중분류)별/연령별 취업인구(15세이상)-시도,101001,101,5년,2015,2015,,15세이상,취업인구,"성별,산업별,연령별,시도별"
DT_1PD1505,성별/직업(중분류)별/연령별 취업인구(15세이상)-시도,101001,101,5년,2015,2015,,15세이상,취업인구,"성별,직업별,연령별,시도별"
DT_1PD1506,산업(중분류)별/성별/종사상지위별 취업인구(15세이상)-시도,101001,101,5년,2015,2015,,15세이상,취업인구,"산업별,성별,종사상지위별,시도별"
DT_1PD1507,직업(중분류)별/성별/종사상지위별 취업인구(15세이상)-시도,101001,101,5년,2015,2015,,15세이상,취업인구,"직업별,성별,종사상지위별,시도별"
DT_1PD1508,성별/산업(중분류)별/근로장소별 취업인구(15세이상)-시도,101001,101,5년,2015,2015,,15세이상,취업인구,"성별,산업별,근로장소별,시도별"
DT_1PD1509,성별/직업(중분류)별/근로장소별 취업인구(15세이상)-시도,101001,101,5년,2015,2015,,15세이상,취업인구,"성별,직업별,근로장소별,시도별"
DT_1PD2001,성별/산업(소분류)별/행정구역별 취업인구(15세이상)-시도,101001,101,5년,2020,2020,,15세이상,취업인구,"성별,산업별,행정구역별"
DT_1PD2002,성별/직업(소분류)별/행정구역별 취업인구(15세이상)-시도,101001,101,5년,2020,2020,,15세이상,취업인구,"성별,직업별,행정구역별"
DT_1PD2003,산업(중분류)별/직업(중분류)별/성별 취업인구(15세이상)-전국,101001,101,5년,2020,2020,,15세이상,취업인구,"산업별,직업별,성별"
DT_1PD2004,성별/산업(중분류)별/연령별 취업인구(15세이상)-시도,101001,101,5년,2020,2020,,15세이상,취업인구,"성별,산업별,연령별,시도별"
DT_1PD2005,성별/직업(중분류)별/연령별 취업인구(15세이상)-시도,101001,101,5년,2020,2020,,15세이상,취업인구,"성별,직업별,연령별,시도별"
DT_1PD2006,산업(중분류)별/성별/종사상지위별 취업인구(15세이상)-시도,101001,101,5년,2020,2020,,15세이상,취업인구,"산업별,성별,종사상지위별,시도별"
DT_1PD2007,직업(중분류)별/성별/종사상지위별 취업인구(15세이상)-시도,101001,101,5년,2020,2020,,15세이상,취업인구,"직업별,성별,종사상지위별,시도별"
DT_1PD2008,성별/산업(중분류)별/근로장소별 취업인구(15세이상)-시도,101001,101,5년,2020,2020,,15세이상,취업인구,"성별,산업별,근로장소별,시도별"
DT_1PD2009,성별/직업(중분류)별/근로장소별 취업인구(15세이상)-시도,101001,101,5년,2020,2020,,15세이상,취업인구,"성별,직업별,근로장소별,시도별"
DT_1PE1501,가구원 수별/방/거실/식사용 방 수별 가구(일반가구)-시군구,101001,101,5년,2015,2015,,,"가구원수,가구","가구원수별,방별,거실별,식사용방수별,행정구역별"
DT_1PE1502,거처의 종류별/점유형태별 가구(일반가구)-시군구,101001,101,5년,2015,2015,,,가구,"거처종류별,점유형태별,행정구역별"
DT_1PE1503,점유형태별/가구원수별/사용방수별 가구(일반가구)-시군구,101001,101,5년,2015,2015,,,가구,"점유형태별,가구원수별,사용방수별,행정구역별"
DT_1PE1504,가구원수별/거처의종류별/사용방수별 가구(일반가구)-시군구,101001,101,5년,2015,2015,,,가구,"가구원수별,거처의종류별,사용방수별,행정구역별"
DT_1PE1505,거처의종류별/평균사용방수별 가구(일반가구)-시군구,101001,101,5년,2015,2015,,,가구,"거처의종류별,평균사용방수별,시군구별"
DT_1PE1506,거처의 종류별/주거시설 형태별 가구(일반가구)-시군구,101001,101,5년,2015,2015,,,가구,"거처종류별,주거형태별,행정구역별"
DT_1PE1507,거처의종류별/점유형태별/가구형태별 가구(일반가구)-시군구,101001,101,5년,2015,2015,,,가구,"거처의종류별,점유형태별,가구형태별,행정구역별"
DT_1PE1508,거주층별 가구(일반가구)-시군구,101001,101,5년,2015,2015,,,가구,"거주층별,행정구역별"
DT_1PE1509,타지 주택 소유별/거처의 점유형태별 가구(일반가구)-시군구,101001,101,5년,2015,2015,,,가구,"주택소유별,거처의점유형태별,시군구별"
DT_1PE1510,가구주의 성별/연령별/혼인상태별 가구(일반가구)-시군구,101001,101,5년,2015,2015,,,"가구주,가구","성별별,연령별,혼인상태별,행정구역별"
DT_1PE1511,가구주의 연령별/점유형태별 가구(일반가구)-시군구,101001,101,5년,2015,2015,,,"가구주,가구","가구주연령별,점유형태별,시군구별"
DT_1PE1512,가구주의 성별/연령별/혼인상태별/세대구성별 가구(일반가구)-시군구,101001,101,5년,2015,2015,,,"가구주,가구","성별,연령별,혼인상태별,세대구성별,행정구역별"
DT_1PE1513,가구주의성별/세대구성별/교육정도별 가구(일반가구)-시군구,101001,101,5년,2015,2015,,,"가구주,가구","가구주성별별,세대구성원수별,교육정도별,행정구역별"
DT_1PE1514,가구주의 성별/세대구성별/혼인상태별 가구(일반가구)-시군구,101001,101,5년,2015,2015,,,"가구주,가구","성별,세대구성별,혼인상태별,행정구역별"
DT_1PE1515,세대구성별/거처의종류별/점유형태별 가구(일반가구)-시군구,101001,101,5년,2015,2015,,,가구,"세대구성별,거처의종류별,점유형태별,행정구역별"
DT_1PE2001,가구원 수별/방/거실/식사용 방 수별 가구(일반가구)-시군구,101001,101,5년,2020,2020,,,"가구원수,가구","가구원수별,방별,거실별,식사용방수별,행정구역별"
DT_1PE2002,거처의 종류별/점유형태별 가구(일반가구)-시군구,101001,101,5년,2020,2020,,,가구,"거처의종류별,점유형태별,시군구별"
DT_1PE2003,점유형태별/가구원수별/사용방수별 가구(일반가구)-시군구,101001,101,5년,2020,2020,,,가구,"점유형태별,가구원수별,사용방수별,행정구역별"
DT_1PE2004,가구원수별/거처의 종류/사용방수별 가구(일반가구)-시군구,101001,101,5년,2020,2020,,,"가구원수,거처의종류,사용방수,가구,일반가구,시군구","가구원수별,거처종류별,사용방수별,행정구역별"
DT_1PE2005,거처의 종류별/평균사용방수별 가구(일반가구)-시군구,101001,101,5년,2020,2020,,,가구,"거처의종류별,평균사용방수별,시군구별"
DT_1PE2006,거처의 종류별/점유형태별/가구형태별 가구(일반가구)-시군구,101001,101,5년,2020,2020,,,가구,"거처의종류별,점유형태별,가구형태별,행정구역별"
DT_1PE2007,거주층별 가구(일반가구)-시군구,101001,101,5년,2020,2020,,,가구,거주층별
DT_1PE2008,타지 주택 소유별/거처의 점유형태별 가구(일반가구)-시군구,101001,101,5년,2020,2020,,,가구,"주택소유별,거처의점유형태별,행정구역별"
DT_1PE2009,가구주의 성별/연령별/혼인상태별 가구(일반가구)-시군구,101001,101,5년,2020,2020,,,"가구주,가구","성별별,연령별,혼인상태별,행정구역별"
DT_1PE2010,가구주의 연령별/점유형태별 가구(일반가구)-시군구,101001,101,5년,2020,2020,,,"가구주,가구","가구주연령별,점유형태별,시군구별"
DT_1PE2011,가구주의 성별/연령별/혼인상태별/세대구성별 가구(일반가구)-시군구,101001,101,5년,2020,2020,,,"가구주,가구","성별,연령별,혼인상태별,세대구성별,행정구역별"
DT_1PE2012,가구주의성별/세대구성별/교육정도별 가구(일반가구)-시군구,101001,101,5년,2020,2020,,,"가구주,세대구성,교육정도,일반가구,시군구","가구주성별별,세대구성원별,교육정도별,행정구역별"
DT_1PE2013,가구주의 성별/세대구성별/혼인상태별 가구(일반가구)-시군구,101001,101,5년,2020,2020,,,"가구주,가구","성별,세대구성별,혼인상태별,행정구역별"
DT_1PE2014,세대구성별/거처의종류별/점유형태별 가구(일반가구)-시군구,101001,101,5년,2020,2020,,,가구,"세대구성별,거처의종류별,점유형태별,행정구역별"
DT_1PF1001,연령 및 출생자녀수별 기혼여성인구(15세 이상)-시도,101001,101,5년,2010,2010,,15세 이상,기혼여성인구,"연령별,출생자녀수별,행정구역별"
DT_1PF1002,교육정도 및 출생자녀수별 기혼여성인구(15세 이상)-시도,101001,101,5년,2010,2010,,15세 이상,기혼여성인구,"교육정도별,출생자녀수별,행정구역별"
DT_1PF1003,경제활동상태 및 출생자녀수별 기혼여성인구(15세 이상)-시군구,101001,101,5년,2010,2010,,15세 이상,기혼여성인구,"경제활동상태별,출생자녀수별,행정구역별"
DT_1PF1004,사망자녀 수 및 출생자녀수별 기혼여성인구(15세 이상)-시도,101001,101,5년,2010,2010,,15세 이상,"사망자녀수,출생자녀수,기혼여성인구","출생자녀수별,사망자녀수별,시도별,기혼여성인구별"
DT_1PF1005,연령 및 사망자녀수별 기혼여성인구(15세 이상)-시도,101001,101,5년,2010,2010,,15세 이상,기혼여성인구,"연령별,사망자녀수별,시도별"
DT_1PF1006,연령 및 추가계획자녀수별 기혼여성인구(15세 이상)-시도,101001,101,5년,2010,2010,,15세 이상,추가계획자녀수별기혼여성인구,"연령별,추가계획자녀수별,행정구역별"
DT_1PF1007,교육정도 및 추가계획자녀수별 기혼여성인구(15세 이상)-시도,101001,101,5년,2010,2010,,15세 이상,기혼여성인구,"교육정도별,추가계획자녀수별,행정구역별"
DT_1PF1008,경제활동상태 및 추가계획자녀수별 기혼여성인구(15세 이상)-시군구,101001,101,5년,2010,2010,,15세 이상,기혼여성인구,"경제활동상태별,추가계획자녀수별,행정구역별"
DT_1PF1009,출생자녀수 및 추가계획자녀수별 기혼여성인구(15세 이상)-시도,101001,101,5년,2010,2010,,15세 이상,"출생자녀수,추가계획자녀수,기혼여성인구","행정구역별,자녀수별"
DT_1PF1010,연령 및 초혼연령별 기혼여성인구(15세 이상)-시도,101001,101,5년,2010,2010,,15세 이상,기혼여성인구,"연령별,초혼연령별,시도별"
DT_1PF1011,교육정도 및 초혼연령별 기혼여성인구(15세 이상)-시도,101001,101,5년,2010,2010,,15세 이상,"교육정도,초혼연령,기혼여성인구","교육정도별,초혼연령별,시도별"
DT_1PF1012,경제활동상태 및 초혼연령별 기혼여성인구(15세 이상)-시군구,101001,101,5년,2010,2010,,15세 이상,기혼여성인구,"경제활동상태별,초혼연령별,행정구역별"
DT_1PF1013,출생자녀수 및 초혼연령별 기혼여성인구(15세 이상)-시도,101001,101,5년,2010,2010,,15세 이상,"출생자녀수,기혼여성인구","출생자녀수별,시도별"
DT_1PF1014,연령 및 보육상태별 아동인구(12세 이하)-시도,101001,101,5년,2010,2010,,12세 이하,아동인구,"연령별,보육상태별,시도별"
DT_1PF1015,아동인원수 및 보육상태별 아동인구(12세 이하)-시도,101001,101,5년,2010,2010,,12세 이하,"아동인원수,아동인구",시도별
DT_1PF1016,세대구성 및 보육상태별 아동인구(12세 이하)-시도,101001,101,5년,2010,2010,,12세 이하,"세대구성,보육상태,아동인구","행정구역별,아동보육상태별"
DT_1PF1017,가구주의 경제활동상태 및 보육상태별 아동인구(12세 이하)-시도,101001,101,5년,2010,2010,,12세 이하,"가구주,아동인구","경제활동상태별,보육상태별,시도별"
DT_1PF1018,가구주의 종사상 지위 및 보육상태별 아동인구(12세 이하)-시도,101001,101,5년,2010,2010,,12세 이하,"가구주,아동인구","보육상태별,시도별"
DT_1PF1019,점유형태 및 보육상태별 아동인구(12세 이하)-시도,101001,101,5년,2010,2010,,12세 이하,아동인구,"점유형태및보육상태별,시도별"
DT_1PF1501,연령별/출생자녀수별 기혼여성인구(15세이상)-시도,101001,101,5년,2015,2015,,15세이상,기혼여성인구,"연령별,출생자녀수별,시도별"
DT_1PF1502,교육정도별/출생자녀수별 기혼여성인구(15세이상)-시도,101001,101,5년,2015,2015,,15세이상,기혼여성인구,"교육정도별,출생자녀수별,시도별"
DT_1PF1503,경제활동상태별/출생자녀수별 기혼여성인구(15세이상)-시군구,101001,101,5년,2015,2015,,15세이상,기혼여성인구,"경제활동상태별,출생자녀수별,시군구별"
DT_1PF1504,산업별/출생자녀수별 기혼여성인구(15세이상)-시군구,101001,101,5년,2015,2015,,15세이상,기혼여성인구,"산업별,출생자녀수별,행정구역별"
DT_1PF1505,직업별/출생자녀수별 기혼여성인구(15세이상)-시군구,101001,101,5년,2015,2015,,15세이상,기혼여성인구,"직업별,행정구역별"
DT_1PF1506,종사상지위별/출생자녀수별 기혼여성인구(15세이상)-시군구,101001,101,5년,2015,2015,,15세이상,기혼여성인구,"종사상지위별,출생자녀수별,행정구역별"
DT_1PF1507,사망자녀수별/출생자녀수별 기혼여성인구(15세이상)-시도,101001,101,5년,2015,2015,,15세이상,기혼여성인구,"사망자녀수별,출생자녀수별,시도별"
DT_1PF1508,연령별/사망자녀수별 기혼여성인구(15세이상)-시도,101001,101,5년,2015,2015,,15세이상,기혼여성인구,"연령별,사망자녀수별,시도별"
DT_1PF1509,연령별/출생자녀수별/추가자녀계획수별 기혼여성인구(15세이상)-시도,101001,101,5년,2015,2015,,15세이상,기혼여성인구,"연령별,출생자녀수별,추가자녀계획수별,시도별"
DT_1PF1510,교육정도별/출생자녀수별/추가자녀계획수별 기혼여성인구(15세이상)-시도,101001,101,5년,2015,2015,,15세이상,기혼여성인구,"교육정도별,출생자녀수별,추가자녀계획수별,시도별"
DT_1PF1511,경제활동상태별/추가자녀계획수별 기혼여성인구(15세이상)-시군구,101001,101,5년,2015,2015,,15세이상,기혼여성인구,"경제활동상태별,추가자녀계획수별,행정구역별"
DT_1PF1512,경제활동상태별/출생자녀수별/추가자녀계획수별 기혼여성인구(15세이상)-시도,101001,101,5년,2015,2015,,15세이상,기혼여성인구,"경제활동상태별,출생자녀수별,추가자녀계획수별,시도별"
DT_1PF1513,연령별/초혼연령별 기혼여성인구(15세이상)-시도,101001,101,5년,2015,2015,,15세이상,기혼여성인구,"연령별,초혼연령별,시도별"
DT_1PF1514,연령별/교육정도별/초혼연령별 기혼여성인구(15세이상)-시도,101001,101,5년,2015,2015,,15세이상,기혼여성인구,"연령별,교육정도별,초혼연령별,시도별"
DT_1PF1515,연령별/경제활동상태별/초혼연령별 기혼여성인구(15세이상)-시군구,101001,101,5년,2015,2015,,15세이상,기혼여성인구,"연령별,경제활동상태별,초혼연령별,행정구역별"
DT_1PF1516,연령별/출생자녀수별/초혼연령별 기혼여성인구(15세이상)-시도,101001,101,5년,2015,2015,,15세이상,기혼여성인구,"연령별,출생자녀수별,초혼연령별,시도별"
DT_1PF1517,"연령별 보육상태별 아동인구(12세이하, 일반가구)-시도",101001,101,5년,2015,2015,,12세이하,아동인구,"연령별,보육상태별,시도별"
DT_1PF1518,"아동인원수별/보육상태별 아동인구(12세이하, 일반가구)-시도",101001,101,5년,2015,2015,,12세이하,아동인구,"아동인원수별,보육상태별,시도별"
DT_1PF1519,"세대구성별/보육상태별 아동인구(12세이하, 일반가구)-시도",101001,101,5년,2015,2015,,12세이하,"아동인구,일반가구","세대구성별,보육상태별,시도별"
DT_1PF1520,"가구주의 경제활동상태별/보육상태별 아동인구(12세이하, 일반가구)-시도",101001,101,5년,2015,2015,,12세이하,"가구주,아동인구,일반가구","경제활동상태별,보육상태별,시도별"
DT_1PF1521,"가구주의 종사상지위별/보육상태별 아동인구(12세이하, 일반가구)-시도",101001,101,5년,2015,2015,,12세이하,아동인구,"종사상지위별,보육상태별,시도별"
DT_1PF1522,"점유형태별/보육상태별 아동인구(12세이하, 일반가구)-시도",101001,101,5년,2015,2015,,12세이하,"아동인구,일반가구","점유형태별,보육상태별,시도별"
DT_1PF1523,연령별/경제활동상태별/직업별 여성인구(15세이상)-시도,101001,101,5년,2015,2015,,15세이상,여성인구,"연령별,경제활동상태별,직업별,시도별"
DT_1PF2001,연령별/출생자녀수별 기혼여성인구(15세이상)-시도,101001,101,5년,2020,2020,,15세이상,기혼여성인구,"연령별,출생자녀수별,시도별"
DT_1PF2002,교육정도별/출생자녀수별 기혼여성인구(15세이상)-시도,101001,101,5년,2020,2020,,15세이상,기혼여성인구,"교육정도별,출생자녀수별,시도별"
DT_1PF2003,경제활동상태별/출생자녀수별 기혼여성인구(15세이상)-시군구,101001,101,5년,2020,2020,,15세이상,기혼여성인구,"경제활동상태별,출생자녀수별,행정구역별"
DT_1PF2004,산업별/출생자녀수별 기혼여성인구(15세이상)-시군구,101001,101,5년,2020,2020,,15세이상,기혼여성인구,"산업별,출생자녀수별,행정구역별"
DT_1PF2005,직업별/출생자녀수별 기혼여성인구(15세이상)-시군구,101001,101,5년,2020,2020,,15세이상,기혼여성인구,"직업별,행정구역별"
DT_1PF2006,종사상지위별/출생자녀수별 기혼여성인구(15세이상)-시군구,101001,101,5년,2020,2020,,15세이상,기혼여성인구,"종사상지위별,출생자녀수별,행정구역별"
DT_1PF2007,사망자녀수별/출생자녀수별 기혼여성인구(15세이상)-시도,101001,101,5년,2020,2020,,15세이상,기혼여성인구,"사망자녀수별,출생자녀수별,시도별"
DT_1PF2008,연령별/사망자녀수별 기혼여성인구(15세이상)-시도,101001,101,5년,2020,2020,,15세이상,기혼여성인구,"연령별,사망자녀수별,시도별"
DT_1PF2009,연령별/출생자녀수별/추가자녀계획수별 기혼여성인구(15세이상)-시도,101001,101,5년,2020,2020,,15세이상,기혼여성인구,"연령별,출생자녀수별,추가자녀계획수별,시도별"
DT_1PF2010,교육정도별/출생자녀수별/추가자녀계획수별 기혼여성인구(15세이상)-시도,101001,101,5년,2020,2020,,15세이상,기혼여성인구,"교육정도별,출생자녀수별,추가자녀계획수별,시도별"
DT_1PF2011,경제활동상태별/추가자녀계획수별 기혼여성인구(15세이상)-시군구,101001,101,5년,2020,2020,,15세이상,기혼여성인구,"경제활동상태별,추가자녀계획수별,행정구역별"
DT_1PF2012,경제활동상태별/출생자녀수별/추가자녀계획수별 기혼여성인구(15세이상)-시도,101001,101,5년,2020,2020,,15세이상,기혼여성인구,"경제활동상태별,출생자녀수별,추가자녀계획수별,시도별"
DT_1PF2013,연령별/초혼연령별 기혼여성인구(15세이상)-시도,101001,101,5년,2020,2020,,15세이상,기혼여성인구,"연령별,초혼연령별,시도별"
DT_1PF2014,연령별/교육정도별/초혼연령별 기혼여성인구(15세이상)-시도,101001,101,5년,2020,2020,,15세이상,기혼여성인구,"연령별,교육정도별,초혼연령별,시도별"
DT_1PF2015,연령별/경제활동상태별/초혼연령별 기혼여성인구(15세이상)-시군구,101001,101,5년,2020,2020,,15세이상,기혼여성인구,"연령별,경제활동상태별,초혼연령별,행정구역별"
DT_1PF2016,연령별/출생자녀수별/초혼연령별 기혼여성인구(15세이상)-시도,101001,101,5년,2020,2020,,15세이상,기혼여성인구,"연령별,출생자녀수별,초혼연령별,시도별"
DT_1PF2017,"연령별/보육상태별 아동인구(12세이하, 일반가구)-시도",101001,101,5년,2020,2020,,12세이하,"아동인구,일반가구","연령별,보육상태별,시도별"
DT_1PF2018,"아동인원수별/보육상태별 아동인구(12세이하, 일반가구)-시도",101001,101,5년,2020,2020,,12세이하,아동인구,"아동인원수별,보육상태별,시도별"
DT_1PF2019,"세대구성별/보육상태별 아동인구(12세이하, 일반가구)-시도",101001,101,5년,2020,2020,,12세이하,"아동인구,일반가구","세대구성별,보육상태별,시도별"
DT_1PF2020,"가구주의 경제활동상태별/보육상태별 아동인구(12세이하, 일반가구)-시도",101001,101,5년,2020,2020,,12세이하,아동인구,"경제활동상태별,보육상태별,시도별"
DT_1PF2021,"가구주의 종사상지위별/보육상태별 아동인구(12세이하, 일반가구)-시도",101001,101,5년,2020,2020,,12세이하,아동인구,"가구주별,보육상태별,시도별"
DT_1PF2022,"점유형태별/보육상태별 아동인구(12세이하, 일반가구)-시도",101001,101,5년,2020,2020,,12세이하,"아동인구,일반가구","점유형태별,보육상태별,시도별"
DT_1PF2023,연령별/경제활동상태별/직업별 여성인구(15세이상)-시도,101001,101,5년,2020,2020,,15세이상,여성인구,"연령별,경제활동상태별,직업별,시도별"
DT_1PG1001,"연령, 성별 고령자(60세 이상)-시군구",101001,101,5년,2010,2010,,60세 이상,고령자,"성별,행정구역별"
DT_1PG1002,"성, 연령 및 교육 정도별 고령자(60세 이상)-시군구",101001,101,5년,2010,2010,,60세 이상,고령자,"성별,연령별,교육정도별"
DT_1PG1003,"연령 및 성, 혼인상태별 고령자(60세 이상)-시군구",101001,101,5년,2010,2010,,60세 이상,고령자,"연령및성,혼인상태별,행정구역별"
DT_1PG1004,"성, 경제활동상태 및 연령별 고령자(60세 이상)-시군구",101001,101,5년,2010,2010,,60세 이상,"성,경제활동상태,고령자","성별,경제활동상태별,연령별,행정구역별"
DT_1PG1005,"성, 산업 및 연령, 종사상 지위별 고령자(60세 이상)-시도",101001,101,5년,2010,2010,,60세 이상,고령자,"성별,산업별,연령별,종사상지위별,행정구역별"
DT_1PG1006,"성, 직업 및 연령, 종사상 지위별 고령자(60세 이상)-시도",101001,101,5년,2010,2010,,60세 이상,고령자,"성별,직업별,연령별,종사상지위별,행정구역별"
DT_1PG1007,"연령, 생활비 원천별 고령자(60세 이상)-시군구",101001,101,5년,2010,2010,,60세 이상,"생활비원천,고령자","연령별,생활비원천별,행정구역별"
DT_1PG1008,"성, 연령 및 생활비 원천별 고령자(60세 이상)-시도",101001,101,5년,2010,2010,,60세 이상,고령자,"성별,연령별,생활비원천별,시도별"
DT_1PG1009,"성, 교육 정도 및 연령, 생활비 원천별 고령자(60세 이상)-시도",101001,101,5년,2010,2010,,60세 이상,고령자,"성별,교육정도별,연령별,생활비전원천별,행정구역별"
DT_1PG1010,"성, 세대구성 및 연령, 생활비 원천별 고령자(60세 이상)-시도",101001,101,5년,2010,2010,,60세 이상,고령자,"행정구역별,연령별,생활비원천별"
DT_1PG1011,"성, 세대구성 및 연령별 고령자(60세 이상)-시군구",101001,101,5년,2010,2010,,60세 이상,고령자,"행정구역별,연령별"
DT_1PG1012,점유형태 및 연령별 고령자 거주가구(일반가구)-시군구,101001,101,5년,2010,2010,,,거주가구,"점유형태별,연령별,행정구역별"
DT_1PG1013,거처의 종류 및 연령별 고령자 거주가구(일반가구)-시군구,101001,101,5년,2010,2010,,,"거처,고령자,거주가구,일반가구,시군구","거처별,연령별,행정구역별"
DT_1PG1014,"점유형태 및 연령, 거처의 종류별 고령자 거주가구(일반가구)-시군구",101001,101,5년,2010,2010,,,거주가구,"거처종류별,시군구별"
DT_1PG1015,세대구성 및 연령별 고령자 거주가구(일반가구)-시군구,101001,101,5년,2010,2010,,,"세대구성,연령별,고령자,거주가구","세대구성별,연령별,행정구역별"
DT_1PG1016,"세대구성 및 연령, 거처의 점유형태별 고령자 거주가구(일반가구)-시군구",101001,101,5년,2010,2010,,,"세대구성,연령,거처의점유형태,고령자거주가구,일반가구,시군구","거주형태별,세대구성및연령별,행정구역별"
DT_1PG1017,"세대구성 및 연령, 거처의 종류별 고령자 거주가구(일반가구)-시군구",101001,101,5년,2010,2010,,,"세대구성,연령,거처종류,고령자거주가구,일반가구,시군구",거처종류별
DT_1PG1501,성별/연령별/교육 정도별 고령자(60세 이상)-시군구,101001,101,5년,2015,2015,,60세 이상,고령자,"성별,연령별,교육정도별,행정구역별"
DT_1PG1502,연령별/성별/혼인상태별 고령자(60세 이상)-시군구,101001,101,5년,2015,2015,,60세 이상,고령자,"연령별,성별,혼인상태별,행정구역별"
DT_1PG1503,성별/경제활동상태별/연령별 고령자(60세이상)-시군구,101001,101,5년,2015,2015,,60세이상,고령자,"성별,경제활동상태별,연령별,행정구역별"
DT_1PG1504,성별/산업별/연령별/종사상지위별 고령자(60세이상)-시도,101001,101,5년,2015,2015,,60세이상,고령자,"성별,산업별,연령별,종사상지위별,시도별"
DT_1PG1505,성별/직업별/연령별/종사상지위별 고령자(60세이상)-시도,101001,101,5년,2015,2015,,60세이상,고령자,"성별,직업별,연령별,종사상지위별,시도별"
DT_1PG1506,"성, 연령 및 생활비 원천별 고령자(60세이상)-시도",101001,101,5년,2015,2015,,60세이상,고령자,"성별,연령별,생활비원천별,시도별"
DT_1PG1507,"성, 교육정도 및 연령, 생활비원천별 고령자(60세 이상)-시도",101001,101,5년,2015,2015,,60세 이상,고령자,"행정구역별,교육정도별,연령별,생활비원천별"
DT_1PG1508,"성별/세대구성별/연령별/생활비 원천별 고령자(60세이상,일반가구)-시도",101001,101,5년,2015,2015,,60세이상,"고령자,일반가구","성별,세대구성별,연령별,생활비원천별,시도별"
DT_1PG1509,"성, 세대구성 및 연령별 고령자(60세 이상, 일반가구)-시군구",101001,101,5년,2015,2015,,60세 이상,"고령자,일반가구","행정구역별,연령별"
DT_1PG1510,"성, 연령 및 거처의종류별 고령자(60세이상)-시도",101001,101,5년,2015,2015,,60세이상,"성,연령,거처의종류,고령자,시도","성별,연령별,거처의종류별,시도별"
DT_1PG1511,"점유형태별/연령별 고령자 거주가구(60세 이상, 일반가구)-시군구",101001,101,5년,2015,2015,,60세 이상,"고령자거주가구,일반가구","점유형태별,연령별,행정구역별"
DT_1PG1512,"점유형태 및 연령, 거처의 종류별 고령자 거주가구(60세이상,일반가구)-시군구",101001,101,5년,2015,2015,,60세이상,"거주가구,일반가구",거처종류별
DT_1PG1513,"세대구성 및 연령, 거처의 점유형태별 고령자 거주가구(60세이상,일반가구)-시군구",101001,101,5년,2015,2015,,60세이상,"세대구성,연령,거처의점유형태,고령자거주가구,일반가구,시군구","거주형태별,행정구역별"
DT_1PG1514,"세대구성별/연령별/거처의 종류별 고령자 거주가구(60세 이상, 일반가구)-시군구",101001,101,5년,2015,2015,,60세 이상,"세대구성별,연령별,거처종류별,시군구","세대구성별,연령별,거처종류별,행정구역별"
DT_1PG2001,성별/연령별/교육 정도별 고령자(60세 이상)-시군구,101001,101,5년,2020,2020,,60세 이상,고령자,"성별별,연령별,교육정도별,행정구역별"
DT_1PG2002,연령별/성별/혼인상태별 고령자(60세 이상)-시군구,101001,101,5년,2020,2020,,60세 이상,고령자,"연령별,성별,혼인상태별,행정구역별"
DT_1PG2003,성별/경제활동상태별/연령별 고령자(60세이상)-시군구,101001,101,5년,2020,2020,,60세이상,고령자,"성별,경제활동상태별,연령별,행정구역별"
DT_1PG2004,성별/산업별/연령별/종사상지위별 고령자(60세이상)-시도,101001,101,5년,2020,2020,,60세이상,고령자,"성별,산업별,연령별,종사상지위별,시도별"
DT_1PG2005,성별/직업별/연령별/종사상지위별 고령자(60세이상)-시도,101001,101,5년,2020,2020,,60세이상,고령자,"성별,직업별,연령별,종사상지위별,시도별"
DT_1PG2006,"성, 연령 및 생활비 원천별 고령자(60세이상)-시도",101001,101,5년,2020,2020,,60세이상,고령자,"성별,연령별,생활비원천별,시도별"
DT_1PG2007,"성, 교육정도 및 연령, 생활비원천별 고령자(60세 이상)-시도",101001,101,5년,2020,2020,,60세 이상,고령자,"행정구역별,교육정도별,연령별,생활비원천별"
DT_1PG2008,"성별/세대구성별/연령별/생활비 원천별 고령자(60세이상,일반가구)-시도",101001,101,5년,2020,2020,,60세이상,"고령자,일반가구","성별,세대구성별,연령별,생활비원천별,시도별"
DT_1PG2009,"점유형태 및 연령, 거처의 종류별 고령자 거주가구(60세이상,일반가구)-시군구",101001,101,5년,2020,2020,,60세이상,"거주가구,일반가구",거처종류별
DT_1PG2010,"세대구성 및 연령, 거처의 점유형태별 고령자 거주가구(60세이상,일반가구)-시군구",101001,101,5년,2020,2020,,60세이상,"세대구성,연령,거처의점유형태별고령자거주가구,일반가구,시군구",거주형태별
DT_1PG2011,"점유형태별/연령별 고령자 거주가구(60세 이상, 일반가구)-시군구",101001,101,5년,2020,2020,,60세 이상,"거주가구,일반가구","점유형태별,연령별,행정구역별"
DT_1PG2012,연령별/반려동물 보유유형별 고령자(60세) 거주 가구-시도,101001,101,5년,2020,2020,,,가구,"연령별,반려동물보유유형별,시도별"
DT_1PH1001,거주기간별 가구(일반가구)-시군구,101001,101,5년,2010,2010,,,가구,"거주기간별,행정구역별"
DT_1PH1002,"가구주의 성, 연령 및 거주기간별 가구(일반가구)-시군구",101001,101,5년,2010,2010,,,"가구주,가구","가구주성별,연령별,거주기간별,행정구역별"
DT_1PH1003,"가구주의 경제활동상태, 산업 및 거주기간별 가구(일반가구)-시도",101001,101,5년,2010,2010,,,"가구주,가구","경제활동상태별,산업별,거주기간별,행정구역별"
DT_1PH1004,"가구주의 경제활동상태, 직업 및 거주기간별 가구(일반가구)-시도",101001,101,5년,2010,2010,,,"가구주,가구","경제활동상태별,직업별,거주기간별,시도별"
DT_1PH1005,"거처의 종류, 점유형태 및 거주기간별 가구(일반가구)-시도",101001,101,5년,2010,2010,,,가구,"거처종류별,점유형태별,거주기간별,시도별"
DT_1PH1006,난방시설별 가구(일반가구)-시도,101001,101,5년,2010,2010,,,가구,"난방시설별,시도별"
DT_1PH1007,거처의 종류 및 난방시설별 가구(일반가구)-시도,101001,101,5년,2010,2010,,,가구,"거처별,시도별"
DT_1PH1008,식수의 사용형태별 가구(일반가구)-시군구,101001,101,5년,2010,2010,,,가구,"사용형태별,행정구역별"
DT_1PH1009,거처의 종류 및 식수의 사용형태별 가구(일반가구)-시군구,101001,101,5년,2010,2010,,,가구,"거처별,식수사용형태별,행정구역별"
DT_1PH1010,정보 통신기기보유/이용현황별 가구(일반가구)-시군구,101001,101,5년,2010,2010,,,가구,"행정구역별,정보통신기기보유이용현황별"
DT_1PH1011,"가구주의 성, 연령 및 정보 통신기기보유/이용현황별 가구(일반가구)-시군구",101001,101,5년,2010,2010,,,"가구주,가구","성별,연령별"
DT_1PH1012,"가구주의 경제활동상태, 직업 및 정보 통신기기보유/이용현황별가구(일반가구)-시군구",101001,101,5년,2010,2010,,,"가구주,가구","경제활동상태별,직업별,정보통신기기보유이용현황별,가구별,행정구역별"
DT_1PH1013,세대구성 및 정보 통신기기보유/이용현황별 가구(일반가구)-시도,101001,101,5년,2010,2010,,,가구,"시도별,가구형태별"
DT_1PH1014,거처의 종류 및 정보 통신기기보유/이용현황별 가구(일반가구)-시군구,101001,101,5년,2010,2010,,,가구,"거처별,정보통신기기보유이용현황별,행정구역별"
DT_1PH1015,"거처의 종류 및 TV시청형태, 보유현황별 가구-시도",101001,101,5년,2010,2010,,,가구,"거처종류및TV시청형태보유현황별,시도별"
DT_1PH1016,"점유형태 및 TV시청형태, 보유현황별 가구-시도",101001,101,5년,2010,2010,,,가구,"보유현황별,점유형태및TV시청형태별,시도별"
DT_1PH1017,교통수단 보유현황별 가구(일반가구)-시군구,101001,101,5년,2010,2010,,,가구,"교통수단보유현황별,행정구역별"
DT_1PH1018,"가구주의 성, 연령 및 교통수단 보유현황별 가구(일반가구)-시도",101001,101,5년,2010,2010,,,"가구주,가구","가구주성별,연령별,교통수단보유현황별,시도별"
DT_1PH1019,"가구주의 경제활동상태, 산업 및 교통수단 보유현황별 가구(일반가구)-시도",101001,101,5년,2010,2010,,,"경제활동상태,산업,교통수단,가구","경제활동상태별,산업별,교통수단보유현황별,시도별"
DT_1PH1020,"가구주의 경제활동상태, 직업 및 교통수단 보유현황별 가구(일반가구)-시도",101001,101,5년,2010,2010,,,"가구주,가구","경제활동상태별,직업별,교통수단보유현황별,가구주별,가구별,시도별"
DT_1PH1021,"거처의 종류, 점유형태 및 교통수단 보유현황별 가구(일반가구)-시도",101001,101,5년,2010,2010,,,가구,"거처종류별,점유형태별,교통수단보유현황별,시도별"
DT_1PH1022,세대구성 및 교통수단 보유현황별 가구(일반가구)-시도,101001,101,5년,2010,2010,,,가구,"세대구성별,교통수단보유현황별,시도별"
DT_1PH1023,가구원수 및 교통수단 보유현황별 가구(일반가구)-시도,101001,101,5년,2010,2010,,,"가구원수,교통수단보유현황,일반가구","시도별,가구원수별,교통수단보유현황별"
DT_1PH1024,가구원 중 활동제약자 유무 및 교통수단 보유현황별 가구(일반가구)-시군구,101001,101,5년,2010,2010,,,"가구,활동제약자,교통수단","활동제약자유무및교통수단보유현황별,행정구역별"
DT_1PH1025,교통수단 이용현황별 가구(일반가구)-시군구,101001,101,5년,2010,2010,,,가구,"교통수단별,행정구역별"
DT_1PH1026,"거처의 종류, 점유형태 및 교통수단 이용현황별 가구(일반가구)-시도",101001,101,5년,2010,2010,,,가구,"거처종류별,점유형태별,교통수단이용현황별,시도별"
DT_1PH1027,가구원수 및 교통수단 이용현황별 가구(일반가구)-시군구,101001,101,5년,2010,2010,,,"가구원수,교통수단,일반가구","행정구역별,가구원수별,교통수단이용현황별"
DT_1PH1028,자동차 보유현황 및 교통수단 이용현황별 가구(일반가구)-시군구,101001,101,5년,2010,2010,,,"자동차보유현황,교통수단이용현황,가구","교통수단이용현황별,가구유형별,행정구역별"
DT_1PH1029,주차장소별 가구(일반가구)-시군구,101001,101,5년,2010,2010,,,가구,"주차장소별,행정구역별"
DT_1PH1030,"거처의 종류, 점유형태 및 주차장소별 가구(일반가구)-시도",101001,101,5년,2010,2010,,,가구,"거처종류별,점유형태별,주차장소별,시도별"
DT_1PH1031,자동차 보유현황 및 주차장소별 가구(일반가구)-시도,101001,101,5년,2010,2010,,,자동차보유가구,"행정구역별,가구별"
DT_1PH1501,거주기간별 가구(일반가구)-시군구,101001,101,5년,2015,2015,,,가구,"거주기간별,행정구역별"
DT_1PH1502,가구주의 성별/연령별/거주기간별 가구(일반가구)-시군구,101001,101,5년,2015,2015,,,가구,"성별,연령별,거주기간별,행정구역별"
DT_1PH1503,가구주의 경제활동상태별/산업별/거주기간별 가구(일반가구)-시도,101001,101,5년,2015,2015,,,가구,"경제활동상태별,산업별,거주기간별,시도별"
DT_1PH1504,가구주의 경제활동상태별/직업별/거주기간별 가구(일반가구)-시도,101001,101,5년,2015,2015,,,"가구,가구주","경제활동상태별,직업별,거주기간별,시도별"
DT_1PH1505,거처의 종류/점유형태/거주기간별 가구(일반가구)-시도,101001,101,5년,2015,2015,,,가구,"거처별,점유형태별,거주기간별,시도별"
DT_1PH1506,난방시설별 가구(일반가구)-시도,101001,101,5년,2015,2015,,,가구,"난방시설별,시도별"
DT_1PH1507,거처의 종류별/난방시설별 가구(일반가구)-시도,101001,101,5년,2015,2015,,,가구,"거처의종류별,난방시설별,시도별"
DT_1PH1508,주차장소별 가구(일반가구)-시군구,101001,101,5년,2015,2015,,,가구,"주차장소별,행정구역별"
DT_1PH1509,거처의 종류/점유형태/주차장소별 가구(일반가구)-시도,101001,101,5년,2015,2015,,,가구,"거처종류별,점유형태별,주차장소별,시도별"
DT_1PH1510,가구주의 성별/연령별/주차장소별 가구수(일반가구)-시도,101001,101,5년,2015,2015,,,"가구주,가구수","성별,연령별,주차장소별,시도별"
DT_1PH2001,거주기간별 가구(일반가구)-시군구,101001,101,5년,2020,2020,,,가구,"거주기간별,행정구역별"
DT_1PH2002,가구주의 성별/연령별/거주기간별 가구(일반가구)-시군구,101001,101,5년,2020,2020,,,가구,"성별별,연령별,거주기간별,행정구역별"
DT_1PH2003,가구주의 경제활동상태별/산업별/거주기간별 가구(일반가구)-시도,101001,101,5년,2020,2020,,,가구,"경제활동상태별,산업별,거주기간별,시도별"
DT_1PH2004,가구주의 경제활동상태별/직업별/거주기간별 가구(일반가구)-시도,101001,101,5년,2020,2020,,,"가구,가구주","경제활동상태별,직업별,거주기간별,시도별"
DT_1PH2005,거처의 종류/점유형태/거주기간별 가구(일반가구)-시도,101001,101,5년,2020,2020,,,가구,"거처별,점유형태별,거주기간별,시도별"
DT_1PH2006,난방시설별 가구(일반가구)-시도,101001,101,5년,2020,2020,,,가구,"난방시설별,시도별"
DT_1PH2007,거처의 종류별/난방시설별 가구(일반가구)-시도,101001,101,5년,2020,2020,,,가구,"거처의종류별,난방시설별,시도별"
DT_1PH2008,주차장소별 가구(일반가구)-시군구,101001,101,5년,2020,2020,,,가구,"주차장소별,행정구역별"
DT_1PH2009,거처의 종류/점유형태/주차장소별 가구(일반가구)-시도,101001,101,5년,2020,2020,,,가구,"거처의종류별,점유형태별,주차장소별,시도별"
DT_1PH2010,가구주의 성별/연령별/주차장소별 가구수(일반가구)-시도,101001,101,5년,2020,2020,,,"가구주,가구수","성별,연령별,주차장소별,시도별"
DT_1PH2011,거처의종류별/반려동물보유유형별가구-시도,101001,101,5년,2020,2020,,,가구,"거처별,반려동물보유유형별,시도별"
DT_1PH2012,가구구분/가구주연령대별/반려동물보유유형별가구-시도,101001,101,5년,2020,2020,,,"가구,반려동물보유유형별가구","가구구분별,가구주연령대별,반려동물보유유형별,시도별"
DT_1PH2013,가구원수별/반려동물 보유 유형별가구-시도,101001,101,5년,2020,2020,,,"가구원수,반려동물,가구","가구원수별,반려동물보유유형별,시도별"
DT_1PH2014,거처의종류별/마시는물유형별가구-시도,101001,101,5년,2020,2020,,,가구,"거처별,물유형별,시도별"
DT_1PH2015,가구구분별/마시는물유형별가구-시도,101001,101,5년,2020,2020,,,가구,"가구구분별,마시는물유형별,시도별"
DT_1PH2016,가구주연령별/마시는물유형별가구-시도,101001,101,5년,2020,2020,,,"가구,물","가구주연령별,시도별"
DT_1PH2017,가구구분별/소방시설보유유형별가구-시도,101001,101,5년,2020,2020,,,가구,"가구구분별,소방시설보유유형별,시도별"
DT_1PH2018,주택(오피스텔 포함)의 종류/건축연도/소방시설 보유 유형별 가구(일반가구),101001,101,5년,2020,2020,,,가구,"종류별,건축연도별,소방시설보유유형별"
DT_1PI1001,"전세금 규모별 가구(일반가구, 주거전용)-시도",101001,101,5년,2010,2010,,,가구,"규모별,시도별"
DT_1PI1002,"거처의 종류 및 전세금 규모별 가구(일반가구, 주거전용)-시도",101001,101,5년,2010,2010,,,가구,"거처종류별,전세금규모별,가구유형별,행정구역별"
DT_1PI1003,"사용방수 및 전세금 규모별 가구(일반가구, 주거전용)-시도",101001,101,5년,2010,2010,,,가구,"사용방수및전세금규모별,시도별"
DT_1PI1004,"거처의 종류, 사용방수 및 전세금 규모별 가구(일반가구, 주거전용)-시도",101001,101,5년,2010,2010,,,가구,"거처종류별,사용방식별,전세금규모별,시도별,가구유형별"
DT_1PI1005,"월세금 및 보증금 규모별 가구(일반가구, 주거전용)-시도",101001,101,5년,2010,2010,,,가구,"규모별,시도별"
DT_1PI1006,"거처의 종류, 월세금 및 보증금 규모별 가구(일반가구, 주거전용)-시도",101001,101,5년,2010,2010,,,가구,"거처종류별,월세및보증금규모별,가구유형별,행정구역별"
DT_1PI1007,"사용방수, 월세금 및 보증금 규모별 가구(일반가구, 주거전용)-시도",101001,101,5년,2010,2010,,,가구,"규모별,시도별"
DT_1PI1008,"거처의 종류, 사용방수, 월세금 및 보증금 규모별 가구(일반가구, 주거전용)-시도",101001,101,5년,2010,2010,,,가구,"거처종류별,사용방식별,월세보증금규모별,가구유형별,행정구역별"
DT_1PI1009,"사글세 규모별 가구(일반가구, 주거전용)-시도",101001,101,5년,2010,2010,,,가구,"규모별,시도별"
DT_1PI1010,"거처의 종류 및 사글세 규모별 가구(일반가구, 주거전용)-시도",101001,101,5년,2010,2010,,,가구,"거처종류별,사글세계층별,가구유형별,행정구역별"
DT_1PI1011,"사용방수 및 사글세 규모별 가구(일반가구, 주거전용)-시도",101001,101,5년,2010,2010,,,가구,"규모별,시도별"
DT_1PI1012,"거처의 종류, 사용방수 및 사글세 규모별 가구(일반가구, 주거전용)-시도",101001,101,5년,2010,2010,,,가구,"거처종류별,사용방수별,사글세계획별,가구유형별,행정구역별"
DT_1PI1013,"가구주의 성, 연령 및 전세금 규모별 가구(일반가구, 주거전용)-시도",101001,101,5년,2010,2010,,,"가구주,일반가구,주거전용가구","성별,연령별,전세금규모별,시도별"
DT_1PI1014,"가구주의 성, 연령, 월세금 및 보증금 규모별 가구(일반가구, 주거전용)-시도",101001,101,5년,2010,2010,,,"가구주,일반가구,주거전용가구","성별,연령별,월세금규모별,보증금규모별,가구유형별,행정구역별"
DT_1PI1015,"가구주의 성, 연령 및 사글세 규모별 가구(일반가구, 주거전용)-시도",101001,101,5년,2010,2010,,,"가구주,가구","성별,연령별,주택유형별,행정구역별"
DT_1PI1016,"가구원수 및 전세금 규모별 가구(일반가구, 주거전용)-시도",101001,101,5년,2010,2010,,,"가구원수,전세금,가구","가구원수별,전세금규모별,가구유형별,시도별"
DT_1PI1017,"가구원수, 월세금 및 보증금 규모별 가구(일반가구, 주거전용)-시도",101001,101,5년,2010,2010,,,"가구원수,월세금,보증금,일반가구","가구원수별,월세금및보증금규모별,시도별"
DT_1PI1018,"가구원수 및 사글세 규모별 가구(일반가구, 주거전용)-시도",101001,101,5년,2010,2010,,,"가구원수,사글세,가구","규모별,시도별"
DT_1PI1019,"가구주의 성, 혼인상태 및 전세금 규모별 가구(일반가구, 주거전용)-시도",101001,101,5년,2010,2010,,,"가구주,가구","성별,혼인상태별,전세금규모별"
DT_1PI1020,"가구주의 성, 혼인상태, 월세금 및 보증금 규모별 가구(일반가구, 주거전용)-시도",101001,101,5년,2010,2010,,,"가구주,가구","성별,혼인상태별,월세금및보증금규모별,시도별"
DT_1PI1021,"가구주의 성, 혼인상태, 사글세 규모별 가구(일반가구, 주거전용)-시도",101001,101,5년,2010,2010,,,"가구주,가구","성별,혼인상태별,사글세규모별,가구유형별,행정구역별"
DT_1PI1022,"가구주의 성, 경제활동상태 및 전세금 규모별 가구(일반가구, 주거전용)-시도",101001,101,5년,2010,2010,,,"가구주,일반가구,주거전용가구","성별,경제활동상태별,전세금규모별,시도별"
DT_1PI1023,"가구주의 성, 경제활동상태, 월세금 및 보증금 규모별 가구(일반가구, 주거전용)-시도",101001,101,5년,2010,2010,,,"가구주,경제활동상태,월세금,보증금,일반가구,주거전용,가구","성별,경제활동상태별,월세금및보증금규모별,시도별"
DT_1PI1024,"가구주의 성, 경제활동상태 및 사글세 규모별 가구(일반가구, 주거전용)-시도",101001,101,5년,2010,2010,,,"가구주,일반가구,주거전용","성별,경제활동상태별,사글세가구규모별,주거유형별,행정구역별"
DT_1PI1025,"거처의 종류 및 전세금 규모별 가구(일반가구, 영업겸용)-시도",101001,101,5년,2010,2010,,,가구,"거처종류및전세금규모별,시도별"
DT_1PI1026,"거처의 종류, 월세금 및 보증금 규모별 가구(일반가구, 영업겸용)-시도",101001,101,5년,2010,2010,,,가구,"거처종류별,월세및보증금규모별,가구유형별,행정구역별"
DT_1PI1027,"거처의 종류 및 사글세 규모별 가구(일반가구, 영업겸용)-시도",101001,101,5년,2010,2010,,,가구,"거처별,규모별,가구유형별,행정구역별"
DT_1PI1501,"전세금 규모별 가구(일반가구, 주거전용)-시도",101001,101,5년,2015,2015,,,가구,"규모별,시도별"
DT_1PI1502,"거처의 종류별/전세금 규모별 가구(일반가구, 주거전용)-시도",101001,101,5년,2015,2015,,,가구,"거처종류별,전세금규모별,시도별"
DT_1PI1503,"사용방수별/전세금 규모별 가구(일반가구, 주거전용)-시도",101001,101,5년,2015,2015,,,가구,"사용방수별,전세금규모별,가구유형별,행정구역별"
DT_1PI1504,"거처의 종류별/사용방수별/전세금 규모별 가구(일반가구, 주거전용)-시도",101001,101,5년,2015,2015,,,가구,"거처의종류별,사용방수별,전세금규모별,시도별"
DT_1PI1505,"월세금별/보증금 규모별 가구(일반가구, 주거전용)-시도",101001,101,5년,2015,2015,,,가구,"월세금별,보증금규모별,가구유형별,행정구역별"
DT_1PI1506,"거처의 종류별/월세금별/보증금 규모별 가구(일반가구, 주거전용)-시도",101001,101,5년,2015,2015,,,가구,"거처의종류별,월세금별,보증금규모별,시도별"
DT_1PI1507,"사용방수별/월세금별/보증금 규모별 가구(일반가구, 주거전용)-시도",101001,101,5년,2015,2015,,,가구,"사용방수별,월세금별,보증금규모별,시도별"
DT_1PI1508,"거처의 종류별/사용방수별/월세금별/보증금 규모별 가구(일반가구, 주거전용)-시도",101001,101,5년,2015,2015,,,가구,"거처의종류별,사용방수별,월세금별,보증금규모별,시도별"
DT_1PI1509,"사글세 규모별 가구(일반가구, 주거전용)-시도",101001,101,5년,2015,2015,,,가구,"규모별,시도별"
DT_1PI1510,"거처의 종류별/사글세 규모별 가구(일반가구, 주거전용)-시도",101001,101,5년,2015,2015,,,가구,"거처의종류별,사글세규모별,시도별"
DT_1PI1511,"사용방수별/사글세 규모별 가구(일반가구, 주거전용)-시도",101001,101,5년,2015,2015,,,가구,"사용방식별,주택유형별,거주형태별,행정구역별"
DT_1PI1512,"거처의 종류별/사용방수별/사글세 규모별 가구(일반가구, 주거전용)-시도",101001,101,5년,2015,2015,,,가구,"거처별,사용방식별,사글세규모별,가구유형별,행정구역별"
DT_1PI1513,"가구주의 성별/연령별/전세금 규모별 가구(일반가구, 주거전용)-시도",101001,101,5년,2015,2015,,,"가구주,전세금,가구","성별,연령별,전세금규모별,시도별"
DT_1PI1514,"가구주의 성별/연령별/월세금별/보증금 규모별 가구(일반가구, 주거전용)-시도",101001,101,5년,2015,2015,,,"가구주,일반가구,주거전용가구","성별,연령별,월세금별,보증금규모별,시도별"
DT_1PI1515,"가구주의 성별/연령별/사글세 규모별 가구(일반가구, 주거전용)-시도",101001,101,5년,2015,2015,,,"가구주,가구","성별,연령별,사글세규모별,시도별"
DT_1PI1516,"가구원수별/전세금 규모별 가구(일반가구, 주거전용)-시도",101001,101,5년,2015,2015,,,"가구원수,전세금,일반가구,주거전용가구","가구원수별,전세금규모별,시도별"
DT_1PI1517,"가구원수별/월세금별/보증금 규모별 가구(일반가구, 주거전용)-시도",101001,101,5년,2015,2015,,,"가구,월세금,보증금","가구원수별,월세금별,보증금규모별,시도별"
DT_1PI1518,"가구원수별/사글세 규모별 가구(일반가구, 주거전용)-시도",101001,101,5년,2015,2015,,,"가구원수,사글세,가구","가구원수별,사글세규모별,시도별"
DT_1PI1519,"가구주의 성별/혼인상태별/전세금 규모별 가구(일반가구, 주거전용)-시도",101001,101,5년,2015,2015,,,"가구주,가구","성별,혼인상태별,전세금규모별,시도별"
DT_1PI1520,"가구주의 성별/혼인상태별/월세금별/보증금 규모별 가구(일반가구, 주거전용)-시도",101001,101,5년,2015,2015,,,"가구주,일반가구,주거전용가구","성별,혼인상태별,월세금별,보증금규모별,시도별"
DT_1PI1521,"가구주의 성별/혼인상태별/사글세 규모별 가구(일반가구, 주거전용)-시도",101001,101,5년,2015,2015,,,"가구주,일반가구,주거전용가구","성별,혼인상태별,사글세규모별,시도별"
DT_1PI1522,"가구주의 성별/경제활동상태별/월세금별/보증금 규모별 가구(일반가구, 주거전용)-시도",101001,101,5년,2015,2015,,,"가구주,일반가구,주거전용가구","성별,경제활동상태별,월세금별,보증금규모별,시도별"
DT_1PI1523,"가구주의 성별/경제활동상태별/사글세 규모별 가구(일반가구, 주거전용)-시도",101001,101,5년,2015,2015,,,"가구주,일반가구,주거전용가구","성별,경제활동상태,사글세규모,가구유형,행정구역별"
DT_1PI1524,"거처의 종류별/전세금 규모별 가구(일반가구, 영업겸용)-시도",101001,101,5년,2015,2015,,,가구,"거처종류별,전세금규모별,가구유형별,행정구역별"
DT_1PI1525,"거처의 종류별/월세금별/보증금 규모별 가구(일반가구, 영업겸용)-시도",101001,101,5년,2015,2015,,,가구,"거처종류별,월세금별,보증금규모별,시도별"
DT_1PI1526,"거처의 종류별/사글세 규모별 가구(일반가구, 영업겸용)-시도",101001,101,5년,2015,2015,,,가구,"거처의종류별,사글세규모별,시도별"
DT_1PI1527,"가구주의 성별/경제활동상태별/전세금 규모별 가구(일반가구, 주거전용)-시도",101001,101,5년,2015,2015,,,"가구주,일반가구,주거전용가구","성별,경제활동상태별,전세금규모별,시도별"
DT_1PI2001,"거처의 종류별/사용방수별/전세금 규모별 가구(일반가구, 주거전용)-시도",101001,101,5년,2020,2020,,,가구,"거처종류별,사용방식별,전세규모별,시도별"
DT_1PI2002,"거처의 종류별/사용방수별/월세금별/보증금 규모별 가구(일반가구, 주거전용)-시도",101001,101,5년,2020,2020,,,가구,"거처의종류별,사용방수별,월세금별,보증금규모별,시도별"
DT_1PI2003,"거처의 종류별/사용방수별/사글세 규모별 가구(일반가구, 주거전용)-시도",101001,101,5년,2020,2020,,,가구,"거처의종류별,사용방수별,사글세규모별,시도별"
DT_1PI2004,"가구주의 성별/연령별/전세금 규모별 가구(일반가구, 주거전용)-시도",101001,101,5년,2020,2020,,,"가구주,일반가구,주거전용가구","성별,연령별,전세금규모별,시도별"
DT_1PI2005,"가구주의 성별/연령별/월세금별/보증금 규모별 가구(일반가구, 주거전용)-시도",101001,101,5년,2020,2020,,,"가구주,가구","성별,연령별,월세금별,보증금규모별,시도별"
DT_1PI2006,"가구주의 성별/연령별/사글세 규모별 가구(일반가구, 주거전용)-시도",101001,101,5년,2020,2020,,,"가구주,가구","성별,연령별,사글세규모별,시도별"
DT_1PI2007,"가구원수별/전세금 규모별 가구(일반가구, 주거전용)-시도",101001,101,5년,2020,2020,,,"가구원수,전세금,일반가구,주거전용가구","가구원수별,전세금규모별,시도별"
DT_1PI2008,"가구원수별/월세금별/보증금 규모별 가구(일반가구, 주거전용)-시도",101001,101,5년,2020,2020,,,"가구,월세금,보증금","가구원수별,월세금별,보증금규모별,시도별"
DT_1PI2009,"가구원수별/사글세 규모별 가구(일반가구, 주거전용)-시도",101001,101,5년,2020,2020,,,"가구원수,사글세,가구","가구원수별,사글세규모별,시도별"
DT_1PI2010,"가구주의 성별/혼인상태별/전세금 규모별 가구(일반가구, 주거전용)-시도",101001,101,5년,2020,2020,,,"가구주,가구","성별,혼인상태별,전세금규모별,시도별"
DT_1PI2011,"가구주의 성별/혼인상태별/월세금별/보증금 규모별 가구(일반가구, 주거전용)-시도",101001,101,5년,2020,2020,,,"가구주,일반가구,주거전용가구","성별,혼인상태별,월세금별,보증금규모별,시도별"
DT_1PI2012,"가구주의 성별/혼인상태별/사글세 규모별 가구(일반가구, 주거전용)-시도",101001,101,5년,2020,2020,,,"가구주,가구","성별,혼인상태별,사글세규모별,시도별"
DT_1PI2013,"가구주의 성별/경제활동상태별/월세금별/보증금 규모별 가구(일반가구, 주거전용)-시도",101001,101,5년,2020,2020,,,"가구주,일반가구,주거전용가구","성별,경제활동상태별,월세금별,보증금규모별,시도별"
DT_1PI2014,"가구주의 성별/경제활동상태별/사글세 규모별 가구(일반가구, 주거전용)-시도",101001,101,5년,2020,2020,,,"가구주,일반가구,주거전용가구","성별,경제활동상태,사글세규모,가구유형,행정구역별"
DT_1PI2015,"거처의 종류별/전세금 규모별 가구(일반가구, 영업겸용)-시도",101001,101,5년,2020,2020,,,가구,"거처종류별,전세금규모별,가구유형별,행정구역별"
DT_1PI2016,"거처의 종류별/월세금별/보증금 규모별 가구(일반가구, 영업겸용)-시도",101001,101,5년,2020,2020,,,가구,"거처종류별,월세금별,보증금규모별,시도별"
DT_1PI2017,"거처의 종류별/사글세 규모별 가구(일반가구, 영업겸용)-시도",101001,101,5년,2020,2020,,,가구,"거처의종류별,사글세규모별,시도별"
DT_1PI2018,"가구주의 성별/경제활동상태별/전세금 규모별 가구(일반가구, 주거전용)-시도",101001,101,5년,2020,2020,,,"가구주,일반가구,주거전용가구","성별,경제활동상태별,전세금규모별,시도별"
DT_1PJ1001,성 및 사회활동별 인구(15세 이상)-시군구,101001,101,5년,2010,2010,,15세 이상,인구,"성별,행정구역별"
DT_1PJ1002,"성, 연령 및 사회활동별 인구(15세 이상)-시도",101001,101,5년,2010,2010,,15세 이상,인구,"성별,연령별,사회활동별"
DT_1PJ1003,"성, 교육 정도 및 사회활동별 인구(15세 이상)-시도",101001,101,5년,2010,2010,,15세 이상,인구,"성별,교육정도별,사회활동별"
DT_1PJ1004,"성, 혼인상태 및 사회활동별 인구(15세 이상)-시도",101001,101,5년,2010,2010,,15세 이상,인구,"성별,혼인상태별,사회활동별,시도별"
DT_1PJ1005,"성, 경제활동상태 및 사회활동별 인구(15세 이상)-시군구",101001,101,5년,2010,2010,,15세 이상,인구,"행정구역별,경제활동상태별,사회활동별"
DT_1PJ1006,"성, 직업 및 사회활동별 취업 인구(15세 이상)-시도",101001,101,5년,2010,2010,,15세 이상,취업인구,"성별,직업별,사회활동별,시도별"
DT_1PJ1007,"성, 종사상 지위 및 사회활동별 취업 인구(15세 이상)-시도",101001,101,5년,2010,2010,,15세 이상,취업인구,"취업인구별,시도별"
DT_1PJ1501,성별/사회활동별 인구(20세 이상)-시군구,101001,101,5년,2015,2015,,20세 이상,인구,"성별,사회활동별"
DT_1PJ1502,성별/연령별/사회활동별 인구(20세이상)-시도,101001,101,5년,2015,2015,,20세이상,인구,"성별,연령별,사회활동별,시도별"
DT_1PJ1503,성별/연령별/교육정도별/사회활동별 인구(20세이상)-시도,101001,101,5년,2015,2015,,20세이상,인구,"성별,연령별,교육정도별,사회활동별,시도별"
DT_1PJ1504,성별/연령별/혼인상태별/사회활동별 인구(20세 이상)-시도,101001,101,5년,2015,2015,,20세 이상,인구,"성별,연령별,혼인상태별,사회활동별,시도별"
DT_1PJ1505,성별/연령별/경제활동상태별/사회활동별 인구(20세이상)-시군구,101001,101,5년,2015,2015,,20세이상,인구,"성별,연령별,경제활동상태별,사회활동별,행정구역별"
DT_1PJ1506,성별/연령별/직업별/사회활동별 취업인구(20세이상)-시도,101001,101,5년,2015,2015,,20세이상,취업인구,"성별,연령별,직업별,사회활동별,시도별"
DT_1PJ1507,성별/연령별/종사상지위별/사회활동별 취업인구(20세이상)-시도,101001,101,5년,2015,2015,,20세이상,취업인구,"성별,연령별,종사상지위별,사회활동별,시도별"
DT_1PJ2001,성별/사회활동별 인구(20세 이상)-시군구,101001,101,5년,2020,2020,,20세 이상,인구,"성별,사회활동별"
DT_1PJ2002,성별/연령별/사회활동별 인구(20세이상)-시도,101001,101,5년,2020,2020,,20세이상,인구,"성별,연령별,사회활동별,시도별"
DT_1PJ2003,성별/연령별/교육정도별/사회활동별 인구(20세이상)-시도,101001,101,5년,2020,2020,,20세이상,인구,"성별,연령별,교육정도별,사회활동별,시도별"
DT_1PJ2004,성별/연령별/혼인상태별/사회활동별 인구(20세 이상)-시도,101001,101,5년,2020,2020,,20세 이상,인구,"성별,연령별,혼인상태별,사회활동별,시도별"
DT_1PJ2005,성별/연령별/경제활동상태별/사회활동별 인구(20세이상)-시군구,101001,101,5년,2020,2020,,20세이상,인구,"성별,연령별,경제활동상태별,사회활동별,행정구역별"
DT_1PJ2006,성별/연령별/직업별/사회활동별 취업인구(20세이상)-시도,101001,101,5년,2020,2020,,20세이상,취업인구,"성별,연령별,직업별,사회활동별,시도별"
DT_1PJ2007,성별/연령별/종사상지위별/사회활동별 취업인구(20세이상)-시도,101001,101,5년,2020,2020,,20세이상,취업인구,"성별,연령별,종사상지위별,사회활동별,시도별"
DT_1PJ2008,성별/연령별/생활비원천별인구-시도,101001,101,5년,2020,2020,,,인구,"성별,연령별,생활비원천별,시도별"
DT_1PJ2009,성별/교육정도별/연령별/생활비원천별인구-시도,101001,101,5년,2020,2020,,,인구,"성별,교육정도별,연령별,생활비원천별"
DT_1PK1001,성 및 활동제약 유형별 인구(5세 이상)-시군구,101001,101,5년,2010,2010,,5세 이상,인구,"활동제약유형별,행정구역별"
DT_1PK1002,"성, 연령 및 활동제약 유형별 인구(5세 이상)-시도",101001,101,5년,2010,2010,,5세 이상,인구,"성별,연령별,활동제약유형별,행정구역별"
DT_1PK1003,"성, 교육정도 및 활동제약 유형별 인구(5세 이상)-시도",101001,101,5년,2010,2010,,5세 이상,인구,"행정구역별,교육정도별,활동제약유형별"
DT_1PK1004,"성, 혼인상태 및 활동제약 유형별 인구(15세 이상)-시도",101001,101,5년,2010,2010,,15세 이상,인구,"행정구역별,혼인상태별,활동제약유형별"
DT_1PK1005,"성, 경제활동상태 및 활동제약 유형별 인구(15세 이상)-시군구",101001,101,5년,2010,2010,,15세 이상,인구,"경제활동상태별,활동제약유형별,행정구역별"
DT_1PK1006,"성, 산업 및 활동제약 유형별 취업 인구(15세 이상)-시도",101001,101,5년,2010,2010,,15세 이상,취업인구,"취업인구별,산업및활동제약유형별,시도별"
DT_1PK1007,"성, 직업 및 활동제약 유형별 취업 인구(15세 이상)-시도",101001,101,5년,2010,2010,,15세 이상,취업인구,"활동제약유형별,행정구역별"
DT_1PK1008,가구원 수 및 활동제약자수별 가구(일반가구)-시도,101001,101,5년,2010,2010,,,"가구원수,활동제약자수,가구","가구원수별,활동제약자수별,가구유형별,시도별"
DT_1PK1009,거처의 종류 및 점유형태별 활동제약자 거주가구(일반가구)-시도,101001,101,5년,2010,2010,,,활동제약자거주가구,"거처별,시도별"
DT_1PK1010,"성, 세대구성 및 활동제약 유형별 인구(5세 이상)-시도",101001,101,5년,2010,2010,,5세 이상,인구,"활동제약유형별,행정구역별"
DT_1PK1501,성별/활동제약 유형별 인구(5세 이상)-시군구,101001,101,5년,2015,2015,,5세 이상,인구,"성별,활동제약유형별,행정구역별"
DT_1PK1502,성별/연령별/활동제약 유형별 인구(5세 이상)-시도,101001,101,5년,2015,2015,,5세 이상,인구,"성별,연령별,활동제약유형별,시도별"
DT_1PK1503,성별/교육정도별/활동제약 유형별 인구(5세 이상)-시도,101001,101,5년,2015,2015,,5세 이상,인구,"성별,교육정도별,활동제약유형별,시도별"
DT_1PK1504,성별/혼인상태별/활동제약 유형별 인구(15세 이상)-시도,101001,101,5년,2015,2015,,15세 이상,인구,"성별,혼인상태별,활동제약유형별,시도별"
DT_1PK1505,"성별/세대구성별/활동제약 유형별 인구(5세 이상), 일반가구-시도",101001,101,5년,2015,2015,,5세 이상,"인구,일반가구","성별,세대구성별,활동제약유형별,시도별"
DT_1PK1506,성별/경제활동상태별/활동제약 유형별 인구(15세 이상)-시군구,101001,101,5년,2015,2015,,15세 이상,인구,"성별,경제활동상태별,활동제약유형별,행정구역별"
DT_1PK1507,성별/산업별/활동제약 유형별 취업 인구(15세 이상)-시도,101001,101,5년,2015,2015,,15세 이상,취업인구,"성별,산업별,활동제약유형별,시도별"
DT_1PK1508,성별/직업별/활동제약 유형별 취업 인구(15세 이상)-시도,101001,101,5년,2015,2015,,15세 이상,취업인구,"성별,직업별,활동제약유형별,시도별"
DT_1PK1509,성별/종사상 지위별/활동제약별 유형별 취업인구(15세 이상)-시도,101001,101,5년,2015,2015,,15세 이상,취업인구,"성별,종사상지위별,활동제약별,시도별"
DT_1PK1510,세대구성/가구원 수/활동제약자수별 가구(일반가구)-시도,101001,101,5년,2015,2015,,,가구,"세대구성별,가구원수별,활동제약자수별,가구유형별,행정구역별"
DT_1PK1511,거처의 종류별/점유형태별 활동제약자 거주가구(일반가구)-시도,101001,101,5년,2015,2015,,,활동제약자거주가구,"거처의종류별,점유형태별,시도별"
DT_1PK1513,일상생활·사회활동 활동제약 유형별 인구(5세 이상)-시군구,101001,101,5년,2015,2015,,5세 이상,인구,"행정구역별,유형별"
DT_1PK1514,성별/연령별/일상생활·사회활동 활동제약 유형별 인구(5세 이상)-시도,101001,101,5년,2015,2015,,5세 이상,인구,"성별,연령별,일상생활사회활동활동제약유형별,시도별"
DT_1PK1515,성별/교육정도별/일상생활·사회활동 활동제약 유형별 인구(5세 이상)-시도,101001,101,5년,2015,2015,,5세 이상,인구,"성별,교육정도별,일상생활사회활동활동제약유형별,시도별"
DT_1PK1516,성별/혼인상태별/일상생활·사회활동 활동제약 유형별 인구(15세 이상)-시도,101001,101,5년,2015,2015,,15세 이상,인구,"성별,혼인상태별,일상생활사회활동활동제약유형별,시도별"
DT_1PK1517,"성별/세대구성별/일상생활·사회활동 활동제약 유형별 인구(5세 이상), 일반가구-시도",101001,101,5년,2015,2015,,5세 이상,"인구,일반가구","성별,세대구성별,일상생활사회활동활동제약유형별,행정구역별"
DT_1PK1518,"연령별/세대구성별/일상생활·사회활동 활동제약 유형별 인구(5세 이상, 일반가구)-시도",101001,101,5년,2015,2015,,5세 이상,"인구,일반가구","연령별,세대구성별,일상생활사회활동활동제약유형별,시도별"
DT_1PK1519,성/직업/일상생활·사회활동 활동제약 유형별 취업 인구(15세 이상)-시도,101001,101,5년,2015,2015,,15세 이상,취업인구,"취업인구별,시도별"
DT_1PK1520,성별/일상생활·사회활동 제약유형별/활동제약 유형별 인구(5세 이상)-시도,101001,101,5년,2015,2015,,5세 이상,인구,"성별,일상생활사회활동제약유형별,활동제약유형별,시도별"
DT_1PK2001,성별/활동제약 유형별 인구(5세 이상)-시군구,101001,101,5년,2020,2020,,5세 이상,인구,"성별,활동제약유형별,행정구역별"
DT_1PK2002,성별/연령별/활동제약 유형별 인구(5세 이상)-시도,101001,101,5년,2020,2020,,5세 이상,인구,"성별,연령별,활동제약유형별,시도별"
DT_1PK2003,성별/교육정도별/활동제약 유형별 인구(5세 이상)-시도,101001,101,5년,2020,2020,,5세 이상,인구,"성별,교육정도별,활동제약유형별,시도별"
DT_1PK2004,성별/혼인상태별/활동제약 유형별 인구(15세 이상)-시도,101001,101,5년,2020,2020,,15세 이상,인구,"성별,혼인상태별,활동제약유형별,시도별"
DT_1PK2005,"성별/세대구성별/활동제약 유형별 인구(5세 이상), 일반가구-시도",101001,101,5년,2020,2020,,5세 이상,"인구,일반가구","성별,세대구성별,활동제약유형별,시도별"
DT_1PK2006,성별/경제활동상태별/활동제약 유형별 인구(15세 이상)-시군구,101001,101,5년,2020,2020,,15세 이상,인구,"성별,경제활동상태별,활동제약유형별,시군구별"
DT_1PK2007,성별/산업별/활동제약 유형별 취업 인구(15세 이상)-시도,101001,101,5년,2020,2020,,15세 이상,취업인구,"성별,산업별,활동제약유형별,시도별"
DT_1PK2008,성별/직업별/활동제약 유형별 취업 인구(15세 이상)-시도,101001,101,5년,2020,2020,,15세 이상,취업인구,"성별,직업별,활동제약유형별,시도별"
DT_1PK2009,성별/종사상 지위별/활동제약별 유형별 취업인구(15세 이상)-시도,101001,101,5년,2020,2020,,15세 이상,취업인구,"성별,종사상지위별,활동제약별,시도별"
DT_1PK2010,세대구성/가구원 수/활동제약자수별 가구(일반가구)-시도,101001,101,5년,2020,2020,,,가구,"세대구성별,가구원수별,활동제약자수별,가구유형별,행정구역별"
DT_1PK2011,거처의 종류별/점유형태별 활동제약자 거주가구(일반가구)-시도,101001,101,5년,2020,2020,,,활동제약자거주가구,"거처의종류별,점유형태별,시도별"
DT_1PK2012,성별/연령/활동제약돌봄유형별인구-시도,101001,101,5년,2020,2020,,,인구,"성별별,연령별,활동제약돌봄유형별,시도별"
DT_1PK2013,성별/연령/혼인상태/활동제약돌봄유형별인구-시도,101001,101,5년,2020,2020,,,인구,"성별별,연령별,혼인상태별,활동제약돌봄유형별,행정구역별"
DT_1PK2014,성별/연령/경제활동상태/활동제약돌봄유형별인구-시도,101001,101,5년,2020,2020,,,인구,"성별,연령,경제활동상태,활동제약돌봄유형별,시도별"
DT_1PK2015,성별/연령/활동제약유형/활동제약돌봄유형별인구-시도,101001,101,5년,2020,2020,,,인구,"성별별,연령별,활동제약유형별,활동제약돌봄유형별,시도별"
DT_1PK2016,성별/연령/활동제약지속기간/활동제약돌봄유형별인구-시도,101001,101,5년,2020,2020,,,인구,"성별,연령,활동제약지속기간별,활동제약돌봄유형별,행정구역별"
DT_1PL1001,성 및 거처의 종류별 1인가구-시군구,101001,101,5년,2010,2010,,,1인가구,"거처종류별,행정구역별"
DT_1PL1002,"성, 연령 및 교육정도별 1인가구-시군구",101001,101,5년,2010,2010,,,1인가구,"성별,연령별,교육정도별,행정구역별"
DT_1PL1003,"성, 연령 및 혼인상태별 1인가구(15세이상)-시군구",101001,101,5년,2010,2010,,15세이상,1인가구,"성별,연령별,혼인상태별,행정구역별"
DT_1PL1004,"성, 연령 및 사회활동별 1인가구(15세 이상)-시도",101001,101,5년,2010,2010,,15세 이상,1인가구,"성별,연령별,사회활동별,시도별"
DT_1PL1005,"성, 연령 및 경제활동상태별 1인가구(15세 이상)-시도",101001,101,5년,2010,2010,,15세 이상,1인가구,"성별,연령별,경제활동상태별,시도별"
DT_1PL1006,"성, 연령 및 산업별 1인가구(15세 이상)-시도",101001,101,5년,2010,2010,,15세 이상,1인가구,"성별,연령별,산업별,행정구역별"
DT_1PL1007,"성, 연령 및 직업별 1인가구(15세 이상)-시도",101001,101,5년,2010,2010,,15세 이상,"성,연령,직업별1인가구,시도","성별,연령별,직업별,시도별"
DT_1PL1008,"성, 연령 및 거주기간별 1인가구-시도",101001,101,5년,2010,2010,,,1인가구,"성별,연령별,거주기간별,시도별"
DT_1PL1009,"성, 연령 및 거처의 종류별 1인가구-시군구",101001,101,5년,2010,2010,,,1인가구,"성별,연령별,거처종류별,행정구역별"
DT_1PL1010,"성, 연령 및 점유형태별 1인가구-시군구",101001,101,5년,2010,2010,,,1인가구,"성별,연령별,점유형태별,행정구역별"
DT_1PL1011,"거처의 종류, 사용방수 및 점유형태별 1인가구-시군구",101001,101,5년,2010,2010,,,1인가구,"거처별,사용방수별,점유형태별,행정구역별"
DT_1PL1012,거처의 종류 및 주거시설 형태별 1인가구-시군구,101001,101,5년,2010,2010,,,"거처,주거시설,1인가구","거처별,주거시설형태별,가구원수별,행정구역별"
DT_1PL1013,"성, 연령 및 활동제약유형별 1인가구(5세 이상)-시도",101001,101,5년,2010,2010,,5세 이상,1인가구,"성별,연령별,활동제약유형별,행정구역별"
DT_1PL1014,"성, 거처의 종류 및 점유형태별 활동제약자 1인가구(5세 이상)-시도",101001,101,5년,2010,2010,,5세 이상,활동제약자1인가구,"활동제약자1인가구를성,거처의종류및점유형태별로분류한자료이므로다음과같은분류기준을확인할수있습니다성별남성과여성으로나누어분석했을가능성있음거처종류별주거형태를구분하여분석했을가능성있음점유형태별자가의여부나임대차계약등거주형태에따라분류하여분석했을가능성이있음따라서이통계표에서는성,거처종류,점유형태가분류기준임을알수있습니다"
DT_1PL1015,"성, 거처의 종류 및 점유형태별 고령자 1인가구(60세이상)-시도",101001,101,5년,2010,2010,,60세이상,고령자1인가구,"거처종류및점유형태별,시도별"
DT_1PL1016,"성, 거처의 종류 및 점유형태별 활동제약 고령자 1인가구(60세이상)-시도",101001,101,5년,2010,2010,,60세이상,활동제약고령자1인가구,"활동제약고령자1인가구를성별로나누어조사한후,거처의종류와점유형태를추가로분류하여시도별로정리한통계표이므로아래와같은분류기준들을추출할수있습니다성별거처의종류별점유형태별행정구역별"
DT_1PL1017,"현 거주지, 성, 연령 및 출생지별 1인가구-시도",101001,101,5년,2010,2010,,,1인가구,"거주지별,성별,연령별,출생지별"
DT_1PL1018,"현 거주지, 성, 연령 및 1년 전 거주지별 1인가구(1세 이상)-시도",101001,101,5년,2010,2010,,1세 이상,1인가구,"거주지별,성별,연령별,시도별"
DT_1PL1019,"현 거주지, 성, 연령 및 5년 전 거주지별 1인가구(5세 이상)-시도",101001,101,5년,2010,2010,,5세 이상,1인가구,"거주지별,성별,연령별,5년전거주지별"
DT_1PL1501,성 및 거처의 종류별 1인가구 - 시군구,101001,101,년,2015,2023,,,1인가구,"거처종류별,행정구역별"
DT_1PL1502,성 및 연령별 1인가구 - 시군구,101001,101,년,2015,2023,,,1인가구,"성별,연령별,행정구역별"
DT_1PL1509,"성, 연령 및 거처의 종류별 1인가구 - 시군구",101001,101,년,2015,2023,,,1인가구,"성별,연령별,거처종류별,행정구역별"
DT_1PL2010,거처의 종류 및 주거시설 형태별 1인가구 - 시군구,101001,101,5년,2020,2020,,,"거처,주거시설,1인가구,시군구","거처별,주거시설형태별,행정구역별"
DT_1PL2011,"현 거주지, 성, 연령 및 1년 전 거주지별 1인가구(1세이상) - 시군구",101001,101,년,2020,2023,,1세이상,1인가구,거주지별
DT_1PM0001,"성별/연령별/혼인상태별 인구(15세이상, 내국인)-시군구",101001,101,5년,2000,2000,,15세이상,인구,"성별,연령별,혼인상태별,행정구역별"
DT_1PM1501,"성, 연령 및 교육정도별 인구(6세이상,내국인)-시군구",101001,101,5년,2015,2015,,6세이상,인구,"성별,연령별,교육정도별"
DT_1PM1502,성별/연령별/종교별 인구-시군구,101001,101,5년,2015,2015,,,인구,"성별,연령별,종교별,행정구역별"
DT_1PM1503,"연령별/성별/혼인상태별 인구(15세이상,내국인)-시군구",101001,101,5년,2015,2015,,15세이상,인구,"연령별,성별,혼인상태별,행정구역별"
DT_1PM1504,"성, 연령, 혼인상태 및 교육정도별 인구(15세 이상, 내국인)-시군구",101001,101,5년,2015,2015,,15세 이상,인구,"성별,연령별,혼인상태별,교육정도별,행정구역별"
DT_1PM1505,가구주와의 관계별/성별/혼인상태별 인구(일반가구)-시군구,101001,101,5년,2015,2015,,,"가구주,성별,혼인상태별인구","가구주와의관계별,성별,혼인상태별,행정구역별"
DT_1PM1506,성별/연령별/혼인상태별/세대구성별 인구(일반가구)-시군구,101001,101,5년,2015,2015,,,인구,"성별,연령별,혼인상태별,세대구성별,행정구역별"
DT_1PM1507,"성별/연령별/교육정도별 인구(6세이상, 내국인)-동읍면",101001,101,5년,2015,2015,,6세이상,인구,"성별별,연령별,교육정도별,행정구역별"
DT_1PM1508,"성별/연령별/혼인상태별 인구(15세이상, 내국인)-동읍면",101001,101,5년,2015,2015,,15세이상,인구,"성별,연령별,혼인상태별,행정구역별"
DT_1PM2001,"성, 연령 및 교육정도, 교육상태별 인구(6세이상, 내국인)-시군구",101001,101,5년,2020,2020,,6세이상,인구,"성별,연령별,교육정도별,교육상태별,행정구역별"
DT_1PM2002,"연령별/성별/혼인상태별 인구(15세이상,내국인)-시군구",101001,101,5년,2020,2020,,15세이상,인구,"연령별,성별,혼인상태별,행정구역별"
DT_1PM2003,"성, 연령, 혼인상태 및 교육정도별 인구(15세 이상, 내국인)-시군구",101001,101,5년,2020,2020,,15세 이상,인구,"성별,연령별,혼인상태별,교육정도별,행정구역별"
DT_1PM2004,가구주와의 관계별/성별/혼인상태별 인구(일반가구)-시군구,101001,101,5년,2020,2020,,,"가구주,성별,혼인상태별인구","가구주와의관계별,성별,혼인상태별,행정구역별"
DT_1PM2005,성별/연령별/혼인상태별/세대구성별 인구(일반가구)-시군구,101001,101,5년,2020,2020,,,인구,"성별,연령별,혼인상태별,세대구성별,행정구역별"
DT_1PM2006,"성별/연령별/교육정도별 인구(6세이상, 내국인)-동읍면",101001,101,5년,2020,2020,,6세이상,인구,"성별,연령별,교육정도별,행정구역별"
DT_1PM2007,"성별/연령별/혼인상태별 인구(15세이상, 내국인)-동읍면",101001,101,5년,2020,2020,,15세이상,인구,"성별,연령별,혼인상태별,행정구역별"
DT_1PN1501,"성, 연령 및 교육정도별 외국인(6세이상)-시도",101001,101,5년,2015,2015,,6세이상,외국인,"성별,연령별,교육정도별,시도별"
DT_1PN1502,"성, 연령 및 혼인상태별 외국인(15세이상)-시도",101001,101,5년,2015,2015,,15세이상,외국인,"성별,연령별,혼인상태별,시도별"
DT_1PN1503,성별/현재국적별/교육정도별 외국인(6세 이상)-시도,101001,101,5년,2015,2015,,6세 이상,외국인,"성별별,현재국적별,교육정도별,시도별"
DT_1PN1504,성별/현재국적별/혼인상태별 외국인(15세 이상)-시도,101001,101,5년,2015,2015,,15세 이상,외국인,"성별별,현재국적별,혼인상태별,시도별"
DT_1PN1505,성별/혼인상태별/입국연도별 외국인(15세 이상)-시도,101001,101,5년,2015,2015,,15세 이상,외국인,"성별,혼인상태별,입국연도별,시도별"
DT_1PN1506,연령별/가구주와의 관계별 외국인(외국인가구)-시도,101001,101,5년,2015,2015,,,"외국인,외국인가구","연령별,가구주와의관계별,시도별"
DT_1PN1507,성별/현재국적별/직업(대분류)별 외국인(15세이상)-전국,101001,101,5년,2015,2015,,15세이상,외국인,"성별별,현재국적별,직업별"
DT_1PN1508,성별/현재국적별/경제활동상태별 외국인(15세이상)-시도,101001,101,5년,2015,2015,,15세이상,외국인,"성별별,현재국적별,경제활동상태별,시도별"
DT_1PN1509,성별/현재국적별/산업(대분류)별 외국인(15세이상)-전국,101001,101,5년,2015,2015,,15세이상,외국인,"성별,현재국적별,산업별"
DT_1PN1510,성별/현재국적별/종사상지위별 외국인(15세이상)-시도,101001,101,5년,2015,2015,,15세이상,외국인,"성별별,현재국적별,종사상지위별,시도별"
DT_1PN2001,"성, 연령 및 교육정도별 외국인(6세이상)-시도",101001,101,5년,2020,2020,,6세이상,외국인,"성별,연령별,교육정도별,시도별"
DT_1PN2002,"성, 연령 및 혼인상태별 외국인(15세이상)-시도",101001,101,5년,2020,2020,,15세이상,외국인,"성별,연령별,혼인상태별,시도별"
DT_1PN2003,성별/현재국적별/교육정도별 외국인(6세 이상)-시도,101001,101,5년,2020,2020,,6세 이상,외국인,"성별별,현재국적별,교육정도별,시도별"
DT_1PN2004,성별/현재국적별/혼인상태별 외국인(15세 이상)-시도,101001,101,5년,2020,2020,,15세 이상,외국인,"성별별,현재국적별,혼인상태별,시도별"
DT_1PN2005,성별/혼인상태별/입국연도별 외국인(15세 이상)-시도,101001,101,5년,2020,2020,,15세 이상,외국인,"성별별,혼인상태별,입국연도별,시도별"
DT_1PN2006,연령별/가구주와의 관계별 외국인(외국인가구)-시도,101001,101,5년,2020,2020,,,"외국인,외국인가구","연령별,가구주와의관계별,시도별"
DT_1PN2007,성별/현재국적별/직업(대분류)별 외국인(15세이상)-전국,101001,101,5년,2020,2020,,15세이상,외국인,"성별별,현재국적별,직업별"
DT_1PN2008,성별/현재국적별/경제활동상태별 외국인(15세이상)-시도,101001,101,5년,2020,2020,,15세이상,외국인,"성별별,현재국적별,경제활동상태별,시도별"
DT_1PN2009,성별/현재국적별/산업(대분류)별 외국인(15세이상)-전국,101001,101,5년,2020,2020,,15세이상,외국인,"성별별,현재국적별,산업별"
DT_1PN2010,성별/현재국적별/종사상지위별 외국인(15세이상)-시도,101001,101,5년,2020,2020,,15세이상,외국인,"성별별,현재국적별,종사상지위별,시도별"
DT_1PO1501,연령별/첫 출산연령별 기혼여성인구(15세이상)-시도,101001,101,5년,2015,2015,,15세이상,기혼여성인구,"연령별,첫출산연령별,시도별"
DT_1PO1502,연령별/마지막 출산연령별 기혼여성인구(15세이상)-시도,101001,101,5년,2015,2015,,15세이상,기혼여성인구,"연령별,마지막출산연령별,시도별"
DT_1PO1505,연령별/초혼연령별/총 출산기간별 기혼여성인구(15세이상)-시도,101001,101,5년,2015,2015,,15세이상,기혼여성인구,"연령별,초혼연령별,총출산기간별,시도별"
DT_1PO1506,연령별/교육정도별/총 출산기간별 기혼여성인구(15세이상)-시도,101001,101,5년,2015,2015,,15세이상,기혼여성인구,"연령별,교육정도별,총출산기간별"
DT_1PO1507,연령별/경제활동상태별/총 출산기간별 기혼여성인구(15세이상)-시도,101001,101,5년,2015,2015,,15세이상,기혼여성인구,"연령별,경제활동상태별,총출산기간별"
DT_1PO1508,연령별/종사상지위별/총 출산기간별 기혼여성인구(15세이상)-시도,101001,101,5년,2015,2015,,15세이상,기혼여성인구,"연령별,종사상지위별,총출산기간별,시도별"
DT_1PO1509,연령별/출생자녀수별/총 출산기간별 기혼여성인구(15세이상)-시도,101001,101,5년,2015,2015,,15세이상,기혼여성인구,"연령별,출생자녀수별,총출산기간별,시도별"
DT_1PO1510,혼인상태별/출생자녀수별/총 출산기간별 기혼여성인구(15세이상)-시도,101001,101,5년,2015,2015,,15세이상,기혼여성인구,"혼인상태별,출생자녀수별,총출산기간별,시도별"
DT_1PO1511,연령별/마지막 출산연령별/추가계획자녀수별 기혼여성인구(15세이상)-시도,101001,101,5년,2015,2015,,15세이상,기혼여성인구,"연령별,마지막출산연령별,추가계획자녀수별,시도별"
DT_1PO2001,연령별/첫 출산연령별 기혼여성인구(15세이상)-시도,101001,101,5년,2020,2020,,15세이상,기혼여성인구,"연령별,첫출산연령별,시도별"
DT_1PO2002,연령별/마지막 출산연령별 기혼여성인구(15세이상)-시도,101001,101,5년,2020,2020,,15세이상,기혼여성인구,"연령별,마지막출산연령별,시도별"
DT_1PO2003,연령별/초혼연령별/총 출산기간별 기혼여성인구(15세이상)-시도,101001,101,5년,2020,2020,,15세이상,기혼여성인구,"연령별,초혼연령별,총출산기간별,시도별"
DT_1PO2004,연령별/교육정도별/총 출산기간별 기혼여성인구(15세이상)-시도,101001,101,5년,2020,2020,,15세이상,기혼여성인구,"연령별,교육정도별,총출산기간별,시도별"
DT_1PO2005,연령별/경제활동상태별/총 출산기간별 기혼여성인구(15세이상)-시도,101001,101,5년,2020,2020,,15세이상,기혼여성인구,"연령별,경제활동상태별,총출산기간별"
DT_1PO2006,연령별/종사상지위별/총 출산기간별 기혼여성인구(15세이상)-시도,101001,101,5년,2020,2020,,15세이상,기혼여성인구,"연령별,종사상지위별,총출산기간별,시도별"
DT_1PO2007,연령별/출생자녀수별/총 출산기간별 기혼여성인구(15세이상)-시도,101001,101,5년,2020,2020,,15세이상,기혼여성인구,"연령별,출생자녀수별,총출산기간별,시도별"
DT_1PO2008,혼인상태별/출생자녀수별/총 출산기간별 기혼여성인구(15세이상)-시도,101001,101,5년,2020,2020,,15세이상,기혼여성인구,"혼인상태별,출생자녀수별,총출산기간별,시도별"
DT_1PO2009,연령별/마지막 출산연령별/추가계획자녀수별 기혼여성인구(15세이상)-시도,101001,101,5년,2020,2020,,15세이상,기혼여성인구,"연령별,마지막출산연령별,추가계획자녀수별,시도별"
DT_1PQ1501,"연령별/결혼전 취업여부별/경력단절여부별 여성인구(20세이상, 일반 가구)-시도",101001,101,5년,2015,2015,,20세이상,"여성인구,일반가구","연령별,결혼전취업여부별,경력단절여부별,시도별"
DT_1PQ1502,"연령별/경력단절사유별 여성인구(20세이상, 일반가구)-시도",101001,101,5년,2015,2015,,20세이상,"여성인구,일반가구","연령별,경력단절사유별,시도별"
DT_1PQ1503,"연령별/교육정도별 경력단절여성인구(20세이상, 일반가구)-시도",101001,101,5년,2015,2015,,20세이상,"경력단절여성인구,일반가구","연령별,교육정도별,시도별"
DT_1PQ1504,"연령별/혼인상태별 경력단절여성인구(20세이상, 일반가구)-시도",101001,101,5년,2015,2015,,20세이상,"경력단절여성인구,일반가구","연령별,혼인상태별,시도별"
DT_1PQ1505,"연령별/경제활동상태별 경력단절여성인구(20세이상, 일반가구)-시도",101001,101,5년,2015,2015,,20세이상,"경력단절여성인구,일반가구","연령별,경제활동상태별,시도별"
DT_1PQ1506,"연령별/산업(대분류)별 경력단절여성인구(20세이상, 일반가구)-시도",101001,101,5년,2015,2015,,20세이상,"경력단절여성인구,일반가구","연령별,산업별,시도별"
DT_1PQ1507,"연령별/직업(대분류)별 경력단절여성인구(20세이상, 일반가구)-시도",101001,101,5년,2015,2015,,20세이상,"경력단절여성인구,일반가구","연령별,직업별,시도별"
DT_1PQ1508,"연령별/종사상지위별 경력단절여성인구(20세이상, 일반가구)-시도",101001,101,5년,2015,2015,,20세이상,"경력단절여성인구,일반가구","연령별,종사상지위별,시도별"
DT_1PQ1509,"연령별/현직업 근무년수별 경력단절여성인구(20세이상, 일반가구)-시도",101001,101,5년,2015,2015,,20세이상,"경력단절여성인구,일반가구","연령별,현직업근무년수별,시도별"
DT_1PQ1510,"연령별/출산자녀수별 경력단절여성인구(20세이상, 일반가구)-시도",101001,101,5년,2015,2015,,20세이상,"경력단절여성인구,일반가구","연령별,출산자녀수별,시도별"
DT_1PQ1511,"연령별/추가계획자녀수별/출산자녀수별 경력단절여성인구(20세이상, 일반가구)-시도",101001,101,5년,2015,2015,,20세이상,"경력단절여성인구,일반가구","연령별,추가계획자녀수별,출산자녀수별,시도별"
DT_1PQ1512,"시도별 경력단절 여성이 있는 가구(20세이상, 일반가구)-시도",101001,101,5년,2015,2015,,20세이상,"경력단절여성,가구",시도별
DT_1PQ1514,"점유형태별 경력단절 여성이 있는 가구(20세이상, 일반가구)-시군구",101001,101,5년,2015,2015,,20세이상,"경력단절여성,가구","경력단절여성이있는가구별,행정구역별"
DT_1PQ1515,"연령별/세대구성별 경력단절여성인구(20세이상, 일반가구)-시도",101001,101,5년,2015,2015,,20세이상,"경력단절여성인구,일반가구","연령별,세대구성별,시도별"
DT_1PQ2001,"연령별/결혼전 취업여부별/경력단절여부별 여성인구(20세이상, 일반 가구)-시도",101001,101,5년,2020,2020,,20세이상,"여성인구,일반가구","연령별,결혼전취업여부별,경력단절여부별,시도별"
DT_1PQ2002,"연령별/경력단절사유별 여성인구(20세이상, 일반가구)-시도",101001,101,5년,2020,2020,,20세이상,"여성인구,일반가구","연령별,경력단절사유별,시도별"
DT_1PQ2003,"연령별/교육정도별 경력단절여성인구(20세이상, 일반가구)-시도",101001,101,5년,2020,2020,,20세이상,"경력단절여성인구,일반가구","연령별,교육정도별,시도별"
DT_1PQ2004,"연령별/혼인상태별 경력단절여성인구(20세이상, 일반가구)-시도",101001,101,5년,2020,2020,,20세이상,"경력단절여성인구,일반가구","연령별,혼인상태별,시도별"
DT_1PQ2005,"연령별/경제활동상태별 경력단절여성인구(20세이상, 일반가구)-시도",101001,101,5년,2020,2020,,20세이상,"경력단절여성인구,일반가구","연령별,경제활동상태별,시도별"
DT_1PQ2006,"연령별/산업(대분류)별 경력단절여성인구(20세이상, 일반가구)-시도",101001,101,5년,2020,2020,,20세이상,"경력단절여성인구,일반가구","연령별,산업별,시도별"
DT_1PQ2007,"연령별/직업(대분류)별 경력단절여성인구(20세이상, 일반가구)-시도",101001,101,5년,2020,2020,,20세이상,"경력단절여성인구,일반가구","연령별,직업별,시도별"
DT_1PQ2008,"연령별/종사상지위별 경력단절여성인구(20세이상, 일반가구)-시도",101001,101,5년,2020,2020,,20세이상,"경력단절여성인구,일반가구","연령별,종사상지위별,시도별"
DT_1PQ2009,"연령별/현직업 근무년수별 경력단절여성인구(20세이상, 일반가구)-시도",101001,101,5년,2020,2020,,20세이상,"경력단절여성인구,일반가구","연령별,현직업근무년수별,시도별"
DT_1PQ2010,"연령별/출산자녀수별 경력단절여성인구(20세이상, 일반가구)-시도",101001,101,5년,2020,2020,,20세이상,경력단절여성인구,"연령별,출산자녀수별,시도별"
DT_1PQ2011,"연령별/추가계획자녀수별/출산자녀수별 경력단절여성인구(20세이상, 일반가구)-시도",101001,101,5년,2020,2020,,20세이상,"경력단절여성인구,일반가구","연령별,추가계획자녀수별,출산자녀수별,시도별"
DT_1PQ2012,"시도별 경력단절 여성이 있는 가구(20세이상, 일반가구)-시도",101001,101,5년,2020,2020,,20세이상,"경력단절여성,가구",행정구역별
DT_1PQ2013,"점유형태별 경력단절 여성이 있는 가구(20세이상, 일반가구)-시군구",101001,101,5년,2020,2020,,20세이상,"경력단절여성,가구","경력단절여성이있는가구별,행정구역별"
DT_1PQ2014,"연령별/세대구성별 경력단절여성인구(20세이상, 일반가구)-시군구",101001,101,5년,2020,2020,,20세이상,"경력단절여성인구,일반가구","연령별,세대구성별,행정구역별"
DT_1PR1501,성별/연령별/교육정도별 1인가구(일반가구)-시군구,101001,101,5년,2015,2015,,,1인가구,"성별별,연령별,교육정도별,행정구역별"
DT_1PR1502,"성별/연령별/혼인상태별 1인가구(15세이상, 일반가구)-시군구",101001,101,5년,2015,2015,,15세이상,"1인가구,일반가구","성별별,연령별,혼인상태별,행정구역별"
DT_1PR1503,"성별/연령별/사회활동별 1인가구(20세 이상, 일반가구)-시도",101001,101,5년,2015,2015,,20세 이상,"1인가구,일반가구","성별별,연령별,사회활동별,가구별,행정구역별"
DT_1PR1504,"성별/연령별/경제활동상태별 1인가구(15세 이상, 일반가구)-시도",101001,101,5년,2015,2015,,15세 이상,"1인가구,일반가구","성별별,연령별,경제활동상태별,가구유형별,행정구역별"
DT_1PR1505,"성별/연령별/산업별 1인가구(15세 이상, 일반가구)-시도",101001,101,5년,2015,2015,,15세 이상,"1인가구,일반가구","성별,연령별,산업별,시도별"
DT_1PR1506,"성별/연령별/직업별 1인가구(15세 이상, 일반가구)-시도",101001,101,5년,2015,2015,,15세 이상,"1인가구,일반가구","성별별,연령별,직업별,시도별"
DT_1PR1507,성별/연령별/거주기간별 1인가구(일반가구)-시도,101001,101,5년,2015,2015,,,1인가구,"성별별,연령별,거주기간별,시도별"
DT_1PR1508,성별/연령별/점유형태별 1인가구(일반가구)-시군구,101001,101,5년,2015,2015,,,1인가구,"성별,연령별,점유형태별,행정구역별"
DT_1PR1509,거처의 종류별/사용방수별/점유형태별 1인가구(일반가구)-시군구,101001,101,5년,2015,2015,,,1인가구,"거처의종류별,사용방수별,점유형태별"
DT_1PR1510,거처의 종류별/주거시설 형태별 1인가구(일반가구)-시군구,101001,101,5년,2015,2015,,,1인가구,"거처종류별,주거형태별,가구유형별,행정구역별"
DT_1PR1511,"성별/연령별/활동제약유형별 1인가구(5세 이상, 일반가구)-시도",101001,101,5년,2015,2015,,5세 이상,"1인가구,일반가구","성별,연령별,활동제약유형별,시도별"
DT_1PR1513,"성별/거처의 종류별/점유형태별 고령자 1인가구(60세이상, 일반가구)-시도",101001,101,5년,2015,2015,,60세이상,"고령자1인가구,일반가구","성별,거처종류별,점유형태별,시도별"
DT_1PR1515,현 거주지별/성별/연령별/출생지별 1인가구(일반가구)-시도,101001,101,5년,2015,2015,,,1인가구,"거주지별,성별,연령별,출생지별"
DT_1PR1516,"현 거주지별/성별/연령별/1년 전 거주지별 1인가구(1세 이상, 일반가구)-시군구",101001,101,5년,2015,2015,,1세 이상,"1인가구,일반가구","거주지별,성별,연령별,1년전거주지별"
DT_1PR1517,"현 거주지별/성별/연령별/5년 전 거주지별 1인가구(5세 이상, 일반가구)-시군구",101001,101,5년,2015,2015,,5세 이상,"1인가구,일반가구","거주지별,성별,연령별,5년전거주지별"
DT_1PR2001,성별/연령별/교육정도별 1인가구(일반가구)-시군구,101001,101,5년,2020,2020,,,1인가구,"성별별,연령별,교육정도별,행정구역별"
DT_1PR2002,성별/연령별/혼인상태별 1인가구(일반가구)-시군구,101001,101,5년,2020,2020,,,1인가구,"성별별,연령별,혼인상태별,행정구역별"
DT_1PR2003,"성별/연령별/사회활동별 1인가구(20세 이상, 일반가구)-시도",101001,101,5년,2020,2020,,20세 이상,"1인가구,일반가구","성별별,연령별,사회활동별,시도별"
DT_1PR2004,"성별/연령별/경제활동상태별 1인가구(15세 이상, 일반가구)-시도",101001,101,5년,2020,2020,,15세 이상,"1인가구,일반가구","성별,연령별,경제활동상태별,시도별"
DT_1PR2005,"성별/연령별/산업별 1인가구(15세 이상, 일반가구)-시도",101001,101,5년,2020,2020,,15세 이상,"1인가구,일반가구","성별,연령별,산업별,시도별"
DT_1PR2006,"성별/연령별/직업별 1인가구(15세 이상, 일반가구)-시도",101001,101,5년,2020,2020,,15세 이상,"1인가구,일반가구","성별별,연령별,직업별,시도별"
DT_1PR2007,성별/연령별/거주기간별 1인가구(일반가구)-시도,101001,101,5년,2020,2020,,,1인가구,"성별별,연령별,거주기간별,시도별"
DT_1PR2008,성별/연령별/점유형태별 1인가구(일반가구)-시군구,101001,101,5년,2020,2020,,,1인가구,"성별,연령별,점유형태별,행정구역별"
DT_1PR2009,거처의 종류별/사용방수별/점유형태별 1인가구(일반가구)-시군구,101001,101,5년,2020,2020,,,"1인가구,일반가구","거처의종류별,사용방수별,점유형태별"
DT_1PR2010,"성별/연령별/활동제약유형별 1인가구(5세 이상, 일반가구)-시도",101001,101,5년,2020,2020,,5세 이상,"1인가구,일반가구","성별,연령별,활동제약유형별,시도별"
DT_1PR2011,"성별/거처의 종류별/점유형태별 고령자 1인가구(60세이상, 일반가구)-시도",101001,101,5년,2020,2020,,60세이상,"고령자1인가구,일반가구","성별,거처종류별,점유형태별,시도별"
DT_1PR2012,현 거주지별/성별/연령별/출생지별 1인가구(일반가구)-시도,101001,101,5년,2020,2020,,,"1인가구,일반가구","거주지별,성별,연령별,출생지별"
DT_1PR2013,"현 거주지별/성별/연령별/5년 전 거주지별 1인가구(5세 이상, 일반가구)-시군구",101001,101,5년,2020,2020,,5세 이상,"1인가구,일반가구","거주지별,성별,연령별,5년전거주지별"
DT_1PR2014,성별/연령별/1인가구사유별가구-시도,101001,101,5년,2020,2020,,,가구,"성별,연령별,1인가구사유별,시도별"
DT_1PR2015,성별/연령별/혼인상태별/1인가구사유별가구-시도,101001,101,5년,2020,2020,,,가구,"성별,연령별,혼인상태별,1인가구사유별,시도별"
DT_1PR2016,성별/연령별/경제활동상태별/1인가구사유별가구-시도,101001,101,5년,2020,2020,,,가구,"성별,연령별,경제활동상태별,1인가구사유별,시도별"
DT_1PR2017,성별/연령별/혼자산기간별가구-시도,101001,101,5년,2020,2020,,,가구,"성별별,연령별,혼자산기간별,시도별"
DT_1PR2018,성별/연령별/혼인상태별/혼자산기간별가구-시도,101001,101,5년,2020,2020,,,가구,"성별별,연령별,혼인상태별,혼자산기간별,시도별"
DT_1PR2019,성별/연령별/1인가구사유별/혼자산기간별가구-시도,101001,101,5년,2020,2020,,,가구,"성별별,연령별,1인가구사유별,혼자산기간별,시도별"
DT_1SA6001,현거주지/출생지/성/연령별 인구,101001,101,5년,1960,1960,,,인구,"현거주지별,출생지별,성별,연령별"
DT_1SA6002,시도/연령/성/수학년수별 인구(7세이상),101001,101,5년,1960,1960,,7세이상,인구,"시도별,연령별,성별"
DT_1SA6003,행정구역/연령/성별 문맹자수(13세 이상),101001,101,5년,1960,1960,,13세 이상,문맹자수,"행정구역별,연령별,성별"
DT_1SA6004,시도/가구주와의 관계별 인구,101001,101,5년,1960,1960,,,가구주와의관계별인구,"행정구역별,가구주와의관계별"
DT_1SA6005,시도/세대수/가구원수별 개인가구수,101001,101,5년,1960,1960,,,개인가구수,"시도별,가구원수별"
DT_1SA6006,시도/가구주의 혼인상태/성/가구원수별 개인가구수,101001,101,5년,1960,1960,,,가구,"행정구역별,혼인상태별,성별,가구원수별"
DT_1SA6007,시도/산업(대분류)/성/가구원수별 가구수,101001,101,5년,1960,1960,,,"가구원수,가구","시도별,산업별,성별,가구원수별"
DT_1SA6008,시도/직업(대분류)/성/가구원수별 가구수,101001,101,5년,1960,1960,,,가구원수별가구수,"시도별,직업별,성별,가구원수별"
DT_1SA6009,시도/연령/성/경제활동상태별 인구(13세 이상),101001,101,5년,1960,1960,,13세 이상,인구,"시도별,연령별,성별,경제활동상태별"
DT_1SA6010,시도/수학년수/성/경제활동상태별 인구,101001,101,5년,1960,1960,,,인구,"행정구역별,경제활동상태별"
DT_1SA6011,시도/연령/성/수학년수별 취업자수(13세 이상),101001,101,5년,1960,1960,,13세 이상,취업자수,"시도별,연령별,성별로"
DT_1SA6012,시도/산업/취업상태/성별 취업자수(13세 이상),101001,101,5년,1960,1960,,13세 이상,취업자수,"행정구역별,산업별,취업상태별,성별"
DT_1SA6013,시도/산업/직업별 취업자수,101001,101,5년,1960,1960,,,취업자수,"시도별,산업별,직업별"
DT_1SA6014,시도/직업/취업상태/성별 취업자수(13세 이상),101001,101,5년,1960,1960,,13세 이상,취업자수,"시도별,직업별,취업상태별,성별"
DT_1SA6015,시도/직업/성/연령별 취업자수(13세 이상),101001,101,5년,1960,1960,,13세 이상,취업자수,"시도별,직업별,성별,연령별"
DT_1SA6016,시도/직업/성/수학년수별 취업자수(13세 이상),101001,101,5년,1960,1960,,13세 이상,취업자수,"시도별,직업별,성별,수학년수별"
DT_1SA6017,시도/산업/성/종사상의 지위별 취업자수(13세 이상),101001,101,5년,1960,1960,,13세 이상,취업자수,"시도별,산업별,성별,종사상의지위별"
DT_1SA6018,시도/직업/성/종사상의 지위별 취업자수(13세 이상),101001,101,5년,1960,1960,,13세 이상,취업자수,"시도별,직업별,성별,종사상의지위별"
DT_1SA6019,시도/전직업/전산업/성별 실업자수(13세 이상),101001,101,5년,1960,1960,,13세 이상,실업자수,"시도별,성별"
DT_1SA6020,시도/전직업/성/연령별 실업자수(13세 이상),101001,101,5년,1960,1960,,13세 이상,실업자수,"시도별,전직업별,성별,연령별"
DT_1SA6021,시도/전직업/성/수학년수별 실업자수(13세 이상),101001,101,5년,1960,1960,,13세 이상,실업자수,"시도별,전직업별,성별,수학년수별"
DT_1SA6022,시도/전산업/성/종사상의 지위별 실업자수(13세 이상),101001,101,5년,1960,1960,,13세 이상,실업자수,지위별
DT_1SA6023,시도/전직업/성/종사상의 지위별 실업자수(13세 이상),101001,101,5년,1960,1960,,13세 이상,실업자수,"시도별,전직업별,성별,종사상의지위별"
DT_1SA6024,시도/비구직사유/성/연령별 비구직자수(13세 이상),101001,101,5년,1960,1960,,13세 이상,비구직자수,"시도별,비구직사유별,성별,연령별"
DT_1SA6025,시도/방수/가구원수별 현주개인「집 또는 거주」수,101001,101,5년,1960,1960,,,현주개인집또는거주수,"시도별,방수별,가구원수별"
DT_1SA6026,시도/방평수/가구원수별 현주개인「집 또는 거주」수,101001,101,5년,1960,1960,,,가구,"시도별,방평수별,가구원수별"
DT_1SA6027,대청마루평수/방수별 개인「집 또는 거주」수,101001,101,5년,1960,1960,,,개인집또는거주수,대청마루평수방수별
DT_1SA6028,시도/설비/소유관계별 「집 또는 거주」수 및 현주자수,101001,101,5년,1960,1960,,,"집또는거주수,현주자수","시도별,설비소유관계별"
DT_1SA6029,"시도/음료수,변소형태/소유관계별 「집 또는 거주」수 및 현주자수",101001,101,5년,1960,1960,,,"음료수,변소형태,소유관계별집또는거주수,현주자수","행정구역별,음료수형태별,소유관계별"
DT_1SA6030,"아궁이형태/현주,공가/굴뚝상태별 개인「집 또는 거주」수",101001,101,5년,1960,1960,,,개인집또는거주수,"아궁이형태별,현주공가별,굴뚝상태별"
DT_1SA6031,건물내「집 또는 거주」수별 사업체나 비거주가 붙은「집또는거주」수,101001,101,5년,1960,1960,,,"사업체수,집또는거주수",집또는거주수별
DT_1SA6032,시도/「집또는거주」구조별 개인·집단별 「집또는거주」수 및 현주자,101001,101,5년,1960,1960,,,"개인,집단별집또는거주수,현주자","행정구역별,개인또는집단별"
DT_1SA6033,시도/벽/지붕의 재료별 「집 또는 거주」수,101001,101,5년,1960,1960,,,집또는거주수,재료별
DT_1SA6034,연령/성별/재학년수별인구(7세이상),101001,101,5년,1960,1960,,7세이상,인구,"연령별,성별,재학년수별"
DT_1SA6035,출생지/성별/재학년수별인구(7세이상),101001,101,5년,1960,1960,,7세이상,인구,"출생지별,성별,재학년수별"
DT_1SA6601,"시도/연령별 부인수,총출생아수,1년간 출생부인수 및 출생아수",101001,101,5년,1966,1966,,,"부인수,총출생아수,1년간출생부인수,출생아수","시도별,연령별"
DT_1SA6602,시도/배우관계/출생아수별 부인,101001,101,5년,1966,1966,,,"부인,출생아수","시도별,배우관계별"
DT_1SA6603,시도/교육정도별 출생아수,101001,101,5년,1966,1966,,,출생아수,"시도별,교육정도별"
DT_1SA6604,시도/연령/성/경제활동상태별 인구(14세 이상),101001,101,5년,1966,1966,,14세 이상,인구,"시도별,연령별,성별,경제활동상태별"
DT_1SA6605,시도/산업(대분류)/교육정도/성별 경제활동인구,101001,101,5년,1966,1966,,,경제활동인구,"시도별,산업별,교육정도별,성별"
DT_1SA6606,시도/직업(대분류)/교육정도/성별 경제활동인구,101001,101,5년,1966,1966,,,경제활동인구,"시도별,직업별,교육정도별,성별"
DT_1SA6607,시도/산업(중분류)/연령/성별 취업자(14세이상),101001,101,5년,1966,1966,,14세이상,취업자,"시도별,산업별,연령별,성별"
DT_1SA6608,시도/산업(중분류)/종사상지위/성별 취업자(14세 이상),101001,101,5년,1966,1966,,14세 이상,취업자,"행정구역별,산업별,종사상지위별,성별"
DT_1SA6609,시도/산업(대분류)/종사상지위/배우관계/성별 취업자(14세 이상,101001,101,5년,1966,1966,,14세 이상,취업자,"시도별,산업별,종사상지위별,배우관계별,성별"
DT_1SA6610,시도/직업(중분류)/연령/성별 취업자(14세이상),101001,101,5년,1966,1966,,14세이상,취업자,"시도별,직업별,연령별,성별"
DT_1SA6611,시도/직업(대분류)/종사상지위/연령/배우관계/성별 취업자(14세,101001,101,5년,1966,1966,,,취업자,"시도별,직업별,종사상지위별,연령별,성별"
DT_1SA6612,시도/산업(중분류)/직업(대분류)/성별 취업자,101001,101,5년,1966,1966,,,취업자,"행정구역별,산업별,직업별,성별"
DT_1SA6613,"시도/교육정도/농,비농가/연령/성별 실업자(14세 이상)",101001,101,5년,1966,1966,,14세 이상,실업자,"시도별,교육정도별,농비농가별,연령별,성별"
DT_1SA6614,시도/유형구성별 가구 및 가구원수(보통가구),101001,101,5년,1966,1966,,,"가구,가구원수","시도별,유형구성별"
DT_1SA6615,시도/가구원수별 보통가구,101001,101,5년,1966,1966,,,가구,"시도별,가구원수별"
DT_1SA6616,시도/친족가구의 가족구성/가구원수별 보통가구,101001,101,5년,1966,1966,,,"가구원수,가구","행정구역별,가구원수별"
DT_1SA6617,시도/가구주의 배우관계/성/가족구성/가구주의 연령별 보통가구,101001,101,5년,1966,1966,,,가구,"행정구역별,가구주연령별"
DT_1SA6618,시도/가구주의 산업(대분류)/종사상 지위별 보통가구 및 가구원수,101001,101,5년,1966,1966,,,"가구,가구원수","시도별,산업별,종사상지위별"
DT_1SA6619,"시도/가구주의 경제구성/가구원수별 보통가구,가구원 및 평균가구원",101001,101,5년,1966,1966,,,가구,"시도별,가구주의경제구성별,가구원수별"
DT_1SA6620,시도/경제구성/가족구성별 보통가구,101001,101,5년,1966,1966,,,보통가구,"행정구역별,경제구성별,가족구성별"
DT_1SA6621,시도/경제구성/가구주 및 친족의 경제활동상태별 가구 및 가구원수,101001,101,5년,1966,1966,,,"가구원수,가구",경제활동상태별
DT_1SA6622,시도/가구주의 산업(대분류)/성/가구원수별 가구수,101001,101,5년,1966,1966,,,가구,"행정구역별,산업별,성별로"
DT_1SA6623,시도/가구주의 직업(대분류)/성/가구원수별 가구수,101001,101,5년,1966,1966,,,가구,"시도별,가구주의직업별,성별,가구원수별"
DT_1SA6624,"시,군부/산업(중분류)/직업(중분류)/성별 취업자",101001,101,5년,1966,1966,,,취업자,"행정구역별,산업별,직업별,성별"
DT_1SI1601,"연령별 미혼모, 미혼부 - 시도",101001,101,년,2015,2023,,,"미혼모,미혼부","행정구역별,연령별"
DT_1SI1602,"연령별 미혼모, 미혼부의 자녀 - 시도",101001,101,년,2015,2023,,,"미혼모,미혼부의자녀",행정구역별
DT_1SP1601,"세대구성 및 자녀연령별 한부모 가구(미혼모·부, 이혼, 사별 포함) - 시도",101001,101,년,2016,2023,,,"세대구성,자녀연령별한부모가구","세대구성별,자녀연령별,행정구역별"
DT_1T0501,성별 통근ㆍ통학인구(12세이상)-시군구,101001,101,5년,2005,2005,,12세이상,통근통학인구,"성별,행정구역별"
DT_1T0502,성/연령/상주(야간)·주간인구-시군구,101001,101,5년,2005,2005,,,인구,"행정구역별,성연령별"
DT_1T0505,성/연령/이용교통수단별 통근·통학인구(12세이상)-시도,101001,101,5년,2005,2005,,12세이상,통근통학인구,"성별,연령별,이용교통수단별,시도별"
DT_1T0506,성/각급 학교/이용교통수단별 통학인구(12세이상)-시도,101001,101,5년,2005,2005,,12세이상,통학인구,"행정구역별,이용교통수단별"
DT_1T0507,가구의 점유형태/이용교통수단별 통근ㆍ통학 인구(12세이상)-시도,101001,101,5년,2005,2005,,12세이상,"가구의점유형태,이용교통수단별통근통학인구","점유형태별,이용교통수단별,행정구역별"
DT_1T0508,성/산업/이용교통수단별 통근인구(15세이상)-시도,101001,101,5년,2005,2005,,15세이상,통근인구,"성별,산업별,이용교통수단별,행정구역별"
DT_1T0509,성/직업/이용교통수단별 통근인구(15세이상)-시도,101001,101,5년,2005,2005,,15세이상,통근인구,"성별,직업별,이용교통수단별,시도별"
DT_1T0510,성/종사상 지위/이용교통수단별 통근인구(15세이상)-시도,101001,101,5년,2005,2005,,15세이상,통근인구,"성별,종사상지위별,이용교통수단별,시도별"
DT_1T0511,소요시간/이용교통수단별 통근·통학 인구(12세이상)-시도,101001,101,5년,2005,2005,,12세이상,통근통학인구,"이용교통수단별,행정구역별"
DT_1T0512,성/통근통학지/이용교통수단별 통근·통학 인구(12세이상)-시군구,101001,101,5년,2005,2005,,12세이상,통근통학인구,"행정구역별,이용교통수단별"
DT_1T05131,"성/현거주지/통근통학지별 통근·통학 인구(서울,인천,경기-시군구)",101001,101,5년,2005,2005,"서울, 인천",,통근통학인구,"성별,현거주지별,통근통학지별"
DT_1T05132,"성/현거주지/통근통학지별 통근·통학 인구(부산,울산,경남-시군구)",101001,101,5년,2005,2005,,,통근통학인구,"성별,현거주지별,통근통학지별"
DT_1T05133,"성/현거주지/통근통학지별 통근·통학 인구(대구,경북-시군구)",101001,101,5년,2005,2005,대구,,통근통학인구,"성별,현거주지별,통근통학지별"
DT_1T05134,"성/현거주지/통근통학지별 통근·통학 인구(광주,전남-시군구)",101001,101,5년,2005,2005,광주,,통근통학인구,행정구역별
DT_1T05135,"성/현거주지/통근통학지별 통근·통학 인구(대전,충북,충남-시군구)",101001,101,5년,2005,2005,"대전, 충북",,통근통학인구,행정구역별
DT_1T05136,성/현거주지/통근통학지별 통근·통학 인구(강원-시군구),101001,101,5년,2005,2005,,,통근통학인구,행정구역별
DT_1T05137,성/현거주지/통근통학지별 통근·통학 인구(전북-시군구),101001,101,5년,2005,2005,,,통근통학인구,행정구역별
DT_1T05138,성/현거주지/통근통학지별 통근·통학 인구(제주-시군구),101001,101,5년,2005,2005,,,통근통학인구,행정구역별
DT_1T0514,성/소요시간/각급학교별 통학인구(12세이상)-시도,101001,101,5년,2005,2005,,12세이상,통학인구,"행정구역별,학교별"
DT_1T0515,성/연령/통근·통학 유형별 인구(12세이상)-시군구,101001,101,5년,2005,2005,,12세이상,인구,"성연령별,통근통학유형별,행정구역별"
DT_1TO8001,대도시/통근·학/성/이용교통수단별 통근·통학인구(12세이상),101001,101,5년,1980,1980,,12세이상,통근통학인구,이용교통수단별
DT_1TO8002,"현거주지/성/목적지별 통근·통학인구(서울,경기,12세이상)",101001,101,5년,1980,1980,"경기, 서울",12세이상,통근통학인구,"현거주지별,목적지별"
DT_1TO8003,"현거주지/성/목적지별 통근·통학인구(부산,경남,12세이상)",101001,101,5년,1980,1980,,12세이상,통근통학인구,"현거주지별,성별,목적지별"
DT_1TO8004,"현거주지/성/목적지별 통근·통학인구(경북,12세이상)",101001,101,5년,1980,1980,경북,12세이상,통근통학인구,"현거주지별,목적지별"
DT_1TO8005,"현거주지/성/목적지별 통근·통학인구(전남,12세이상)",101001,101,5년,1980,1980,전남,12세이상,통근통학인구,"현거주지별,성별,목적지별"
DT_1TO9001,행정구역/성별 통근·통학인구(12세이상),101001,101,5년,1990,1990,,12세이상,통근통학인구,"행정구역별,성별"
DT_1TO9003,시도/연령/이용교통수단별 통근·통학인구(12세이상),101001,101,5년,1990,1990,,12세이상,통근통학인구,"시도별,연령별,이용교통수단별"
DT_1TO9004,시도/성/주야간인구규모별 통근·통학인구(12세이상),101001,101,5년,1990,1990,,12세이상,통근통학인구,"시도별,성별,주야간인구규모별"
DT_1TO9005,시도/성/학교/이용교통수단별 통학인구(12세이상),101001,101,5년,1990,1990,,12세이상,통학인구,"시도별,성별,학교별,이용교통수단별"
DT_1TO9006,시도/거처점유형태/이용교통수단별 통근·통학인구(12세이상),101001,101,5년,1990,1990,,12세이상,통근통학인구,"시도별,거처점유형태별,이용교통수단별"
DT_1TO9007,대도시/통근·학/성/이용교통수단별 통근·통학인구,101001,101,5년,1990,1990,,,통근통학인구,이용교통수단별
DT_1TO9008,대도시/소요시간/이용교통수단별 통근·통학인구(12세이상),101001,101,5년,1990,1990,,12세이상,통근통학인구,이용교통수단별
DT_1TO900A,시도/가구의크기/성별 통근·통학인구(12세이상),101001,101,5년,1990,1990,,12세이상,"가구,인구","행정구역별,성별"
DT_1TO900D,대도시/출발시각대/이용교통수단별 통근·통학인구,101001,101,5년,1990,1990,,,통근통학인구,"대도시별,출발시각대별,이용교통수단별"
DT_1TO900E,대도시/출발시각대/소요시간별 통근·통학인구,101001,101,5년,1990,1990,,,통근통학인구,"대도시별,출발시각대별,소요시간별"
DT_1TO900F,"현거주지/성/목적지별 통근·통학인구(서울,인천,경기,12세이상)",101001,101,5년,1990,1990,"경기, 서울, 인천",12세이상,통근통학인구,"현거주지별,목적지별"
DT_1TO900G,"현거주지/성/목적지별 통근·통학인구(부산,경남,12세이상)",101001,101,5년,1990,1990,,12세이상,통근통학인구,"현거주지별,목적지별"
DT_1TO900H,"현거주지/성/목적지별 통근·통학인구(대구,경북,12세이상)",101001,101,5년,1990,1990,"경북, 대구",12세이상,통근통학인구,"현거주지별,목적지별"
DT_1TO900I,"현거주지/성/목적지별 통근·통학인구(광주,전남,12세이상)",101001,101,5년,1990,1990,"광주, 전남",12세이상,통근통학인구,"현거주지별,목적지별"
DT_1TO900J,"현거주지/성/목적지별 통근·통학인구(대전,충남,12세이상)",101001,101,5년,1990,1990,"대전, 충남",12세이상,통근통학인구,"현거주지별,목적지별"
DT_1TO900K,"현거주지/성/목적지별 통근·통학인구(강원도,12세이상)",101001,101,5년,1990,1990,강원,12세이상,통근통학인구,"현거주지별,목적지별"
DT_1TO900L,"현거주지/성/목적지별 통근·통학인구(충청북도,12세이상)",101001,101,5년,1990,1990,충북,12세이상,통근통학인구,"현거주지별,성별,목적지별"
DT_1TO900M,"현거주지/성/목적지별 통근·통학인구(전라북도,12세이상)",101001,101,5년,1990,1990,전북,12세이상,통근통학인구,"현거주지별,목적지별"
DT_1TO900N,"현거주지/성/목적지별 통근·통학인구(제주도,12세이상)",101001,101,5년,1990,1990,제주,12세이상,통근통학인구,"현거주지별,목적지별"
DT_1TOOO01,행정구역/성별 통근·통학인구(12세 이상),101001,101,5년,2000,2000,,12세 이상,통근통학인구,"행정구역별,성별"
DT_1TOOO02,시도/가구규모/성별 통근·통학인구(12세 이상),101001,101,5년,2000,2000,,12세 이상,"가구,성별","시도별,가구규모별,성별"
DT_1TOOO03,행정구역/성별 상주(야간)인구 및 주간인구,101001,101,5년,2000,2000,,,"행정구역,성별,상주,야간인구,주간인구","행정구역별,성별"
DT_1TOOO04,행정구역/성/연령/이용교통수단별 통근·통학인구(12세 이상),101001,101,5년,2000,2000,,12세 이상,통근통학인구,"행정구역별,성별,연령별,이용교통수단별"
DT_1TOOO05,시도/성/각급학교/이용교통수단별 통학인구(12세 이상),101001,101,5년,2000,2000,,12세 이상,통학인구,"시도별,성별,학교급별,이용교통수단별"
DT_1TOOO06,시도/가구의 점유형태/이용교통 수단별 통근·통학인구(12세 이상,101001,101,5년,2000,2000,,12세 이상,"통근통학인구,가구","시도별,점유형태별,이용교통수단별"
DT_1TOOO07,대도시/성/통근통학지/이용교통수단별 통근·통학인구(12세 이상),101001,101,5년,2000,2000,,12세 이상,통근통학인구,"대도시별,성별,통근통학지별,이용교통수단별"
DT_1TOOO08,시도/소요시간/이용교통 수단별 통근·통학인구(12세 이상),101001,101,5년,2000,2000,,12세 이상,통근통학인구,"시도별,소요시간별,이용교통수단별"
DT_1TOOO09,"성/현거주지/통근학지별 통근·통학인구(서울,인천,경기)(12세",101001,101,5년,2000,2000,"경기, 서울, 인천",,통근통학인구,"성별,현거주지별,통근학지별"
DT_1TOOO10,"성/현거주지/통근학지별 통근·통학인구(부산,울산,경남)(12세",101001,101,5년,2000,2000,,,통근통학인구,"성별,현거주지별,통근학지별"
DT_1TOOO11,"성/현거주지/통근학지별 통근·통학인구(대구,경북)(12세 이상)",101001,101,5년,2000,2000,"경북, 대구",12세 이상,통근통학인구,"성별,현거주지역별,통근학지별"
DT_1TOOO12,"성/현거주지/통근학지별 통근·통학인구(광주,전남)(12세 이상)",101001,101,5년,2000,2000,"광주, 전남",12세 이상,통근통학인구,"성별,현거주지역별,통근학지별"
DT_1TOOO13,"성/현거주지/통근학지별 통근·통학인구(대전,충북,충남)(12세",101001,101,5년,2000,2000,"대전, 충남, 충북",,통근통학인구,"성별,현거주지역별,통근학지별"
DT_1TOOO14,성/현거주지/통근학지별 통근·통학인구(강원)(12세 이상),101001,101,5년,2000,2000,강원,12세 이상,통근통학인구,"성별,현거주지별,통근학지별"
DT_1TOOO15,성/현거주지/통근학지별 통근·통학인구(전북)(12세 이상),101001,101,5년,2000,2000,전북,12세 이상,통근통학인구,"성별,현거주지별,통근학지별"
DT_1TOOO16,성/현거주지/통근학지별 통근·통학인구(제주)(12세 이상),101001,101,5년,2000,2000,제주,12세 이상,통근통학인구,"성별,현거주지별,통근학지별"
DT_1TOOO17,시도/성/소요시간/각급학교별 통학인구(12세 이상),101001,101,5년,2000,2000,,12세 이상,통학인구,"행정구역별,성별,학교급별"
DT_1TOOO18,시도/성/직업/이용교통 수단별 통근인구(12세 이상),101001,101,5년,2000,2000,,12세 이상,통근인구,"시도별,성별,직업별,이용교통수단별"
DT_1TOOO19,시도/성/산업/이용교통 수단별 통근인구(12세 이상),101001,101,5년,2000,2000,,12세 이상,통근인구,"시도별,성별,산업별,이용교통수단별"
DT_1TOOO20,"수도권,광역시/출발시각대/이용교통수단별 통근·통학인구(12세 이",101001,101,5년,2000,2000,,,통근통학인구,"출발시각대별,이용교통수단별"
DT_1TOOO21,"수도권,광역시/출발시각대/소요시간별 통근·통학인구(12세 이상)",101001,101,5년,2000,2000,,12세 이상,통근통학인구,"출발시각대별,소요시간별"
DT_1TOOO22,"시도/자동차 보유여부/성,연령/이용교통수단별 통근통학인구(12세",101001,101,5년,2000,2000,,,"자동차보유여부,성,연령,이용교통수단별,통근통학인구","행정구역별,성연령별,이용교통수단별"
DT_1TOOO23,"행정구역/현거주지,근무지/직업(대분류)별 취업자(15세 이상)",101001,101,5년,2000,2000,,15세 이상,취업자,"행정구역별,직업별"
DT_1TOOO24,"행정구역/현거주지,근무지/산업(대분류)별 취업자(15세 이상)",101001,101,5년,2000,2000,,15세 이상,취업자,"행정구역별,산업별"
DT_1TOOO25,행정구역/연령/성별 유입·유출인구,101001,101,5년,2000,2000,,,유입유출인구,"행정구역별,연령별,성별"
DT_1TOOO26,"행정구역/통근·통학지/성별 경제활동인구,재학인구",101001,101,5년,2000,2000,,,"경제활동인구,재학인구","행정구역별,성별"
DT_1TS1001,2010년 행정구역 기준 인구 추이(2000~2010),101001,101,년,2000,2010,,,인구,"행정구역별,연도별"
DT_1TS1002,2010년 행정구역 기준 가구수 추이(2000~2010),101001,101,년,2000,2010,,,가구수,행정구역별
DT_1TS2001,2010년 행정구역 기준 인구 추이(1975~2010),101001,101,년,1975,2010,,,인구,"행정구역별,연도별"
DT_1TS2002,2000년 행정구역 기준 인구 추이(1975~2000),101001,101,년,1975,2000,,,인구,"행정구역별,연도별"
DT_1TS2003,1990년 행정구역 기준 인구 추이(1975~1990),101001,101,년,1975,1990,,,인구,행정구역별
DT_1TS2004,2010년 행정구역 기준 가구수 추이(1975~2010),101001,101,년,1975,2010,,,가구수,"행정구역별,연도별"
DT_1TS2005,2000년 행정구역 기준 가구수 추이(1975~2000),101001,101,년,1975,2000,,,가구수,"행정구역별,연도별"
DT_1TS2006,1990년 행정구역 기준 가구수 추이(1975~1990),101001,101,년,1975,1990,,,가구수,행정구역별
DT_1YC1601,영유아수별 가구 및 연령별 영유아 - 시도,101001,101,년,2016,2023,,,"가구,영유아","영유아수별,행정구역별,연령별"
INH_1IN1503_01,인구총조사 인구(시도/시/군/구),101001,101,년,2015,2023,,,인구,행정구역별
INH_1IN1503_02,평균연령(시도/시/군/구),101001,101,년,2015,2023,,,"시도,시,군,구",행정구역별
INH_1JC1501,가구수(시도/시/군/구),101001,101,년,2015,2023,,,가구수,행정구역별
DT_1JU0001,총조사 주택총괄(행정구역/주택의 종류/ 거주가구수/ 총방수별),101002,101,5년,1975,2010,,,"거주가구수,총방수","행정구역별,주택의종류별,거주가구수별,총방수별"
DT_1JU0501,주택의 종류별 주택-읍면동,101002,101,5년,2005,2005,,,주택,"종류별,행정구역별"
DT_1JU0502,"거처의 종류별 거처, 가구, 가구원-시군구",101002,101,5년,2005,2005,,,"거처,가구,가구원",행정구역별
DT_1JU0503,주택의 종류/연건평/거주가구수별 주택-시군구,101002,101,5년,2005,2005,,,"주택,거주가구수","종류별,연건평별,거주가구수별,행정구역별"
DT_1JU0504,주택의 종류/연건평/거주인수별 주택-시군구,101002,101,5년,2005,2005,,,"주택,연건평,거주인수","종류별,연건평별,거주인수별,행정구역별"
DT_1JU0505,주택의 종류/연건평/총방수별 주택-시군구,101002,101,5년,2005,2005,,,주택,"주택종류별,연건평별,총방수별,행정구역별"
DT_1JU0506,주택의 종류/연건평/건축년도별 주택-시군구,101002,101,5년,2005,2005,,,주택,"종류별,연건평별,건축년도별,행정구역별"
DT_1JU0507,주택의 종류/연건평/편익시설수별 단독주택-시군구,101002,101,5년,2005,2005,,,단독주택,"종류별,행정구역별"
DT_1JU0508,연건평/대지면적별 단독주택-시군구,101002,101,5년,2005,2005,,,단독주택,"연건평대지면적별,행정구역별"
DT_1JU0510,연건평/거주가구수별 단독주택-시군구,101002,101,5년,2005,2005,,,"단독주택,거주가구수","연건평별,거주가구수별,시군구별"
DT_1JU0511,주택의 종류/사유별 빈집-시군구,101002,101,5년,2005,2005,,,빈집,"종류별,행정구역별"
DT_1JU0512,주택의 종류/기간별 빈집-시군구,101002,101,5년,2005,2005,,,빈집,"주택종류별,행정구역별"
DT_1JU0513,주택의 종류/거주가구수 /총방수별 주택-시군구,101002,101,5년,2005,2005,,,"거주가구수,총방수별주택","행정구역별,총방수별"
DT_1JU1001,주택의 종류별 주택-읍면동,101002,101,5년,2010,2010,,,주택,"종류별,행정구역별"
DT_1JU1002,"거처의 종류 및 거처, 가구, 가구원-시군구",101002,101,5년,2010,2010,,,"거처,가구,가구원",행정구역별
DT_1JU1003,"주택의 종류, 연면적 및 거주인수별 주택-시군구",101002,101,5년,2010,2010,,,"주택,연면적,거주인수","종류별,행정구역별"
DT_1JU1004,주택의 종류 및 총방수별 주택-시군구,101002,101,5년,2010,2010,,,"주택,시군구","주택종류별,행정구역별"
DT_1JU1005,"주택의 종류, 연면적 및 총방수별 주택-시군구",101002,101,5년,2010,2010,,,주택,"종류별,행정구역별"
DT_1JU1006,"주택의 종류, 연면적 및 건축연도별 주택-시군구",101002,101,5년,2010,2010,,,주택,"종류별,연면적별,건축연도별,행정구역별"
DT_1JU1007,연면적 및 거주가구수별 단독주택-시군구,101002,101,5년,2010,2010,,,"단독주택,거주가구수","연면적별,거주가구수별,행정구역별"
DT_1JU1008,거주가구수 및 총방수별 단독주택-시군구,101002,101,5년,2010,2010,,,"거주가구수,총방수,단독주택","거주가구수및총방수별,시군구별"
DT_1JU1009,연면적 및 편익시설수별 단독주택-시군구,101002,101,5년,2010,2010,,,단독주택,행정구역별
DT_1JU1011,연면적 및 대지면적별 단독주택-시도,101002,101,5년,2010,2010,,,단독주택,"연면적및대지면적별,시도별"
DT_1JU1012,"빈집의 주택종류 및 빈집사유, 기간, 파손정도-시군구",101002,101,5년,2010,2010,,,"주택종류,빈집사유,기간,파손정도","주택종류별,빈집사유별,기간별,파손정도별,행정구역별"
DT_1JU1501,"주택의 종류별 주택 - 읍면동(연도 끝자리 0, 5), 시군구(그 외 연도)",101002,101,년,2015,2023,,,주택,"읍면동별,시군구별"
DT_1JU1502,"거처의 종류 및 거처, 가구, 가구원 - 시군구",101002,101,년,2015,2023,,,"거처,가구,가구원",행정구역별
DT_1JU1503,"주택의 종류, 연면적 및 거주인수별 주택 - 시군구",101002,101,년,2015,2023,,,"주택,연면적,거주인수","주택종류별,연면적별,거주인수별,행정구역별"
DT_1JU1507,연면적 및 거주가구수별 단독주택 - 시군구,101002,101,년,2015,2023,,,"연면적,거주가구수,단독주택","연면적별,거주가구수별,행정구역별"
DT_1JU1511,연면적 및 대지면적별 단독주택 - 시도,101002,101,년,2015,2023,,,단독주택,"행정구역별,연면적및대지면적별"
DT_1JU1512,건축연도 및 주택의 종류별 미거주 주택(빈집) - 시군구,101002,101,년,2015,2023,,,미거주주택,"건축연도별,주택종류별,행정구역별"
DT_1JU1520,"주택의 종류, 연면적 및 건축연도별 주택 - 시군구",101002,101,년,2015,2023,,,주택,"종류별,행정구역별"
DT_1JU1521,주택의 종류 및 노후기간별 주택 - 시군구,101002,101,년,2015,2023,,,주택,"종류별,행정구역별"
DT_1JU2022,주택의 종류 및 총방수별 주택 - 시군구,101002,101,5년,2020,2020,,,"주택,방수","주택종류별,행정구역별"
DT_1JU2023,"주택의 종류, 연면적 및 총방수별 주택 - 시군구",101002,101,5년,2020,2020,,,주택,"종류별,행정구역별"
DT_1JU2024,거주가구수 및 총방수별 단독주택 - 시군구,101002,101,5년,2020,2020,,,"거주가구수,총방수,단독주택","행정구역별,거주가구수및총방수별"
DT_1JU2025,연면적 및 편익시설수별 단독주택 - 시군구,101002,101,5년,2020,2020,,,단독주택,"연면적별,편익시설수별,행정구역별"
DT_1JU6001,행정구역/거주사항별 거처,101002,101,5년,1960,1960,,,거처,"행정구역별,거주사항별"
DT_1JU6002,"시도/영,농가/소유관계/거주년수별 현주개인「집 또는 거주」수",101002,101,5년,1960,1960,,,현주개인집또는거주수,"시도별,소유관계별,거주년수별"
DT_1JU6003,"시도/영,농가/거주상태/현주,공가 및 건립년수별 「집 또는 거주」",101002,101,5년,1960,1960,,,"영농가,공가","시도별,영농가별,거주상태별,공가및건립년수별"
DT_1JU7001,시도/주택의 종류/거주인수/사용방평수별 거처,101002,101,5년,1970,1970,,,거처,"시도별,주택종류별,거주인수별,사용방평수별"
DT_1JU7002,시도/주택의 종류/거주인수/사용방수별 주택,101002,101,5년,1970,1970,,,"주택,거주인수","행정구역별,주택종류별,거주인수별,사용방수별"
DT_1JU7003,시도/거주가구수별 주택,101002,101,5년,1970,1970,,,"주택,가구",시도별
DT_1JU7004,시도/소유관계별 주택 및 가구원,101002,101,5년,1970,1970,,,"주택,가구원","시도별,소유관계별"
DT_1JU7005,"행정구역/거처의 종류별 주택수,가구수, 핵수 및 가구원",101002,101,5년,1970,1970,,,"주택수,가구수,핵수,가구원","행정구역별,거처종류별"
DT_1JU700A,시도/거주인수/사용목적/방수별 주택,101002,101,5년,1970,1970,,,주택,"행정구역별,사용목적별,방수별"
DT_1JU700B,행정구역/건평/사용목적별 주택,101002,101,5년,1970,1970,,,주택,"행정구역별,건평별,사용목적별"
DT_1JU700C,시도/건축연도/건축재료별 주택,101002,101,5년,1970,1970,,,주택,"시도별,건축연도별,건축재료별"
DT_1JU700D,시도/주택의종류/외벽재료/지붕재료별 주택,101002,101,5년,1970,1970,,,주택,"시도별,주택의종류별,외벽재료별,지붕재료별"
DT_1JU700E,"시도/급수시설,변소시설,등화시설별 주택 및 가구",101002,101,5년,1970,1970,,,"주택,가구","시도별,급수시설등화시설변소시설별"
DT_1JU700F,시도/주택의 종류/취사용연료별 가구 및 가구원,101002,101,5년,1970,1970,,,"가구,가구원","시도별,주택종류별,취사용연료별"
DT_1JU700G,시도/주택의 종류별 주요지표,101002,101,5년,1970,1970,,,주택,"행정구역별,주택종류별"
DT_1JU7501,시도/주택의 종류/거주인수/사용방수별 주택,101002,101,5년,1975,1975,,,"주택,거주인수","행정구역별,주택종류별,거주인수별,사용방수별"
DT_1JU7502,시도/주택의종류/거주가구수별 주택,101002,101,5년,1975,1975,,,거주가구수,"시도별,주택종류별"
DT_1JU7503,시도/소유관계/가구원수별 주택,101002,101,5년,1975,1975,,,"가구원수,주택","시도별,소유관계별,가구원수별"
DT_1JU7504,시도/건축시기/건평수별 주택,101002,101,5년,1975,1975,,,주택,"시도별,건축시기별,건평수별"
DT_1JU7505,"행정구역/거처의 종류별 거처수,가구수, 핵수 및 가구원",101002,101,5년,1975,1975,,,"거처수,가구수,핵수,가구원","행정구역별,거처의종류별"
DT_1JU750A,시도/건축연도/건축재료별 주택,101002,101,5년,1975,1975,,,주택,"시도별,건축연도별,건축재료별"
DT_1JU750B,시도/주택의종류/외벽재료/지붕재료별 주택,101002,101,5년,1975,1975,,,주택,"시도별,주택의종류별,외벽재료별,지붕재료별"
DT_1JU750C,시도/주택의 종류/문화시설 및 가재의 소유가구,101002,101,5년,1975,1975,,,가구,"시도별,주택종류별,문화시설및가재소유가구별"
DT_1JU750D,시도/주택의 종류/주된 연료별 가구,101002,101,5년,1975,1975,,,가구,"행정구역별,주택종류별,연료별"
DT_1JU750E,시도/성/직업/거처별 가구주,101002,101,5년,1975,1975,,,가구주,"시도별,성별,직업별,거처별"
DT_1JU8001,"행정구역/거처의 종류별 거처수,가구수, 핵수 및 가구원",101002,101,5년,1980,1980,,,"거처수,가구수,핵수,가구원","행정구역별,거처의종류별"
DT_1JU8002,행정구역/주택의 종류/점유형태별 주택,101002,101,5년,1980,1980,,,주택,"행정구역별,주택종류별,점유형태별"
DT_1JU8003,시도/주택의종류/거주가구수별 주택,101002,101,5년,1980,1980,,,거주가구수,"시도별,주택종류별"
DT_1JU8004,시도/주택의 종류/건평/거주인수별 주택,101002,101,5년,1980,1980,,,주택,"시도별,주택종류별,건평별,거주인수별"
DT_1JU8005,행정구역/주택의종류/건축재료/건축년도별 주택,101002,101,5년,1980,1980,,,주택,"행정구역별,주택의종류별,건축재료별,건축연도별"
DT_1JU8006,행정구역/주택의종류/외벽재료/지붕재료별 주택,101002,101,5년,1980,1980,,,주택,"행정구역별,주택종류별,외벽재료별,지붕재료별"
DT_1JU8007,행정구역/주택의종류/부대시설별 주택,101002,101,5년,1980,1980,,,주택,"행정구역별,주택의종류별,부대시설별"
DT_1JU8008,행정구역/주택의종류/건축년도/난방시설별 주택,101002,101,5년,1980,1980,,,주택,"행정구역별,주택의종류별,건축연도별,난방시설별"
DT_1JU8009,시도/건평/대지면적별 단독주택,101002,101,5년,1980,1980,,,단독주택,"시도별,건평별,대지면적별"
DT_1JU8501,행정구역/주택의 종류/점유형태별 주택,101002,101,5년,1985,1985,,,주택,"행정구역별,주택종류별,점유형태별"
DT_1JU8502,시도/주택의종류/거주가구수별 주택,101002,101,5년,1985,1985,,,거주가구수,"시도별,주택종류별"
DT_1JU8503,시도/주택의 종류/연면적/거주인수별 주택,101002,101,5년,1985,1985,,,주택,"시도별,주택종류별,연면적별,거주인수별"
DT_1JU8504,행정구역/주택의종류/주택의편익시설별 주택,101002,101,5년,1985,1985,,,주택,"행정구역별,주택종류별,편익시설별"
DT_1JU8505,행정구역/주택의종류/난방시설별 주택,101002,101,5년,1985,1985,,,주택,"행정구역별,주택종류별,난방시설별"
DT_1JU8507,시도/건축연면적/거주가구수별 단독주택,101002,101,5년,1985,1985,,,단독주택,"시도별,건축연면적별,거주가구수별"
DT_1JU8508,"행정구역/거처의 종류별 거처수,가구수, 핵수및가구원",101002,101,5년,1985,1985,,,"거처수,가구수,핵수및가구원","행정구역별,거처의종류별"
DT_1JU8509,시도/건축연면적/편익시설수별 단독주택,101002,101,5년,1985,1985,,,단독주택,"시도별,건축연면적별,편익시설수별"
DT_1JU9001,행정구역/주택의종류/점유형태별 주택,101002,101,5년,1990,1990,,,주택,"행정구역별,주택종류별,점유형태별"
DT_1JU9002,시도/주택의종류/연면적/거주인수별 주택,101002,101,5년,1990,1990,,,주택,"시도별,주택의종류별,연면적별,거주인수별"
DT_1JU9003,행정구역/주택의종류/건축재료/건축년도별 주택,101002,101,5년,1990,1990,,,주택,"행정구역별,주택의종류별,건축재료별,건축년도별"
DT_1JU9004,행정구역/주택의종류/외벽재료/지붕재료별 주택,101002,101,5년,1990,1990,,,주택,"행정구역별,주택의종류별,외벽재료별,지붕재료별"
DT_1JU9005,시도/주택의종류/거주가구수별 주택,101002,101,5년,1990,1990,,,거주가구수,"시도별,주택의종류별"
DT_1JU9006,행정구역/건축연면적/편익시설수별 단독주택,101002,101,5년,1990,1990,,,단독주택,"행정구역별,건축연면적별,편익시설수별"
DT_1JU9007,시도/연면적/거주가구수별 단독주택,101002,101,5년,1990,1990,,,단독주택,"시도별,연면적별,거주가구수별"
DT_1JU9009,"행정구역/거처의 종류별 거처수,가구수, 핵수및가구원",101002,101,5년,1990,1990,,,"거처수,가구수,핵수및가구원","행정구역별,거처의종류별"
DT_1JU900A,시도/건축연면적/대지면적별 단독주택,101002,101,5년,1990,1990,,,단독주택,"시도별,건축연면적별,대지면적별"
DT_1JU9501,행정구역/주택의 종류/점유형태별 주택,101002,101,5년,1995,1995,,,주택,"행정구역별,주택종류별,점유형태별"
DT_1JU9502,행정구역/주택의 종류/연건평/거주인수별 주택,101002,101,5년,1995,1995,,,주택,"행정구역별,주택종류별,연건평별,거주인수별"
DT_1JU9503,시도/주택의 종류/연건평/총방수별 주택,101002,101,5년,1995,1995,,,주택,"시도별,주택종류별,연건평별"
DT_1JU9507,시도/연건평/거주가구수별 단독주택,101002,101,5년,1995,1995,,,단독주택,"시도별,연건평별,거주가구수별"
DT_1JU9508,시도/주택의 종류별 빈집,101002,101,5년,1995,1995,,,빈집,"행정구역별,주택종류별"
DT_1JU9509,"행정구역/거처의 종류별 거처수,가구수, 핵수및가구원",101002,101,5년,1995,1995,,,"거처수,가구수,핵수및가구원","행정구역별,거처의종류별"
DT_1JU950A,시도/주택의종류/연건평/건축년도별 주택,101002,101,5년,1995,1995,,,주택,"시도별,주택의종류별,연건평별,건축년도별"
DT_1JU950B,행정구역/연건평/편익시설수별 단독주택,101002,101,5년,1995,1995,,,단독주택,"행정구역별,연건평별,편익시설수별"
DT_1JU950C,시도/연건평/대지면적별 단독주택,101002,101,5년,1995,1995,,,단독주택,"시도별,연건평별,대지면적별"
DT_1JUOO01,"행정구역/거처의 종류별 거처수,가구수,핵수,가구원",101002,101,5년,2000,2000,,,"거처수,가구수,핵수,가구원","행정구역별,거처의종류별"
DT_1JUOO02,행정구역/주택의 종류/점유형태별 총조사주택,101002,101,5년,2000,2000,,,총조사주택,"행정구역별,주택종류별,점유형태별"
DT_1JUOO03,행정구역/주택의 종류/연건평/거주인수별 총조사주택,101002,101,5년,2000,2000,,,총조사주택,"행정구역별,주택종류별,연건평별,거주인수별"
DT_1JUOO04,행정구역/주택의 종류/연건평/총방수별 총조사주택,101002,101,5년,2000,2000,,,주택,"행정구역별,주택종류별,연건평별"
DT_1JUOO05,행정구역/주택의 종류/연건평/건축년도별 총조사주택,101002,101,5년,2000,2000,,,총조사주택,"행정구역별,주택종류별,연건평별,건축년도별"
DT_1JUOO06,행정구역/연건평/단독주택의 종류/편익시설수별 단독주택(총조사),101002,101,5년,2000,2000,,,단독주택,"행정구역별,연건평별,단독주택종류별,편익시설수별"
DT_1JUOO07,행정구역/연건평/단독주택의 종류/대지면적별 단독주택(총조사),101002,101,5년,2000,2000,,,"행정구역,연건평,단독주택,대지면적","행정구역별,연건평별,단독주택종류별,대지면적별"
DT_1JUOO08,행정구역/연건평/단독주택의 종류/거주가구수별 단독주택(총조사),101002,101,5년,2000,2000,,,"행정구역,연건평,단독주택,거주가구수","행정구역별,연건평별,단독주택종류별"
DT_1JUOO09,행정구역/점유형태/총방수/거처의 종류별 총조사주택,101002,101,5년,2000,2000,,,총조사주택,"행정구역별,점유형태별,거처종류별"
DT_1JUOO10,행정구역/주택의 종류별 빈집,101002,101,5년,2000,2000,,,빈집,"행정구역별,주택종류별"
DT_1PS1502,주택의 종류별/총방수별 주택-시군구,101002,101,5년,2015,2015,,,"주택,방수","종류별,총방수별"
DT_1PS1503,주택의 종류별/연면적별/총방수별 주택-시군구,101002,101,5년,2015,2015,,,주택,"종류별,연면적별,총방수별,행정구역별"
DT_1PS1504,거주가구수별/총방수별 단독주택-시군구,101002,101,5년,2015,2015,,,"단독주택,거주가구수,총방수","거주가구수별,총방수별,행정구역별"
DT_1PS1505,연면적별/편익시설수별 단독주택-시군구,101002,101,5년,2015,2015,,,단독주택,"연면적별,편익시설수별"
DT_1PS1506,주택종류별/빈집사유별/기간별/파손정도별 빈집-시도,101002,101,5년,2015,2015,,,빈집,"주택종류별,빈집사유별,기간별,파손정도별,시도별"
DT_1PS2001,주택종류별/빈집사유별/기간별/파손정도별 빈집-시도,101002,101,5년,2020,2020,,,빈집,"주택종류별,빈집사유별,기간별,파손정도별,시도별"
DT_1TS1003,2010년 행정구역 기준 주택수 추이(2000~2010),101002,101,년,2000,2010,,,주택수,행정구역별
DT_1TS2007,2010년 행정구역 기준 주택수 추이(1990~2010),101002,101,년,1990,2010,,,주택수,행정구역별
DT_1TS2008,2000년 행정구역 기준 주택수 추이(1990~2000),101002,101,년,1990,2000,,,주택수,행정구역별
INH_1JU1501,주택수(시도/시/군/구),101002,101,년,2015,2023,,,주택수,행정구역별
DT_1B040M1,시군구/성/연령(1세)별 주민등록연앙인구,101003,101,년,1993,2023,,,주민등록연앙인구,"행정구역별,성별,연령별"
DT_1B040M5,시군구/성/연령(5세)별 주민등록연앙인구,101003,101,년,1993,2023,,,주민등록연앙인구,"행정구역별,성별,연령별"
DT_1B8000F,"인구동태건수 및 동태율 추이(출생,사망,혼인,이혼)",101003,101,년,1970,2023,,,"출생,사망,혼인,이혼","출생,사망,혼인,이혼별"
DT_1B8000G,"월.분기.연간 인구동향(출생,사망,혼인,이혼)",101003,101,"월,분기,년",1981,2024,,,"인구동향,출생,사망,혼인,이혼","분기별,연간별"
DT_1B8000H,"시도/인구동태건수 및 동태율(출생,사망,혼인,이혼)",101003,101,년,1990,2023,,,"출생,사망,혼인,이혼",행정구역별
DT_1B8000I,"시군구/인구동태건수 및 동태율(출생,사망,혼인,이혼)",101003,101,년,2000,2023,,,"출생,사망,혼인,이혼",행정구역별
DT_1B8000K,"읍면동/성별/인구동태건수(출생,사망,혼인,이혼)",101003,101,년,2004,2023,,,"출생,사망,혼인,이혼","읍면동별,성별"
DT_1B80021,부의 연령/처의 연령별 혼인(발생기준),101003,101,년,1972,1980,,,혼인,"부의연령별,처의연령별"
DT_1B80022,시도/부의 혼인종류/ 처의 혼인종류별 혼인(발생기준),101003,101,년,1970,1980,,,혼인,혼인의종류별
DT_1B80023,시도/성/연령별 혼인(발생기준),101003,101,년,1970,1980,,,혼인,"시도별,성별,연령별"
DT_1B80030,시도별 이혼(발생기준),101003,101,"월,년",1970,1980,,,이혼,행정구역별
DT_1B80031,부의 연령/처의 연령별 이혼(발생기준),101003,101,년,1970,1980,,,이혼,"부의연령별,처의연령별"
DT_1B80032,시도/성/연령별 이혼(발생기준),101003,101,년,1970,1980,,,이혼,"시도별,성별,연령별"
DT_1B80033,시도/이혼사유별 이혼(발생기준),101003,101,년,1970,1980,,,이혼,"시도별,이혼사유별"
DT_1B80A01,성/모의 연령(각세)/출산순위별 출생,101003,101,년,1981,2023,,,출생,출생별
DT_1B80A03,시도/성/출산순위/출생시 체중별 출생,101003,101,년,1993,2023,,,출생시체중,체중별
DT_1B80A04,시도/성/모의 연령(5세계급)/출생시 체중별 출생,101003,101,년,1993,2023,,,출생시체중,"연령별,성별,출생시체중별"
DT_1B80A05,시도/모의 연령(5세계급)/모의 교육정도별 출생,101003,101,년,1981,2023,,,출생,"시도별,연령별,교육정도별"
DT_1B80A06,시도/부의 연령(5세계급)/부의 교육정도별 출생,101003,101,년,1993,2023,,,출생,"연령별,교육정도별"
DT_1B80A11,시도/성/연령(각세)별 사망자수,101003,101,년,1983,2022,,,사망자수,"시도별,성별,연령별"
DT_1B80A12,성/연령(5세)/직업별(구) 사망자수(~1992),101003,101,년,1983,1992,,,사망자수,"성연령별,직업별"
DT_1B80A13,"성/연령(5세) 사망자수, 사망률",101003,101,년,1983,2022,,,"사망자수,사망률","성별,연령별"
DT_1B80A14,성/연령/혼인상태별 사망자수,101003,101,년,1983,2022,,,사망자수,"성별,연령별,혼인상태별"
DT_1B80A15,성/연령(5세계급)/교육정도별 사망자수,101003,101,년,1983,2022,,,사망자수,"성별,연령별,교육정도별"
DT_1B80A16,성/연령(5세)/직업별(신) 사망자수(1993~2017),101003,101,년,1993,2017,,,사망자수,"성별,연령별,직업별"
DT_1B80A17,시도/성/연령(5세)별 사망률(1996~),101003,101,년,1996,2022,,,사망률,"행정구역별,성별,연령별"
DT_1B80A18,"시군구/성/연령(5세)별 사망자수(1997~), 사망률(1998~)",101003,101,년,1997,2022,,,"사망자수,사망률","행정구역별,성별,연령별"
DT_1B81A01,시군구/성/월별 출생,101003,101,"월,년",1997,2023,,,출생,"행정구역별,성별,월별"
DT_1B81A02,시도/출생장소별 출생,101003,101,년,1991,2023,,,출생,시도별
DT_1B81A03,시군구/성/출산순위별 출생,101003,101,년,2000,2023,,,출생,"행정구역별,성별,출산순위별"
DT_1B81A08,시도/모의 연령/동거기간별 출생,101003,101,년,1993,2023,,,출생,"행정구역별,모의연령별,동거기간별"
DT_1B81A09,시도/모의 연령/동거기간별 출생(쌍태아 이상),101003,101,년,1993,2023,,,출생,"시도별,모의연령별,동거기간별"
DT_1B81A10,"시도/쌍태아,성별 출생",101003,101,년,2000,2023,,,출생,"시도별,성별"
DT_1B81A11,시도/출산순위별 출생(쌍태아 이상),101003,101,년,1991,2023,,,출생,시도별
DT_1B81A12,시도/성/모의 연령(5세계급)/출산순위별 출생,101003,101,년,1990,2023,,,출생,"행정구역별,성별,모의연령별,출산순위별"
DT_1B81A13,시도/성/출산순위/출생시 체중별 출생(쌍태아 이상),101003,101,년,1993,2023,,,출생,출생시체중별
DT_1B81A14,시도/성/모의 연령(5세계급)/출생시 체중별 출생(쌍태아 이상),101003,101,년,1993,2023,,,출생,출생시체중별
DT_1B81A15,시도/임신기간별 출생,101003,101,년,1995,2023,,,출생,"시도별,임신기간별"
DT_1B81A16,시도/법적혼인상태별 출생,101003,101,년,1981,2023,,,출생,"시도별,법적혼인상태별"
DT_1B81A17,"시군구/합계출산율, 모의 연령별 출산율",101003,101,년,2000,2023,,,출산율,"행정구역별,연령별"
DT_1B81A18,시도/임신기간별 출생(쌍태아 이상),101003,101,년,1995,2023,,,출생,"시도별,임신기간별"
DT_1B81A19,시도/출산순위별 출생성비,101003,101,년,1990,2023,,,출생성비,"시도별,출산순위별"
DT_1B81A20,시도/출산순위별 모의 평균 출산연령,101003,101,년,1993,2023,,,평균출산연령,"시도별,출산순위별"
DT_1B81A21,"시도/합계출산율, 모의 연령별 출산율",101003,101,년,1993,2023,,,출산율,"모의연령별,시도별"
DT_1B81A22,모의 연령별 출산율(각세),101003,101,년,1993,2023,,,출산율,연령별
DT_1B81A23,"시군구/출생아수, 합계출산율",101003,101,년,2000,2023,,,"출생아수,합계출산율",행정구역별
DT_1B81A24,다태아 여부별 출생,101003,101,년,1991,2023,,,출생,다태아여부별
DT_1B81A28,"시군구/ 모의 평균 출산연령, 모의 연령별(5세간격) 출생",101003,101,년,2000,2023,,,"출산연령,출생","행정구역별,연령별"
DT_1B82A01,시군구/월별 사망자수(1997~),101003,101,"월,년",1997,2022,,,사망자수,"행정구역별,월별"
DT_1B83A01,시도/시군구/발생월별 혼인,101003,101,"월,년",1997,2023,,,혼인,"행정구역별,발생월별"
DT_1B83A02,혼인부부의 연령별 혼인,101003,101,년,1990,2023,,,혼인부부,연령별
DT_1B83A03,시도/연령(각세)별 혼인,101003,101,년,1990,2023,,,혼인,"시도별,연령별"
DT_1B83A04,시도/직업별(~2007) 혼인,101003,101,년,2004,2007,,,혼인,"시도별,직업별"
DT_1B83A05,시도별 평균초혼연령,101003,101,년,1990,2023,,,평균초혼연령,행정구역별
DT_1B83A06,시도/초혼연령별 혼인,101003,101,년,1990,2023,,,혼인,시도별
DT_1B83A07,시도/재혼연령별 혼인,101003,101,년,1990,2023,,,혼인,"시도별,재혼연령별"
DT_1B83A08,시도/초혼부부의 연령차별 혼인,101003,101,년,1990,2023,,,초혼부부,행정구역별
DT_1B83A09,시도/시군구별 평균초혼 연령,101003,101,년,2000,2023,,,평균초혼연령,행정구역별
DT_1B83A10,시도별 평균재혼연령,101003,101,년,1990,2023,,,평균재혼연령,행정구역별
DT_1B83A11,시도/부부의 혼인종류별 혼인,101003,101,년,1990,2023,,,혼인,혼인종류별
DT_1B83A12,시도/사별후 재혼연령별 혼인,101003,101,년,1993,2023,,,"재혼,연령",재혼연령별
DT_1B83A13,시도/이혼후 재혼연령별 혼인,101003,101,년,1993,2023,,,"재혼,혼인",재혼연령별
DT_1B83A14,시도/재혼부부의 연령차별 혼인,101003,101,년,1990,2023,,,재혼부부,"연령별,시도별"
DT_1B83A15,시도/성/연령별 혼인율,101003,101,년,1990,2023,,,혼인율,"시도별,성별,연령별"
DT_1B83A16,연령/교육정도별 혼인,101003,101,년,1990,2023,,,혼인,"연령별,교육정도별"
DT_1B83A17,연령/교육정도별 혼인(초혼),101003,101,년,1990,2023,,,혼인,"연령별,교육정도별"
DT_1B83A18,연령/교육정도별 혼인(재혼),101003,101,년,1990,2023,,,"혼인,재혼","연령별,교육정도별"
DT_1B83A22,한국인 아내의 혼인종류/외국인 남편의 국적별 혼인,101003,101,년,1993,2023,,,"아내,남편",국적별
DT_1B83A23,시도/시군구별 혼인종류,101003,101,년,2000,2023,,,혼인종류,행정구역별
DT_1B83A24,시도/시군구별 외국인과의 혼인,101003,101,년,2000,2023,,,외국인과의혼인,행정구역별
DT_1B83A25,농림어업종사자와 외국인 아내와의 혼인,101003,101,년,1993,2023,,,"농림어업종사자,외국인아내",혼인별
DT_1B83A31,한국인 남편의 혼인종류/외국인 아내의 국적별 혼인,101003,101,년,1993,2023,,,"남편,아내",국적별
DT_1B83A32,시도/직업별(2008~) 혼인,101003,101,년,2008,2023,,,혼인,"시도별,직업별"
DT_1B83A33,시도/연령(5세)별 혼인,101003,101,년,1990,2023,,,혼인,"행정구역별,연령별"
DT_1B83A34,시도/일반혼인율,101003,101,년,1990,2023,,,혼인율,행정구역별
DT_1B83A35,시도/시군구/월별 혼인,101003,101,"월,년",1997,2023,,,혼인,"행정구역별,월별"
DT_1B83A36,초혼부부의 연령별 혼인,101003,101,년,1990,2023,,,초혼부부,연령별
DT_1B83B29,시도/시군구/외국인 아내의 국적별 혼인,101003,101,년,1993,2023,,,"외국인아내,혼인",국적별
DT_1B83B30,시도/시군구/외국인 남편의 국적별 혼인,101003,101,년,1993,2023,,,혼인,국적별
DT_1B85001,시도/시군구/발생월별 이혼,101003,101,"월,년",1997,2023,,,이혼,"행정구역별,발생월별"
DT_1B85002,이혼부부의 연령별 이혼,101003,101,년,1990,2023,,,이혼부부,연령별
DT_1B85003,시도/연령(각세)별 이혼,101003,101,년,1990,2023,,,이혼,"시도별,연령별"
DT_1B85004,시도/이혼사유별 이혼,101003,101,년,1990,2017,,,이혼,"시도별,이혼사유별"
DT_1B85005,시도/이혼종류별 이혼,101003,101,년,1993,2023,,,이혼,"시도별,이혼종류별"
DT_1B85006,시도/혼인지속기간(동거기간)별 이혼,101003,101,년,1990,2023,,,이혼,혼인지속기간별
DT_1B85007,시도/미성년자녀수별 이혼,101003,101,년,1993,2023,,,미성년자녀수,"행정구역별,자녀수별"
DT_1B85008,연령(5세)/ 혼인지속기간(동거기간)별 이혼,101003,101,년,1990,2023,,,"혼인지속기간,이혼",혼인지속기간별
DT_1B85009,시도/성/연령별 이혼율,101003,101,년,1990,2023,,,이혼율,"시도별,성별,연령별"
DT_1B85010,연령(5세)/교육정도별 이혼,101003,101,년,1995,2023,,,이혼,교육정도별
DT_1B85011,시도/평균 이혼 연령,101003,101,년,1990,2023,,,이혼연령,행정구역별
DT_1B85012,시도/직업별(~2007) 이혼,101003,101,년,2004,2007,,,이혼,"시도별,직업별"
DT_1B85019,연령(5세)/이혼종류별 이혼,101003,101,년,1993,2023,,,이혼,"연령별,이혼종류별"
DT_1B85020,연령(5세)/미성년자녀수별 이혼,101003,101,년,1993,2023,,,미성년자녀수,"연령별,미성년자녀수별"
DT_1B85023,연령(5세)/외국인 아내의 국적별 이혼,101003,101,년,1995,2023,,,외국인아내,국적별
DT_1B85024,연령(5세)/외국인 남편의 국적별 이혼,101003,101,년,1995,2023,,,"외국인남편,이혼",국적별
DT_1B85025,미성년자녀수/외국인 아내의 국적별 이혼,101003,101,년,1995,2023,,,"미성년자녀수,외국인아내",외국인아내의국적별
DT_1B85026,미성년자녀수/외국인 남편의 국적별 이혼,101003,101,년,1995,2023,,,"미성년자녀수,외국인남편의국적",외국인남편의국적별
DT_1B85027,시도/연령(5세)별 이혼,101003,101,년,1990,2023,,,이혼,"행정구역별,연령별"
DT_1B85028,연령(5세)/이혼사유별 이혼,101003,101,년,1990,2017,,,이혼,이혼사유별
DT_1B85029,시도/직업별(2008~) 이혼,101003,101,년,2008,2023,,,이혼,"시도별,직업별"
DT_1B85030,이혼종류별 외국인과의 이혼,101003,101,년,1995,2023,,,외국인과의이혼,외국인과의이혼별
DT_1B85031,시도/일반이혼율,101003,101,년,1990,2023,,,이혼율,행정구역별
DT_1B85032,시도/이혼사유별 외국인과의 이혼,101003,101,년,1995,2023,,,외국인과의이혼,"시도별,이혼사유별"
DT_1B85033,시도/시군구/월별 이혼,101003,101,"월,년",1997,2023,,,이혼,"행정구역별,월별"
DT_1B85B21,시도/시군구/외국인 아내의 국적별 이혼,101003,101,년,1995,2023,,,외국인아내,국적별
DT_1B85B22,시도/시군구/외국인 남편의 국적별 이혼,101003,101,년,1995,2023,,,이혼,국적별
DT_1BB0001,다문화 유형별 혼인,101003,101,년,2008,2022,,,혼인,다문화유형별
DT_1BB0002,지역별 다문화 혼인,101003,101,년,2008,2022,,,다문화혼인,행정구역별
DT_1BB0003,다문화 유형별 이혼,101003,101,년,2008,2022,,,이혼,다문화유형별
DT_1BB0004,지역별 다문화 이혼,101003,101,년,2008,2022,,,다문화이혼,행정구역별
DT_1BB0005,다문화 유형별 출생,101003,101,년,2008,2022,,,출생,다문화유형별
DT_1BB0006,지역별 다문화 출생,101003,101,년,2008,2022,,,다문화출생,행정구역별
DT_1BB0007,다문화 유형별 사망,101003,101,년,2008,2022,,,사망,다문화유형별
INH_1B8000F_01,"출생아수, 합계출산율, 자연증가 등",101003,101,년,1970,2023,,,"출생아수,합계출산율,자연증가",
INH_1B8000F_02,"사망자수, 조사망률, 기대수명",101003,101,년,1970,2023,,,"사망자수,조사망률,기대수명",
INH_1B8000F_03,"혼인건수, 조혼인율",101003,101,년,1970,2023,,,"혼인건수,조혼인율",행정구역별
INH_1B8000F_04,"이혼건수, 조이혼율",101003,101,년,1970,2023,,,"이혼건수,조이혼율",행정구역별
INH_1B8000I_01,조이혼율(시도/시/군/구),101003,101,년,2000,2023,,,조이혼율,행정구역별
INH_1B8000I_02,조혼인율(시도/시/군/구),101003,101,년,2000,2023,,,조혼인율,행정구역별
INH_1B80A18,사망률(시도/시/군/구),101003,101,년,1997,2022,,,사망률,행정구역별
INH_1B81A01,출생아수(시도/시/군/구),101003,101,"월,년",1997,2023,,,출생아수,행정구역별
INH_1B81A17,합계출산율(시도/시/군/구),101003,101,년,2000,2023,,,합계출산율,행정구역별
INH_1B82A01,사망자수(시도/시/군/구),101003,101,"월,년",1997,2022,,,사망자수,행정구역별
INH_1B83A09,평균 초혼연령(시도/시/군/구),101003,101,년,2000,2023,,,초혼연령,행정구역별
INH_1B83A10,평균 재혼연령(시도),101003,101,년,1990,2023,,,재혼연령,행정구역별
INH_1B83A23,혼인형태(시도/시/군/구),101003,101,년,2000,2023,,,혼인,행정구역별
INH_1B83A35,혼인건수(시도/시/군/구),101003,101,"월,년",1997,2023,,,혼인건수,행정구역별
INH_1B85033,이혼건수(시도/시/군/구),101003,101,"월,년",1997,2023,,,이혼건수,행정구역별
INH_1BB0002,다문화 혼인건수(시도/시/군/구),101003,101,년,2008,2022,,,혼인건수,행정구역별
DT_1D07001S,성및농가·비농가별 경제활동인구(구직기간 1주 기준),101004,101,"월,분기,년",1963,2014,,,경제활동인구,경제활동인구별
DT_1D07002S,연령별 경제활동인구 총괄(구직기간 1주 기준),101004,101,"월,분기,년",1965,2014,,,경제활동인구,연령별
DT_1D07003S,교육정도별 경제활동인구 (구직기간1주기준),101004,101,"월,분기,년",1980,2014,,,경제활동인구,교육정도별
DT_1D07004S,행정구역(시도)별 경제활동인구 총괄 (구직기간 1주 기준),101004,101,"월,분기,년",1989,2014,,,경제활동인구,행정구역별
DT_1D07012S,성/연령별 경제활동인구 (구직기간1주기준),101004,101,"월,분기,년",1963,2014,,,경제활동인구,성연령별
DT_1D07013S,성/교육정도별 경제활동인구 (구직기간1주기준),101004,101,"월,분기,년",1963,2014,,,경제활동인구,경제활동인구별
DT_1D07014S,행정구역(시도)/성별 경제활동인구 (구직기간 1주 기준),101004,101,"월,분기,년",1989,2014,,,경제활동인구,"행정구역별,성별"
DT_1D07015S,행정구역(시도)/연령별 경제활동인구 (구직기간 1주 기준),101004,101,"분기,년",1989,2015,,,경제활동인구,"행정구역별,연령별"
DT_1D07016S,행정구역(시도)/교육정도별 경제활동인구 (구직기간1주기준),101004,101,"분기,년",1989,2015,,,경제활동인구,"행정구역별,교육정도별"
DT_1DA7001,성별 경제활동인구 총괄(시계열 보정 前 자료),101004,101,"월,분기,년",1999,2017,,,경제활동인구,성별
DT_1DA7001S,성별 경제활동인구 총괄,101004,101,"월,분기,년",1999,2024,,,경제활동인구,성별
DT_1DA7002,연령별 경제활동인구 총괄(시계열 보정 前 자료),101004,101,"월,분기,년",1999,2017,,,경제활동인구,연령별
DT_1DA7002S,연령별 경제활동인구 총괄,101004,101,"월,분기,년",1999,2024,,,경제활동인구,연령별
DT_1DA7003,교육정도별 경제활동인구(시계열 보정 前 자료),101004,101,"월,분기,년",1999,2017,,,경제활동인구,교육정도별
DT_1DA7003S,교육정도별 경제활동인구,101004,101,"월,분기,년",1999,2024,,,경제활동인구,교육정도별
DT_1DA7004,행정구역(시도)별 경제활동인구(시계열 보정 前 자료),101004,101,"월,분기,년",1999,2017,,,경제활동인구,행정구역별
DT_1DA7004S,행정구역(시도)별 경제활동인구,101004,101,"월,분기,년",1999,2024,,,경제활동인구,행정구역별
DT_1DA7006S,산업별 취업자(1992~2000),101004,101,"월,분기,년",1992,2000,,,취업자,산업별
DT_1DA7007,산업별 취업자(1963~1992),101004,101,"월,분기,년",1963,1992,,,취업자,산업별
DT_1DA7008S,직업별 취업자(1993~2000),101004,101,"월,분기,년",1993,2000,,,취업자,직업별
DT_1DA7009,직업별 취업자(1963~1993),101004,101,"월,분기,년",1963,1993,,,취업자,직업별
DT_1DA7010,종사상지위별 취업자(시계열 보정 前 자료),101004,101,"월,분기,년",1963,2017,,,취업자,취업자별
DT_1DA7010S,종사상지위별 취업자,101004,101,"월,분기,년",1963,2024,,,취업자,취업자별
DT_1DA7011,취업시간별 취업자(시계열 보정 前 자료),101004,101,"월,분기,년",1980,2017,,,취업자,취업시간별
DT_1DA7011S,취업시간별 취업자,101004,101,"월,분기,년",1980,2024,,,취업자,취업시간별
DT_1DA7012,성/연령별 경제활동인구(시계열 보정 前 자료),101004,101,"월,분기,년",1999,2017,,,경제활동인구,"성별,연령별"
DT_1DA7012S,성/연령별 경제활동인구,101004,101,"월,분기,년",1999,2024,,,경제활동인구,"성별,연령별"
DT_1DA7013,성/교육정도별 경제활동인구(시계열 보정 前 자료),101004,101,"월,분기,년",1999,2017,,,경제활동인구,경제활동인구별
DT_1DA7013S,성/교육정도별 경제활동인구,101004,101,"월,분기,년",1999,2024,,,경제활동인구,"경제활동인구를성별로분류한통계표를의미하므로,성별이라고할수있습니다"
DT_1DA7014,행정구역(시도)/성별 경제활동인구(시계열 보정 前 자료),101004,101,"월,분기,년",1999,2017,,,경제활동인구,"행정구역별,성별"
DT_1DA7014S,행정구역(시도)/성별 경제활동인구,101004,101,"월,분기,년",1999,2024,,,경제활동인구,"행정구역별,성별"
DT_1DA7015,행정구역(시도)/연령별 경제활동인구(시계열 보정 前 자료),101004,101,"분기,년",1999,2018,,,경제활동인구,"행정구역별,연령별"
DT_1DA7015S,행정구역(시도)/연령별 경제활동인구,101004,101,"분기,년",1999,2024,,,경제활동인구,"행정구역별,연령별"
DT_1DA7016,행정구역(시도)/교육정도별 경제활동인구(시계열 보정 前 자료),101004,101,"분기,년",1999,2018,,,경제활동인구,"행정구역별,교육정도별"
DT_1DA7016S,행정구역(시도)/교육정도별 경제활동인구,101004,101,"분기,년",1999,2024,,,경제활동인구,"행정구역별,교육정도별"
DT_1DA7024,성/연령별 취업자(시계열 보정 前 자료),101004,101,"월,분기,년",1963,2017,,,취업자,"성별,연령별"
DT_1DA7024S,성/연령별 취업자,101004,101,"월,분기,년",1963,2024,,,취업자,"성별,연령별"
DT_1DA7025,성/교육정도별 취업자(시계열 보정 前 자료),101004,101,"월,분기,년",1965,2017,,,취업자,"성별,교육정도별"
DT_1DA7025S,성/교육정도별 취업자,101004,101,"월,분기,년",1965,2024,,,취업자,"성별,교육정도별"
DT_1DA7026S,성/산업별 취업자(1992~2000),101004,101,"월,분기,년",1992,2000,,,취업자,산업별
DT_1DA7027S,성/직업별 취업자(1993~2000),101004,101,"월,분기,년",1993,2000,,,취업자,성직업별
DT_1DA7028,성/종사상지위별 취업자(시계열 보정 前 자료),101004,101,"월,분기,년",1963,2017,,,취업자,"성별,종사상지위별"
DT_1DA7028S,성/종사상지위별 취업자,101004,101,"월,분기,년",1963,2024,,,취업자,"성별,종사상지위별"
DT_1DA7029,성/취업시간별 취업자(시계열 보정 前 자료),101004,101,"월,분기,년",1963,2017,,,취업자,"성별,취업시간별"
DT_1DA7029S,성/취업시간별 취업자,101004,101,"월,분기,년",1963,2024,,,취업자,"성별,취업시간별"
DT_1DA7030,행정구역(시도)/성별 취업자(시계열 보정 前 자료),101004,101,"월,분기,년",1989,2017,,,취업자,"행정구역별,성별"
DT_1DA7030S,행정구역(시도)/성별 취업자,101004,101,"월,분기,년",1989,2024,,,취업자,"행정구역별,성별"
DT_1DA7031,행정구역(시도)/연령별 취업자(시계열 보정 前 자료),101004,101,"월,분기,년",1989,2017,,,취업자,"행정구역별,연령별"
DT_1DA7031S,행정구역(시도)/연령별 취업자,101004,101,"월,분기,년",1989,2024,,,취업자,"행정구역별,연령별"
DT_1DA7032,행정구역(시도)/교육정도별 취업자(시계열 보정 前 자료),101004,101,"월,분기,년",1989,2017,,,취업자,"행정구역별,교육정도별"
DT_1DA7032S,행정구역(시도)/교육정도별 취업자,101004,101,"월,분기,년",1989,2024,,,취업자,"행정구역별,교육정도별"
DT_1DA7033S,행정구역(시도)/산업별 취업자(1992~2000),101004,101,"월,분기,년",1992,2000,,,취업자,"행정구역별,산업별"
DT_1DA7034S,행정구역(시도)/직업별 취업자(1993~2000),101004,101,"월,분기,년",1993,2000,,,취업자,"행정구역별,직업별"
DT_1DA7035,행정구역(시도)/종사상지위별 취업자(시계열 보정 前 자료),101004,101,"월,분기,년",1989,2017,,,취업자,"행정구역별,종사상지위별"
DT_1DA7035S,행정구역(시도)/종사상지위별 취업자,101004,101,"월,분기,년",1989,2024,,,취업자,"행정구역별,종사상지위별"
DT_1DA7036,행정구역(시도)/취업시간별 취업자(시계열 보정 前 자료),101004,101,"월,분기,년",1989,2017,,,취업자,"행정구역별,취업시간별"
DT_1DA7036S,행정구역(시도)/취업시간별 취업자,101004,101,"월,분기,년",1989,2024,,,취업자,"행정구역별,취업시간별"
DT_1DA7050,행정구역(시도)/성/연령별 취업자(시계열 보정 前 자료),101004,101,"분기,년",1999,2018,,,취업자,"행정구역별,성별,연령별"
DT_1DA7050S,행정구역(시도)/성/연령별 취업자,101004,101,"분기,년",1999,2024,,,취업자,"행정구역별,성별,연령별"
DT_1DA7060,성/산업별 취업자(1963~1992),101004,101,"월,분기,년",1963,1992,,,취업자,산업별
DT_1DA7061,성/직업별 취업자(1963~1993),101004,101,"월,분기,년",1963,1993,,,취업자,성직업별
DT_1DA7062,행정구역(시도)/산업별 취업자(1989~1992),101004,101,"분기,년",1989,1993,,,취업자,"행정구역별,산업별"
DT_1DA7063,행정구역(시도)/직업별 취업자(1989~1993),101004,101,"분기,년",1989,1994,,,취업자,"행정구역별,직업별"
DT_1DA7086,성/연령별 실업자(시계열 보정 前 자료),101004,101,"월,분기,년",1999,2017,,,실업자,"성별,연령별"
DT_1DA7086S,성/연령별 실업자,101004,101,"월,분기,년",1999,2024,,,실업자,"성별,연령별"
DT_1DA7087,성/교육정도별 실업자(시계열 보정 前 자료),101004,101,"월,분기,년",1999,2017,,,실업자,"성별,교육정도별"
DT_1DA7087S,성/교육정도별 실업자,101004,101,"월,분기,년",1999,2024,,,실업자,"성별,교육정도별"
DT_1DA7088,행정구역(시도)/성별 실업자(시계열 보정 前 자료),101004,101,"월,분기,년",1999,2017,,,실업자,"행정구역별,성별"
DT_1DA7088S,행정구역(시도)/성별 실업자,101004,101,"월,분기,년",1999,2024,,,실업자,"행정구역별,성별"
DT_1DA7089,구직기간별 실업자(시계열 보정 前 자료),101004,101,"월,분기,년",1999,2017,,,실업자,구직기간별
DT_1DA7089S,구직기간별 실업자,101004,101,"월,분기,년",1999,2024,,,실업자,구직기간별
DT_1DA7090,연령/교육정도별 실업자(시계열 보정 前 자료),101004,101,"분기,년",1999,2018,,,실업자,"연령별,교육정도별"
DT_1DA7090S,연령/교육정도별 실업자,101004,101,"분기,년",1999,2024,,,실업자,"연령별,교육정도별"
DT_1DA7095,행정구역(시도)/연령별 실업자(시계열 보정 前 자료),101004,101,"분기,년",1999,2018,,,실업자,"행정구역별,연령별"
DT_1DA7095S,행정구역(시도)/연령별 실업자,101004,101,"분기,년",1999,2024,,,실업자,"행정구역별,연령별"
DT_1DA7102,성/연령별 실업률(시계열 보정 前 자료),101004,101,"월,분기,년",1999,2017,,,실업률,"성별,연령별"
DT_1DA7102S,성/연령별 실업률,101004,101,"월,분기,년",1999,2024,,,실업률,"성별,연령별"
DT_1DA7103,성/교육정도별 실업률(시계열 보정 前 자료),101004,101,"월,분기,년",1999,2017,,,실업률,"성별,교육정도별"
DT_1DA7103S,성/교육정도별 실업률,101004,101,"월,분기,년",1999,2024,,,실업률,"성별,교육정도별"
DT_1DA7104,행정구역(시도)/성별 실업률(시계열 보정 前 자료),101004,101,"월,분기,년",1999,2017,,,실업률,"행정구역별,성별"
DT_1DA7104S,행정구역(시도)/성별 실업률,101004,101,"월,분기,년",1999,2024,,,실업률,"행정구역별,성별"
DT_1DA7105,연령/교육정도별 실업률(시계열 보정 前 자료),101004,101,"분기,년",1999,2018,,,실업률,"연령별,교육정도별"
DT_1DA7105S,연령/교육정도별 실업률,101004,101,"분기,년",1999,2024,,,실업률,"연령별,교육정도별"
DT_1DA7107,시도*연령별 실업률(시계열 보정 前 자료),101004,101,"분기,년",1999,2018,,,실업률,"시도별,연령별"
DT_1DA7107S,행정구역(시도)/연령별 실업률,101004,101,"분기,년",1999,2024,,,실업률,"행정구역별,연령별"
DT_1DA7111,성별/취업경험 유무별 실업자(시계열 보정 前 자료),101004,101,"월,분기,년",1999,2017,,,실업자,"성별,취업경험유무별"
DT_1DA7111S,성별/취업경험 유무별 실업자,101004,101,"월,분기,년",1999,2024,,,실업자,"성별,취업경험유무별"
DT_1DA7112,연령별/취업경험 유무별 실업자(시계열 보정 前 자료),101004,101,"월,분기,년",1999,2017,,,실업자,"연령별,취업경험유무별"
DT_1DA7112S,연령별/취업경험 유무별 실업자,101004,101,"월,분기,년",1999,2024,,,실업자,"연령별,취업경험유무별"
DT_1DA7113S,교육정도별/취업경험 유무별 실업자,101004,101,"월,분기,년",1999,2024,,,실업자,"교육정도별,취업경험유무별"
DT_1DA7145,성/활동상태별 비경제활동인구(시계열 보정 前 자료),101004,101,"월,분기,년",1999,2017,,,비경제활동인구,성활동상태별
DT_1DA7145S,성/활동상태별 비경제활동인구,101004,101,"월,분기,년",1999,2024,,,비경제활동인구,성활동상태별
DT_1DA7146,행정구역(시도)/활동상태별 비경제활동인구(시계열 보정 前 자료),101004,101,"월,분기,년",1999,2017,,,비경제활동인구,"행정구역별,활동상태별"
DT_1DA7146S,행정구역(시도)/활동상태별 비경제활동인구,101004,101,"월,분기,년",1999,2024,,,비경제활동인구,"행정구역별,활동상태별"
DT_1DA7147,연령/활동상태별(쉬었음) 비경제활동인구(시계열 보정 前 자료),101004,101,"월,분기,년",1999,2017,,,비경제활동인구,"연령별,활동상태별"
DT_1DA7147S,연령/활동상태별(쉬었음) 비경제활동인구,101004,101,"월,분기,년",2003,2024,,,비경제활동인구,연령별
DT_1DA7156,성별 구직단념자(1999.11~2013.12),101004,101,"월,분기,년",1999,2013,,,구직단념자,성별
DT_1DA7156A,"성별 구직단념자(2014~2017년, 시계열 보정 前 자료)",101004,101,"월,분기,년",2014,2017,,,구직단념자,성별
DT_1DA7156AS,성별 구직단념자(2014.1월~현재),101004,101,"월,분기,년",2014,2024,,,구직단념자,성별
DT_1DA7156S,성별 구직단념자(1999.11~2013.12),101004,101,"월,분기,년",1999,2013,,,구직단념자,성별
DT_1DA7178,성별 비경제활동인구(시계열 보정 前 자료),101004,101,"월,분기,년",1999,2017,,,비경제활동인구,성별
DT_1DA7178S,성별 비경제활동인구,101004,101,"월,분기,년",1999,2024,,,비경제활동인구,성별
DT_1DA7179,연령별 비경제활동인구(시계열 보정 前 자료),101004,101,"월,분기,년",1999,2017,,,비경제활동인구,연령별
DT_1DA7179S,연령별 비경제활동인구,101004,101,"월,분기,년",1999,2024,,,비경제활동인구,연령별
DT_1DA7180S,교육정도별 비경제활동인구,101004,101,"월,분기,년",1999,2024,,,비경제활동인구,교육정도별
DT_1DA7300,"고용보조지표(전체, 시계열 보정 前 자료)",101004,101,"월,분기,년",2015,2017,,,고용,전체별
DT_1DA7300A,"고용보조지표(청년층 15~29세, 시계열 보정 前 자료)",101004,101,"월,분기,년",2015,2017,,,고용,연령별
DT_1DA7300AS,"고용보조지표(청년층, 15~29세)",101004,101,"월,분기,년",2015,2024,,,고용,연령별
DT_1DA7300S,고용보조지표(전체),101004,101,"월,분기,년",2015,2024,,,고용,
DT_1DA7A06S,산업별 취업자(2000~2008),101004,101,"월,분기,년",2000,2008,,,취업자,산업별
DT_1DA7A08S,직업별 취업자(2000~2008),101004,101,"월,분기,년",2000,2008,,,취업자,직업별
DT_1DA7A26S,성/산업별 취업자(2000~2008),101004,101,"월,분기,년",2000,2008,,,취업자,산업별
DT_1DA7A27S,성/직업별 취업자(2000~2008),101004,101,"월,분기,년",2000,2008,,,취업자,성직업별
DT_1DA7A33S,행정구역(시도)/산업별 취업자(2000~2008),101004,101,"월,분기,년",2000,2008,,,취업자,"행정구역별,산업별"
DT_1DA7A34S,행정구역(시도)/직업별 취업자(2000~2008),101004,101,"월,분기,년",2000,2008,,,취업자,"행정구역별,직업별"
DT_1DA7A43S,산업/취업시간별 취업자(2000~2008),101004,101,"월,분기,년",2000,2008,,,취업자,"산업별,취업시간별"
DT_1DA7A64,종사자규모별 취업자(시계열 보정 前 자료),101004,101,"월,분기,년",2004,2017,,,취업자,종사자규모별
DT_1DA7A64S,종사자규모별 취업자,101004,101,"월,분기,년",2004,2024,,,취업자,종사자규모별
DT_1DA7C06,산업별 취업자(시계열 보정 前 자료),101004,101,"월,분기,년",2004,2017,,,취업자,산업별
DT_1DA7C06S,산업별 취업자(2004~2017),101004,101,"월,분기,년",2004,2017,,,취업자,산업별
DT_1DA7C08,직업별 취업자(시계열 보정 前 자료),101004,101,"월,분기,년",2004,2017,,,취업자,직업별
DT_1DA7C08S,직업별 취업자(2004~2017),101004,101,"월,분기,년",2004,2017,,,취업자,직업별
DT_1DA7C26,성/산업별 취업자(시계열 보정 前 자료),101004,101,"월,분기,년",2004,2017,,,취업자,"성별,산업별"
DT_1DA7C26S,성/산업별 취업자(2004~2017),101004,101,"월,분기,년",2004,2017,,,취업자,산업별
DT_1DA7C27,성/직업별 취업자(시계열 보정 前 자료),101004,101,"월,분기,년",2004,2017,,,취업자,성직업별
DT_1DA7C27S,성/직업별 취업자(2004~2017),101004,101,"월,분기,년",2004,2017,,,취업자,성직업별
DT_1DA7C33,행정구역(시도)/산업별 취업자(시계열 보정 前 자료),101004,101,"월,분기,년",2004,2017,,,취업자,"행정구역별,산업별"
DT_1DA7C33S,행정구역(시도)/산업별 취업자(2004~2017),101004,101,"월,분기,년",2004,2017,,,취업자,"행정구역별,산업별"
DT_1DA7C34,행정구역(시도)/직업별 취업자(시계열 보정 前 자료),101004,101,"월,분기,년",2004,2017,,,취업자,"행정구역별,직업별"
DT_1DA7C34S,행정구역(시도)/직업별 취업자(2004~2017),101004,101,"월,분기,년",2004,2017,,,취업자,"행정구역별,직업별"
DT_1DA7C43S,산업/취업시간별 취업자(2004~2017),101004,101,"월,분기,년",2000,2017,,,취업자,"산업별,취업시간별"
DT_1DA7C64S,성별 추가취업희망자,101004,101,"월,분기,년",1998,2014,,,추가취업희망자,성별
DT_1DA7E06S,산업별 취업자,101004,101,"월,분기,년",2013,2024,,,취업자,산업별
DT_1DA7E08S,직업별 취업자,101004,101,"월,분기,년",2013,2024,,,취업자,직업별
DT_1DA7E26S,성/산업별 취업자,101004,101,"월,분기,년",2013,2024,,,취업자,산업별
DT_1DA7E27S,성/직업별 취업자,101004,101,"월,분기,년",2013,2024,,,취업자,성직업별
DT_1DA7E33S,행정구역(시도)/산업별 취업자,101004,101,"월,분기,년",2013,2024,,,취업자,"행정구역별,산업별"
DT_1DA7E34S,행정구역(시도)/직업별 취업자,101004,101,"월,분기,년",2013,2024,,,취업자,"행정구역별,직업별"
DT_1DA7E43S,산업/취업시간별 취업자,101004,101,"월,분기,년",2013,2024,,,취업자,"산업별,취업시간별"
DT_1DA9001S,계절조정 경제활동인구 총괄,101004,101,"월,분기",1999,2024,,,경제활동인구,계절
DT_1DA9002S,연령별 계절조정,101004,101,"월,분기",1999,2024,,,계절조정,연령별
DT_1DA9003S,산업별 계절조정 취업자,101004,101,"월,분기",2013,2024,,,취업자,산업별
DT_1DA9004S,직업별 계절조정 취업자,101004,101,"월,분기",2013,2024,,,취업자,직업별
DT_1DA9006S,종사상지위별 계절조정 취업자,101004,101,"월,분기",1989,2024,,,취업자,종사상지위별
DT_1DA9007S,고용보조지표 계절조정 (전체),101004,101,"월,분기",2015,2024,,,고용,계절별
DT_1DA9008S,"고용보조지표 계절조정 (청년, 15~29세)",101004,101,"월,분기",2015,2024,,,"청년,고용",계절별
DT_1DE5001,성별/연령별 비경제활동인구,101004,101,월,2015,2016,,,비경제활동인구,"성별,연령별"
DT_1DE5001S,성별/연령별 비경제활동인구,101004,101,월,2015,2023,,,비경제활동인구,"성별,연령별"
DT_1DE5002,교육정도별 비경제활동인구,101004,101,월,2015,2016,,,비경제활동인구,교육정도별
DT_1DE5002S,교육정도별 비경제활동인구,101004,101,월,2015,2023,,,비경제활동인구,교육정도별
DT_1DE5010,활동상태별 비경제활동인구,101004,101,월,2015,2016,,,비경제활동인구,활동상태별
DT_1DE5010S,활동상태별 비경제활동인구,101004,101,월,2015,2023,,,비경제활동인구,활동상태별
DT_1DE5011,'쉬었음'의 쉰 주된 이유,101004,101,월,2016,2016,,,쉬었음의주된이유,
DT_1DE5011S,'쉬었음'의 쉰 주된 이유,101004,101,월,2016,2023,,,쉬었음,
DT_1DE5020,취업 경험 여부,101004,101,월,2015,2016,,,취업자,
DT_1DE5020S,취업 경험 여부,101004,101,월,2015,2016,,,취업자,
DT_1DE5021,가장 최근 직장을 그만 둔 기간별,101004,101,월,2016,2016,,,직장,기간별
DT_1DE5021S,가장 최근 직장을 그만 둔 기간별,101004,101,월,2016,2016,,,직장,기간별
DT_1DE5022,가장 최근 그만둔 직장의 산업,101004,101,월,2016,2016,,,직장,산업별
DT_1DE5022S,가장 최근 그만둔 직장의 산업,101004,101,월,2016,2016,,,직장,산업별
DT_1DE5024,가장 최근에 그만둔 직장의 직업,101004,101,월,2016,2016,,,직업,직업별
DT_1DE5024S,가장 최근에 그만둔 직장의 직업,101004,101,월,2016,2016,,,직업,직업별
DT_1DE5025,가장 최근에 그만둔 직장의 종사상지위,101004,101,월,2016,2016,,,직장,종사상지위별
DT_1DE5025S,가장 최근에 그만둔 직장의 종사상지위,101004,101,월,2016,2016,,,직장,종사상지위별
DT_1DE5026,가장 최근에 그만 둔 직장의 이직 사유,101004,101,월,2016,2016,,,직장,
DT_1DE5026S,가장 최근에 그만 둔 직장의 이직 사유,101004,101,월,2016,2016,,,직장,
DT_1DE5030,취업·창업 의사,101004,101,월,2016,2016,,,"취업,창업",
DT_1DE5030S,취업·창업 의사,101004,101,월,2016,2023,,,"취업,창업",
DT_1DE5031,연령별 취업·창업 의사,101004,101,월,2016,2016,,,"취업,창업",연령별
DT_1DE5031S,연령별 취업·창업 의사,101004,101,월,2016,2023,,,"취업,창업",연령별
DT_1DE5032,1년 이내 취업·창업 의사가 없는 주된 사유,101004,101,월,2016,2016,,,"취업,창업",
DT_1DE5032S,1년 이내 취업·창업 의사가 없는 주된 사유,101004,101,월,2016,2023,,,취업창업의사없음,
DT_1DE5040,1년 이내 구직이나 창업 준비 계획,101004,101,월,2016,2016,,,"구직,창업",구직창업별
DT_1DE5040S,1년 이내 구직이나 창업 준비 계획,101004,101,월,2016,2023,,,"구직,창업","구직별,창업별"
DT_1DE5041,취업·창업 희망 사유·시기 및 월평균임금(수입),101004,101,월,2016,2016,,,"취업,창업,임금,수입",취업창업별
DT_1DE5041S,취업·창업 희망 사유·시기 및 월평균임금(수입),101004,101,월,2016,2023,,,"취업,창업,월평균임금,수입",취업창업별
DT_1DE5042,희망 직장(일)의 고용형태,101004,101,월,2016,2016,,,고용형태,고용형태별
DT_1DE5042S,희망 직장(일)의 고용형태,101004,101,월,2016,2023,,,고용형태,고용형태별
DT_1DE5043,시간제 근로 희망 주된 이유,101004,101,월,2016,2016,,,"시간제근로,이유",
DT_1DE5043S,시간제 근로 희망 주된 이유,101004,101,월,2016,2023,,,근로,
DT_1DE5044,취업·창업을 위한 희망 정부정책,101004,101,월,2016,2016,,,정부정책,
DT_1DE5044S,취업·창업을 위한 희망 정부정책(복수응답),101004,101,월,2016,2016,,,정부정책,
DT_1DE5045,취업시 주요 고려사항,101004,101,월,2016,2016,,,취업,
DT_1DE5045S,임금근로 취업시 주요 고려사항,101004,101,월,2016,2023,,,"임금근로,취업,주요고려사항",
DT_1DE5046,취업 희망 산업,101004,101,월,2016,2016,,,산업,산업별
DT_1DE5046S,임금근로 취업 희망 산업,101004,101,월,2016,2023,,,"취업,산업",산업별
DT_1DE5047,취업 희망 직업,101004,101,월,2016,2016,,,직업,직업별
DT_1DE5047S,임금근로 취업 희망 직업,101004,101,월,2016,2023,,,"취업,직업",직업별
DT_1DE5048,창업시 주요 고려사항,101004,101,월,2016,2016,,,창업시주요고려사항,
DT_1DE5048S,창업시 주요 고려사항,101004,101,월,2016,2023,,,"창업,주요고려사항",
DT_1DE5049,창업 희망 이유,101004,101,월,2016,2016,,,"창업,이유",
DT_1DE5049S,창업 희망 이유,101004,101,월,2016,2023,,,창업,
DT_1DE5050,창업 희망 업종,101004,101,월,2016,2016,,,업종,업종별
DT_1DE5050S,창업 희망 업종,101004,101,월,2016,2023,,,업종,업종별
DT_1DE6002,산업별 비임금 근로자,101004,101,월,2007,2017,,,비임금근로자,산업별
DT_1DE6002S,"산업별 비임금 근로자(9차,~2017)",101004,101,월,2007,2017,,,비임금근로자,산업별
DT_1DE6003,직업별 비임금 근로자,101004,101,월,2007,2017,,,비임금근로자,직업별
DT_1DE6003S,"직업별 비임금 근로자(6차, ~2017)",101004,101,월,2007,2017,,,비임금근로자,직업별
DT_1DE6004S,평균근속기간 및 근속기간별 구성비,101004,101,월,2007,2023,,,"평균근속기간,근속기간별구성비",근속기간별
DT_1DE6005,산업별 평균근속기간,101004,101,월,2007,2017,,,평균근속기간,산업별
DT_1DE6005S,"산업별 평균근속기간(9차,~2017)",101004,101,월,2007,2017,,,평균근속기간,산업별
DT_1DE6008,근로장소,101004,101,월,2007,2017,,,근로자,"직업별,근로형태별"
DT_1DE6008S,근로장소,101004,101,월,2007,2023,,,근로자,"사업체규모별,직업별"
DT_1DE6009,운영(소속) 사업체의 사업자등록비율,101004,101,월,2007,2017,,,사업자등록비율,사업체운영형태별
DT_1DE6009S,운영(소속) 사업체의 사업자등록비율,101004,101,월,2007,2023,,,사업자등록비율,사업체운영형태별
DT_1DE6010,산업별 운영(소속) 사업체의 사업자등록비율,101004,101,월,2007,2017,,,사업체,산업별
DT_1DE6010S,"산업별 운영(소속) 사업체의 사업자등록비율(9차, ~2017)",101004,101,월,2007,2017,,,사업체,산업별
DT_1DE6015,국민연금 가입현황,101004,101,월,2007,2017,,,"국민연금,가입자","연령별,성별"
DT_1DE6015S,국민연금 가입현황,101004,101,월,2007,2023,,,"국민연금,가입자","연령별,성별,상태별"
DT_1DE6016,산업별 국민연금 가입현황,101004,101,월,2007,2017,,,국민연금가입현황,산업별
DT_1DE6016S,"산업별 국민연금 가입현황(9차, ~2017)",101004,101,월,2007,2017,,,국민연금가입현황,산업별
DT_1DE6017,성별 산재보험 가입현황,101004,101,월,2007,2017,,,산재보험가입현황,성별
DT_1DE6017S,성별 산재보험 가입현황,101004,101,월,2007,2023,,,산재보험가입현황,성별
DT_1DE6018,산업별 산재보험 가입현황,101004,101,월,2007,2017,,,산재보험가입현황,산업별
DT_1DE6018S,"산업별 산재보험 가입현황(9차, ~2017)",101004,101,월,2007,2017,,,산재보험가입현황,산업별
DT_1DE6019,평소 주당 평균 취업시간,101004,101,월,2007,2017,,,취업시간,
DT_1DE6019S,평소 주당 평균 취업시간,101004,101,월,2007,2023,,,취업시간,
DT_1DE6020,산업별 평소 주당 평균 취업시간,101004,101,월,2007,2017,,,취업시간,산업별
DT_1DE6020S,"산업별 평소 주당 평균 취업시간(9차, ~2017)",101004,101,월,2007,2017,,,취업시간,산업별
DT_1DE6022,현재 일(사업체)에 대한 앞으로의 계획,101004,101,월,2007,2017,,,사업체,
DT_1DE6022S,현재 일(사업체)에 대한 앞으로의 계획,101004,101,월,2007,2023,,,사업체,
DT_1DE6024,현재 일자리를 그만 두려는 이유,101004,101,월,2007,2017,,,일자리,
DT_1DE6024S,현재 일자리를 그만 두려는 이유,101004,101,월,2007,2023,,,일자리,
DT_1DE6025,신규 자영업자 사업자금 규모,101004,101,월,2009,2017,,,사업자금규모,
DT_1DE6025S,신규 자영업자 사업자금 규모,101004,101,월,2009,2023,,,사업자금규모,
DT_1DE6026,성별 비임금 근로자,101004,101,월,2007,2017,,,비임금근로자,성별
DT_1DE6026S,성별 비임금 근로자,101004,101,월,2007,2023,,,비임금근로자,성별
DT_1DE6027,연령별 비임금 근로자,101004,101,월,2007,2017,,,비임금근로자,연령별
DT_1DE6027S,연령별 비임금 근로자,101004,101,월,2007,2023,,,비임금근로자,연령별
DT_1DE6028,교육정도별 비임금 근로자,101004,101,월,2007,2017,,,비임금근로자,교육정도별
DT_1DE6028S,교육정도별 비임금 근로자,101004,101,월,2007,2023,,,비임금근로자,교육정도별
DT_1DE6029,신규 자영업자 사업자금 조달방법,101004,101,월,2007,2017,,,"사업자금,신규자영업자",사업자금조달방법별
DT_1DE6029S,신규 자영업자 사업자금 조달방법(복수응답),101004,101,월,2007,2023,,,"사업자금,신규자영업자",조달방법별
DT_1DE6031,사업준비기간,101004,101,월,2015,2017,,,사업체,
DT_1DE6031S,사업준비기간,101004,101,월,2015,2023,,,사업체,
DT_1DE6032,사업시작동기,101004,101,월,2015,2017,,,사업체수,
DT_1DE6032S,사업시작동기,101004,101,월,2015,2023,,,사업체수,
DT_1DE6033,사업 시작시 애로사항,101004,101,월,2015,2017,,,사업체,
DT_1DE6033S,사업 시작시 애로사항,101004,101,월,2015,2023,,,사업체수,
DT_1DE6035S,직전 사업유지 (운영)기간,101004,101,월,2015,2023,,,사업체,"사업유지,운영기간별"
DT_1DE6036,업종전환 사유,101004,101,월,2015,2017,,,업종,
DT_1DE6036S,업종전환 사유,101004,101,월,2015,2023,,,업종,
DT_1DE6037,산업별 비임금근로자(농림어업제외),101004,101,월,2009,2017,,,비임금근로자,산업별
DT_1DE6037S,"산업별 비임금근로자(농림어업제외)(9차, ~2017)",101004,101,월,2009,2017,,,비임금근로자,산업별
DT_1DE6038,직업별 비임금근로자(농림어업제외),101004,101,월,2009,2017,,,비임금근로자,직업별
DT_1DE6038S,"직업별 비임금근로자(농림어업제외)(6차, ~2017)",101004,101,월,2009,2017,,,비임금근로자,직업별
DT_1DE6039,성별 비임금근로자(농림어업제외),101004,101,월,2009,2017,,,비임금근로자,성별
DT_1DE6039S,성별 비임금근로자(농림어업제외),101004,101,월,2009,2023,,,비임금근로자,성별
DT_1DE6040,연령별 비임금근로자(농림어업제외),101004,101,월,2009,2017,,,"비임금근로자,농림어업제외",연령별
DT_1DE6040S,연령별 비임금근로자(농림어업제외),101004,101,월,2009,2023,,,"비임금근로자,농림어업제외",연령별
DT_1DE6041,교육정도별 비임금근로자(농림어업제외),101004,101,월,2009,2017,,,"비임금근로자,농림어업제외",교육정도별
DT_1DE6041S,교육정도별 비임금근로자(농림어업제외),101004,101,월,2009,2023,,,"비임금근로자,농림어업제외",교육정도별
DT_1DE6043,근로장소(농림어업제외),101004,101,월,2009,2017,,,근로장소,근로장소별
DT_1DE6043S,근로장소(농림어업제외),101004,101,월,2009,2023,,,근로장소,
DT_1DE6044,운영(소속)사업체의 사업자등록비율(농림어업제외),101004,101,월,2009,2017,,,사업자등록비율,
DT_1DE6044S,운영(소속)사업체의 사업자등록비율(농림어업제외),101004,101,월,2009,2023,,,사업자등록비율,"운영,소속사업체별"
DT_1DE6045,산업별 운영(소속)사업체의 사업자등록비율(농림어업제외),101004,101,월,2009,2017,,,"운영,소속사업체의사업자등록비율",산업별
DT_1DE6045S,"산업별 운영(소속)사업체의 사업자등록비율(농림어업제외)(9차, ~2017)",101004,101,월,2009,2017,,,"운영,소속사업체의사업자등록비율",산업별
DT_1DE6046,신규 자영업자 사업자금 규모(농림어업제외),101004,101,월,2009,2017,,,사업자금규모,규모별
DT_1DE6046S,신규 자영업자 사업자금 규모(농림어업제외),101004,101,월,2009,2023,,,사업자금규모,사업자금규모별
DT_1DE6047,신규 자영업자 사업자금 조달방법(농림어업제외),101004,101,월,2009,2017,,,사업자금,조달방법별
DT_1DE6047S,신규 자영업자 사업자금 조달방법(복수응답)(농림어업제외),101004,101,월,2009,2023,,,"사업자금,조달방법",조달방법별
DT_1DE6048,국민연금 가입현황(농림어업제외),101004,101,월,2009,2017,,,"국민연금,가입현황",
DT_1DE6048S,국민연금 가입현황(농림어업제외),101004,101,월,2009,2023,,,"국민연금,가입자",성별
DT_1DE6049,산업별 국민연금 가입현황(농림어업제외),101004,101,월,2009,2017,,,국민연금가입현황,산업별
DT_1DE6049S,"산업별 국민연금 가입현황(농림어업제외)(9차, ~2017)",101004,101,월,2009,2017,,,국민연금가입현황,산업별
DT_1DE6050,성별 산재보험 가입현황(농림어업제외),101004,101,월,2009,2017,,,산재보험,성별
DT_1DE6050S,성별 산재보험 가입현황(농림어업제외),101004,101,월,2009,2023,,,산재보험,성별
DT_1DE6051,산업별 산재보험 가입현황(농림어업제외),101004,101,월,2009,2017,,,산재보험가입현황,산업별
DT_1DE6051S,"산업별 산재보험 가입현황(농림어업제외)(9차, ~2017)",101004,101,월,2009,2017,,,산재보험가입현황,산업별
DT_1DE6052,평소 주당 평균 취업시간(농림어업제외),101004,101,월,2009,2017,,,취업시간,주당평균취업시간별
DT_1DE6052S,평소 주당 평균 취업시간(농림어업제외),101004,101,월,2009,2023,,,취업시간,
DT_1DE6053,산업별 평소 주당 평균취업시간(농림어업제외),101004,101,월,2009,2017,,,평균취업시간,산업별
DT_1DE6053S,"산업별 평소 주당 평균취업시간(농림어업제외)(9차, ~2017)",101004,101,월,2009,2017,,,평균취업시간,산업별
DT_1DE6054,현재 일(사업체)에 대한 앞으로의 계획(농림어업제외),101004,101,월,2009,2017,,,사업체,계획별
DT_1DE6054S,현재 일(사업체)에 대한 앞으로의 계획(농림어업제외),101004,101,월,2009,2023,,,사업체,
DT_1DE6055,현재 일자리를 그만두려는 이유(농림어업제외),101004,101,월,2009,2017,,,일자리,
DT_1DE6055S,현재 일자리를 그만두려는 이유(농림어업제외),101004,101,월,2009,2023,,,일자리,
DT_1DE6057,사업준비기간(농림어업제외),101004,101,월,2015,2017,,,사업체수,
DT_1DE6057S,사업준비기간(농림어업제외),101004,101,월,2015,2023,,,사업체수,
DT_1DE6058,사업시작동기(농림어업제외),101004,101,월,2015,2017,,,사업체수,
DT_1DE6058S,사업시작동기(농림어업제외),101004,101,월,2015,2023,,,사업체수,
DT_1DE6059,사업 시작시 애로사항(농림어업제외),101004,101,월,2015,2017,,,사업체수,
DT_1DE6059S,사업 시작시 애로사항(농림어업제외),101004,101,월,2015,2023,,,사업체,
DT_1DE6060,현 사업직전에 한일(농림어업제외),101004,101,월,2015,2017,,,사업체수,
DT_1DE6060S,현 사업직전에 한일(농림어업제외),101004,101,월,2015,2023,,,사업체수,
DT_1DE6061,직전 사업유지 (운영)기간(농림어업제외),101004,101,월,2015,2017,,,사업체수,사업유지기간별
DT_1DE6061S,직전 사업유지 (운영)기간(농림어업제외),101004,101,월,2015,2023,,,사업체수,사업유지기간별
DT_1DE6062,업종전환 사유(농림업제외),101004,101,월,2015,2017,,,사유,
DT_1DE6062S,업종전환 사유(농림어업제외),101004,101,월,2015,2023,,,사유,
DT_1DE6063,일자리 경험 형태,101004,101,월,2015,2017,,,일자리,경험형태별
DT_1DE6063S,일자리 경험 형태,101004,101,월,2015,2023,,,일자리,경험형태별
DT_1DE6064,일자리 경험 형태(농림어업제외),101004,101,월,2015,2017,,,일자리,
DT_1DE6064S,일자리 경험 형태(농림어업제외),101004,101,월,2015,2023,,,"일자리,형태",경험형태별
DT_1DE6070,산업별 비임금 근로자(10차),101004,101,월,2013,2023,,,비임금근로자,산업별
DT_1DE6071,산업별 평균근속기간(10차),101004,101,월,2013,2023,,,평균근속기간,산업별
DT_1DE6072,산업별 운영(소속) 사업체의 사업자등록비율(10차),101004,101,월,2013,2023,,,사업체,산업별
DT_1DE6073,산업별 국민연금 가입현황(10차),101004,101,월,2013,2023,,,국민연금가입현황,산업별
DT_1DE6074,산업별 산재보험 가입현황(10차),101004,101,월,2013,2023,,,산재보험가입현황,산업별
DT_1DE6075,산업별 평소 주당 평균 취업시간(10차),101004,101,월,2013,2023,,,취업시간,산업별
DT_1DE6076,직업별 비임금 근로자(7차),101004,101,월,2013,2023,,,비임금근로자,직업별
DT_1DE6078,산업별 비임금 근로자(농림어업제외)(10차),101004,101,월,2013,2023,,,비임금근로자,산업별
DT_1DE6080,산업별 운영(소속) 사업체의 사업자등록비율(농림어업제외)(10차),101004,101,월,2013,2023,,,사업체,산업별
DT_1DE6081,산업별 국민연금 가입현황(농림어업제외)(10차),101004,101,월,2013,2023,,,국민연금가입현황,산업별
DT_1DE6082,산업별 산재보험 가입현황(농림어업제외)(10차),101004,101,월,2013,2023,,,산재보험가입현황,산업별
DT_1DE6083,산업별 평소 주당 평균 취업시간(농림어업제외)(10차),101004,101,월,2013,2023,,,취업시간,산업별
DT_1DE6084,직업별 비임금 근로자(농림어업제외)(7차),101004,101,월,2013,2023,,,비임금근로자,직업별
DT_1DE7003S,"산업/근로형태별 취업자 (8차, ~2008년)",101004,101,월,2003,2008,,,취업자,"산업별,근로형태별"
DT_1DE7004S,"직업/근로형태별 취업자 (5차, ~2008년)",101004,101,월,2003,2008,,,취업자,직업근로형태별
DT_1DE7006,성/연령별 근로형태(비정규직)별 취업자,101004,101,월,2003,2017,,,근로형태별취업자,"성연령별,근로형태,비정규직별"
DT_1DE7006S,성/연령별 근로형태(비정규직)별 취업자,101004,101,월,2003,2023,,,근로형태별취업자,"성연령별,근로형태,비정규직별"
DT_1DE7009,성/교육정도/근로형태별(비정규직) 취업자,101004,101,월,2003,2017,,,취업자,"성별,교육정도별,근로형태별,비정규직"
DT_1DE7009S,성/교육정도/근로형태별(비정규직) 취업자,101004,101,월,2003,2023,,,취업자,"성별,교육정도별,근로형태별,비정규직"
DT_1DE7010,성/종사자규모별 근로형태(비정규직)별 취업자,101004,101,월,2003,2017,,,취업자,"성별,종사자규모별,근로형태,비정규직별"
DT_1DE7010S,성/종사자규모별 근로형태(비정규직)별 취업자,101004,101,월,2003,2023,,,취업자,"성별,종사자규모별,근로형태,비정규직별"
DT_1DE7045,시도 비정규직 근로자 규모,101004,101,월,2003,2017,,,비정규직근로자,행정구역별
DT_1DE7045S,시도 비정규직 근로자 규모,101004,101,월,2003,2023,,,비정규직근로자,행정구역별
DT_1DE7061,산업/근로형태별 취업자(9차),101004,101,월,2004,2017,,,취업자,"산업별,근로형태별"
DT_1DE7061S,"산업/근로형태별 취업자(9차,~2017)",101004,101,월,2004,2017,,,취업자,산업근로형태별
DT_1DE7062,직업/근로형태별 취업자(6차),101004,101,월,2004,2017,,,취업자,취업자별
DT_1DE7062S,"직업/근로형태별 취업자(6차, ~2017)",101004,101,월,2004,2017,,,취업자,직업근로형태별
DT_1DE7070,한시적 근로자 규모 및 증감,101004,101,월,2004,2017,,,근로자,
DT_1DE7070S,한시적 근로자 규모 및 증감,101004,101,월,2004,2023,,,근로자,
DT_1DE7071,비전형 근로자 규모 및 증감,101004,101,월,2004,2017,,,비전형근로자,비정규직형태별
DT_1DE7071S,비전형 근로자 규모 및 증감,101004,101,월,2004,2023,,,비전형근로자,
DT_1DE7078,일자리선택동기별/근로형태별 구성비,101004,101,월,2006,2017,,,"일자리선택동기,근로형태","일자리선택동기별,근로형태별"
DT_1DE7078S,일자리선택동기별/근로형태별 구성비,101004,101,월,2006,2023,,,"일자리선택동기,근로형태","일자리선택동기별,근로형태별"
DT_1DE7079,근로형태별 평균근속기간 및 근속기간별 구성비,101004,101,월,2004,2017,,,"근로형태,근속기간","근로형태별,근속기간별"
DT_1DE7079S,근로형태별 평균근속기간 및 근속기간별 구성비,101004,101,월,2004,2023,,,"평균근속기간,구성비","근로형태별,근속기간별"
DT_1DE7080,근로형태별 근로복지수혜자 비율 및 증감,101004,101,월,2004,2017,,,근로복지수혜자,근로형태별
DT_1DE7080S,근로형태별 근로복지수혜자 비율 및 증감,101004,101,월,2004,2023,,,근로복지수혜자,근로형태별
DT_1DE7081,근로형태별 사회보험가입자 비율 및 증감,101004,101,월,2004,2017,,,사회보험가입자,근로형태별
DT_1DE7081S,근로형태별 사회보험가입자 비율 및 증감,101004,101,월,2004,2023,,,사회보험가입자,근로형태별
DT_1DE7082,근로형태별 월평균임금 및 증감,101004,101,월,2004,2017,,,근로형태별월평균임금,근로형태별
DT_1DE7082S,근로형태별 월평균임금 및 증감,101004,101,월,2004,2023,,,월평균임금,근로형태별
DT_1DE7083,근로형태별/교육훈련경험 및 평균교육훈련시간,101004,101,월,2007,2017,,,"교육훈련경험,평균교육훈련시간",근로형태별
DT_1DE7083S,근로형태별/교육훈련경험 및 평균교육훈련시간,101004,101,월,2007,2023,,,"교육훈련경험,평균교육훈련시간",근로형태별
DT_1DE7084,근로형태별/주40시간실시비율 및 증감,101004,101,월,2005,2017,,,근로형태별주40시간실시비율,근로형태별
DT_1DE7084S,근로형태별/주40시간실시비율 및 증감,101004,101,월,2005,2016,,,근로형태별주40시간실시비율,근로형태별
DT_1DE7085,근로형태별/근로계약서서면작성비율 및 증감,101004,101,월,2004,2017,,,근로계약서서면작성비율,근로형태별
DT_1DE7085S,근로형태별/계약서서면작성비율 및 증감,101004,101,월,2004,2023,,,근로형태별계약서서면작성비율,근로형태별
DT_1DE7086,근로형태별/노동조합가입비율 및 증감,101004,101,월,2004,2017,,,노동조합가입비율,근로형태별
DT_1DE7086S,근로형태별/노동조합가입비율 및 증감,101004,101,월,2004,2023,,,노동조합가입비율,근로형태별
DT_1DE7087,임금형태별/근로형태별 비율 및 증감,101004,101,월,2004,2017,,,"임금형태,근로형태","임금형태별,근로형태별"
DT_1DE7087S,임금형태별/근로형태별 비율 및 증감,101004,101,월,2004,2023,,,"임금형태,근로형태","임금형태별,근로형태별"
DT_1DE7095,근로형태별/주당평균취업시간 및 증감,101004,101,월,2004,2017,,,"근로형태,주당평균취업시간",근로형태별
DT_1DE7095S,근로형태별/주당평균취업시간 및 증감,101004,101,월,2004,2023,,,"근로형태,주당평균취업시간",근로형태별
DT_1DE7096,시간제근로자 고용안정성 비율,101004,101,월,2010,2017,,,"시간제근로자,고용안정성비율",고용형태별
DT_1DE7096S,시간제근로자 고용안정성 비율,101004,101,월,2003,2023,,,"시간제근로자,고용안정성비율",고용형태별
DT_1DE7097,성별 시간제근로자 주당 평균취업시간,101004,101,월,2010,2017,,,시간제근로자,성별
DT_1DE7097S,성별 시간제근로자 주당 평균취업시간,101004,101,월,2003,2023,,,시간제근로자,성별
DT_1DE7098,성별 시간제근로자 최근 3개월간 월평균임금,101004,101,월,2010,2017,,,"시간제근로자,월평균임금",성별
DT_1DE7098S,성별 시간제근로자 최근 3개월간 월평균임금,101004,101,월,2004,2023,,,시간제근로자,성별
DT_1DE7099,유연근무제 활용여부,101004,101,월,2015,2017,,,유연근무제,
DT_1DE7099S,유연근무제 활용여부,101004,101,월,2015,2023,,,유연근무제,
DT_1DE7100,유연근무제 활용형태,101004,101,월,2015,2017,,,유연근무제,활용형태별
DT_1DE7100S,유연근무제 활용형태(복수응답),101004,101,월,2015,2023,,,유연근무제,활용형태별
DT_1DE7101,향후 유연근무제 활용형태,101004,101,월,2015,2017,,,유연근무제,유연근무제형태별
DT_1DE7101S,향후 유연근무제 활용형태(복수응답),101004,101,월,2015,2023,,,유연근무제,유연근무제형태별
DT_1DE7103S,성별 유연근무제 활용현황,101004,101,월,2015,2023,,,유연근무제,성별
DT_1DE7104S,혼인상태별 유연근무제 활용현황,101004,101,월,2015,2023,,,유연근무제,혼인상태별
DT_1DE7105S,연령별 유연근무제 활용현황,101004,101,월,2015,2023,,,유연근무제,연령별
DT_1DE7106,성/근로형태별 임금근로자 규모 및 비중(총괄),101004,101,월,2003,2017,,,임금근로자,"성별,근로형태별"
DT_1DE7106S,성/근로형태별 임금근로자 규모 및 비중(총괄),101004,101,월,2003,2023,,,임금근로자,"성별,근로형태별"
DT_1DE7107,연령/산업/직업별 비정규직 근로자 규모 및 비중(총괄),101004,101,월,2004,2017,,,비정규직근로자,"연령별,산업별,직업별"
DT_1DE7107S,"연령/산업/직업별 비정규직 근로자 규모 및 비중(총괄)(산업9차, 직업6차, ~2017)",101004,101,월,2004,2017,,,비정규직근로자,"연령별,산업별,직업별"
DT_1DE7108,근로형태별 임금근로자 특성(총괄),101004,101,월,2004,2017,,,임금근로자,근로형태별
DT_1DE7108S,근로형태별 임금근로자 특성(총괄),101004,101,월,2004,2023,,,임금근로자,근로형태별
DT_1DE7110,"연령/산업/직업별 비정규직 근로자 규모 및 비중(총괄)(산업10차, 직업7차)",101004,101,월,2013,2023,,,비정규직근로자,"연령별,산업별,직업별"
DT_1DE7112,산업/근로형태별 취업자(10차),101004,101,월,2013,2023,,,취업자,"산업별,근로형태별"
DT_1DE7119,직업/근로형태별 취업자(7차),101004,101,월,2013,2023,,,취업자,"직업별,근로형태별"
DT_1DE8011,성별 비구직 사유(지난 1년간 비구직 미취업자),101004,101,월,2005,2017,,,비구직미취업자,성별
DT_1DE8011S,성별 비구직 사유(지난 1년간 비구직 미취업자),101004,101,월,2005,2024,,,비구직미취업자,성별
DT_1DE8031,연령별 경제활동상태,101004,101,월,2005,2017,,,경제활동상태,연령별
DT_1DE8031S,연령별 경제활동상태,101004,101,월,2005,2024,,,경제활동상태,연령별
DT_1DE8032,연령/산업별 취업분포,101004,101,월,2005,2017,,,"취업,산업","연령별,산업별"
DT_1DE8032S,"연령/산업별 취업분포(9차,~2017)",101004,101,월,2005,2017,,,취업,"연령별,산업별"
DT_1DE8033,연령/직업별 취업분포,101004,101,월,2005,2017,,,취업자,"연령별,직업별"
DT_1DE8033S,"연령/직업별 취업분포(6차,~2017)",101004,101,월,2005,2017,,,"취업,직업","연령별,직업별"
DT_1DE8034,성별 현재 취업상태 및 과거 취업경험,101004,101,월,2005,2017,,,"취업상태,취업경험",성별
DT_1DE8034S,성별 현재 취업상태 및 과거 취업경험,101004,101,월,2005,2024,,,"취업상태,취업경험",성별
DT_1DE8035,성별 가장 오래 근무한 일자리 근속기간(55~64세),101004,101,월,2005,2017,,,"일자리,근속기간",성별
DT_1DE8035S,성별 가장 오래 근무한 일자리 근속기간,101004,101,월,2005,2024,,,일자리,성별
DT_1DE8036,성별 가장 오래 근무한 일자리를 그만둔 연령 및 평균이직연령(55~64세),101004,101,월,2005,2017,,,"일자리,연령",성별
DT_1DE8036S,성별 가장 오래 근무한 일자리를 그만둔 연령 및 평균이직연령,101004,101,월,2005,2024,,,"일자리,연령",성별
DT_1DE8037,성별 가장 오래 근무한 일자리를 그만둔 이유(55~64세),101004,101,월,2005,2017,,,일자리,성별
DT_1DE8037S,성별 가장 오래 근무한 일자리를 그만둔 이유(55~64세),101004,101,월,2005,2024,,,일자리,성별
DT_1DE8038,성별 구직활동 경험여부,101004,101,월,2005,2017,,,구직활동경험여부,성별
DT_1DE8038S,성별 구직활동 경험여부,101004,101,월,2005,2024,,,구직활동경험여부,성별
DT_1DE8040,성별 구직경로(지난 1년간 구직경험자),101004,101,월,2006,2017,,,구직경험자,성별
DT_1DE8040S,성별 구직경로(지난 1년간 구직경험자),101004,101,월,2006,2024,,,구직경험자,성별
DT_1DE8042,성별 취업경험여부,101004,101,월,2005,2017,,,취업경험여부,성별
DT_1DE8042S,성별 취업경험여부,101004,101,월,2005,2024,,,취업경험여부,성별
DT_1DE8043,성별 최근 일자리와 생애 주된 일자리와의 관련성,101004,101,월,2005,2017,,,일자리,성별
DT_1DE8043S,성별 최근 일자리와 생애 주된 일자리와의 관련성,101004,101,월,2005,2024,,,일자리,성별
DT_1DE8044,성별 향후 취업의사 및 취업동기,101004,101,월,2005,2017,,,"취업의사,취업동기",성별
DT_1DE8044S,성별 장래 근로 희망의사 및 근로 희망사유,101004,101,월,2005,2024,,,"장래근로희망의사,근로희망사유",성별
DT_1DE8045,취업상태별 향후 취업의사 및 취업동기,101004,101,월,2005,2017,,,"취업상태별,향후취업의사,취업동기",취업상태별
DT_1DE8045S,취업상태별 장래 근로 희망의사,101004,101,월,2005,2024,,,장래근로희망의사,취업상태별
DT_1DE8046,성별 일자리선택기준,101004,101,월,2005,2017,,,일자리선택기준,성별
DT_1DE8046S,성별 일자리선택기준(장래 근로 희망자),101004,101,월,2005,2024,,,"일자리선택기준,장래근로희망자",성별
DT_1DE8048,성별 희망일자리형태,101004,101,월,2005,2017,,,희망일자리형태,성별
DT_1DE8048S,성별 희망일자리형태(장래 근로 희망자),101004,101,월,2005,2024,,,희망일자리형태,성별
DT_1DE8050,성별 장래희망임금수준,101004,101,월,2005,2017,,,장래희망임금수준,성별
DT_1DE8050S,성별 희망임금수준(장래 근로 희망자),101004,101,월,2005,2024,,,희망임금수준,성별
DT_1DE8051,성별 연금수령여부 및 월평균수령액,101004,101,월,2008,2017,,,"연금수령여부,월평균수령액",성별
DT_1DE8051S,성별 연금수령여부 및 월평균수령액,101004,101,월,2008,2024,,,"연금수령여부,월평균수령액",성별
DT_1DE8057S,연령별 평균근로희망연령(장래 근로 희망자),101004,101,월,2011,2024,,,평균근로희망연령,연령별
DT_1DE8061,연령/산업별 취업분포(10차),101004,101,월,2013,2024,,,취업,"연령별,산업별"
DT_1DE8063,연령/직업별 취업분포(7차),101004,101,월,2013,2024,,,"취업,직업","연령별,직업별"
DT_1DE8065,지난 1년간 직업능력개발훈련 참여 여부 및 참여 경로,101004,101,월,2017,2017,,,직업능력개발훈련,"참여여부별,참여경로별"
DT_1DE8065S,지난 1년간 직업능력개발훈련 참여 여부 및 참여 경로,101004,101,월,2017,2024,,,직업능력개발훈련,"참여여부별,참여경로별"
DT_1DE8066,지난 1년간 직업능력개발훈련시 애로사항,101004,101,월,2017,2017,,,"직업능력개발훈련,애로사항",
DT_1DE8066S,지난 1년간 직업능력개발훈련시 애로사항,101004,101,월,2017,2017,,,"직업능력개발훈련,애로사항","직업능력개발훈련별,지역별,훈련기관유형별"
DT_1DE8067,지난 1년간 직업능력개발훈련 참여하지 않은 이유,101004,101,월,2017,2017,,,직업능력개발훈련참여하지않은이유,
DT_1DE8067S,지난 1년간 직업능력개발훈련 참여하지 않은 이유,101004,101,월,2017,2017,,,직업능력개발훈련,
DT_1DE9039,성별 최종학교 전공일치 여부,101004,101,월,2004,2017,,,최종학교전공일치여부,성별
DT_1DE9039S,성별 최종학교 전공일치 여부,101004,101,월,2004,2024,,,최종학교전공일치여부,성별
DT_1DE9043,성별 미취업기간별 미취업자,101004,101,월,2007,2017,,,미취업자,"성별,미취업기간별"
DT_1DE9043S,성별 미취업기간별 미취업자,101004,101,월,2007,2024,,,미취업자,"성별,미취업기간별"
DT_1DE9044,성별 미취업기간활동별 미취업자,101004,101,월,2008,2017,,,미취업자,"성별,미취업기간활동별"
DT_1DE9044S,성별 미취업기간활동별 미취업자,101004,101,월,2008,2024,,,미취업자,"성별,미취업기간활동별"
DT_1DE9045,연령별 수학여부,101004,101,월,2004,2017,,,수학여부,연령별
DT_1DE9045S,연령별 수학여부,101004,101,월,2004,2024,,,수학여부,연령별
DT_1DE9046,연령별 경제활동상태,101004,101,월,2004,2017,,,경제활동상태,연령별
DT_1DE9046S,연령별 경제활동상태,101004,101,월,2004,2024,,,경제활동상태,연령별
DT_1DE9047,졸업/중퇴 취업자의 산업별 취업분포,101004,101,월,2004,2017,,,취업자,산업별
DT_1DE9047S,"졸업/중퇴 취업자의 산업별 취업분포(9차, ~2017)",101004,101,월,2004,2017,,,취업자,산업별
DT_1DE9048,졸업/중퇴 취업자의 직업별 취업분포,101004,101,월,2004,2017,,,취업자,직업별
DT_1DE9048S,"졸업/중퇴 취업자의 직업별 취업분포(6차, ~2017)",101004,101,월,2004,2017,,,취업자,직업별
DT_1DE9049,성 및 학제별 대학졸업소요기간,101004,101,월,2007,2017,,,대학졸업소요기간,"성별,학제별"
DT_1DE9049S,성 및 학제별 대학졸업소요기간,101004,101,월,2007,2024,,,대학졸업소요기간,"성별,학제별"
DT_1DE9050,"성별 휴학경험유무, 휴학사유, 평균휴학기간 (대졸자)",101004,101,월,2007,2017,,,"휴학경험유무,휴학사유,평균휴학기간,대졸자",성별
DT_1DE9050S,"성별 휴학경험유무, 휴학사유(복수응답), 평균휴학기간 (대졸자)",101004,101,월,2007,2024,,,"휴학경험유무,휴학사유,평균휴학기간",성별
DT_1DE9051,성별 직장체험유무 및 기간,101004,101,월,2006,2017,,,"직장체험유무,기간",성별
DT_1DE9051S,성별 직장체험유무 및 기간,101004,101,월,2004,2024,,,"직장체험유무,기간",성별
DT_1DE9052,성별 직장체험형태(직장체험경험자),101004,101,월,2004,2017,,,직장체험경험자,성별
DT_1DE9052S,성별 직장체험형태(직장체험경험자),101004,101,월,2004,2024,,,직장체험경험자,성별
DT_1DE9053,성별 직업교육(훈련) 경험 유무 및 시기,101004,101,월,2004,2017,,,"직업교육,훈련,성별",성별
DT_1DE9053S,성별 직업교육(훈련) 경험 유무 및 시기,101004,101,월,2004,2024,,,"직업교육,훈련,성별",성별
DT_1DE9054,성별 직업교육(훈련)을 받은 기관(직업훈련유경험자),101004,101,월,2008,2017,,,"직업교육,훈련,기관",성별
DT_1DE9054S,성별 직업교육(훈련)을 받은 기관(직업훈련유경험자),101004,101,월,2004,2024,,,"직업교육,훈련,기관,직업훈련유경험자",성별
DT_1DE9055,성별 취업시험준비유무 및 준비분야(비경제활동인구),101004,101,월,2006,2017,,,"취업시험준비유무,준비분야,비경제활동인구",성별
DT_1DE9055S,성별 취업시험준비유무 및 준비분야(비경제활동인구),101004,101,월,2006,2024,,,"취업시험준비유무,준비분야,비경제활동인구",성별
DT_1DE9056,성별 취업경험유무 및 횟수(졸업/중퇴 인구),101004,101,월,2004,2017,,,"취업경험유무및횟수,졸업중퇴인구",성별
DT_1DE9056S,성별 취업경험유무 및 횟수(졸업/중퇴 인구),101004,101,월,2004,2024,,,"취업경험유무및횟수,졸업중퇴인구",성별
DT_1DE9057,성별/학력별 취업경로 (졸업/중퇴 취업자),101004,101,월,2004,2017,,,취업경로,"성별별,학력별"
DT_1DE9057S,성별/학력별 취업경로 (졸업/중퇴 취업자),101004,101,월,2004,2024,,,취업자,"성별별,학력별"
DT_1DE9058,성별/첫 취업 소요기간 및 평균소요기간 (졸업/중퇴 취업유경험자),101004,101,월,2004,2017,,,취업유경험자,성별
DT_1DE9058S,성별/첫 취업 소요기간 및 평균소요기간 (졸업/중퇴 취업유경험자),101004,101,월,2004,2024,,,취업유경험자,성별
DT_1DE9059,첫직장 근속기간,101004,101,월,2004,2017,,,근속기간,성별
DT_1DE9059S,첫직장 근속기간,101004,101,월,2004,2024,,,근속기간,
DT_1DE9060,성별 첫일자리 산업(졸업/중퇴 취업유경험자),101004,101,월,2004,2017,,,"첫일자리,산업,졸업,중퇴,취업유경험자",성별
DT_1DE9060S,"성별 첫일자리 산업(졸업/중퇴 취업유경험자)(9차, ~2017)",101004,101,월,2004,2017,,,"첫일자리,졸업,중퇴,취업유경험자",성별
DT_1DE9061,성별 첫일자리 직업(졸업/중퇴취업유경험자),101004,101,월,2004,2017,,,첫일자리직업,성별
DT_1DE9061S,"성별 첫일자리 직업(졸업/중퇴취업유경험자)(6차, ~2017)",101004,101,월,2004,2017,,,첫일자리직업,성별
DT_1DE9062,성별 첫일자리의 근로형태 (졸업/중퇴취업유경험자),101004,101,월,2008,2017,,,근로형태,성별
DT_1DE9062S,성별 첫일자리의 근로형태 (졸업/중퇴취업유경험자),101004,101,월,2008,2024,,,근로형태,성별
DT_1DE9063,성별 첫일자리를 그만둔 사유,101004,101,월,2004,2017,,,첫일자리,성별
DT_1DE9063S,성별 첫일자리를 그만둔 사유,101004,101,월,2004,2024,,,첫일자리,성별
DT_1DE9064S,성별 첫일자리 산업(졸업/중퇴 취업유경험자)(10차),101004,101,월,2013,2024,,,"첫일자리,졸업,중퇴,취업유경험자",성별
DT_1DE9065S,성별 첫일자리 직업(졸업/중퇴취업유경험자)(7차),101004,101,월,2013,2024,,,첫일자리직업,성별
DT_1DE9072,졸업/중퇴 취업자의 산업별 취업분포(10차),101004,101,월,2013,2024,,,취업자,산업별
DT_1DE9076,졸업/중퇴 취업자의 직업별 취업분포(7차),101004,101,월,2013,2024,,,취업자,직업별
DT_1DE9080,성별 첫 일자리 월평균임금,101004,101,월,2017,2017,,,첫일자리월평균임금,성별
DT_1DE9080S,성별 첫 일자리 월평균임금,101004,101,월,2017,2024,,,첫일자리월평균임금,성별
INH_1DA7014S_01,경제활동인구(시도),101004,101,"월,분기,년",1999,2024,,,경제활동인구,행정구역별
INH_1DA7014S_02,경제활동참가율(시도),101004,101,"월,분기,년",1999,2024,,,경제활동참가율,행정구역별
INH_1DA7014S_03,고용률(시도),101004,101,"월,분기,년",1999,2024,,,고용률,행정구역별
INH_1DA7015S,청년고용률(시도),101004,101,"분기,년",1999,2024,,,청년고용률,행정구역별
INH_1DA7030S,취업자수(시도),101004,101,"월,분기,년",1989,2024,,,취업자수,행정구역별
INH_1DA7088S,실업자수(시도),101004,101,"월,분기,년",1999,2024,,,실업자수,행정구역별
INH_1DA7104S,실업률(시도),101004,101,"월,분기,년",1999,2024,,,실업률,행정구역별
DT_1L60002,소득10분위별 가구당 월평균 가계수지,101006,101,"분기,년",1963,2009,,,가구,소득10분위별
DT_1L60003,가구원수별 가구당 월평균 가계수지,101006,101,"분기,년",1963,2009,,,"가구원수,가구",가구원수별
DT_1L60012,품목별 표본오차(도시),101006,101,"분기,년",1982,2009,,,표본오차,품목별
DT_1L60022,품목별 가구당 월평균 가계수지,101006,101,"분기,년",1963,2009,,,가구,품목별
DT_1L60023,가구주산업(2000~)/가계수지항목별(도시),101006,101,"분기,년",2000,2005,,,"가구주,가계수지항목",가계수지항목별
DT_1L60024,가구주직업 가구당 월평균 가계수지,101006,101,"분기,년",2000,2009,,,"가구주직업,가구원수,가구당월평균가계수지",가구원수별
DT_1L60025,소득5분위별 가구당 월평균 가계수지,101006,101,"분기,년",1982,2009,,,가구,소득5분위별
DT_1L60026,가구주산업별 가구당 월평균 가계수지,101006,101,"분기,년",2003,2009,,,"가구,가구수지",산업별
DT_1L60027,가구주연령별 가구당 월평균 가계수지,101006,101,"분기,년",2003,2009,,,"가구,가구수지",가구주연령별
DT_1L60028,소득계층별 가구당 월평균 가계수지,101006,101,"분기,년",2003,2009,,,가구,소득계층별
DT_1L60029,소비지출계층별 가구당 월평균 가계수지,101006,101,"분기,년",2003,2009,,,가구,소비지출계층별
DT_1L60030,가구주 교육정도별 가구당 월평균 가계수지,101006,101,"분기,년",2003,2009,,,"가구,월평균가계수지",교육정도별
DT_1L6A002,월소득10분위별 가구당 월평균 가계수지(2인이상),101006,101,"분기,년",2003,2009,,,가구,월소득10분위별
DT_1L6A003,가구원수별 가구당 월평균 가계수지,101006,101,"분기,년",2003,2009,,,"가구,월평균가계수지",가구원수별
DT_1L6A012,품목별 표본오차(전국),101006,101,"분기,년",2003,2009,전국,,표본오차,품목별
DT_1L6A022,품목별 가구당 월평균 가계수지,101006,101,"분기,년",2003,2009,,,가구,품목별
DT_1L6A024,가구주직업별 가구당 월평균 가계수지(2인이상 ),101006,101,"분기,년",2003,2009,,,"가구,월평균가계수지",가구주직업별
DT_1L6A025,월소득5분위별 가구당 월평균 가계수지(2인이상),101006,101,"분기,년",2003,2009,,,가구,월소득5분위별
DT_1L6A026,가구주산업별 가구당 월평균 가계수지(2인이상),101006,101,"분기,년",2003,2009,,,"가구,월평균가계수지",산업별
DT_1L6A027,가구주연령별 가구당 월평균 가계수지(2인이상),101006,101,"분기,년",2003,2009,,,"가구,월평균가계수지",가구주연령별
DT_1L6A028,소득계층별 가구당 월평균 가계수지(2인이상),101006,101,"분기,년",2003,2009,,,가구,소득계층별
DT_1L6A029,소비지출계층별 가구당 월평균 가계수지(2인이상),101006,101,"분기,년",2003,2009,,,가구,소비지출계층별
DT_1L6A030,가구주 교육정도별 가구당 월평균 가계수지(2인이상),101006,101,"분기,년",2003,2009,,,"가구,월평균가계수지",교육정도별
DT_1L6E001,소득분배지표,101006,101,년,1990,2016,,,소득분배,
DT_1L6E003,"소득분배지표(전체가구, 성별 및 연령구분별)",101006,101,년,2006,2016,,,"전체가구,성별,연령","성별,연령구분별"
DT_1L6E004,"가구당 월평균 분위경계값 및 적자가구비율(2인이상,가구기준)",101006,101,"분기,년",1990,2020,,,"가구,월평균분위기준값,적자가구비율",적자가구비율별
DT_1L6E005,"가구당 월평균 분위경계값 및 적자가구비율(1인 이상, 가구기준)",101006,101,"분기,년",2006,2020,,,"가구,적자가구비율",적자가구비율별
DT_1L9E002,"가구당 월평균 가계수지 (전국,1인이상)",101006,101,"분기,년",2006,2020,전국,,"가구,월평균가계수지",가구별
DT_1L9E004,"가구당 월평균 가계수지 표본오차 (전국,1인이상)",101006,101,"분기,년",2006,2020,전국,,가구당월평균가계수지,행정구역별
DT_1L9E006,"소득5분위별  가구당 가계수지 (전국,1인이상)",101006,101,"분기,년",2006,2020,전국,,가구당가계수지,소득5분위별
DT_1L9E008,"소득10분위별  가구당 가계수지 (전국,1인이상)",101006,101,"분기,년",2006,2020,전국,,가구당가계수지,소득10분위별
DT_1L9E014,"소비구간별  가구당 월평균 가계수지 (전국,1인이상)",101006,101,"분기,년",2006,2017,전국,,가구당월평균가계수지,소비구간별
DT_1L9E016,"소득구간별  가구당 가계수지 (전국,1인이상)",101006,101,"분기,년",2006,2017,전국,,가구당가계수지,소득구간별
DT_1L9E020,"가구주  연령별  가구당 월평균 가계수지 (전국,1인이상)",101006,101,"분기,년",2006,2020,전국,,"가구,월평균가계수지",연령별
DT_1L9E022,"가구주  교육정도별  가구당 월평균 가계수지 (전국,1인이상)",101006,101,"분기,년",2006,2020,전국,,"가구,월평균가계수지",교육정도별
DT_1L9E024,"가구주 산업별  가구당 월평균 가계수지 (전국,1인이상)",101006,101,"분기,년",2006,2020,전국,,"가구,월평균가계수지",산업별
DT_1L9E026,"가구주 직업별  가구당 월평균 가계수지 (전국,1인이상)",101006,101,"분기,년",2006,2020,전국,,"가구,월평균가계수지",가구주직업별
DT_1L9E028,"가구원수별  가구당 월평균 가계수지 (전국,1인이상)",101006,101,"분기,년",2006,2020,전국,,"가구원수,가구당월평균가계수지",가구원수별
DT_1L9E030,"미혼자녀수별  가구당 월평균 가계수지 (전국,1인이상)",101006,101,"분기,년",2006,2020,전국,,"미혼자녀수,가구",미혼자녀수별
DT_1L9E034,"맞벌이여부별  가구당 월평균 가계수지 (전국,1인이상)",101006,101,"분기,년",2006,2020,전국,,"가구,월평균가계수지",맞벌이여부별
DT_1L9F002,"가구당 월평균 가계수지 (도시,1인이상)",101006,101,"분기,년",2006,2020,,,"가구,월평균가계수지","가구원수별,도시규모별"
DT_1L9F004,"가구당 월평균 가계수지 표본오차 (도시,1인이상)",101006,101,"분기,년",2006,2020,,,가구당월평균가계수지,"가구원수별,도시규모별"
DT_1L9F006,"소득5분위별  가구당 가계수지 (도시,1인이상)",101006,101,"분기,년",2006,2020,,,가구당가계수지,소득5분위별
DT_1L9F008,"소득10분위별  가구당 가계수지 (도시,1인이상)",101006,101,"분기,년",2006,2020,,,가구,소득10분위별
DT_1L9F014,"소비구간별  가구당 월평균 가계수지 (도시,1인이상)",101006,101,"분기,년",2006,2017,,,가구당월평균가계수지,소비구간별
DT_1L9F016,"소득구간별  가구당 가계수지 (도시,1인이상)",101006,101,"분기,년",2006,2017,,,가구당가계수지,소득구간별
DT_1L9F020,"가구주  연령별  가구당 월평균 가계수지 (도시,1인이상)",101006,101,"분기,년",2006,2020,,,"가구,월평균가계수지",연령별
DT_1L9F022,"가구주  교육정도별  가구당 월평균 가계수지 (도시,1인이상)",101006,101,"분기,년",2006,2020,,,"가구,월평균가계수지",교육정도별
DT_1L9F024,"가구주 산업별  가구당 월평균 가계수지 (도시,1인이상)",101006,101,"분기,년",2006,2020,,,"가구,가구당월평균가계수지",산업별
DT_1L9F026,"가구주 직업별  가구당 월평균 가계수지 (도시,1인이상)",101006,101,"분기,년",2006,2020,,,"가구,월평균가계수지",가구주직업별
DT_1L9F028,"가구원수별  가구당 월평균 가계수지 (도시,1인이상)",101006,101,"분기,년",2006,2020,,,"가구원수,가구당월평균가계수지",가구원수별
DT_1L9F030,"미혼자녀수별  가구당 월평균 가계수지 (도시,1인이상)",101006,101,"분기,년",2006,2020,,,"미혼자녀수,가구",미혼자녀수별
DT_1L9F034,"맞벌이여부별  가구당 월평균 가계수지 (도시,1인이상)",101006,101,"분기,년",2006,2020,,,"가구당월평균가계수지,가구",맞벌이여부별
DT_1L9H002,"가구당 월평균 가계수지 (전국,2인이상)",101006,101,"분기,년",2003,2020,전국,,가구,가계수지별
DT_1L9H004,"가구당 월평균 가계수지 표본오차 (전국,2인이상)",101006,101,"분기,년",2003,2020,전국,,가구당월평균가계수지,행정구역별
DT_1L9H006,"소득5분위별  가구당 가계수지 (전국,2인이상)",101006,101,"분기,년",2003,2020,전국,,가구당가계수지,소득5분위별
DT_1L9H008,"소득10분위별  가구당 가계수지 (전국,2인이상)",101006,101,"분기,년",2003,2020,전국,,가구당가계수지,소득10분위별
DT_1L9H014,"소비구간별  가구당 월평균 가계수지 (전국,2인이상)",101006,101,"분기,년",2003,2017,전국,,가구,소비구간별
DT_1L9H016,"소득구간별  가구당 가계수지 (전국,2인이상)",101006,101,"분기,년",2003,2017,전국,,가구,소득구간별
DT_1L9H020,"가구주  연령별  가구당 월평균 가계수지 (전국,2인이상)",101006,101,"분기,년",2003,2020,전국,,"가구,월평균가계수지",연령별
DT_1L9H022,"가구주  교육정도별 가구당 월평균 가계수지 (전국,2인이상)",101006,101,"분기,년",2003,2020,전국,,"가구,월평균가계수지",교육정도별
DT_1L9H024,"가구주 산업별 가구당 월평균 가계수지 (전국,2인이상)",101006,101,"분기,년",2005,2020,전국,,"가구,월평균가계수지",산업별
DT_1L9H026,"가구주 직업별  가구당 월평균 가계수지 (전국,2인이상)",101006,101,"분기,년",2005,2020,전국,,"가구,월평균가계수지",가구주직업별
DT_1L9H030,"미혼자녀수별  가구당 월평균 가계수지 (전국,2인이상)",101006,101,"분기,년",2003,2020,전국,,"미혼자녀수,가구",미혼자녀수별
DT_1L9H034,"맞벌이여부별  가구당 월평균 가계수지 (전국,2인이상)",101006,101,"분기,년",2003,2020,전국,,"가구,월평균가계수지",맞벌이여부별
DT_1L9I002,"가구당 월평균 가계수지 (도시,2인이상)",101006,101,"분기,년",1990,2020,,,가구,"가구원수별,가구주연령별"
DT_1L9I004,"가구당 월평균 가계수지 표본오차 (도시,2인이상)",101006,101,"분기,년",1990,2020,,,"가구,월평균가계수지",가구별
DT_1L9I006,"소득5분위별  가구당 가계수지 (도시,2인이상)",101006,101,"분기,년",1990,2020,,,가구당가계수지,소득5분위별
DT_1L9I008,"소득10분위별  가구당 가계수지 (도시,2인이상)",101006,101,"분기,년",1990,2020,,,가구당가계수지,소득10분위별
DT_1L9I014,"소비구간별  가구당 월평균 가계수지 (도시,2인이상)",101006,101,"분기,년",1990,2017,,,가구당월평균가계수지,소비구간별
DT_1L9I016,"소득구간별  가구당 가계수지 (도시,2인이상)",101006,101,"분기,년",1990,2017,,,가구당가계수지,소득구간별
DT_1L9I020,"가구주  연령별  가구당 월평균 가계수지 (도시,2인이상)",101006,101,"분기,년",1990,2020,,,"가구,월평균가계수지",연령별
DT_1L9I022,"가구주  교육정도별 가구당 월평균 가계수지 (도시,2인이상)",101006,101,"분기,년",1990,2020,,,"가구,월평균가계수지",교육정도별
DT_1L9I024,"가구주 산업별 가구당 월평균 가계수지 (도시,2인이상)",101006,101,"분기,년",2005,2020,,,"가구,월평균가계수지",산업별
DT_1L9I026,"가구주 직업별  가구당 월평균 가계수지 (도시,2인이상)",101006,101,"분기,년",2005,2020,,,"가구,월평균가계수지",직업별
DT_1L9I030,"미혼자녀수별  가구당 월평균 가계수지 (도시,2인이상)",101006,101,"분기,년",1990,2020,,,"미혼자녀수,가구",미혼자녀수별
DT_1L9I034,"맞벌이여부별  가구당 월평균 가계수지 (도시,2인이상)",101006,101,"분기,년",1990,2020,,,"가구,월평균가계수지",맞벌이여부별
DT_1L9K002,"가구당 월평균 가계수지 (전국,1인이상,실질)",101006,101,"분기,년",2006,2020,전국,,가구당월평균가계수지,가구별
DT_1L9K006,"소득5분위별  가구당 가계수지 (전국,1인이상,실질)",101006,101,"분기,년",2006,2020,전국,,가구당가계수지,소득5분위별
DT_1L9K014,"소비구간별  가구당 월평균 가계수지 (전국,1인이상,실질)",101006,101,"분기,년",2006,2017,전국,,가구당월평균가계수지,소비구간별
DT_1L9K016,"소득구간별  가구당 가계수지 (전국,1인이상,실질)",101006,101,"분기,년",2006,2017,전국,,가구당가계수지,소득구간별
DT_1L9K028,"가구원수별  가구당 월평균 가계수지 (전국,1인이상,실질)",101006,101,"분기,년",2006,2020,전국,,"가구원수,가구당월평균가계수지",가구원수별
DT_1L9L002,"가구당 월평균 가계수지 (도시,1인이상,실질)",101006,101,"분기,년",2006,2020,,,"가구,월평균가계수지",도시별
DT_1L9L006,"소득5분위별  가구당 가계수지 (도시,1인이상,실질)",101006,101,"분기,년",2006,2020,,,"가구당가계수지,가구",소득5분위별
DT_1L9L014,"소비구간별  가구당 월평균 가계수지 (도시,1인이상,실질)",101006,101,"분기,년",2006,2017,,,가구당월평균가계수지,소비구간별
DT_1L9L016,"소득구간별  가구당 가계수지 (도시,1인이상,실질)",101006,101,"분기,년",2006,2017,,,"가구당가계수지,가구",소득구간별
DT_1L9L028,"가구원수별  가구당 월평균 가계수지 (도시,1인이상,실질)",101006,101,"분기,년",2006,2020,,,"가구원수,가구당월평균가계수지",가구원수별
DT_1L9N002,"가구당 월평균 가계수지 (전국,2인이상,실질)",101006,101,"분기,년",2003,2020,전국,,"가구,월평균가계수지",가구별
DT_1L9N006,"소득5분위별  가구당 가계수지 (전국,2인이상,실질)",101006,101,"분기,년",2003,2020,전국,,가구당가계수지,소득5분위별
DT_1L9N014,"소비구간별  가구당 월평균 가계수지 (전국,2인이상,실질)",101006,101,"분기,년",2003,2017,전국,,가구당월평균가계수지,소비구간별
DT_1L9N016,"소득구간별  가구당 가계수지 (전국,2인이상,실질)",101006,101,"분기,년",2003,2017,전국,,가구당가계수지,소득구간별
DT_1L9O002,"가구당 월평균 가계수지 (도시,2인이상,실질)",101006,101,"분기,년",1990,2020,,,"가구,월평균가계수지",도시별
DT_1L9O006,"소득5분위별  가구당 가계수지 (도시,2인이상,실질)",101006,101,"분기,년",1990,2020,,,가구당가계수지,소득5분위별
DT_1L9O014,"소비구간별  가구당 월평균 가계수지 (도시,2인이상,실질)",101006,101,"분기,년",1990,2017,,,가구당월평균가계수지,소비구간별
DT_1L9O016,"소득구간별  가구당 가계수지 (도시,2인이상,실질)",101006,101,"분기,년",1990,2017,,,가구,소득구간별
DT_1L9R001,"가구당 월평균 가계지출 (전국,1인이상)",101006,101,년,2017,2018,전국,,"가구,월평균가계지출",행정구역별
DT_1L9R002,"가구당 월평균 가계지출 표본오차 (전국,1인이상)",101006,101,년,2017,2018,전국,,가구당월평균가계지출,행정구역별
DT_1L9R003,"소득5분위별 가구당 가계지출 (전국,1인이상)",101006,101,년,2017,2018,전국,,"가구당가계지출,가구",소득5분위별
DT_1L9R004,"소득10분위별 가구당 가계지출 (전국,1인이상)",101006,101,년,2017,2018,전국,,가구당가계지출,소득10분위별
DT_1L9R005,"소득구간별 가구당 가계지출 (전국,1인이상)",101006,101,년,2017,2018,전국,,가구당가계지출,소득구간별
DT_1L9R007,"가구원수별 가구당 월평균 가계지출 (전국,1인이상)",101006,101,년,2017,2018,전국,,"가구,월평균가계지출",가구원수별
DT_1L9R008,"가구주 연령별 가구당 월평균 가계지출 (전국,1인이상)",101006,101,년,2017,2018,전국,,"가구,월평균가계지출",가구주연령별
DT_1L9R009,"가구주 교육정도별 가구당 월평균 가계지출 (전국,1인이상)",101006,101,년,2017,2018,전국,,"가구,월평균가계지출",교육정도별
DT_1L9R010,"가구주 산업별 가구당 월평균 가계지출 (전국,1인이상)",101006,101,년,2017,2018,전국,,"가구,월평균가계지출",산업별
DT_1L9R011,"가구주 직업별 가구당 월평균 가계지출 (전국,1인이상)",101006,101,년,2017,2018,전국,,"가구,월평균가계지출",가구주직업별
DT_1L9R012,"가구구성별 가구당 월평균 가계지출 (전국,1인이상)",101006,101,년,2017,2018,전국,,"가구,월평균가계지출",가구구성별
DT_1L9R013,"맞벌이여부별 가구당 월평균 가계지출 (전국,1인이상)",101006,101,년,2017,2018,전국,,가구,맞벌이여부별
DT_1L9R014,"주거형태별 가구당 월평균 가계지출 (전국,1인이상)",101006,101,년,2017,2018,전국,,가구당월평균가계지출,주거형태별
DT_1L9R016,"가구당 월평균 가계지출 (도시,1인이상)",101006,101,년,2017,2018,,,가구당월평균가계지출,행정구역별
DT_1L9R017,"가구당 월평균 가계지출 표본오차 (도시,1인이상)",101006,101,년,2017,2018,,,가구당월평균가계지출,행정구역별
DT_1L9R018,"소득5분위별 가구당 가계지출 (도시,1인이상)",101006,101,년,2017,2018,,,"가구당가계지출,가구",소득5분위별
DT_1L9R019,"소득10분위별 가구당 가계지출 (도시,1인이상)",101006,101,년,2017,2018,,,"가구당가계지출,가구",소득10분위별
DT_1L9R020,"소득구간별 가구당 가계지출 (도시,1인이상)",101006,101,년,2017,2018,,,가구,소득구간별
DT_1L9R022,"가구원수별 가구당 월평균 가계지출 (도시,1인이상)",101006,101,년,2017,2018,,,"가구,월평균가계지출",가구원수별
DT_1L9R023,"가구주 연령별 가구당 월평균 가계지출 (도시,1인이상)",101006,101,년,2017,2018,,,"가구,월평균가계지출",가구주연령별
DT_1L9R024,"가구주 교육정도별 가구당 월평균 가계지출 (도시,1인이상)",101006,101,년,2017,2018,,,"가구,가구당월평균가계지출",교육정도별
DT_1L9R025,"가구주 산업별 가구당 월평균 가계지출 (도시,1인이상)",101006,101,년,2017,2018,,,"가구,가구당월평균가계지출",산업별
DT_1L9R026,"가구주 직업별 가구당 월평균 가계지출 (도시,1인이상)",101006,101,년,2017,2018,,,"가구,월평균가계지출",직업별
DT_1L9R027,"가구구성별 가구당 월평균 가계지출 (도시,1인이상)",101006,101,년,2017,2018,,,"가구,가구당월평균가계지출",가구구성별
DT_1L9R028,"맞벌이여부별 가구당 월평균 가계지출 (도시,1인이상)",101006,101,년,2017,2018,,,"가구,월평균가계지출",맞벌이여부별
DT_1L9R029,"주거형태별 가구당월평균 가계지출(도시,1인이상)",101006,101,년,2017,2018,,,"가구,월평균가계지출",주거형태별
DT_1L9R030,"가구당 월평균 가계지출 (전국,1인이상,실질)",101006,101,년,2017,2018,전국,,"가구,월평균가계지출",행정구역별
DT_1L9R031,"소득5분위별 가구당 가계지출(전국,1인이상,실질)",101006,101,년,2017,2018,전국,,"가구당가계지출,가구",소득5분위별
DT_1L9R032,"가구원수별 가구당 월평균 가계지출 (전국,1인이상,실질)",101006,101,년,2017,2018,전국,,"가구,월평균가계지출",가구원수별
DT_1L9R033,"가구당 월평균 가계지출 (도시,1인이상,실질)",101006,101,년,2017,2018,,,"가구,월평균가계지출",가구별
DT_1L9R034,"소득5분위별 가구당 가계지출(도시,1인이상,실질)",101006,101,년,2017,2018,,,가구당가계지출,소득5분위별
DT_1L9R035,"가구원수별 가구당 월평균 가계지출 (도시,1인이상,실질)",101006,101,년,2017,2018,,,"가구원수,가구당월평균가계지출",가구원수별
DT_1L9U001,"가구당 월평균 가계수지 (전국,1인이상)",101006,101,"분기,년",2019,2024,전국,,가구당월평균가계수지,가계수지별
DT_1L9U002,"가구당 월평균 가계수지 표본오차 (전국,1인이상)",101006,101,"분기,년",2019,2024,전국,,가구당월평균가계수지,행정구역별
DT_1L9U003,"소득5분위별 가구당 가계수지 (전국,1인이상)",101006,101,"분기,년",2019,2024,전국,,가구,소득5분위별
DT_1L9U004,"소득10분위별 가구당 가계수지 (전국,1인이상)",101006,101,"분기,년",2019,2024,전국,,가구,소득10분위별
DT_1L9U005,"가구원수별 가구당 월평균 가계수지 (전국,1인이상)",101006,101,"분기,년",2019,2024,전국,,"가구원수,가구당월평균가계수지",가구원수별
DT_1L9U006,"소비구간별 가구당 월평균 가계수지 (전국,1인이상)",101006,101,"분기,년",2019,2024,전국,,가구,소비구간별
DT_1L9U007,"소득구간별 가구당 월평균 가계수지 (전국,1인이상)",101006,101,"분기,년",2019,2024,전국,,가구,소득구간별
DT_1L9U008,"가구주 연령별 가구당 월평균 가계수지 (전국,1인이상)",101006,101,"분기,년",2019,2024,전국,,"가구,월평균가계수지",가구주연령별
DT_1L9U009,"가구주 교육정도별 가구당 월평균 가계수지 (전국,1인이상)",101006,101,"분기,년",2019,2024,전국,,"가구,월평균가계수지",교육정도별
DT_1L9U010,"가구주 산업별 가구당 월평균 가계수지 (전국,1인이상)",101006,101,"분기,년",2019,2024,전국,,"가구,월평균가계수지",산업별
DT_1L9U011,"가구주 직업별 가구당 월평균 가계수지 (전국,1인이상)",101006,101,"분기,년",2019,2024,전국,,"가구,월평균가계수지",가구주직업별
DT_1L9U012,"미혼자녀수별 가구당 월평균 가계수지 (전국,1인이상)",101006,101,"분기,년",2019,2024,전국,,"미혼자녀수,가구",미혼자녀수별
DT_1L9U013,"맞벌이여부별 가구당 월평균 가계수지 (전국,1인이상)",101006,101,"분기,년",2019,2024,전국,,가구,맞벌이여부별
DT_1L9U015,"가구구성별 가구당 월평균 가계수지 (전국,1인이상)",101006,101,"분기,년",2019,2024,전국,,"가구,월평균가계수지",가구구성별
DT_1L9U016,"주거형태별 가구당 월평균 가계수지 (전국,1인이상)",101006,101,"분기,년",2019,2024,전국,,가구,주거형태별
DT_1L9U018,"가구당 월평균 가계수지 (전국,1인이상,실질)",101006,101,"분기,년",2019,2024,전국,,가구,가계수지별
DT_1L9U019,"가구원수별 가구당 월평균 가계수지 (전국,1인이상,실질)",101006,101,"분기,년",2019,2024,전국,,"가구원수별가구,월평균가계수지",가구원수별
DT_1L9U020,"소비구간별 가구당 월평균 가계수지 (전국,1인이상,실질)",101006,101,"분기,년",2019,2024,전국,,가구당월평균가계수지,소비구간별
DT_1L9U021,"소득구간별 가구당 월평균 가계수지 (전국,1인이상,실질)",101006,101,"분기,년",2019,2024,전국,,가구,소득구간별
DT_1L9U022,"소득5분위별 가구당 가계수지 (전국,1인이상,실질)",101006,101,"분기,년",2019,2024,전국,,가구,소득5분위별
DT_1L9U023,"가구당 월평균 가계수지 (도시,1인이상)",101006,101,"분기,년",2019,2024,,,"가구,월평균가계수지","가구원수별,도시지역별"
DT_1L9U024,"가구당 월평균 가계수지 표본오차 (도시,1인이상)",101006,101,"분기,년",2019,2024,,,가구당월평균가계수지,행정구역별
DT_1L9U025,"소득5분위별 가구당 가계수지 (도시,1인이상)",101006,101,"분기,년",2019,2024,,,가구,소득5분위별
DT_1L9U026,"소득10분위별 가구당 가계수지 (도시,1인이상)",101006,101,"분기,년",2019,2024,,,가구,소득10분위별
DT_1L9U027,"가구원수별 가구당 월평균 가계수지 (도시,1인이상)",101006,101,"분기,년",2019,2024,,,"가구,가구원수,월평균가계수지",가구원수별
DT_1L9U028,"소비구간별 가구당 월평균 가계수지 (도시,1인이상)",101006,101,"분기,년",2019,2024,,,가구,소비구간별
DT_1L9U029,"소득구간별 가구당 월평균 가계수지 (도시,1인이상)",101006,101,"분기,년",2019,2024,,,가구,소득구간별
DT_1L9U030,"가구주 연령별 가구당 월평균 가계수지 (도시,1인이상)",101006,101,"분기,년",2019,2024,,,"가구,월평균가계수지",가구주연령별
DT_1L9U031,"가구주 교육정도별 가구당 월평균 가계수지 (도시,1인이상)",101006,101,"분기,년",2019,2024,,,"가구,월평균가계수지",교육정도별
DT_1L9U032,"가구주 산업별 가구당 월평균 가계수지 (도시,1인이상)",101006,101,"분기,년",2019,2024,,,"가구,월평균가계수지",산업별
DT_1L9U033,"가구주 직업별 가구당 월평균 가계수지 (도시,1인이상)",101006,101,"분기,년",2019,2024,,,"가구,월평균가계수지",직업별
DT_1L9U034,"미혼자녀수별 가구당 월평균 가계수지 (도시,1인이상)",101006,101,"분기,년",2019,2024,,,"미혼자녀수,가구,월평균가계수지",미혼자녀수별
DT_1L9U035,"맞벌이여부별 가구당 월평균 가계수지 (도시,1인이상)",101006,101,"분기,년",2019,2024,,,가구,맞벌이여부별
DT_1L9U037,"가구구성별 가구당 월평균 가계수지 (도시,1인이상)",101006,101,"분기,년",2019,2024,,,"가구,월평균가계수지",가구구성별
DT_1L9U038,"주거형태별 가구당 월평균 가계수지 (도시,1인이상)",101006,101,"분기,년",2019,2024,,,가구,주거형태별
DT_1L9U039,"가구당 월평균 가계수지 (도시,1인이상,실질)",101006,101,"분기,년",2019,2024,,,가구당가계수지,가구별
DT_1L9U040,"가구원수별 가구당 월평균 가계수지 (도시,1인이상,실질)",101006,101,"분기,년",2019,2024,,,"가구원수,가구",가구원수별
DT_1L9U041,"소비구간별 가구당 월평균 가계수지 (도시,1인이상,실질)",101006,101,"분기,년",2019,2024,,,가구,소비구간별
DT_1L9U042,"소득구간별 가구당 월평균 가계수지 (도시,1인이상,실질)",101006,101,"분기,년",2019,2024,,,가구,소득구간별
DT_1L9U043,"소득5분위별 가구당 가계수지 (도시,1인이상,실질)",101006,101,"분기,년",2019,2024,,,가구,소득5분위별
DT_1L9U044,가구당 월평균 분위경계값 및 적자가구비율 (1인이상),101006,101,"분기,년",2019,2024,,,"가구,적자가구비율",적자가구비율별
DT_1L9V001,"가구당 월평균 가계수지 (전국,2인이상)",101006,101,"분기,년",2019,2024,전국,,가구,가계수지별
DT_1L9V002,"가구당 월평균 가계수지 표본오차 (전국,2인이상)",101006,101,"분기,년",2019,2024,전국,,"가구,월평균가계수지",가계수지별
DT_1L9V003,"소득5분위별 가구당 가계수지 (전국,2인이상)",101006,101,"분기,년",2019,2024,전국,,가구,소득5분위별
DT_1L9V004,"소득10분위별 가구당 가계수지 (전국,2인이상)",101006,101,"분기,년",2019,2024,전국,,가구,소득10분위별
DT_1L9V005,"소비구간별 가구당 월평균 가계수지 (전국,2인이상)",101006,101,"분기,년",2019,2024,전국,,가구,소비구간별
DT_1L9V006,"소득구간별 가구당 월평균 가계수지 (전국,2인이상)",101006,101,"분기,년",2019,2024,전국,,가구,소득구간별
DT_1L9V007,"가구주 연령별 가구당 월평균 가계수지 (전국,2인이상)",101006,101,"분기,년",2019,2024,전국,,"가구,월평균가계수지",가구주연령별
DT_1L9V008,"가구주 교육정도별 가구당 월평균 가계수지 (전국,2인이상)",101006,101,"분기,년",2019,2024,전국,,"가구,월평균가계수지",교육정도별
DT_1L9V009,"가구주 산업별 가구당 월평균 가계수지 (전국,2인이상)",101006,101,"분기,년",2019,2024,전국,,"가구,월평균가계수지",산업별
DT_1L9V010,"가구주 직업별 가구당 월평균 가계수지 (전국,2인이상)",101006,101,"분기,년",2019,2024,전국,,"가구,월평균가계수지",가구주직업별
DT_1L9V011,"미혼자녀수별 가구당 월평균 가계수지 (전국,2인이상)",101006,101,"분기,년",2019,2024,전국,,"미혼자녀수,가구",미혼자녀수별
DT_1L9V012,"맞벌이여부별 가구당 월평균 가계수지 (전국,2인이상)",101006,101,"분기,년",2019,2024,전국,,가구,맞벌이여부별
DT_1L9V014,"가구구성별 가구당 월평균 가계수지 (전국,2인이상)",101006,101,"분기,년",2019,2024,전국,,"가구,가구당월평균가계수지",가구구성별
DT_1L9V015,"주거형태별 가구당 월평균 가계수지 (전국,2인이상)",101006,101,"분기,년",2019,2024,전국,,가구,주거형태별
DT_1L9V017,"가구당 월평균 가계수지 (전국,2인이상,실질)",101006,101,"분기,년",2019,2024,전국,,"가구,월평균가계수지",가구별
DT_1L9V018,"소비구간별 가구당 월평균 가계수지 (전국,2인이상,실질)",101006,101,"분기,년",2019,2024,전국,,가구,소비구간별
DT_1L9V019,"소득구간별 가구당 월평균 가계수지 (전국,2인이상,실질)",101006,101,"분기,년",2019,2024,전국,,가구,소득구간별
DT_1L9V020,"소득5분위별 가구당 가계수지 (전국,2인이상,실질)",101006,101,"분기,년",2019,2024,전국,,가구,소득5분위별
DT_1L9V021,"가구당 월평균 가계수지 (도시,2인이상)",101006,101,"분기,년",2019,2024,,,"가구,월평균가계수지","가구원수별,지역별"
DT_1L9V022,"가구당 월평균 가계수지 표본오차 (도시,2인이상)",101006,101,"분기,년",2019,2024,,,가구당월평균가계수지,행정구역별
DT_1L9V023,"소득5분위별 가구당 가계수지 (도시,2인이상)",101006,101,"분기,년",2019,2024,,,가구,소득5분위별
DT_1L9V024,"소득10분위별 가구당 가계수지 (도시,2인이상)",101006,101,"분기,년",2019,2024,,,가구,소득10분위별
DT_1L9V025,"소비구간별 가구당 월평균 가계수지 (도시,2인이상)",101006,101,"분기,년",2019,2024,,,가구,소비구간별
DT_1L9V026,"소득구간별 가구당 월평균 가계수지 (도시,2인이상)",101006,101,"분기,년",2019,2024,,,가구,소득구간별
DT_1L9V027,"가구주 연령별 가구당 월평균 가계수지 (도시,2인이상)",101006,101,"분기,년",2019,2024,,,"가구,월평균가계수지",가구주연령별
DT_1L9V028,"가구주 교육정도별 가구당 월평균 가계수지 (도시,2인이상)",101006,101,"분기,년",2019,2024,,,"가구,월평균가계수지",교육정도별
DT_1L9V029,"가구주 산업별 가구당 월평균 가계수지 (도시,2인이상)",101006,101,"분기,년",2019,2024,,,"가구,월평균가계수지",산업별
DT_1L9V030,"가구주 직업별 가구당 월평균 가계수지 (도시,2인이상)",101006,101,"분기,년",2019,2024,,,"가구,월평균가계수지",직업별
DT_1L9V031,"미혼자녀수별 가구당 월평균 가계수지 (도시,2인이상)",101006,101,"분기,년",2019,2024,,,"미혼자녀수,가구",미혼자녀수별
DT_1L9V032,"맞벌이여부별 가구당 월평균 가계수지 (도시,2인이상)",101006,101,"분기,년",2019,2024,,,가구,맞벌이여부별
DT_1L9V034,"가구구성별 가구당 월평균 가계수지 (도시,2인이상)",101006,101,"분기,년",2019,2024,,,"가구,가구당월평균가계수지",가구구성별
DT_1L9V035,"주거형태별 가구당 월평균 가계수지 (도시,2인이상)",101006,101,"분기,년",2019,2024,,,가구,주거형태별
DT_1L9V036,"가구당 월평균 가계수지 (도시,2인이상,실질)",101006,101,"분기,년",2019,2024,,,"가구,월평균가계수지",가구별
DT_1L9V037,"소비구간별 가구당 월평균 가계수지 (도시,2인이상,실질)",101006,101,"분기,년",2019,2024,,,가구,소비구간별
DT_1L9V038,"소득구간별 가구당 월평균 가계수지 (도시,2인이상,실질)",101006,101,"분기,년",2019,2024,,,가구,소득구간별
DT_1L9V039,"소득5분위별 가구당 가계수지 (도시,2인이상,실질)",101006,101,"분기,년",2019,2024,,,가구,소득5분위별
DT_1L9V040,가구당 월평균 분위경계값 및 적자가구비율 (2인이상),101006,101,"분기,년",2019,2024,,,"가구,적자가구비율",적자가구비율별
DT_1L9V053,"가구원수별 가구당 월평균 가계수지 (전국,1인이상)",101006,101,"분기,년",2019,2024,전국,,"가구원수별가구,월평균가계수지",가구원수별
DT_1L9V054,"가구원수별 가구당 월평균 가계수지 (전국,1인이상,실질)",101006,101,"분기,년",2019,2024,전국,,"가구,월평균가계수지",가구원수별
DT_1L9V055,"가구원수별 가구당 월평균 가계수지 (도시,1인이상)",101006,101,"분기,년",2019,2024,,,"가구원수,가구",가구원수별
DT_1L9V056,"가구원수별 가구당 월평균 가계수지 (도시,1인이상,실질)",101006,101,"분기,년",2019,2024,,,"가구원수,가구",가구원수별
DT_1J22001,"지출목적별 소비자물가지수(품목포함, 2020=100)",101007,101,"월,분기,년",1965,2024,,,소비자물가지수,지출목적별
DT_1J22002,품목성질별 소비자물가지수(2020=100),101007,101,"월,분기,년",1985,2024,,,소비자물가지수,품목성질별
DT_1J22003,소비자물가지수(2020=100),101007,101,"월,분기,년",1965,2024,,,소비자물가지수,
DT_1J22004,신선식품지수(2020=100),101007,101,"월,분기,년",1990,2024,,,신선식품지수,
DT_1J22005,생활물가지수(2020=100),101007,101,"월,분기,년",1995,2024,,,생활물가지수,
DT_1J22006,자가주거비포함 소비자물가지수(2020=100),101007,101,"월,분기,년",1995,2024,,,소비자물가지수,
DT_1J22007,농산물 및 석유류제외지수(2020=100),101007,101,"월,분기,년",1975,2024,,,농산물및석유류제외지수,
DT_1J22009,식료품 및 에너지제외지수(2020=100),101007,101,"월,분기,년",1990,2024,,,식료품및에너지제외지수,
DT_1J22010,특수분류 소비자물가지수(2020=100),101007,101,"월,분기,년",2015,2024,,,소비자물가지수,
DT_1J22017,연쇄방식 소비자물가지수(2020=100),101007,101,년,2006,2023,,,소비자물가지수,
DT_1J22041,연도별 소비자물가 등락률,101007,101,년,1966,2023,,,소비자물가,연도별
DT_1J22042,월별 소비자물가 등락률,101007,101,월,1965,2024,,,소비자물가,월별
DT_1J22112,품목별 소비자물가지수(품목성질별: 2020=100),101007,101,"월,분기,년",1975,2024,,,소비자물가지수,품목별
DT_1J22135,"연도별 지출목적별 소비자물가지수(9개도, 39개시: 2020=100)",101007,101,년,1975,2023,,,소비자물가지수,"연도별,지출목적별"
DT_1J22136,"연도별 품목성질별 소비자물가지수(9개도, 39개시: 2020=100)",101007,101,년,1985,2023,,,소비자물가지수,"연도별,품목성질별"
INH_1J22003,소비자물가지수(시도),101007,101,"월,분기,년",1965,2024,,,소비자물가지수,행정구역별
DT_1K70001,"시도/도소매업/종사자규모/종사상지위별 사업체수,종사자수,매출액",101008,101,5년,1996,1996,,,"사업체수,종사자수,매출액","시도별,종사상지위별"
DT_1K70002,"시도/도소매업/매출액규모별 사업체수,종사자수,매출액,재고액,영업비용",101008,101,5년,1996,1996,,,"사업체수,종사자수,매출액,재고액,영업비용",도소매업매출액규모별
DT_1K70003,"시도/도소매업/사업장면적규모별 사업체수,종사자수,매출액,재고액",101008,101,5년,1996,1996,,,"사업체수,종사자수,매출액,재고액",사업장면적규모별
DT_1K70004,"시도/도소매업/조직형태별/본·지점별 사업체수,종사자수,매출액",101008,101,5년,1996,1996,,,"사업체수,종사자수,매출액","시도별,도소매업별,조직형태별,본지점별"
DT_1K70005,시도/도소매업/종사상지위별 종사자수,101008,101,5년,1996,1996,,,종사자수,"시도별,도소매업별,종사상지위별"
DT_1K70006,시도/도소매업/소유형태별 사업장면적,101008,101,5년,1996,1996,,,사업장면적,"시도별,소유형태별"
DT_1K70007,도소매업/자본금규모별 영업비용,101008,101,5년,1996,1996,,,영업비용,자본금규모별
DT_1K70008,"도소매업/종사자규모별 인건비,기타비용",101008,101,5년,1996,1996,,,"도소매업,종사자규모,인건비,기타비용",종사자규모별
DT_1K70009,"도소매업/매출액규모별 인건비,기타비용",101008,101,5년,1996,1996,,,"도소매업,인건비,기타비용",매출액규모별
DT_1K70010,"도소매업/사업장면적규모별 인건비,기타비용",101008,101,5년,1996,1996,,,"도소매업,사업장면적,인건비,기타비용",사업장면적규모별
DT_1K70011,"도소매업/조직형태별 인건비,기타비용",101008,101,5년,1996,1996,,,"인건비,기타비용",조직형태별
DT_1K71001,시도/산업(세세분류)별 도소매업 및 숙박·음식점업총괄,101008,101,5년,2001,2001,,,"도소매업,숙박음식점업","시도별,산업별"
DT_1K71002,산업(세세분류)/조직형태별 총괄(도소매업및음식숙박업),101008,101,5년,2001,2001,,,사업체수,산업조직형태별
DT_1K71003,산업(세세분류)/종사자규모별 총괄(도소매업및음식숙박업),101008,101,5년,2001,2001,,,종사자규모,"산업별,종사자규모별"
DT_1K71004,산업(세세분류)/매출액규모별 총괄(도소매업및음식숙박업),101008,101,5년,2001,2001,,,매출액규모,"산업별,매출액규모별"
DT_1K71005,산업(세세분류)/건물연면적규모별 총괄(도소매업및음식숙박업),101008,101,5년,2001,2001,,,건물연면적규모,산업건물연면적규모별
DT_1K71006,산업(세세분류)/자본금(출자금)규모별 총괄(도소매업및음식숙박업),101008,101,5년,2001,2001,,,도소매업및음식숙박업,산업자본금규모별
DT_1K71007,산업(세세분류)/조직형태/본·지점별 총괄(도소매업및음식숙박업),101008,101,5년,2001,2001,,,사업체수,"산업별,조직형태별,본지점별"
DT_1K71008,산업(세세분류)/종사자규모/종사상지위별 종사자수(도소매업및음식숙박업),101008,101,5년,2001,2001,,,종사자수,"산업별,종사자규모별,종사상지위별"
DT_1K71009,산업세세분류/매출액규모/건물소유형태별사업체수(도소매업및음식숙박),101008,101,5년,2001,2001,,,사업체수,"산업세세분류별,건물소유형태별"
DT_1K71010,산업(세세분류)/조직형태별 정보기술기반 활용현황(도소매업및음식숙박업),101008,101,5년,2001,2001,,,정보기술기반,산업조직형태별
DT_1K72002,시군구/산업(소분류)별 총괄,101008,101,5년,2001,2001,,,사업체수,"행정구역별,산업별"
DT_1K72003,시도/산업(세분류)/조직형태별 총괄,101008,101,5년,2001,2001,,,사업체,"시도별,산업별,조직형태별"
DT_1K72004,시도/산업(세분류)/종사자규모별 총괄,101008,101,5년,2001,2001,,,종사자규모,"시도별,산업별,종사자규모별"
DT_1K72005,시도/산업(세분류)/매출액규모별 총괄,101008,101,5년,2001,2001,,,매출액규모,"시도별,산업별,매출액규모별"
DT_1K72006,시도/산업(세분류)/건물연면적규모별 총괄,101008,101,5년,2001,2001,,,건물연면적규모,"시도별,산업별,건물연면적규모별"
DT_1K72007,시도/산업(세분류)/조직형태/본·지점별 총괄,101008,101,5년,2001,2001,,,사업체,"시도별,산업별,조직형태별,본지점별"
DT_1K72008,시도/산업(세분류)/종사자규모/종사상지위별 종사자수,101008,101,5년,2001,2001,,,종사자수,"시도별,산업별,종사자규모별,종사상지위별"
DT_1K72009,"시도/산업(세분류)/매출액규모/건물소유형태별 사업체수, 건물연면적",101008,101,5년,2001,2001,,,사업체수,"시도별,산업별,매출액규모별,건물소유형태별"
DT_1K72010,시도/산업(세분류)/조직형태별 정보기술기반 활용현황,101008,101,5년,2001,2001,,,정보기술기반,"시도별,산업별,조직형태별"
DT_1K7A001,"시도/도소매업/종사자규모/종사상지위별 사업체수,종사자수,매출액",101008,101,5년,1996,1996,,,"사업체수,종사자수,매출액","시도별,종사상지위별"
DT_1K7A002,"시도/도소매업/매출액규모별 사업체수,종사자수,매출액,재고액,영업",101008,101,5년,1996,1996,,,"사업체수,종사자수,매출액,재고액,영업",도소매업매출액규모별
DT_1K7A003,"시도시도/도소매업/사업장면적규모별 사업체수,종사자수,매출액,재고",101008,101,5년,1996,1996,,,"사업체수,종사자수,매출액,재고",사업장면적규모별
DT_1K7A004,"시도/도소매업/조직형태별/본·지점별 사업체수,종사자수,매출액",101008,101,5년,1996,1996,,,"사업체수,종사자수,매출액","행정구역별,조직형태별,본지점별"
DT_1K7A005,시도/도소매업/종사상지위별 종사자수,101008,101,5년,1996,1996,,,종사자수,"시도별,도소매업별,종사상지위별"
DT_1K7A006,시도/도소매업/소유형태별 사업장면적,101008,101,5년,1996,1996,,,사업장면적,"시도별,소유형태별"
DT_1K7A007,도소매업/자본금규모별 영업비용,101008,101,5년,1996,1996,,,영업비용,자본금규모별
DT_1K7A008,도소매업/자본금규모별 영업비용,101008,101,5년,1996,1996,,,영업비용,자본금규모별
DT_1K7A009,"도소매업/매출액규모별 인건비,기타비용",101008,101,5년,1996,1996,,,"인건비,기타비용",매출액규모별
DT_1K7A010,"도소매업/사업장면적규모별 인건비,기타비용",101008,101,5년,1996,1996,,,"인건비,기타비용",사업장면적규모별
DT_1K7A011,"도소매업/조직형태별 인건비,기타비용",101008,101,5년,1996,1996,,,"인건비,기타비용",조직형태별
DT_1K7A012,시도/산업(세세분류)별 도소매업 총괄,101008,101,5년,1996,1996,,,도소매업,"시도별,산업별"
DT_1K7A013,시군구/산업(소분류)별 도소매업 총괄,101008,101,5년,1996,1996,,,도소매업,"행정구역별,산업별"
DT_1K80001,"시도/숙박음식점업/종사자규모/종사상지위별 사업체수,종사자수,매출액",101008,101,5년,1996,1996,,,"숙박음식점업,종사자규모,사업체수,종사자수,매출액","시도별,종사상지위별"
DT_1K80002,"시도/숙박음식점/매출액규모별 사업체수,종사자수,매출액,재고액,영업비용",101008,101,5년,1996,1996,,,"사업체수,종사자수,매출액,재고액,영업비용",매출액규모별
DT_1K80003,"시도/숙박음식점업/사업장면적규모별 사업체수,종사자수,매출액,재고액",101008,101,5년,1996,1996,,,"사업체수,종사자수,매출액,재고액",사업장면적규모별
DT_1K80004,"시도/숙박음식점업/조직형태/본·지점별 사업체수,종사자수,매출액",101008,101,5년,1996,1996,,,"사업체수,종사자수,매출액","시도별,조직형태별,본지점별"
DT_1K80005,시도/숙박음식점업/종사상지위별 종사자수,101008,101,5년,1996,1996,,,숙박음식점업종사자수,"시도별,숙박음식점업별,종사상지위별"
DT_1K80006,시도/숙박음식점업/소유형태별 사업장면적,101008,101,5년,1996,1996,,,사업장면적,"행정구역별,소유형태별"
DT_1K80007,"숙박음식점업/자본금규모별 사업체수,종사자수,매출액,재고액,영업비용",101008,101,5년,1996,1996,,,"사업체수,종사자수,매출액,재고액,영업비용",자본금규모별
DT_1K80008,"숙박음식점업/종사자규모별 인건비,임차료,기타경비",101008,101,5년,1996,1996,,,"숙박음식점업,종사자규모,인건비,임차료,기타경비",종사자규모별
DT_1K80009,"숙박음식점업/매출액규모별 인건비,임차료,기타경비",101008,101,5년,1996,1996,,,"인건비,임차료,기타경비",매출액규모별
DT_1K80010,"숙박음식점업/사업장면적규모별 인건비,임차료,기타경비",101008,101,5년,1996,1996,,,"숙박음식점업,인건비,임차료,기타경비",사업장면적규모별
DT_1K80011,"숙박음식점업/조직형태별/본지점별 인건비,임차료,기타경비",101008,101,5년,1996,1996,,,"인건비,임차료,기타경비","숙박음식점업별,조직형태별,본지점별"
DT_1K81001,시도/산업(세세분류)별 서비스업총괄,101008,101,5년,2001,2001,,,서비스업,"시도별,산업별"
DT_1K81002,산업(세세분류)/조직형태별 총괄(서비스업),101008,101,5년,2001,2001,,,서비스업,산업조직형태별
DT_1K81003,산업(세세분류)/종사자규모별 총괄(서비스업),101008,101,5년,2001,2001,,,종사자규모,"산업별,종사자규모별"
DT_1K81004,산업(세세분류)/매출액규모별 총괄(서비스업),101008,101,5년,2001,2001,,,매출액규모,"산업별,매출액규모별"
DT_1K81005,산업(세세분류)/건물연면적규모별 총괄(서비스업),101008,101,5년,2001,2001,,,총괄,"산업별,건물연면적규모별"
DT_1K81006,산업(세세분류)/자본금(출자금)규모별 총괄(서비스업),101008,101,5년,2001,2001,,,"출자금,서비스업","산업별,자본금규모별"
DT_1K81007,산업(세세분류)/조직형태/본·지점별 총괄(서비스업),101008,101,5년,2001,2001,,,서비스업,"산업별,조직형태별,본지점별"
DT_1K81008,산업(세세분류)/종사자규모/종사상지위별 종사자수(서비스업),101008,101,5년,2001,2001,,,종사자수,"산업별,종사자규모별,종사상지위별"
DT_1K81009,산업세세분류/매출액규모/건물소유형태별사업체수(서비스업),101008,101,5년,2001,2001,,,사업체수,"산업세세분류별,건물소유형태별"
DT_1K81010,산업(세세분류)/조직형태별 정보기술기반 활용현황(서비스업),101008,101,5년,2001,2001,,,정보기술기반,산업조직형태별
DT_1K82002,시·군·구/산업(소분류)별 총괄,101008,101,5년,2001,2001,,,사업체수,"행정구역별,산업별"
DT_1K82003,시도/산업(세분류)/조직형태별 총괄,101008,101,5년,2001,2001,,,사업체,"시도별,산업별,조직형태별"
DT_1K82004,시도/산업(세분류)/종사자규모별 총괄,101008,101,5년,2001,2001,,,종사자규모,"시도별,산업별,종사자규모별"
DT_1K82005,시도/산업(세분류)/영업수익규모별 총괄,101008,101,5년,2001,2001,,,영업수익규모,"시도별,산업별"
DT_1K82006,시도/산업(세분류)/건물연면적규모별 총괄,101008,101,5년,2001,2001,,,건물연면적규모,"시도별,산업별,건물연면적규모별"
DT_1K82007,시도/산업(세분류)/조직형태/본·지점별 총괄,101008,101,5년,2001,2001,,,사업체수,"시도별,산업별,조직형태별,본지점별"
DT_1K82008,시도/산업(세분류)/종사자규모/종사상지위별 종사자수,101008,101,5년,2001,2001,,,종사자수,"시도별,산업별,종사자규모별,종사상지위별"
DT_1K82009,"시도/산업(세분류)/영업수익규모/건물소유형태별 사업체수,건물연면적",101008,101,5년,2001,2001,,,"사업체수,건물연면적","시도별,산업별,건물소유형태별"
DT_1K82010,시도/산업(세분류)/조직형태별 정보기술기반 활용현황,101008,101,5년,2001,2001,,,정보기술기반,"시도별,산업별,조직형태별"
DT_1K8A001,"시도/숙박음식점업/종사자규모/종사상지위별 사업체수,종사자수,매출",101008,101,5년,1996,1996,,,"사업체수,종사자수,매출","시도별,종사상지위별"
DT_1K8A002,"시도/숙박음식점/매출액규모별 사업체수,종사자수,매출액,영업비용",101008,101,5년,1996,1996,,,"사업체수,종사자수,매출액,영업비용",매출액규모별
DT_1K8A003,"시도/숙박음식점업/사업장면적규모별 사업체수,종사자수,매출액",101008,101,5년,1996,1996,,,"사업체수,종사자수,매출액",사업장면적규모별
DT_1K8A004,"시도/숙박음식점업/조직형태/본·지점별 사업체수,종사자수,매출액",101008,101,5년,1996,1996,,,"사업체수,종사자수,매출액","행정구역별,조직형태별,본지점별"
DT_1K8A005,시도/숙박음식점업/종사상지위별 종사자수,101008,101,5년,1996,1996,,,숙박음식점업종사자수,"시도별,숙박음식점업별,종사상지위별"
DT_1K8A006,시도/숙박음식점업/소유형태별 사업장면적,101008,101,5년,1996,1996,,,사업장면적,"행정구역별,소유형태별"
DT_1K8A007,"숙박음식점업/자본금규모별 사업체수,종사자수,매출액",101008,101,5년,1996,1996,,,"사업체수,종사자수,매출액",자본금규모별
DT_1K8A008,"숙박음식점업/종사자규모별 인건비,임차료,기타경비",101008,101,5년,1996,1996,,,"숙박음식점업,종사자규모,인건비,임차료,기타경비",종사자규모별
DT_1K8A009,"숙박음식점업/매출액규모별 인건비,임차료,기타경비",101008,101,5년,1996,1996,,,"숙박음식점업,인건비,임차료,기타경비",매출액규모별
DT_1K8A010,"숙박음식점업/사업장면적규모별 인건비,임차료,기타경비",101008,101,5년,1996,1996,,,"인건비,임차료,기타경비",사업장면적규모별
DT_1K8A011,"숙박음식점업/조직형태별/본지점별 인건비,임차료,기타경비",101008,101,5년,1996,1996,,,"인건비,임차료,기타경비","조직형태별,본지점별"
DT_1K8A012,시도/산업(세세분류)별 숙박음식점업 총괄,101008,101,5년,1996,1996,,,숙박음식점업,"시도별,산업별"
DT_1K8A013,시군구/산업(소분류)별 숙박음식점업 총괄,101008,101,5년,1996,1996,,,숙박음식점업,"시군구별,산업별"
DT_1K90001,"시도/서비스업/종사자규모/종사상지위별 사업체수,종사자수,매출액",101008,101,5년,1996,1996,,,"사업체수,종사자수,매출액","시도별,서비스업별,종사자규모별,종사상지위별"
DT_1K90002,"시도/서비스업/매출액규모별 사업체수,종사자수,매출액,재고액,영업비용",101008,101,5년,1996,1996,,,"사업체수,종사자수,매출액,재고액,영업비용",서비스업매출액규모별
DT_1K90003,"시도/서비스업/사업장면적규모별 사업체수,종사자수,매출액,재고액",101008,101,5년,1996,1996,,,"사업체수,종사자수,매출액,재고액",사업장면적규모별
DT_1K90004,"시도/서비스업/조직형태/본·지점별 사업체수,종사자수,매출액",101008,101,5년,1996,1996,,,"사업체수,종사자수,매출액","행정구역별,조직형태별,본지점별"
DT_1K90005,시도/서비스업/종사상지위별 종사자수,101008,101,5년,1996,1996,,,서비스업종사자,"시도별,서비스업별,종사상지위별"
DT_1K90006,시도/서비스업/소유형태별 사업장면적,101008,101,5년,1996,1996,,,사업장면적,"시도별,서비스업별,소유형태별"
DT_1K90007,"서비스업/자본금규모별 사업체수,종사자수,매출액,재고액,영업비용",101008,101,5년,1996,1996,,,"사업체수,종사자수,매출액,재고액,영업비용",자본금규모별
DT_1K90008,시도/서비스업별 인건비,101008,101,5년,1996,1996,,,인건비,"시도별,서비스업별"
DT_1K90009,서비스업/종사자규모별 인건비,101008,101,5년,1996,1996,,,"서비스업,종사자규모,인건비",종사자규모별
DT_1K90010,"서비스업/매출액규모별 인건비,임차료,기타경비",101008,101,5년,1996,1996,,,"인건비,임차료,기타경비",매출액규모별
DT_1K9A001,"시도/서비스업/종사자규모/종사상지위별 사업체수,종사자수,매출액",101008,101,5년,1996,1996,,,"사업체수,종사자수,매출액","시도별,서비스업별,종사자규모별,종사상지위별"
DT_1K9A002,"시도/서비스업/매출액규모별 사업체수,종사자수,매출액",101008,101,5년,1996,1996,,,"사업체수,종사자수,매출액","시도별,서비스업매출액규모별"
DT_1K9A003,"시도/서비스업/사업장면적규모별 사업체수,종사자수,매출액",101008,101,5년,1996,1996,,,"사업체수,종사자수,매출액","서비스업별,사업장면적규모별"
DT_1K9A004,"시도/서비스업/조직형태/본·지점별 사업체수,종사자수,매출액",101008,101,5년,1996,1996,,,"사업체수,종사자수,매출액","행정구역별,조직형태별,본지점별"
DT_1K9A005,시도/서비스업/종사상지위별 종사자수,101008,101,5년,1996,1996,,,서비스업종사자,"시도별,서비스업별,종사상지위별"
DT_1K9A006,시도/서비스업/소유형태별 사업장면적,101008,101,5년,1996,1996,,,사업장면적,"행정구역별,서비스업별,소유형태별"
DT_1K9A007,"서비스업/자본금규모별 사업체수,종사자수,매출액",101008,101,5년,1996,1996,,,"사업체수,종사자수,매출액",자본금규모별
DT_1K9A008,시도/서비스업별 인건비,101008,101,5년,1996,1996,,,인건비,"시도별,서비스업별"
DT_1K9A009,서비스업/종사자규모별 인건비,101008,101,5년,1996,1996,,,"서비스업,종사자규모,인건비",종사자규모별
DT_1K9A010,"서비스업/매출액규모별 인건비,임차료,기타경비",101008,101,5년,1996,1996,,,"인건비,임차료,기타경비",매출액규모별
DT_1K9A011,시도/산업(세세분류)별 서비스업 총괄,101008,101,5년,1996,1996,,,서비스업,"시도별,산업별"
DT_1K9A012,시군구/산업(소분류)별 서비스업 총괄,101008,101,5년,1996,1996,,,서비스업,"시군구별,산업별"
DT_1KB2004,전자상거래 활용 현황,101008,101,년,2004,2004,,,전자상거래,비고없음
DT_1KJ2002,산업세세분류/종업원규모별 사업체수 및 종업원수,101008,101,5년,1982,1982,,,"사업체수,종업원수","산업세세분류별,종업원규모별"
DT_1KJ2003,구시군/산업소분류별 사업체수 및 종업원수,101008,101,5년,1982,1982,,,"사업체수,종업원수","구시군별,산업소분류별"
DT_1KJ2004,구시군/산업소분류/종업원규모별 사업체수 및 종업원수,101008,101,5년,1982,1982,,,"사업체수,종업원수","구시군별,산업별,종업원규모별"
DT_1KJ2005,시읍면/산업소분류별 총괄,101008,101,5년,1982,1982,,,사업체,"시읍면별,산업소분류별"
DT_1KJ2006,"산업소분류/점유형태별 사업체수, 사업장면적 및 임차료",101008,101,5년,1982,1982,,,사업체수,"산업소분류별,점유형태별"
DT_1KJ2011,산업세분류/경영조직별 총괄,101008,101,5년,1982,1982,,,"산업세분류,경영조직","산업세분류별,경영조직별"
DT_1KJ2012,산업세세분류/종업원규모별 총괄,101008,101,5년,1982,1982,,,종업원규모,"산업세세분류별,종업원규모별"
DT_1KJ2013,산업세세분류/사업장면적규모별 총괄,101008,101,5년,1982,1982,,,사업장면적,"산업세세분류별,사업장면적규모별"
DT_1KJ2014,산업세세분류/판매액규모별 총괄,101008,101,5년,1982,1982,,,판매액규모,"산업세세분류별,판매액규모별"
DT_1KJ2015,개점년별 사업체수,101008,101,5년,1982,1982,,,사업체수,개점년도별
DT_1KJ2016,영업기간별 사업체수,101008,101,5년,1982,1982,,,사업체수,영업기간별
DT_1KJ2018,종업원규모별 종업원수 및 연간 인건비,101008,101,5년,1982,1982,,,"종업원수,인건비",종업원규모별
DT_1KJ2019,종업원규모별 영업경비,101008,101,5년,1982,1982,,,영업경비,종업원규모별
DT_1KJ2020,"점유형태별 사업체수, 사업장면적 및 임차료",101008,101,5년,1982,1982,,,"사업체수,사업장면적,임차료",점유형태별
DT_1KJ2021,시도/산업세분류/경영조직별 총괄,101008,101,5년,1982,1982,,,사업체,"시도별,산업별,경영조직별"
DT_1KJ2022,시도/산업세분류/종업원규모별 총괄,101008,101,5년,1982,1982,,,"시도,산업,종업원규모","시도별,산업별,종업원규모별"
DT_1KJ2023,시도/산업세분류/사업장면적규모별 총괄,101008,101,5년,1982,1982,,,사업장면적규모,"행정구역별,산업별,사업장면적규모별"
DT_1KJ2024,시도/산업세분류/판매액규모별 총괄,101008,101,5년,1982,1982,,,판매액규모,"시도별,산업별"
DT_1KJ2027,시도/종사상지위별/성별 종업원수,101008,101,5년,1982,1982,,,종업원수,"시도별,종사상지위별,성별"
DT_1KJ2028,시도/산업세분류별 영업경비,101008,101,5년,1982,1982,,,영업경비,"시도별,산업별"
DT_1KJ2029,"점유형태별 사업체수, 사업장면적 및 임차료",101008,101,5년,1982,1982,,,"사업체수,사업장면적,임차료",점유형태별
DT_1KJ2031,산업세분류별 총괄,101008,101,5년,1982,1982,,,사업체수,산업별
DT_1KJ2032,시도/개점년별 사업체수,101008,101,5년,1982,1982,,,사업체수,"시도별,개점년도별"
DT_1KJ2033,시도/영업기간별 사업체수,101008,101,5년,1982,1982,,,사업체수,"시도별,영업기간별"
DT_1KJ2034,종사상지위/성별 종업원수,101008,101,5년,1982,1982,,,종업원수,성별
DT_1KJ2035,산업세분류별 영업경비,101008,101,5년,1982,1982,,,영업경비,산업세분류별
DT_1KJ2036,"점유형태별 사업체수, 사업장면적 및 임차료",101008,101,5년,1982,1982,,,"사업체수,사업장면적,임차료",점유형태별
DT_1KJ2041,시도/산업세분류별 총괄,101008,101,5년,1982,1982,,,사업체수,"시도별,산업별"
DT_1KJ2042,시도/개점년별 사업체수,101008,101,5년,1982,1982,,,사업체수,"시도별,개점년도별"
DT_1KJ2043,시도/영업기간별 사업체수,101008,101,5년,1982,1982,,,사업체수,"시도별,영업기간별"
DT_1KJ2044,시도/종사상지위별 사업체수,101008,101,5년,1982,1982,,,사업체수,"시도별,종사상지위별"
DT_1KJ2045,시도/산업세분류별 영업경비,101008,101,5년,1982,1982,,,영업경비,"시도별,산업별"
DT_1KJ2046,"시도/점유형태별 사업체수, 사업장면적 및 임차료",101008,101,5년,1982,1982,,,"사업체수,사업장면적,임차료","시도별,점유형태별"
DT_1KJ3002,"시도/산업/경영조직별 사업체,종업원,연간판매액 및 재고액",101008,101,5년,1976,1976,,,"사업체,종업원,연간판매액,재고액","시도별,산업별,경영조직별"
DT_1KJ3003,"산업/종업원규모별 사업체,종업원,연간판매액 및 재고액",101008,101,5년,1976,1976,,,"사업체,종업원,연간판매액,재고액","산업별,종업원규모별"
DT_1KJ3004,"산업/연간판매액규모별 사업체,종업원,연간판매액 및 재고액",101008,101,5년,1976,1976,,,"사업체,종업원,연간판매액,재고액",산업별
DT_1KJ3005,"구시군부/산업/경영조직별 사업체,종업원,연간판매액 및 재고액",101008,101,5년,1976,1976,,,"사업체,종업원,연간판매액,재고액","구시군부별,산업별,경영조직별"
DT_1KJ3006,"시도/산업별 사업체,종업원규모별사업체,연간판매액 및 재고액",101008,101,5년,1976,1976,,,"사업체,종업원규모별사업체,연간판매액및재고액","시도별,산업별,사업체규모별,판매액및재고액별"
DT_1KJ3007,"시도/구시군부/산업/경영조직별 사업체,종업원 및 연간판매액",101008,101,5년,1976,1976,,,"사업체,종업원,연간판매액","행정구역별,산업별,경영조직별"
DT_1KJ3008,"시도/구시군부/산업/경영조직별 사업체,종업원 및 연간판매액",101008,101,5년,1976,1976,,,"사업체,종업원,연간판매액","시도별,구시군부별,산업별,경영조직별"
DT_1KJ4002,시도/산업별 사업체 및 종업원,101008,101,5년,1979,1979,,,"사업체,종업원","시도별,산업별"
DT_1KJ4003,"시도/산업/조직형태별 사업체, 종업원, 연간판매액 및 재고액",101008,101,5년,1979,1979,,,"사업체,종업원,연간판매액,재고액","시도별,산업별,조직형태별"
DT_1KJ4004,"시도/산업별 사업체, 종업원, 연간판매액, 재고액, 영업경비",101008,101,5년,1979,1979,,,"사업체,종업원,연간판매액,재고액,영업경비","시도별,산업별"
DT_1KJ4005,"산업/종업원규모별 사업체, 종업원, 연간판매액, 재고액, 영업경",101008,101,5년,1979,1979,,,"사업체,종업원,연간판매액,재고액,영업경","산업별,규모별"
DT_1KJ4006,"산업/종업원규모/매장면적규모별 사업체, 종업원 및 연간판매액",101008,101,5년,1979,1979,,,"사업체,종업원,연간판매액","산업별,매장면적규모별"
DT_1KJ4007,"산업/판매액규모별 사업체, 종업원, 연간판매액, 재고액, 영업경",101008,101,5년,1979,1979,,,"사업체,종업원,연간판매액,재고액,영업경",산업별
DT_1KJ4008,산업/구입처별/판매처별 연간판매액 및 백분비,101008,101,5년,1979,1979,,,연간판매액,"산업별,구입처별,판매처별"
DT_1KJ4009,"산업/자본금규모별 법인(본점), 종업원, 연간판매액, 영업경비",101008,101,5년,1979,1979,,,"법인,본점,종업원,연간판매액,영업경비","산업별,자본금규모별"
DT_1KJ4010,"시도/구시군/산업세분류별 사업체, 종업원 및 연간판매액",101008,101,5년,1979,1979,,,"사업체,종업원,연간판매액","행정구역별,산업별"
DT_1KJ4011,산업별/구입지역(시도)별 판매액 및 백분비,101008,101,5년,1979,1979,,,판매액,"산업별,행정구역별"
DT_1KJ4012,산업/개점년별 사업체,101008,101,5년,1979,1979,,,사업체,"산업별,개점년별"
DT_1KJ4022,"시도/산업/조직형태별 사업체, 종업원 및 연간수입액",101008,101,5년,1979,1979,,,"사업체,종업원,연간수입액","시도별,산업별,조직형태별"
DT_1KJ4023,"시도/시군구별 사업체, 종업원, 연간수입액 및 연간인건비",101008,101,5년,1979,1979,,,"사업체,종업원,연간수입액,연간인건비",행정구역별
DT_1KJ4024,"업종/종업원규모별 사업체, 종업원, 연간수입액 및 연간인건비",101008,101,5년,1979,1979,,,"사업체,종업원,연간수입액,연간인건비","업종별,종업원규모별"
DT_1KJ4025,업종/개점년별 사업체,101008,101,5년,1979,1979,,,사업체,"업종별,개점년도별"
DT_1KJ4026,"업종/객석수별 사업체, 종업원, 연간수입액및연간인건비(음식업)",101008,101,5년,1979,1979,,,"사업체,종업원,연간수입액및연간인건비","업종별,객석수별"
DT_1KJ4027,"업종/객실수별 사업체, 종업원, 연간수입액 및 인건비(숙박업)",101008,101,5년,1979,1979,,,"사업체,종업원,연간수입액,인건비","업종별,객실수별"
DT_1KJ5002,산업별종업원,101008,101,5년,1971,1971,,,종업원,산업별
DT_1KJ5003,"산업/경영조직별 사업체, 종업원, 연간판매액 및 재고액",101008,101,5년,1971,1971,,,"사업체,종업원,연간판매액,재고액",산업경영조직별
DT_1KJ5004,"산업/종업원규모별 사업체, 종업원, 연간판매액 및 재고액",101008,101,5년,1971,1971,,,"사업체,종업원,연간판매액,재고액","산업별,종업원규모별"
DT_1KJ5005,"산업/종업원규모/매장면적규모별 사업체, 종업원 및 연간판매액",101008,101,5년,1971,1971,,,"사업체,종업원,연간판매액","산업별,매장면적규모별"
DT_1KJ5006,"산업/연간판매액규모별 사업체, 종업원 및 연간판매액",101008,101,5년,1971,1971,,,"사업체,종업원,연간판매액",산업별
DT_1KJ5007,"시도/산업별 사업체, 종업원, 연간판매액 및 재고액",101008,101,5년,1971,1971,,,"사업체,종업원,연간판매액,재고액","시도별,산업별"
DT_1KJ5008,"시도/경영조직별 사업체, 종업원, 연간판매액 및 재고액",101008,101,5년,1971,1971,,,"사업체,종업원,연간판매액,재고액",경영조직별
DT_1KJ5009,시도/개점년별 사업체,101008,101,5년,1971,1971,,,사업체,"시도별,개점년도별"
DT_1KJ5010,"시읍면별 사업체, 종업원, 연간판매액 및 재고액",101008,101,5년,1971,1971,,,"사업체,종업원,연간판매액,재고액",시읍면별
DT_1KJ5011,시군/매장면적규모별 사업체,101008,101,5년,1971,1971,,,사업체,"행정구역별,매장면적규모별"
DT_1KJ5012,"시군별 시장, 사업체, 종업원, 연간판매액 및 재고액",101008,101,5년,1971,1971,,,"시장,사업체,종업원,연간판매액,재고액",행정구역별
DT_1KJ5013,"산업/종업원규모별 사업체, 종업원, 연간판매액, 재고액",101008,101,5년,1971,1971,,,"사업체,종업원,연간판매액,재고액","산업별,종업원규모별"
DT_1KJ5014,산업/종업원규모/판매방법별 사업체 및 연간판매액,101008,101,5년,1971,1971,,,"사업체,연간판매액","산업별,종업원규모별,판매방법별"
DT_1KJ5015,시도/산업/구입처별 사업체 및 연간판매액,101008,101,5년,1971,1971,,,"사업체,연간판매액","시도별,산업별,구입처별"
DT_1KJ5016,시도/산업/판매처별 사업체 및 연간판매액,101008,101,5년,1971,1971,,,"사업체,연간판매액","시도별,산업별,판매처별"
DT_1KJ5017,시도/산업/판매방법별 사업체 및 연간판매액,101008,101,5년,1971,1971,,,"사업체,연간판매액","시도별,산업별,판매방법별"
DT_1KJ5018,시도/산업/자본금규모별  법인사업체 및 자본금액,101008,101,5년,1971,1971,,,"법인사업체,자본금액","시도별,산업별,자본금규모별"
DT_1KJ5019,"시도/산업/개점년별 사업체, 종업원, 연간판매액, 재고액",101008,101,5년,1971,1971,,,"사업체,종업원,연간판매액,재고액","시도별,산업별,개점년별"
DT_1KJ5021,산업/품목(도매)군별 사업체 및 연간판매액,101008,101,5년,1971,1971,,,"사업체,연간판매액","산업품목,도매군별"
DT_1KJ5022,산업/품목(소매)군별 사업체 및 연간판매액,101008,101,5년,1971,1971,,,"사업체,연간판매액","산업품목,소매군별"
DT_1KJ5023,시군/품목(도매)군별 사업체 및 연간판매액,101008,101,5년,1971,1971,,,"사업체,연간판매액","행정구역별,품목별"
DT_1KJ5024,시군/품목(소매)군별 사업체 및 연간판매액,101008,101,5년,1971,1971,,,"사업체,연간판매액","행정구역별,품목,소매군별"
DT_1KJ5031,"시군별 사업체, 종업원, 판매액 및 연간인건비",101008,101,5년,1971,1971,,,"사업체,종업원,판매액,연간인건비",행정구역별
DT_1KJ5032,"시도/종업원규모별 사업체, 종업원 및 연간판매액",101008,101,5년,1971,1971,,,"사업체,종업원,연간판매액","시도별,종업원규모별"
DT_1KJ5033,시도/개점년별 사업체 및 종업원,101008,101,5년,1971,1971,,,"사업체,종업원","시도별,개점년별"
DT_1KJ6001,도소매업총괄,101008,101,5년,1968,1968,,,사업체수,"분기별,품목별,행정구역별"
DT_1KJ6002,산업별 상시종업원수,101008,101,5년,1968,1968,,,상시종업원수,산업별
DT_1KJ6003,"산업/경영조직별 종업원수, 판매액 및 재고액",101008,101,5년,1968,1968,,,"종업원수,판매액,재고액",산업경영조직별
DT_1KJ6004,"산업/종업원규모별 종업원수, 판매액 및 재고액",101008,101,5년,1968,1968,,,"종업원수,판매액,재고액","산업별,종업원규모별"
DT_1KJ6005,상시종업원규모/매장면적규모별 점포수 및 연간판매액,101008,101,5년,1968,1968,,,"점포수,연간판매액","상시종업원규모별,매장면적규모별"
DT_1KJ6006,"연간판매액규모별 점포수, 상시종업원 및 연간판매액",101008,101,5년,1968,1968,,,"점포수,상시종업원,연간판매액",연간판매액규모별
DT_1KJ6007,"시도별 점포수, 상시종업원 및 연간판매액",101008,101,5년,1968,1968,,,"점포수,상시종업원,연간판매액",행정구역별
DT_1KJ6008,"시도/경영조직별 점포수, 상시종업원 및 연간판매액",101008,101,5년,1968,1968,,,"점포수,상시종업원,연간판매액",경영조직별
DT_1KJ6009,시도/개점연도별 점포수,101008,101,5년,1968,1968,,,점포수,"시도별,개점연도별"
DT_1KJ6010,시도(주요도시)별 상시종업원수,101008,101,5년,1968,1968,,,상시종업원수,시도별
DT_1KJ6011,"시도(구시군)별 점포수,상시종업원수, 판매액 및 상품재고액",101008,101,5년,1968,1968,,,"점포수,상시종업원수,판매액,상품재고액",행정구역별
DT_1KJ6012,시도(구시군) 매장면적 규모별 점포수,101008,101,5년,1968,1968,,,점포수,"행정구역별,매장면적규모별"
DT_1KJ6013,"상시종업원규모별 점포수, 판매액, 재고액 및 영업경비",101008,101,5년,1968,1968,,,"점포수,판매액,재고액,영업경비",상시종업원규모별
DT_1KJ6014,"상시종업원규모/판매방법별 점포수, 판매액 및 외상매출액",101008,101,5년,1968,1968,,,"점포수,상시종업원규모,판매액,외상매출액",판매방법별
DT_1KJ6015,시도/구입처별 점포수 및 연간판매액,101008,101,5년,1968,1968,,,"점포수,연간판매액","시도별,구입처별"
DT_1KJ6016,시도/판매처별 점포수 및 연간판매액,101008,101,5년,1968,1968,,,"점포수,연간판매액","시도별,판매처별"
DT_1KJ6017,시도/판매방법별 점포수 및 연간판매액,101008,101,5년,1968,1968,,,"점포수,연간판매액","시도별,판매방법별"
DT_1KJ6018,시도별 법인사업체수 및 자본금액,101008,101,5년,1968,1968,,,"법인사업체수,자본금액",행정구역별
DT_1KJ6019,"시도별 점포수, 종업원수, 월간판매액, 재고액 및 매장면적",101008,101,5년,1968,1968,,,"점포수,종업원수,월간판매액,재고액,매장면적",행정구역별
DT_1KJ6020,산업분류/상품(도매)별 점포수 및 연간판매액,101008,101,5년,1968,1968,,,"점포수,연간판매액","상품,도매별"
DT_1KJ6021,산업분류/상품(소매)별 점포수 및 연간판매액,101008,101,5년,1968,1968,,,"점포수,연간판매액","상품,소매별"
DT_1KJ6022,시도(구시군)/상품(도매)별 점포수 및 연간판매액,101008,101,5년,1968,1968,,,"점포수,연간판매액","시도별,상품별"
DT_1KJ6023,시도(구시군)/상품(소매)별 점포수 및 연간판매액,101008,101,5년,1968,1968,,,"점포수,연간판매액","행정구역별,상품별"
DT_1KJ6031,시도/산업별 사업체수 및 종업원수,101008,101,5년,1968,1968,,,"사업체수,종업원수","시도별,산업별"
DT_1KJ6032,시도/산업/상시종업원규모별 점포수 및 종업원수,101008,101,5년,1968,1968,,,"점포수,종업원수","시도별,산업별,상시종업원규모별"
DT_1KM1001,산업세세분류별 총괄,101008,101,5년,2005,2005,,,사업체수,산업세세분류별
DT_1KM1003,산업세세분류 및 종사자 규모별 총괄,101008,101,5년,2005,2005,,,"산업세세분류,종사자규모","산업세세분류별,종사자규모별"
DT_1KM1004,산업세세분류 및 매출액 규모별 총괄,101008,101,5년,2005,2005,,,매출액,"산업세세분류별,매출액규모별"
DT_1KM1005,산업세세분류 및 건물연면적 규모별 총괄,101008,101,5년,2005,2005,,,"산업세세분류,건물연면적","산업세세분류별,건물연면적규모별"
DT_1KM1006,"산업세세분류, 조직형태 및 본·지점별 총괄",101008,101,5년,2005,2005,,,사업체,"산업별,조직형태별,본지점별"
DT_1KM1007,"산업세세분류 및 종사자규모별 사업체수, 종사상지위별 종사자수, 인건비",101008,101,5년,2005,2005,,,"사업체수,종사자수,인건비","산업별,종사자규모별,종사상지위별"
DT_1KM1008,"산업세세분류, 매출액규모 및 건물점유형태별 사업체수, 건물연면적",101008,101,5년,2005,2005,,,사업체수,"산업별,매출액규모별,건물점유형태별,건물연면적별"
DT_1KM1009,산업세세분류 및 조직형태별 정보기술 기반 및 활용 현황,101008,101,5년,2005,2005,,,정보기술기반및활용현황,"산업세세분류별,조직형태별"
DT_1KM1010,"산업세세분류, 종사자규모 및 월평균 휴무일수별 사업체수, 평균영업개월수",101008,101,5년,2005,2005,,,사업체수,"산업세세분류별,종사자규모별,월평균휴무일수별"
DT_1KM2001,산업세분류 및 시·도별 총괄,101008,101,5년,2005,2005,,,사업체,"산업별,행정구역별"
DT_1KM2002,시·군·구 및 산업소분류별 총괄,101008,101,5년,2005,2005,,,산업소분류,"행정구역별,산업소분류별"
DT_1KM2003,읍·면·동 및 산업대분류별 총괄,101008,101,5년,2005,2005,,,"읍,면,동,산업","행정구역별,산업별"
DT_1KM2004,"시·도, 산업세분류 및 조직형태별 총괄",101008,101,5년,2005,2005,,,"시도,산업,조직형태","행정구역별,산업별,조직형태별"
DT_1KM2005,"시·도, 산업세분류 및 종사자규모별 총괄",101008,101,5년,2005,2005,,,종사자규모,"행정구역별,산업별"
DT_1KM2006,"시·도, 산업세분류 및 매출액규모별 총괄",101008,101,5년,2005,2005,,,매출액규모,"행정구역별,산업별,매출액규모별"
DT_1KM2007,"시·도, 산업세분류 및 건물 연면적규모별 총괄",101008,101,5년,2005,2005,,,"시도,산업,건물연면적규모","행정구역별,산업별,건물연면적규모별"
DT_1KM2008,"시·도, 산업세분류, 조직형태 및 본·지점별 총괄",101008,101,5년,2005,2005,,,"조직형태,본지점","시도별,산업별,조직형태별"
DT_1KM2009,"산업세분류, 시·도 및 종사상지위별 사업체수, 종사자수, 인건비",101008,101,5년,2005,2005,,,"사업체수,종사자수","산업별,행정구역별,종사상지위별"
DT_1KM2010,산업세분류 및 시·도별 정보기술 기반 및 활용 현황,101008,101,5년,2005,2005,,,정보기술,"산업별,행정구역별"
DT_1KM3010,산업세세분류별 총괄(도·소매업),101008,101,5년,2005,2005,,,도소매업,산업세세분류별
DT_1KM3011,"산업세세분류, 매출액규모 및 상품매입처별 구성비",101008,101,5년,2005,2005,,,"산업세세분류,매출액규모,상품매입처","산업별,상품매입처별"
DT_1KM3012,"산업세세분류, 매출액규모 및 상품판매처별 구성비",101008,101,5년,2005,2005,,,"매출액규모,상품판매처","산업별,매출액규모별,판매처별"
DT_1KM3013,"산업세세분류, 시·도 및 체인점 가입여부별 사업체수(소매업)",101008,101,5년,2005,2005,,,사업체수,"산업별,행정구역별,체인점가입여부별"
DT_1KM3014,"산업세세분류 및 시·도별 사업체수, 종사자수, 매출액(소매업)",101008,101,5년,2005,2005,,,"사업체수,종사자수,매출액","산업별,행정구역별"
DT_1KM3020,산업세세분류별 총괄(숙박 및 음식점업),101008,101,5년,2005,2005,,,사업체수,산업세세분류별
DT_1KM3021,"산업세세분류, 시·도 및 체인점가입여부별 사업체수(음식점업)",101008,101,5년,2005,2005,,,사업체수,"산업세세분류별,행정구역별,체인점가입여부별"
DT_1KM3030,산업세세분류별 총괄(통신업),101008,101,5년,2005,2005,,,통신업,산업세세분류별
DT_1KM3031,산업세세분류별 연구·기술직 종사자 현황(통신업),101008,101,5년,2005,2005,,,연구기술직종사자,산업세세분류별
DT_1KM3032,산업세세분류 및 시·도별 연구기술직 현황(통신업),101008,101,5년,2005,2005,,,"연구기술직,통신업","산업별,행정구역별"
DT_1KM3040,산업세세분류 및 조직형태별 총괄(금융 및 보험업),101008,101,5년,2005,2005,,,금융및보험업,"산업세세분류별,조직형태별"
DT_1KM3050,산업세세분류별 총괄(부동산업 및 임대업),101008,101,5년,2005,2005,,,"부동산업,임대업",산업세세분류별
DT_1KM3060,산업세세분류별 총괄(사업서비스업),101008,101,5년,2005,2005,,,사업체수,산업세세분류별
DT_1KM3061,산업세세분류별 연구·기술직 종사자 현황(사업서비스업),101008,101,5년,2005,2005,,,연구기술직종사자,산업세세분류별
DT_1KM3070,산업세세분류별 총괄(교육서비스업),101008,101,5년,2005,2005,,,교육서비스업,산업세세분류별
DT_1KM3071,"산업세세분류 및 시·도별 학급수, 재적학생수, 교원수(교육서비스업)",101008,101,5년,2005,2005,,,"학급수,재적학생수,교원수","산업별,행정구역별"
DT_1KM3080,산업세세분류별 총괄(보건 및 사회복지사업),101008,101,5년,2005,2005,,,보건및사회복지사업,산업세세분류별
DT_1KM3081,산업세세분류 및 시·도별 입원시설 현황(병ㆍ의원),101008,101,5년,2005,2005,,,입원시설,"산업별,행정구역별"
DT_1KM3082,산업세세분류 및 시·도별 수용복지시설 현황,101008,101,5년,2005,2005,,,수용복지시설,"산업별,행정구역별"
DT_1KM3090,"산업세세분류별 총괄(오락, 문화 및 운동관련 서비스업)",101008,101,5년,2005,2005,,,"오락,문화및운동관련서비스업",산업세세분류별
DT_1KM3091,산업세세분류별 경기·오락시설현황,101008,101,5년,2005,2005,경기,,오락시설,산업세세분류별
DT_1KM30A0,"산업세세분류별 총괄(기타 공공, 수리 및 개인서비스업)",101008,101,5년,2005,2005,,,총괄,산업세세분류별
DT_1KM4001,산업소분류 및 시·도별 총괄,101008,101,5년,2005,2005,,,사업체,"산업별,행정구역별"
DT_1KM4002,"산업소분류 및 회사법인유형별 기업체수, 종사자수, 자본금",101008,101,5년,2005,2005,,,"기업체수,종사자수,자본금","산업소분류별,회사법인유형별"
DT_1KM4003,"산업소분류, 자본금규모 및 회사법인유형별 기업체수,종사자수",101008,101,5년,2005,2005,,,"기업체수,종사자수","산업소분류별,자본금규모별,회사법인유형별"
DT_1KM4004,"산업소분류 및 종사자 규모별 기업체수,종사자수,사업실적",101008,101,5년,2005,2005,,,"기업체수,종사자수,사업실적","산업소분류별,종사자규모별"
DT_1KM4005,"산업소분류 및 매출액(사업수익)규모별 기업체수,종사자수,사업실적",101008,101,5년,2005,2005,,,"기업체수,종사자수,사업실적","산업소분류별,매출액규모별"
DT_1KM4006,"산업소분류 및 자본금 규모별 기업체수,종사자수,사업실적",101008,101,5년,2005,2005,,,"기업체수,종사자수","산업소분류별,자본금규모별"
DT_1KM4007,"산업소분류 및 시·도별 기업체수,유·무형자산",101008,101,5년,2005,2005,,,"기업체수,유무형자산","산업소분류별,행정구역별"
DT_1632D,품목분류별 사업체수，생산액，출하 및 연말재고액(10명이상),101009,101,년,2009,2009,,,"사업체수,생산액,출하및연말재고액",품목분류별
DT_1632E,"품목분류별 사업체수，생산액，출하 및 연말재고액(10명이상, 2011년)",101009,101,년,2011,2011,,,"사업체수,생산액,출하,연말재고액",품목분류별
DT_1632F,"품목분류별 사업체수，생산액，출하 및 연말재고액(10명이상, 2012년)",101009,101,년,2012,2012,,,"사업체수,생산액,출하및연말재고액",품목분류별
DT_1632G,"품목분류별 사업체수，생산액，출하 및 연말재고액(10명이상, 2013년)",101009,101,년,2013,2013,,,"사업체수,생산액,출하및연말재고액",품목분류별
DT_1632H,"품목분류별 사업체수，생산액，출하 및 연말재고액(10명이상, 2014년)",101009,101,년,2014,2014,,,"사업체수,생산액,출하및연말재고액",품목분류별
DT_1633D,임가공품목별 사업체수 및 수입액(10명 이상),101009,101,년,2009,2009,,,"사업체수,수입액",임가공품목별
DT_1633E,"임가공품목별 사업체수 및 수입액(10명 이상, 2011년)",101009,101,년,2011,2011,,,"사업체수,수입액",임가공품목별
DT_1633F,"임가공품목별 사업체수 및 수입액(10명 이상, 2012년)",101009,101,년,2012,2012,,,"사업체수,수입액",임가공품목별
DT_1633G,"임가공품목별 사업체수 및 수입액(10명 이상, 2013년)",101009,101,년,2013,2013,,,"사업체수,수입액",임가공품목별
DT_1633H,"임가공품목별 사업체수 및 수입액(10명 이상, 2014년)",101009,101,년,2014,2014,,,"사업체수,수입액",임가공품목별
DT_1F1501,산업대(중)분류별 주요지표,101009,101,년,1955,1998,,,주요지표,산업대분류별
DT_1F1502,시도별 주요지표(1955-1998),101009,101,년,1955,1998,,,주요지표,행정구역별
DT_1F1503,종사자규모별 주요지표(1960-1998),101009,101,년,1960,1998,,,종사자규모별주요지표에서종사자를제외한주요지표를추출합니다따라서결과는아래와같습니다주요지표,종사자규모별
DT_1F15061,시도/산업분류별 주요지표(1명 이상),101009,101,부정기,1998,2003,,,주요지표,"시도별,산업별"
DT_1F15062,시도(시군구)/산업분류별 주요지표(5명 이상),101009,101,년,1999,2006,,,주요지표,"행정구역별,산업별"
DT_1F1507,시도/산업분류/종사자 규모별 주요지표(5명이상),101009,101,년,1999,2006,,,"시도,산업분류,종사자규모","시도별,산업별,종사자규모별"
DT_1F1508,시도/산업분류/출하액규모별 주요지표(5명이상),101009,101,년,1999,2006,,,출하액규모별주요지표,"시도별,산업분류별,출하액규모별"
DT_1F1509,"시도/산업분류별 사업체수, 종사자수 및 급여(5명이상)",101009,101,년,1999,2006,,,"사업체수,종사자수,급여","시도별,산업별"
DT_1F1510,"시도/산업분류별 출하액,생산액,부가가치 및 주요생산비(5명이상)",101009,101,년,1999,2006,,,"출하액,생산액,부가가치,주요생산비","시도별,산업별"
DT_1F1511,시도/산업분류별 재고액(5명이상),101009,101,년,1999,2006,,,재고액,"시도별,산업별"
DT_1F1512,"시도/산업분류별 유형자산 증가액, 감소액 및 연말잔액(5명이상)",101009,101,년,1999,2006,,,유형자산,"시도별,산업별"
DT_1F1513,시도(시군구)/산업분류별 부지면적 및 임차료(5명이상),101009,101,년,2003,2003,,,"부지면적,임차료","시도별,산업분류별"
DT_1F1514,시도/산업분류/수원별 용수량(5명이상),101009,101,년,2003,2003,,,용수량,"행정구역별,산업별"
DT_1F1515,시도/산업분류별 연료 및 전력사용량(5명이상),101009,101,년,2003,2003,,,연료및전력사용량,"시도별,산업별"
DT_1F1516,시도/산업분류별 환경오염 방지시설자산(5명이상),101009,101,년,2003,2003,,,환경오염방지시설자산,"시도별,산업별"
DT_1F1517,산업분류/경영조직별 주요지표(5명이상),101009,101,년,1999,2006,,,주요지표,"산업분류별,경영조직별"
DT_1F1518,정보통신기술산업별 주요지표(5명이상),101009,101,년,1999,2006,,,주요지표,정보통신기술산업별
DT_1F1519,공업구조별 주요지표(5명이상),101009,101,년,1999,2006,,,주요지표,공업구조별
DT_1F15201,시도/산업단지별 주요지표(5명이상),101009,101,년,2003,2006,,,산업단지,"시도별,산업단지별"
DT_1F15202,2003년 산업단지/산업분류별 주요지표(5명이상),101009,101,년,2003,2003,,,"산업단지,산업분류",산업별
DT_1F15203,산업단지/산업분류별 주요지표(5명이상),101009,101,년,2004,2006,,,"산업단지,산업분류",산업분류별
DT_1F1521,시도/산업분류별 주요지표(4명이하),101009,101,년,1998,2003,,,주요지표,"시도별,산업별"
DT_1F1522,"시도/산업분류별 사업체수, 종사자수 및 급여(4명이하)",101009,101,년,2003,2003,,,"사업체수,종사자수,급여","시도별,산업별"
DT_1F1523,"시도/산업분류별 주요생산비, 출하액및 유형자산 연말잔액(4명이하)",101009,101,년,2003,2003,,,"주요생산비,출하액,유형자산","시도별,산업별"
DT_1F1524,시도(시군구)/산업분류별 부지면적 및 임차료(4명이하),101009,101,년,2003,2003,,,"부지면적,임차료","시도별,산업분류별"
DT_1F1525,전기·가스 및 수도사업 주요지표,101009,101,부정기,1998,2003,,,전기가스수도사업,
DT_1F1530,"품목분류별 사업체수,생산액,출하 및 연말재고액(5명이상,2003년)",101009,101,년,2003,2003,,,"사업체수,생산액,출하및연말재고액",품목분류별
DT_1F1531,"임가공품목별 사업체수 및 수입액(5명이상, 2003년)",101009,101,년,2003,2003,,,"사업체수,수입액",임가공품목별
DT_1F1532,"품목분류별 사업체수,생산액,출하 및 연말재고액(5명이상, 2004년)",101009,101,년,2004,2004,,,"사업체수,생산액,출하및연말재고액",품목분류별
DT_1F1532A,"품목분류별 사업체수,생산액,출하 및 연말재고액(5명이상, 2005년~2006년)",101009,101,년,2005,2006,,,"사업체수,생산액,출하및연말재고액",품목분류별
DT_1F1533,"임가공품목별 사업체수 및 수입액(5명이상, 2004년)",101009,101,년,2004,2004,,,"사업체수,수입액",임가공품목별
DT_1F1533A,"임가공품목별 사업체수 및 수입액(5명이상, 2005년~2006년)",101009,101,년,2005,2006,,,"사업체수,수입액",임가공품목별
DT_1F160622,시도(시군구)/산업분류별 주요지표(10명 이상),101009,101,년,1999,2014,,,주요지표,"행정구역별,산업별"
DT_1F1607,시도/산업분류/종사자 규모별 주요지표(10명 이상),101009,101,년,1999,2014,,,"시도,산업분류,종사자규모,주요지표","시도별,산업별,종사자규모별"
DT_1F16082,시도/산업분류/출하액규모별 주요지표(10명 이상),101009,101,년,1999,2014,,,출하액규모,"시도별,산업분류별,출하액규모별"
DT_1F1609,"시도/산업분류별 사업체수, 종사자수 및 급여액(10인 이상)",101009,101,년,2005,2014,,,"사업체수,종사자수,급여액","시도별,산업별"
DT_1F1610,"시도/산업분류별 출하액,생산액,부가가치 및 주요생산비(10명 이상)",101009,101,년,1999,2014,,,"출하액,생산액,부가가치,주요생산비","시도별,산업별"
DT_1F1611,시도/산업분류별 재고액(10명 이상),101009,101,년,1999,2014,,,재고액,"시도별,산업별"
DT_1F1612,"시도/산업분류별 유형자산 증가액, 감소액 및 연말잔액(10명 이상)",101009,101,년,1999,2014,,,유형자산,"시도별,산업별"
DT_1F1617,산업분류/경영조직별 주요지표(10명 이상),101009,101,년,1999,2014,,,주요지표,"산업분류별,경영조직별"
DT_1F1619,산업구조별 주요지표(10명 이상),101009,101,년,1999,2014,,,주요지표,산업별
DT_1F1621,"시도/산업분류별, 성별 대표자수 및 종사자수(10인 이상)",101009,101,년,2009,2014,,,"대표자수,종사자수","시도별,산업별,성별"
DT_1F1632A,"품목분류별 사업체수,생산액,출하 및 연말재고액(10명 이상, 2007년)",101009,101,년,2007,2007,,,"사업체수,생산액,출하및연말재고액",품목분류별
DT_1F1632C,"품목분류별 사업체수, 생산액, 출하액 및 연말재고액(10명 이상, 2008년)",101009,101,년,2008,2008,,,"사업체수,생산액,출하액,연말재고액",품목분류별
DT_1F1633A,"임가공품목별 사업체수 및 수입액(10명 이상, 2007년)",101009,101,년,2007,2007,,,"사업체수,수입액",임가공품목별
DT_1F1633C,"임가공품목별 사업체수 및 수입액(10명 이상, 2008년)",101009,101,년,2008,2008,,,"사업체수,수입액",임가공품목별
DT_1FJY001,기업체통계 총괄,101009,101,년,2007,2014,,,사업체수,
DT_1FJY002,산업중분류/경영조직/자본금규모/종사자규모별 기업체수,101009,101,년,2007,2014,,,기업체수,"산업중분류별,경영조직별,자본금규모별,종사자규모별"
DT_1FJY003,산업중분류/경영조직/자본금규모/종사자규모별 종사자수,101009,101,년,2007,2014,,,종사자수,"산업중분류별,경영조직별,자본금규모별,종사자규모별"
DT_1FJY004,산업중분류/경영조직/자본금규모/종사자규모별 부가가치,101009,101,년,2007,2014,,,부가가치,"산업중분류별,경영조직별,자본금규모별,종사자규모별"
DT_1FJY005,산업중분류/경영조직/자본금규모/종사자규모별 유형자산 투자,101009,101,년,2007,2014,,,유형자산투자,"산업중분류별,경영조직별,자본금규모별,종사자규모별"
DT_1FJY006,산업소분류/경영조직/자본금규모별(전체기업),101009,101,년,2007,2014,,,기업,"산업소분류별,경영조직별,자본금규모별"
DT_1FJY007,산업소분류/경영조직/자본금규모별(다공장기업),101009,101,년,2007,2014,,,"경영조직,자본금규모","산업소분류별,경영조직별,자본금규모별"
DT_1FJY008,산업소분류/경영조직/자본금규모별(단독기업),101009,101,년,2007,2014,,,사업체수,"산업소분류별,경영조직별,자본금규모별"
DT_1FJY009,산업소분류/종사자규모별(전체기업) 총괄,101009,101,년,2007,2014,,,종사자규모,"산업소분류별,종사자규모별"
DT_1FJY010,산업소분류/종사자규모별(다공장기업) 총괄,101009,101,년,2007,2014,,,"종사자규모별,다공장기업","산업소분류별,종사자규모별"
DT_1FJY011,산업소분류/종사자규모별(단독기업) 총괄,101009,101,년,2007,2014,,,종사자규모,"산업소분류별,종사자규모별"
DT_1FJY1001,기업체통계 총괄,101009,101,년,2016,2019,,,사업체수,"업종별,기업규모별"
DT_1FJY1001_S,기업체통계 총괄,101009,101,년,2020,2022,,,사업체수,
DT_1FJY1002,산업중분류/경영조직/자본금규모/종사자규모별 기업체수,101009,101,년,2016,2019,,,기업체수,"산업중분류별,경영조직별,자본금규모별,종사자규모별"
DT_1FJY1002_S,산업중분류/경영조직/자본금규모/종사자규모별 기업체수,101009,101,년,2020,2022,,,기업체수,"산업중분류별,경영조직별,자본금규모별,종사자규모별"
DT_1FJY1003,산업중분류/경영조직/자본금규모/종사자규모별 종사자수,101009,101,년,2016,2019,,,종사자수,"산업중분류별,경영조직별,자본금규모별,종사자규모별"
DT_1FJY1003_S,산업중분류/경영조직/자본금규모/종사자규모별 종사자수,101009,101,년,2020,2022,,,종사자수,"산업중분류별,경영조직별,자본금규모별,종사자규모별"
DT_1FJY1004,산업중분류/경영조직/자본금규모/종사자규모별 부가가치,101009,101,년,2016,2019,,,부가가치,"산업중분류별,경영조직별,자본금규모별,종사자규모별"
DT_1FJY1004_S,산업중분류/경영조직/자본금규모/종사자규모별 부가가치,101009,101,년,2020,2022,,,부가가치,"산업중분류별,경영조직별,자본금규모별,종사자규모별"
DT_1FJY1005,산업중분류/경영조직/자본금규모/종사자규모별 유형자산 투자,101009,101,년,2016,2019,,,유형자산투자,"산업중분류별,경영조직별,자본금규모별,종사자규모별"
DT_1FJY1005_S,산업중분류/경영조직/자본금규모/종사자규모별 유형자산 투자액,101009,101,년,2020,2022,,,유형자산투자액,"산업중분류별,경영조직별,자본금규모별,종사자규모별"
DT_1FJY1006,산업소분류/경영조직/자본금규모별(전체기업),101009,101,년,2016,2019,,,기업,"산업소분류별,경영조직별,자본금규모별"
DT_1FJY1006_S,산업소분류/경영조직/자본금규모별(전체기업),101009,101,년,2020,2022,,,전체기업,"산업소분류별,경영조직별,자본금규모별"
DT_1FJY1007,산업소분류/경영조직/자본금규모별(다공장기업),101009,101,년,2016,2019,,,"경영조직,자본금규모","산업소분류별,경영조직별,자본금규모별"
DT_1FJY1007_S,산업소분류/경영조직/자본금규모별(다공장기업),101009,101,년,2020,2022,,,"경영조직,자본금규모","산업소분류별,경영조직별,자본금규모별"
DT_1FJY1008,산업소분류/경영조직/자본금규모별(단독기업),101009,101,년,2016,2019,,,"경영조직,자본금규모","산업소분류별,경영조직별,자본금규모별"
DT_1FJY1008_S,산업소분류/경영조직/자본금규모별(단독기업),101009,101,년,2020,2022,,,"경영조직,자본금규모","산업소분류별,경영조직별,자본금규모별"
DT_1FJY1009,산업소분류/종사자규모별(전체기업) 총괄,101009,101,년,2016,2019,,,"종사자규모,전체기업","산업소분류별,종사자규모별"
DT_1FJY1009_S,산업소분류/종사자규모별(전체기업) 총괄,101009,101,년,2020,2022,,,종사자규모,"산업소분류별,종사자규모별"
DT_1FJY1010,산업소분류/종사자규모별(다공장기업) 총괄,101009,101,년,2016,2019,,,종사자규모,"산업소분류별,종사자규모별"
DT_1FJY1010_S,산업소분류/종사자규모별(다공장기업) 총괄,101009,101,년,2020,2022,,,종사자규모별,"산업소분류별,종사자규모별"
DT_1FJZ001,기업체통계 총괄,101009,101,년,1997,2006,,,사업체수,
DT_1FJZ002,산업중분류/경영조직/자본금규모/종사자규모별 기업체수,101009,101,년,1999,2006,,,기업체수,"산업중분류별,경영조직별,자본금규모별,종사자규모별"
DT_1FJZ003,산업중분류/경영조직/자본금규모/종사자규모별 종사자수,101009,101,년,1999,2006,,,종사자수,"산업중분류별,경영조직별,자본금규모별,종사자규모별"
DT_1FJZ004,산업중분류/경영조직/자본금규모/종사자규모별 부가가치,101009,101,년,1999,2006,,,부가가치,"산업중분류별,경영조직별,자본금규모별,종사자규모별"
DT_1FJZ005,산업중분류/경영조직/자본금규모/종사자규모별 유형고정자산 투자,101009,101,년,1999,2006,,,투자,"산업중분류별,경영조직별,자본금규모별,종사자규모별"
DT_1FJZ006,산업소분류/경영조직/자본금규모별(전체기업),101009,101,년,1999,2006,,,전체기업,"산업소분류별,경영조직별,자본금규모별"
DT_1FJZ007,산업소분류/경영조직/자본금규모별(다공장기업),101009,101,년,1999,2006,,,"경영조직,자본금규모","산업소분류별,경영조직별,자본금규모별"
DT_1FJZ008,산업소분류/경영조직/자본금규모별(단독기업),101009,101,년,1999,2006,,,"경영조직,자본금규모","산업소분류별,경영조직별,자본금규모별"
DT_1FJZ009,산업소분류/종사자규모별(전체기업) 총괄,101009,101,년,1999,2006,,,종사자규모,"산업소분류별,종사자규모별"
DT_1FJZ010,산업소분류/종사자규모별(다공장기업) 총괄,101009,101,년,1999,2006,,,종사자규모,"산업소분류별,종사자규모별"
DT_1FJZ011,산업소분류/종사자규모별(단독기업) 총괄,101009,101,년,1999,2006,,,"종사자규모별,단독기업","산업소분류별,종사자규모별"
DT_1FP1016A,"품목분류별 사업체수，생산액，출하 및 연말재고액(10명이상, 2016년)",101009,101,년,2016,2016,,,"사업체수,생산액,출하,연말재고액",품목분류별
DT_1FP1016B,"임가공품목별 사업체수 및 수입액(10명 이상, 2016년)",101009,101,년,2016,2016,,,"사업체수,수입액",임가공품목별
DT_1FP1017A,"품목분류별 사업체수，생산액，출하 및 연말재고액(10명이상, 2017년)",101009,101,년,2017,2017,,,"사업체수,생산액,출하및연말재고액",품목분류별
DT_1FP1017B,"임가공품목별 사업체수 및 수입액(10명 이상, 2017년)",101009,101,년,2017,2017,,,"사업체수,수입액",임가공품목별
DT_1FP1018A,"품목분류별 사업체수，생산액，출하 및 연말재고액(10명이상, 2018년)",101009,101,년,2018,2018,,,"사업체수,생산액,출하및연말재고액",품목분류별
DT_1FP1018B,"임가공품목별 사업체수 및 수입액(10명 이상, 2018년)",101009,101,년,2018,2018,,,"사업체수,수입액",임가공품목별
DT_1FP1019A,"품목분류별 사업체수，생산액，출하 및 연말재고액(10명이상, 2019년)",101009,101,년,2019,2019,,,"사업체수,생산액,출하및연말재고액",품목분류별
DT_1FP1019B,"임가공품목별 사업체수 및 수입액(10명 이상, 2019년)",101009,101,년,2019,2019,,,"사업체수,수입액",임가공품목별
DT_1FP1021A,"품목분류별 사업체수，생산액，출하 및 연말재고액(10인 이상, 2021년)",101009,101,년,2021,2021,,,"사업체수,생산액,출하,연말재고액",품목분류별
DT_1FP1021B,"임가공품목별 사업체수 및 수입액(10인 이상, 2021년)",101009,101,년,2021,2021,,,"사업체수,수입액",임가공품목별
DT_1FP1022A,"품목분류별 사업체수，생산액，출하 및 연말재고액(10인 이상, 2022년)",101009,101,년,2022,2022,,,"사업체수,생산액,출하및연말재고액",품목분류별
DT_1FP1022B,"임가공품목별 사업체수 및 수입액(10인 이상, 2022년)",101009,101,년,2022,2022,,,"사업체수,수입액",임가공품목별
DT_1FS1001,시도(시군구)/산업분류별 주요지표(10인 이상),101009,101,년,2007,2020,,,주요지표,"행정구역별,산업별"
DT_1FS1001_S,시도(시군구)/산업분류별 주요지표(10인 이상),101009,101,년,2020,2022,,,주요지표,"행정구역별,산업별"
DT_1FS1002,시도/산업분류/종사자 규모별 주요지표(10인 이상),101009,101,년,2007,2019,,,"시도,산업분류,종사자규모","시도별,산업별,종사자규모별"
DT_1FS1002_S,시도/산업분류/종사자규모별 주요지표(10인 이상),101009,101,년,2020,2022,,,주요지표,"시도별,산업별,종사자규모별"
DT_1FS1003,시도/산업분류/출하액규모별 주요지표(10인 이상),101009,101,년,2007,2019,,,"출하액규모,산업분류","시도별,산업분류별"
DT_1FS1003_S,시도/산업분류/출하액규모별 주요지표(10인 이상),101009,101,년,2020,2022,,,출하액규모별주요지표,"시도별,산업분류별"
DT_1FS1004,"시도/산업분류별 출하액,생산액,부가가치 및 주요생산비(10인 이상)",101009,101,년,2007,2019,,,"출하액,생산액,부가가치,주요생산비","시도별,산업별"
DT_1FS1004_S,"시도/산업분류별 출하액, 생산액, 부가가치 및 주요생산비(10인 이상)",101009,101,년,2020,2022,,,"출하액,생산액,부가가치,주요생산비","시도별,산업분류별"
DT_1FS1005,시도/산업분류별 재고액(10인 이상),101009,101,년,2007,2019,,,재고액,"시도별,산업별"
DT_1FS1005_S,시도/산업분류별 재고액(10인 이상),101009,101,년,2020,2022,,,재고액,"시도별,산업별"
DT_1FS1006,"시도/산업분류별 유형자산 증가액, 감소액 및 연말잔액(10인 이상)",101009,101,년,2007,2019,,,유형자산,"시도별,산업별"
DT_1FS1006_S,"시도/산업분류별 유형자산 증가액, 감소액 및 연말잔액(10인 이상)",101009,101,년,2020,2022,,,유형자산,"시도별,산업별"
DT_1FS1007,산업분류/경영조직별 주요지표(10인 이상),101009,101,년,2007,2019,,,주요지표,"산업분류별,경영조직별"
DT_1FS1007_S,산업분류/경영조직별 주요지표(10인 이상),101009,101,년,2020,2022,,,주요지표,"산업분류별,경영조직별"
DT_1FS1008,산업구조별 주요지표(10인 이상),101009,101,년,2011,2019,,,주요지표,산업별
DT_1FS1008_S,산업구조별 주요지표(10인 이상),101009,101,년,2020,2022,,,주요지표,산업별
DT_1FS1009,"시도/산업분류별 사업체수, 종사자수 및 급여액(10인 이상)",101009,101,년,2011,2019,,,"사업체수,종사자수,급여액","시도별,산업별"
DT_1FS1009_S,"시도/산업분류별 사업체수, 종사자수 및 급여액(10인 이상)",101009,101,년,2020,2022,,,"사업체수,종사자수,급여액","시도별,산업별"
DT_1FS1010,"시도/산업분류별, 성별 대표자수 및 종사자수(10인 이상)",101009,101,년,2011,2019,,,"대표자수,종사자수","시도별,산업별,성별"
DT_1FS1010_S,"시도/산업분류별, 성별 대표자수 및 종사자수(10인 이상)",101009,101,년,2020,2022,,,"대표자수,종사자수","시도별,산업별,성별"
DT_1KI1517_10,"[광업,제조업]산업소분류 주요지표(10인 이상)",101009,101,5년,2015,2015,,,"산업소분류,광업,제조업",산업소분류별
DT_1KI1518_10,"[광업,제조업]산업세세분류별/종사자규모별 주요지표(10인 이상)",101009,101,5년,2015,2015,,,"광업,제조업,종사자규모","산업세세분류별,종사자규모별"
DT_1KI1519_10,"[광업,제조업]산업세세분류별/출하액규모별 주요지표(10인 이상)",101009,101,5년,2015,2015,,,"광업,제조업,출하액규모,주요지표","산업세세분류별,출하액규모별"
DT_1KI1520_10,"[광업,제조업]산업세세분류별 사업체수, 종사자수, 급여액(10인 이상)",101009,101,5년,2015,2015,,,"사업체수,종사자수,급여액",산업세세분류별
DT_1KI1521_10,"[광업,제조업]산업세세분류별 출하액, 생산액, 부가가치 및 주요생산비(10인 이상)",101009,101,5년,2015,2015,,,"출하액,생산액,부가가치,주요생산비",산업세세분류별
DT_1KI1522_10,"[광업,제조업]산업세세분류별 재고액(10인 이상)",101009,101,5년,2015,2015,,,재고액,산업세세분류별
DT_1KI1523_10,"[광업,제조업]산업중분류별/조직형태별 주요지표(10인 이상)",101009,101,5년,2015,2015,,,"광업,제조업,조직형태","산업중분류별,조직형태별"
DT_1KI1524_10,"[광업,제조업]산업중분류별/시·도별 주요지표(10인 이상)",101009,101,5년,2015,2015,,,"광업,제조업,시도","산업중분류별,행정구역별"
DT_1KI1526_10,"[광업,제조업]산업중분류별/시·도별/종사자규모별 주요지표(10인 이상)",101009,101,5년,2015,2015,,,"광업,제조업,종사자규모","산업중분류별,행정구역별,종사자규모별"
DT_1KI1527_10,"[광업,제조업]산업중분류별/시·도별/출하액규모별 주요지표(10인 이상)",101009,101,5년,2015,2015,,,"광업,제조업,출하액","산업중분류별,시도별,출하액규모별"
DT_1KI1528_10,"[광업,제조업]산업분류별/행정구역별 주요지표(10인 이상)",101009,101,5년,2015,2015,,,"광업,제조업,행정구역","산업별,행정구역별"
DT_1KI1529_10,"[광업,제조업]산업중분류별/시·도별 재고액(10인 이상)",101009,101,5년,2015,2015,,,재고액,"산업중분류별,행정구역별"
DT_2KI2017_S,"[광업,제조업]산업세세분류별 주요지표(10인 이상)",101009,101,5년,2020,2020,,,"광업,제조업,산업세세분류별주요지표",산업세세분류별
DT_2KI2018_S,"[광업,제조업]산업세세분류별/종사자규모별 주요지표(10인 이상)",101009,101,5년,2020,2020,,,"종사자규모,광업,제조업","산업별,종사자규모별"
DT_2KI2019_S,"[광업,제조업]산업세세분류별/출하액규모별 주요지표(10인 이상)",101009,101,5년,2020,2020,,,"출하액규모,광업,제조업","산업세세분류별,출하액규모별"
DT_2KI2020_S,"[광업,제조업]산업세세분류별/조직형태별 주요지표(10인 이상)",101009,101,5년,2020,2020,,,"광업,제조업,조직형태","산업세세분류별,조직형태별"
DT_2KI2021_S,"[광업,제조업]산업세세분류별 사업체수, 종사자수, 급여액(10인 이상)",101009,101,5년,2020,2020,,,"사업체수,종사자수,급여액",산업세세분류별
DT_2KI2022_S,"[광업,제조업]산업세세분류별 출하액, 생산액, 부가가치 및 주요생산비(10인 이상)",101009,101,5년,2020,2020,,,"출하액,생산액,부가가치,주요생산비",산업세세분류별
DT_2KI2023_S,"[광업,제조업]산업세세분류별 재고액(10인 이상)",101009,101,5년,2020,2020,,,재고액,산업세세분류별
DT_2KI2024_S,"[광업,제조업]산업중분류별/시·도별 주요지표(10인 이상)",101009,101,5년,2020,2020,,,"광업,제조업,시도","산업중분류별,행정구역별"
DT_2KI2025_S,"[광업,제조업]산업중분류별/시·도별/종사자규모별 주요지표(10인 이상)",101009,101,5년,2020,2020,,,"광업,제조업,종사자규모","산업중분류별,행정구역별,종사자규모별"
DT_2KI2026_S,"[광업,제조업]산업중분류별/시·도별/출하액규모별 주요지표(10인 이상)",101009,101,5년,2020,2020,,,"광업,제조업,출하액규모","산업중분류별,행정구역별,출하액규모별"
DT_2KI2027_S,"[광업,제조업]산업중분류별/시·도별 재고액(10인 이상)",101009,101,5년,2020,2020,,,재고액,"산업중분류별,행정구역별"
DT_2KI2028_S,"[광업,제조업]산업대분류별/시·군·구별 주요지표(10인 이상)",101009,101,5년,2020,2020,,,"광업,제조업,시군구","산업별,행정구역별"
DT_2KI2029_S,"[광업,제조업]시·도별/품목별 사업체수, 생산액, 출하 및 연말 재고액(10인 이상)",101009,101,5년,2020,2020,,,"사업체수,생산액,출하및연말재고액","행정구역별,품목별"
DT_2KI2030_S,"[광업,제조업]시·도별/임가공품목별 사업체수 및 수입액(10인 이상)",101009,101,5년,2020,2020,,,"사업체수,수입액","행정구역별,품목별"
DT_1F02001,시도/산업별 광공업생산지수(2020=100),101011,101,"월,분기,년",1975,2024,,,광공업생산지수,"시도별,산업별"
DT_1F02003,시도 재별 제조업생산지수(2020=100),101011,101,"월,분기,년",1985,2024,,,제조업생산지수,시도별
DT_1F02004,시도 공업구조별  제조업생산지수(2020=100),101011,101,"월,분기,년",1975,2024,,,제조업생산지수,시도별
DT_1F02005,설비용기계류 생산지수(2020=100),101011,101,"월,분기,년",1985,2024,,,설비용기계류,생산지수별
DT_1F02007,기업규모별 제조업생산지수(매출액 기준)(2020=100),101011,101,"월,분기,년",2015,2024,,,제조업생산지수,기업규모별
DT_1F02011,기본분류 일부항목 제외 광공업생산지수(2020=100),101011,101,"월,분기,년",2005,2024,,,광공업생산지수,
DT_1F02012,품목별 광공업 생산·출하·재고·내수·수출량,101011,101,"월,분기,년",1995,2024,,,"광공업생산량,광공업출하량,재고량,내수량,수출량",품목별
DT_1F02013,제조업 재고율,101011,101,월,1985,2024,,,재고율,산업별
DT_1F02016,내수/수출 광공업출하지수(2020=100),101011,101,"월,분기,년",1985,2024,,,광공업출하,"내수별,수출별"
DT_1F02031,광역경제권/산업별지수(2020=100),101011,101,"월,분기,년",1995,2024,,,산업별지수,산업별
DT_1F02061,명절과조업효과조정 광공업생산지수(2020=100),101011,101,"월,분기,년",1990,2024,,,광공업생산지수,
DT_1F32001,제조업 생산능력 및 가동률지수(2020=100),101011,101,"월,분기,년",1971,2024,,,"생산능력,가동률지수",
DT_1F32002,제조업 평균가동률,101011,101,"월,분기,년",1980,2024,,,제조업가동률,산업별
INH_1F02001,광공업생산지수(시도),101011,101,"월,분기,년",1975,2024,,,광공업생산지수,행정구역별
DT_1011301,작성기관별/담당정도별 전체 통계 관련인력,101013,101,2년,1990,2022,,,전체통계관련인력,"작성기관별,담당정도별"
DT_1011302,작성기관별 통계인력,101013,101,2년,2002,2022,,,통계인력,작성기관별
DT_1011303,작성기관별/담당업무별 통계인력,101013,101,2년,2002,2022,,,통계인력,"작성기관별,담당업무별"
DT_1011305,작성기관별/담당정도별/종사형태별 통계인력,101013,101,2년,2004,2022,,,통계인력,"작성기관별,담당정도별,종사형태별"
DT_1011306,작성기관별/성별 통계인력,101013,101,2년,2002,2022,,,통계인력,"작성기관별,성별"
DT_10113061,작성기관별/연령별 통계인력,101013,101,2년,2016,2022,,,통계인력,"작성기관별,연령별"
DT_1011307,작성기관별/종사형태별/성별 통계인력,101013,101,2년,2004,2022,,,통계인력,"작성기관별,종사형태별,성별"
DT_1011308,작성기관별/교육정도별 통계인력,101013,101,2년,2002,2018,,,통계인력,"작성기관별,교육정도별"
DT_1011309,작성기관별/경력별 통계인력,101013,101,2년,2002,2022,,,통계인력,"작성기관별,경력별"
DT_1011310,작성기관별/전공학과별 통계인력,101013,101,2년,2004,2018,,,통계인력,"작성기관별,전공학과별"
DT_1011311,작성기관별/국내 통계교육 이수기간별 통계인력,101013,101,2년,2002,2018,,,통계인력,"작성기관별,국내통계교육이수기간별"
DT_1011312,작성기관별/국외 통계교육 이수기간별 통계인력,101013,101,2년,2002,2018,,,통계인력,"작성기관별,국외통계교육이수기간별"
DT_1011313,작성기관별/학위별 통계인력,101013,101,2년,2002,2022,,,통계인력,"작성기관별,학위별"
DT_1011314,작성기관별/통계예산별 현황,101013,101,2년,1992,2018,,,현황,"작성기관별,통계예산별"
DT_1011315,작성기관별/교육정도별 통계인력,101013,101,2년,2020,2022,,,통계인력,"작성기관별,교육정도별"
DT_1011316,작성기관별/전공학과별 통계인력,101013,101,2년,2020,2022,,,통계인력,"작성기관별,전공학과별"
DT_1011318,작성기관별 승인통계예산 현황,101013,101,2년,2020,2022,,,승인통계예산,작성기관별
DT_1011319,작성기관별/통계교육 미이수사유별 통계인력,101013,101,2년,2022,2022,,,통계인력,"작성기관별,통계교육미이수사유별"
DT_1011320,작성기관별/취득한 통계관련 자격증별 통계인력,101013,101,2년,2022,2022,,,통계인력,"작성기관별,취득한자격증별"
DT_1011321,작성기관별/통계활용수준별 통계인력,101013,101,2년,2022,2022,,,통계인력,"작성기관별,통계활용수준별"
DT_1011322,작성기관별/종사형태별/통계교육 이수기간별 통계인력,101013,101,2년,2022,2022,,,통계인력,"작성기관별,종사형태별,통계교육이수기간별"
DT_1011391,작성기관별/담당업무별 전체인력(~2000),101013,101,2년,1990,2000,,,전체인력,"작성기관별,담당업무별"
DT_1011392,작성기관별/종사형태별 전체인력(~2000),101013,101,2년,1996,2000,,,전체인력,"작성기관별,종사형태별"
DT_1011393,작성기관별/성별 전체인력(~2000),101013,101,2년,1994,2000,,,전체인력,"작성기관별,성별"
DT_1011394,작성기관별/교육정도별 전체인력(~2000),101013,101,2년,1990,2000,,,전체인력,"작성기관별,교육정도별"
DT_1011395,작성기관별/경력별 전체인력(~2000),101013,101,2년,1990,2000,,,전체인력,"작성기관별,경력별"
DT_1011396,작성기관별/국내 통계교육 이수기간별 전체인력(~2000),101013,101,2년,1994,2000,,,전체인력,"작성기관별,국내통계교육이수기간별"
DT_1011397,작성기관별/국외 통계교육 이수기간별 전체인력(~2000),101013,101,2년,1990,2000,,,전체인력,"작성기관별,국외통계교육이수기간별"
DT_1011398,작성기관별/학위별 전체인력(~2000),101013,101,2년,1990,2000,,,전체인력,"작성기관별,학위별"
DT_1G13001,산업세분류 및 조직형태별 총괄,101014,101,년,1973,2007,,,"산업,조직형태","산업별,조직형태별"
DT_1G13002,산업세분류 및 자본금규모별 총괄,101014,101,년,1973,2007,,,"산업세분류,자본금규모","산업별,자본금규모별"
DT_1G13003,산업세분류 및 종사규모별 총괄,101014,101,년,1973,2007,,,"산업세분류,종사규모",산업별
DT_1G13004,산업세분류 및 매출액규모별 총괄,101014,101,년,1973,2007,,,매출액규모,"산업세분류별,매출액규모별"
DT_1G13005,산업세분류/종사자규모/직종별 종사자수 및 급여액,101014,101,년,1994,2007,,,"산업세분류,종사자규모,직종별,종사자수,급여액","산업세분류별,직종별"
DT_1G13006,산업세분류/종사자규모별 공사비용,101014,101,년,1994,2007,,,"공사비용,종사자규모","산업세분류별,종사자규모별"
DT_1G13007,산업세분류/종사자규모별 부가가치,101014,101,년,1994,2007,,,부가가치,"산업세분류별,종사자규모별"
DT_1G13101,"공사종류/발주자별 수주액,기성액,원도급 및 하도급공사 기성액,미기성액",101014,101,년,1973,2007,,,"수주액,기성액,원도급및하도급공사기성액,미기성액","공사종류별,발주자별"
DT_1G13104,"공사지역/공사종류별 수주액,기성액,원도급 및 하도급공사 기성액",101014,101,년,1994,2007,,,"수주액,기성액",공사종류별
DT_1G13106,"공사지역/발주자별 수주액,기성액,원도급 및 하도급공사 기성액,",101014,101,년,1994,2007,,,"수주액,기성액",공사발주자별
DT_1G13107,"공사종류/등록업종별 수주액,기성액,원도급 및 하도급공사 기성액,미기성액",101014,101,년,1994,2007,,,"수주액,기성액,원도급공사기성액,하도급공사기성액,미기성액","공사종류별,등록업종별"
DT_1G13108,"등록업종/발주자별 수주액,기성액,원도급 및 하도급공사 기성액,미기성액",101014,101,년,1994,2007,,,"수주액,기성액,원도급및하도급공사기성액,미기성액","등록업종별,발주자별"
DT_1G13109,"공사지역/등록업종별 수주액,기성액,원도급 및 하도급공사 기성액,미기성액",101014,101,년,1994,2007,,,"수주액,기성액,원도급공사기성액,하도급공사기성액,미기성액","공사지역별,등록업종별"
DT_1G13201,산업세분류 및 조직형태별 해외건설 총괄,101014,101,년,1994,2007,,,해외건설,"산업세분류별,조직형태별"
DT_1G13202,산업세분류 및 자본금규모별 해외건설 총괄,101014,101,년,1994,2007,,,해외건설,"산업세분류별,자본금규모별"
DT_1G13203,산업세분류 및 종사자규모별 해외건설 총괄,101014,101,년,1994,2007,,,해외건설,"산업세분류별,종사자규모별"
DT_1G13204,산업세분류 및 매출액규모별 해외건설 총괄,101014,101,년,1994,2007,,,해외건설,"산업세분류별,매출액규모별"
DT_1G13301,"공사지역/공사종류별 수주액,기성액,미기성액(해외건설)",101014,101,년,1994,2007,,,"수주액,기성액,미기성액",공사종류별
DT_1G13303,"공사지역/등록업종별 수주액,기성액,미기성액(해외건설)",101014,101,년,1994,2007,,,"공사,등록업종,수주액,기성액,미기성액","공사지역별,등록업종별"
DT_1G150001,산업세분류별/조직형태별 총괄,101014,101,년,2008,2022,,,"산업세분류,조직형태","산업별,조직형태별"
DT_1G150002,산업세분류별/자본금규모별 총괄,101014,101,년,2008,2022,,,자본금규모,"산업세분류별,자본금규모별"
DT_1G150003,산업세분류별/종사자규모별 총괄,101014,101,년,2008,2022,,,종사자,"산업세분류별,종사자규모별"
DT_1G150004,산업세분류별/매출액규모별 총괄,101014,101,년,2008,2022,,,매출액규모,"산업세분류별,매출액규모별"
DT_1G150005,"산업세분류별/종사자규모별/직종별 종사자수,급여액",101014,101,년,2008,2022,,,"종사자수,급여액","산업별,종사자규모별,직종별"
DT_1G150006,산업세분류별/종사자규모별 공사비용,101014,101,년,2008,2022,,,"공사비용,종사자규모","산업세분류별,종사자규모별"
DT_1G150007,산업세분류별/종사자규모별 부가가치,101014,101,년,2008,2022,,,부가가치,"산업세분류별,종사자규모별"
DT_1G15001,산업세분류 및 조직형태별 총괄,101014,101,년,2008,2015,,,"산업세분류,조직형태","산업별,조직형태별"
DT_1G15002,산업세분류 및 자본금규모별 총괄,101014,101,년,2008,2015,,,"산업세분류,자본금규모","산업별,자본금규모별"
DT_1G15003,산업세분류 및 종사규모별 총괄,101014,101,년,2008,2015,,,"산업세분류,종사규모","산업세분류별,종사규모별"
DT_1G15004,산업세분류 및 매출액규모별 총괄,101014,101,년,2008,2015,,,매출액규모,"산업세분류별,매출액규모별"
DT_1G15005,산업세분류/종사자규모/직종별 종사자수 및 급여액,101014,101,년,2008,2015,,,"산업세분류,직종별종사자수,급여액","산업세분류별,직종별"
DT_1G15006,산업세분류/종사자규모별 공사비용,101014,101,년,2008,2015,,,"공사비용,종사자규모","산업세분류별,종사자규모별"
DT_1G15007,산업세분류/종사자규모별 부가가치,101014,101,년,2008,2015,,,부가가치,"산업세분류별,종사자규모별"
DT_1G150101,"공사종류/발주자별 계약액,기성액,원도급 및 하도급공사 기성액,미기성액",101014,101,년,2008,2022,,,"계약액,기성액,원도급및하도급공사기성액,미기성액","공사종류별,발주자별"
DT_1G150104,"공사지역/공사종류별 계약액,기성액,원도급 및 하도급공사 기성액",101014,101,년,2008,2022,,,"계약액,기성액",공사종류별
DT_1G150106,"공사지역/발주자별 계약액, 기성액, 원도급 및 하도급공사 기성액",101014,101,년,2008,2022,,,"계약액,기성액",공사발주자별
DT_1G150107,"공사종류/등록업종별 계약액,기성액,원도급 및 하도급공사 기성액,미기성액",101014,101,년,2008,2022,,,"계약액,기성액,원도급및하도급공사미기성액","공사종류별,등록업종별"
DT_1G150108,"등록업종/발주자별 계약액,기성액,원도급 및 하도급공사 기성액,미기성액",101014,101,년,2008,2022,,,"계약액,기성액,원도급및하도급공사기성액,미기성액","등록업종별,발주자별"
DT_1G150109,"공사지역/등록업종별 계약액,기성액,원도급 및 하도급공사 기성액,미기성액",101014,101,년,2008,2022,,,"계약액,기성액,원도급공사기성액,하도급공사기성액,미기성액","공사지역별,등록업종별"
DT_1G150201,산업세분류별/조직형태별 해외건설 총괄,101014,101,년,2008,2022,,,해외건설,"산업세분류별,조직형태별"
DT_1G150202,산업세분류별 /자본금규모별 해외건설 총괄,101014,101,년,2008,2022,,,해외건설,"산업세분류별,자본금규모별"
DT_1G150203,산업세분류별/종사자규모별 해외건설 총괄,101014,101,년,2008,2022,,,해외건설,"산업세분류별,종사자규모별"
DT_1G150204,산업세분류별/매출액규모별 해외건설 총괄,101014,101,년,2008,2022,,,해외건설,"산업세분류별,매출액규모별"
DT_1G150301,"공사지역/공사종류별 계약액,기성액,미기성액(해외건설)",101014,101,년,2008,2022,,,"계약액,기성액,미기성액",공사종류별
DT_1G150303,"공사지역/등록업종별 계약액,기성액,미기성액(해외건설)",101014,101,년,2008,2022,,,"계약액,기성액,미기성액","공사지역별,등록업종별"
DT_1G15101,"공사종류/발주자별 계약액,기성액,원도급 및 하도급공사 기성액,미기성액",101014,101,년,2008,2015,,,"계약액,기성액,원도급및하도급공사기성액,미기성액","공사종류별,발주자별"
DT_1G15104,"공사지역/공사종류별 계약액,기성액,원도급 및 하도급공사 기성액",101014,101,년,2008,2015,,,"계약액,기성액",공사종류별
DT_1G15106,"공사지역/발주자별 계약액, 기성액, 원도급 및 하도급공사 기성액",101014,101,년,2008,2015,,,"계약액,기성액",공사별
DT_1G15107,"공사종류/등록업종별 계약액,기성액,원도급 및 하도급공사 기성액,미기성액",101014,101,년,2008,2015,,,"계약액,기성액,원도급및하도급공사미기성액","공사종류별,등록업종별"
DT_1G15108,"등록업종/발주자별 계약액,기성액,원도급 및 하도급공사 기성액,미기성액",101014,101,년,2008,2015,,,"계약액,기성액,원도급및하도급공사기성액,미기성액","등록업종별,발주자별"
DT_1G15109,"공사지역/등록업종별 계약액,기성액,원도급 및 하도급공사 기성액,미기성액",101014,101,년,2008,2015,,,"계약액,기성액,원도급및하도급공사기성액,미기성액","공사지역별,등록업종별"
DT_1G15201,산업세분류 및 조직형태별 해외건설 총괄,101014,101,년,2008,2015,,,해외건설,"산업별,조직형태별"
DT_1G15202,산업세분류 및 자본금규모별 해외건설 총괄,101014,101,년,2008,2015,,,해외건설,"산업세분류별,자본금규모별"
DT_1G15203,산업세분류 및 종사자규모별 해외건설 총괄,101014,101,년,2008,2015,,,해외건설,"산업세분류별,종사자규모별"
DT_1G15204,산업세분류 및 매출액규모별 해외건설 총괄,101014,101,년,2008,2015,,,해외건설,"산업세분류별,매출액규모별"
DT_1G15301,"공사지역/공사종류별 계약액,기성액,미기성액(해외건설)",101014,101,년,2008,2015,,,"계약액,기성액,미기성액",공사종류별
DT_1G15303,"공사지역/등록업종별 계약액,기성액,미기성액(해외건설)",101014,101,년,2008,2015,,,"계약액,기성액,미기성액","공사지역별,등록업종별"
DT_1B26001,시군구/성/연령(5세)별 이동자수,101015,101,"월,분기,년",1970,2024,,,이동자수,"행정구역별,성별,연령별"
DT_1B26001_A01,시군구별 이동자수,101015,101,"월,분기,년",1970,2024,,,이동자수,행정구역별
DT_1B26001_A02,시군구/성별 이동자수,101015,101,"월,분기,년",1970,2024,,,이동자수,"행정구역별,성별"
DT_1B26001_A03,시군구/연령(5세)별 이동자수,101015,101,"월,분기,년",1970,2024,,,이동자수,"행정구역별,연령별"
DT_1B26001_A04,시도/성/연령(5세)별 이동자수,101015,101,"월,분기,년",1970,2024,,,이동자수,"시도별,성별,연령별"
DT_1B26002,시군구/성/연령(5세)별 순이동자수,101015,101,"월,분기,년",1970,2024,,,순이동자수,"행정구역별,성별,연령별"
DT_1B26003,전출지/전입지(시도)/성/연령(5세)별 이동자수,101015,101,"월,분기,년",1970,2024,,,"전입지,전출지,이동자수","전출지전입지별,성별,연령별"
DT_1B26003_A01,전출지/전입지(시도)별 이동자수,101015,101,"월,분기,년",1970,2024,,,이동자수,행정구역별
DT_1B26003_A02,전출지/전입지(시군구)/성별 이동자수,101015,101,"월,분기,년",2012,2024,,,전출지전입지성별이동자수,"행정구역별,성별"
DT_1B26006,시군구/성/연령(5세)별 이동률,101015,101,년,1970,2023,,,이동률,"행정구역별,성별,연령별"
DT_1B26006_A01,"인구이동률(월, 분기, 년)",101015,101,"월,분기,년",2012,2024,,,인구이동률,"시간별월,분기,년"
DT_1B26007,시군구별 이동건수,101015,101,"월,분기,년",2001,2024,,,이동건수,행정구역별
DT_1B26008,전출지/전입지(시도)/이동규모별 이동건수,101015,101,"월,분기,년",2001,2024,,,"전출지,전입지,이동건수","전출지전입지별,이동규모별"
DT_1B26009,전출지/전입지(시도)/성/연령(5세)별 1인 이동건수,101015,101,"월,분기,년",2001,2024,,,전출지전입지성연령별1인이동건수,"전출지전입지별,성별,연령별"
DT_1B26A01,시군구/성/연령(5세)별 1인 이동건수,101015,101,"월,분기,년",2001,2024,,,1인이동건수,"행정구역별,성별,연령별"
DT_1B26B01,시도/각세별 이동자수,101015,101,년,2001,2023,,,이동자수,행정구역별
DT_1B26B02,서울특별시 시군구 각세별 이동자수,101015,101,년,2001,2023,서울특별시,,이동자수,행정구역별
DT_1B26B03,부산광역시 시군구 각세별 이동자수,101015,101,년,2001,2023,부산,,이동자수,행정구역별
DT_1B26B04,대구광역시 시군구 각세별 이동자수,101015,101,년,2001,2023,대구,,이동자수,행정구역별
DT_1B26B05,인천광역시 시군구 각세별 이동자수,101015,101,년,2001,2023,인천,,이동자수,행정구역별
DT_1B26B06,광주광역시 시군구 각세별 이동자수,101015,101,년,2001,2023,광주,,이동자수,행정구역별
DT_1B26B07,대전광역시 시군구 각세별 이동자수,101015,101,년,2001,2023,대전,,이동자수,행정구역별
DT_1B26B08,울산광역시 시군구 각세별 이동자수,101015,101,년,2001,2023,울산,,이동자수,행정구역별
DT_1B26B09,경기도 시군구 각세별 이동자수,101015,101,년,2001,2023,경기도,,이동자수,행정구역별
DT_1B26B10,강원특별자치도 시군구 각세별 이동자수,101015,101,년,2001,2023,강원,,이동자수,행정구역별
DT_1B26B11,충청북도 시군구 각세별 이동자수,101015,101,년,2001,2023,충북,,이동자수,행정구역별
DT_1B26B12,충청남도 시군구 각세별 이동자수,101015,101,년,2001,2023,충남,,이동자수,행정구역별
DT_1B26B13,전북특별자치도 시군구 각세별 이동자수,101015,101,년,2001,2023,전북,,이동자수,행정구역별
DT_1B26B14,전라남도 시군구 각세별 이동자수,101015,101,년,2001,2023,전남,,이동자수,행정구역별
DT_1B26B15,경상북도 시군구 각세별 이동자수,101015,101,년,2001,2023,경북,,이동자수,행정구역별
DT_1B26B16,경상남도 시군구 각세별 이동자수,101015,101,년,2001,2023,경남,,이동자수,행정구역별
DT_1B26B17,제주특별자치도 시군구 각세별 이동자수,101015,101,년,2001,2023,제주,,이동자수,행정구역별
DT_1B26B18,세종특별자치시 시군구 각세별 이동자수,101015,101,년,2012,2023,세종,,이동자수,행정구역별
DT_1B26B21,시군구/전입사유별 이동자수,101015,101,년,2013,2023,,,이동자수,"행정구역별,전입사유별"
DT_1B26B22,전출지/전입지(시도)/전입사유별 이동자수,101015,101,년,2013,2023,,,"전입자수,전출자수","전출지전입지별,전입사유별"
DT_1B26B23,시도/전입사유별 이동건수,101015,101,년,2013,2023,,,전입사유,"시도별,전입사유별"
DT_1B26B24,시도/연령/전입사유별 1인이동건수,101015,101,년,2013,2023,,,1인이동건수,"시도별,연령별,전입사유별"
INH_1B26001_A021,순이동인구(시도/시/군/구),101015,101,"월,분기,년",1970,2024,,,순이동인구,행정구역별
INH_1B26001_A022,전입인구(시도/시/군/구),101015,101,"월,분기,년",1970,2024,,,전입인구,행정구역별
INH_1B26001_A023,전출인구(시도/시/군/구),101015,101,"월,분기,년",1970,2024,,,전출인구,행정구역별
DT_1G18003,발주자별 건설기성액(계절조정),101016,101,"월,분기,년",1997,2024,,,건설기성액,발주자별
DT_1G18004,공종별 건설기성액(계절조정),101016,101,"월,분기,년",1997,2024,,,건설기성액,공종별
DT_1G18007,공종별 건설기성액(경상),101016,101,"월,분기,년",1997,2024,,,건설기성액,공종별
DT_1G18008,발주자별 건설기성액(경상),101016,101,"월,분기,년",1997,2024,,,건설기성액,발주자별
DT_1G18011,공종별 건설기성액(불변),101016,101,"월,분기,년",1997,2024,,,건설기성액,공종별
DT_1G18012,공종별 건설기성액(불변_계절조정),101016,101,"월,분기,년",1997,2024,,,건설기성액,공종별
DT_1G1B002,발주자/공종별 건설수주액(경상),101016,101,"월,분기,년",1976,2024,,,건설수주액,"발주자별,공종별"
DT_1G1B011,발주자별(국내대규모공사) 건설수주액(경상),101016,101,"월,분기,년",1995,2024,,,건설수주액,발주자별
DT_1G1B013,공종별(국내대규모공사) 건설수주액(경상),101016,101,"월,분기,년",1995,2024,,,건설수주액,공종별
DT_1G1B022,발주자/공종별 수주건수(경상),101016,101,"월,분기,년",1976,2024,,,수주건수,"발주자별,공종별"
DT_1G1B034,공사지역/발주자별 건설수주액(경상),101016,101,"월,분기,년",2000,2024,,,건설수주액,"공사지역별,발주자별"
DT_1G1B035,공사지역/공종별 건설수주액(경상),101016,101,"월,분기,년",2000,2024,,,건설수주액,"공사지역별,공종별"
DT_1G1B045,건설수주액(계절조정),101016,101,"월,분기,년",1990,2024,,,건설수주액,
DT_1SSCL010R,"신문 (지난 1개월간, 13세 이상 인구)",101018,101,2년,2009,2017,,13세 이상,인구,"기간별,매체별"
DT_1SSCL011R,"신문 - 분야별 (지난 1개월간, 13세 이상 인구)",101018,101,2년,2019,2021,,13세 이상,분야별인구,분야별
DT_1SSCL020R,"독서 (지난 1년간, 복수응답, 13세 이상 인구)",101018,101,2년,2009,2023,,13세 이상,인구,인구별
DT_1SSCL021R,"책 형태별 독서 (지난 1년간, 복수응답, 13세 이상 인구)",101018,101,2년,2021,2023,,13세 이상,"독서,인구",형태별
DT_1SSCL022R,"평균 독서량 (지난 1년간, 복수응답, 13세 이상 인구)",101018,101,2년,2021,2023,,13세 이상,"독서량,인구",인구별
DT_1SSCL030R,"문화예술 및 스포츠 관람 (지난1년간, 복수응답, 13세 이상 인구)",101018,101,2년,2011,2023,,13세 이상,인구,인구별
DT_1SSCL030_1R,"문화예술 및 스포츠 관람 (지난1년간, 복수응답, 15세 이상 인구)",101018,101,2년,2009,2009,,15세 이상,인구,인구별
DT_1SSCL040R,"레저시설 이용 횟수 (지난1년간, 복수응답, 13세 이상 인구)",101018,101,2년,2009,2023,,13세 이상,"레저시설,인구",행정구역별
DT_1SSCL050R,"국내 관광여행 횟수 (지난 1년간, 13세 이상 인구)",101018,101,2년,2009,2023,,13세 이상,"관광여행횟수,인구",인구별
DT_1SSCL060R,"해외여행 경험 및 횟수 (지난 1년간, 13세 이상 인구)",101018,101,2년,2009,2023,,13세 이상,인구,인구별
DT_1SSCL071R,"주중의 여가활용 (주된응답, 13세 이상 인구)",101018,101,2년,2017,2023,,13세 이상,인구,주중별
DT_1SSCL072R,"주중의 여가활용 (복수응답, 13세 이상 인구)",101018,101,2년,2017,2023,,13세 이상,인구,요일별
DT_1SSCL073R,주중의 여가활동 함께하는 사람 (13세 이상 인구),101018,101,2년,2017,2023,,13세 이상,"사람,인구","주중의여가활동을함께하는사람을인구별로분류한통계표이므로,결과값은인구별입니다"
DT_1SSCL081R,"주말(휴일포함)의 여가활용 (주된응답, 13세 이상 인구)",101018,101,2년,2015,2023,,13세 이상,인구,행정구역별
DT_1SSCL081_1R,"주말(휴일포함)의 여가활용 (주된응답, 13세 이상 인구)",101018,101,2년,2009,2013,,13세 이상,인구,행정구역별
DT_1SSCL082R,"주말(휴일포함)의 여가활용 (복수응답, 13세 이상 인구)",101018,101,2년,2015,2023,,13세 이상,인구,행정구역별
DT_1SSCL082_1R,"주말(휴일포함)의 여가활용 (복수응답, 13세 이상 인구)",101018,101,2년,2009,2013,,13세 이상,인구,행정구역별
DT_1SSCL083R,주말(휴일포함)의 여가활동 함께하는 사람 (13세 이상 인구),101018,101,2년,2009,2023,,13세 이상,"사람,인구",여가활동별
DT_1SSCL091R,여가 활용 만족도 (13세 이상 인구),101018,101,2년,2009,2023,,13세 이상,인구,인구별
DT_1SSCL092R,여가 활용 불만족 이유 (13세 이상 인구),101018,101,2년,2009,2019,,13세 이상,인구,인구별
DT_1SSCL093R,여가 활용 불만족 이유 (13세 이상 인구),101018,101,2년,2021,2023,,13세 이상,인구,인구별
DT_1SSCL101R,"하고 싶은 여가활동 (주된응답, 13세 이상 인구)",101018,101,2년,2015,2023,,13세 이상,인구,인구별
DT_1SSCL101_1R,"앞으로 하고 싶은 여가활동 (주된응답, 13세 이상 인구)",101018,101,2년,2009,2013,,13세 이상,인구,인구별
DT_1SSCL102R,"하고 싶은 여가활동 (복수응답, 13세 이상 인구)",101018,101,2년,2015,2023,,13세 이상,"여가활동,인구",인구별
DT_1SSCL102_1R,"앞으로 하고 싶은 여가활동 (복수응답, 13세 이상 인구)",101018,101,2년,2009,2013,,13세 이상,인구,인구별
DT_1SSCL110R,"TV시청시간 (지난 1개월간, 15세 이상 인구)",101018,101,2년,2009,2009,,15세 이상,인구,인구별
DT_1SSCL121R,"전통문화가 생활에 미치는 영향 (생활의례, 15세 이상 인구)",101018,101,2년,2009,2009,,15세 이상,인구,
DT_1SSCL122R,"전통문화가 생활에 미치는 영향 (인간관계 및 예절, 15세 이상 인구)",101018,101,2년,2009,2009,,15세 이상,"인간관계,예절,인구",인구별
DT_1SSCL123R,"전통문화가 생활에 미치는 영향 (민속놀이, 15세 이상 인구)",101018,101,2년,2009,2009,,15세 이상,"민속놀이,인구","민속놀이별,인구별"
DT_1SSCL124R,"전통문화가 생활에 미치는 영향 (전통예술, 15세 이상 인구)",101018,101,2년,2009,2009,,15세 이상,"전통예술,인구","전통예술별,인구별"
DT_1SSCL125R,"전통문화가 생활에 미치는 영향 (전통음식, 15세 이상 인구)",101018,101,2년,2009,2009,,15세 이상,"전통음식,인구","전통음식별,인구별"
DT_1SSCL126R,"전통문화가 생활에 미치는 영향 (전통복장, 15세 이상 인구)",101018,101,2년,2009,2009,,15세 이상,"전통복장,인구","전통복장별,인구별"
DT_1SSCL127R,"전통문화가 생활에 미치는 영향 (전통건축, 15세 이상 인구)",101018,101,2년,2009,2009,,15세 이상,"전통건축,인구","전통건축별,인구별"
DT_1SSCL128R,"전통문화가 생활에 미치는 영향 (전통무예, 15세 이상 인구)",101018,101,2년,2009,2009,,15세 이상,"전통무예,인구","전통무예별,인구별"
DT_1SSCM030R,활동제약 상태(13세 이상 인구),101018,101,년,2020,2023,,13세 이상,인구,활동제약상태별
DT_1SSCM031R,활동제약 상태 - 안경을 써도 보는 데 어려움(13세 이상 인구),101018,101,년,2020,2023,,13세 이상,인구,안경착용여부별
DT_1SSCM032R,활동제약 상태 - 보청기를 사용해도 듣는 데 어려움(13세 이상 인구),101018,101,년,2020,2023,,13세 이상,인구,보청기사용자별
DT_1SSCM033R,활동제약 상태 - 걷거나 계단을 오르는 데 어려움(13세 이상 인구),101018,101,년,2020,2023,,13세 이상,인구,활동제약상태별
DT_1SSCM034R,활동제약 상태 - 기억하거나 집중하는 데 어려움(13세 이상 인구),101018,101,년,2020,2023,,13세 이상,인구,
DT_1SSCM035R,"활동제약 상태 - 스스로 옷 입기, 목욕하기 등 자기관리 활동을 하는 데 어려움(13세 이상 인구)",101018,101,년,2020,2023,,13세 이상,인구,활동제약상태별
DT_1SSCM036R,"활동제약 상태 - 일상생활에서 말을 하거나 듣고, 이해하는 데 어려움(13세 이상 인구)",101018,101,년,2020,2023,,13세 이상,인구,
DT_1SSCV010R,자신의 방역수칙 준수(13세 이상 인구),101018,101,2년,2021,2022,,13세 이상,인구,인구별
DT_1SSCV020R,다른 사람들의 방역수칙 준수(13세 이상 인구),101018,101,2년,2021,2022,,13세 이상,인구,인구별
DT_1SSCV031R,"사회적 관계망 변화(가족, 13세 이상 인구)",101018,101,2년,2021,2021,,13세 이상,"가족,인구",행정구역별
DT_1SSCV032R,"사회적 관계망 변화(가족 외 친인척, 13세 이상 인구)",101018,101,2년,2021,2021,,13세 이상,"친인척,인구",친인척별
DT_1SSCV033R,"사회적 관계망 변화(이웃, 13세 이상 인구)",101018,101,2년,2021,2021,,13세 이상,"이웃,인구",
DT_1SSCV034R,"사회적 관계망 변화(절친한 친구, 13세 이상 인구)",101018,101,2년,2021,2021,,13세 이상,"친구,인구",친구별
DT_1SSCV035R,"사회적 관계망 변화(동료(직장이나 학교), 13세 이상 인구)",101018,101,2년,2021,2021,,13세 이상,"동료,인구",관계망종류별
DT_1SSCV036R,"사회적 관계망 변화(취미활동 단체 회원, 13세 이상 인구)",101018,101,2년,2021,2021,,13세 이상,"취미활동단체회원,인구",인구별
DT_1SSCV037R,"사회적 관계망 변화(종교 단체 구성원, 13세 이상 인구)",101018,101,2년,2021,2021,,13세 이상,"종교단체구성원,인구",종교단체구성원별
DT_1SSCV038R,"사회적 관계망 변화(그 밖의 알고 지내는 사람, 13세 이상 인구)",101018,101,2년,2021,2021,,13세 이상,"사람,인구",관계망변화별
DT_1SSCV040R,소비 생활 변화 (13세 이상 인구),101018,101,2년,2021,2021,,13세 이상,인구,인구별
DT_1SSCV051R,재택근무 유무 및 코로나19 관련 여부(19세 이상 인구),101018,101,2년,2021,2022,,19세 이상,인구,"코로나19관련여부별,재택근무유무별"
DT_1SSCV052R,"재택근무 효율성 여부 및 비효율적인 이유(주된 응답, 19세 이상 인구)",101018,101,2년,2021,2022,,19세 이상,인구,인구별
DT_1SSCV053R,"재택근무가 비효율적인 이유(복수 응답, 19세 이상 인구)",101018,101,2년,2021,2022,,19세 이상,인구,인구별
DT_1SSCV061R,"원격수업 여부?효과성 여부 및 비효율적인 이유 (주된응답, 18세 이하 인구)",101018,101,2년,2021,2022,,18세 이하,인구,인구별
DT_1SSCV062R,"원격수업 여부?효과성 여부 및 비효율적인 이유 (복수응답, 18세 이하 인구)",101018,101,2년,2021,2022,,18세 이하,인구,인구별
DT_1SSCV071R,"코로나19 일상 생활 변화 (마스크 착용, 손 씻기 등 방역·위생 활동 강화, 13세 이상 인구)",101018,101,2년,2021,2022,,13세 이상,인구,방역위생활동별
DT_1SSCV072R,"코로나19 일상 생활 변화 (재택근무, 원격 근무, 유연 근무제의 확산, 13세 이상 인구)",101018,101,2년,2021,2022,,13세 이상,"재택근무,원격근무,유연근무제,인구","재택근무별,원격근무별,유연근무제별,인구별"
DT_1SSCV073R,"코로나19 일상 생활 변화 (온라인 학습의 확산, 13세 이상 인구)",101018,101,2년,2021,2022,,13세 이상,"온라인학습,인구","온라인학습별,인구별"
DT_1SSCV074R,"코로나19 일상 생활 변화 (배달·배송을 통한 소비 활동 증가, 13세 이상 인구)",101018,101,2년,2021,2022,,13세 이상,"소비활동,인구","소비활동증가별,인구별"
DT_1SSCV075R,"코로나19 일상 생활 변화 (집에서 즐기는 여가·취미생활 문화 발달, 13세 이상 인구)",101018,101,2년,2021,2022,,13세 이상,"여가취미생활문화,인구","여가취미생활문화발달,인구별"
DT_1SSCV076R,"코로나19 일상 생활 변화 (직장에서의 단체 회식 감소, 13세 이상 인구)",101018,101,2년,2021,2022,,13세 이상,"단체회식,인구",인구별
DT_1SSCV077R,"코로나19 일상 생활 변화 (친목·사교 목적의 모임 감소, 13세 이상 인구)",101018,101,2년,2021,2022,,13세 이상,"모임,인구",인구별
DT_1SSCV081R,일상 생활 우울감(13세 이상 인구),101018,101,2년,2022,2022,,13세 이상,인구,인구별
DT_1SSCV082R,"일상 생활 우울감 이유(주된응답, 13세 이상 인구)",101018,101,2년,2022,2022,,13세 이상,인구,인구별
DT_1SSCV083R,"일상 생활 우울감 이유(복수응답, 13세 이상 인구)",101018,101,2년,2022,2022,,13세 이상,인구,인구별
DT_1SSED011R,"학생의 학교생활 만족도(교육내용, 중·고 재학생)",101018,101,2년,2008,2022,,,"학생,교육내용",학교생활만족도별
DT_1SSED012R,"학생의 학교생활 만족도(교육방법, 중·고 재학생)",101018,101,2년,2008,2022,,,"학교생활만족도,학생",교육방법별
DT_1SSED013R,"학생의 학교생활 만족도(교우관계, 중·고 재학생)",101018,101,2년,2008,2022,,,"학생,교우관계,중고재학생",학교생활만족도별
DT_1SSED014R,"학생의 학교생활 만족도(교사와의 관계, 중·고 재학생)",101018,101,2년,2008,2022,,,학생,학교생활만족도별
DT_1SSED015R,"학생의 학교생활 만족도(학교시설 및 설비, 중·고 재학생)",101018,101,2년,2008,2022,,,"학생,학교시설및설비",학교시설및설비별
DT_1SSED016R,"학생의 학교생활 만족도(학교주변 환경, 중·고 재학생)",101018,101,2년,2008,2022,,,"학생,학교주변환경",학교생활만족도별
DT_1SSED017R,"학생의 학교생활 만족도(소질과 적성개발, 13세 이상 재학생)",101018,101,2년,2014,2016,,13세 이상,학생,"학교생활만족도별,소질과적성개발별,재학생별"
DT_1SSED018R,"학생의 학교생활 만족도(전공, 13세 이상 재학생)",101018,101,2년,2008,2016,,13세 이상,"학생,전공,재학생","학교생활만족도별,전공별,재학생별"
DT_1SSED019R,"학생의 학교생활 만족도(전반적인 학교생활, 중·고 재학생)",101018,101,2년,2008,2022,,,학생,학교생활별
DT_1SSED020R,학생이 기대하는 교육수준 및 대학 이상 교육받길 바라는 이유,101018,101,2년,2008,2022,,,"학생,교육수준,대학이상교육",
DT_1SSED030R,대학(원)생 등록금 마련 방법(대학(원)생),101018,101,2년,2010,2022,,,"대학생,등록금",방법별
DT_1SSED040R,교육기회의 충족도 및 미충족 이유(13세 이상 인구),101018,101,2년,2008,2022,,13세 이상,인구,인구별
DT_1SSED050R,전공과 직업의 일치도(13세 이상 인구),101018,101,2년,2008,2022,,13세 이상,인구,"전공별,직업별"
DT_1SSED061R,"학교교육의 효과(지식 기술의 습득, 13세 이상 인구)",101018,101,2년,2008,2022,,13세 이상,"학교교육의효과,인구",효과별
DT_1SSED062R,"학교교육의 효과(도덕성 발달 및 인성 함양, 13세 이상 인구)",101018,101,2년,2008,2022,,13세 이상,"도덕성발달및인성함양,인구",인구별
DT_1SSED063R,"학교교육의 효과(국가관 및 사회관 정립, 13세 이상 인구)",101018,101,2년,2008,2022,,13세 이상,"국가관,사회관,인구","국가관및사회관정립별,인구별"
DT_1SSED064R,"학교교육의 효과(생활·직업·취업에의 활용, 13세 이상 인구)",101018,101,2년,2008,2022,,13세 이상,"학교교육,생활,직업,취업,인구",효과별
DT_1SSED070R,부모의 자녀 학교운영 참여도(30세 이상 인구),101018,101,2년,2008,2016,,30세 이상,"자녀,부모",인구별
DT_1SSED071R,"부모의 자녀 학교운영 참여도 (초등학생 자녀, 30세 이상 인구)",101018,101,2년,2018,2022,,30세 이상,"자녀,인구","학교운영참여도별,초등학생자녀별,인구별"
DT_1SSED072R,"부모의 자녀 학교운영 참여도 (중학생 자녀, 30세 이상 인구)",101018,101,2년,2018,2022,,30세 이상,"자녀,인구","자녀학년별,지역규모별"
DT_1SSED073R,"부모의 자녀 학교운영 참여도 (고등학생 자녀, 30세 이상 인구)",101018,101,2년,2018,2022,,30세 이상,"자녀,인구",자녀학교운영참여도별
DT_1SSED080R,부모가 기대하는 자녀의 교육 수준 및 자녀가 대학 이상 교육받기를 바라는 이유 (30세 이상 인구),101018,101,2년,2010,2022,,30세 이상,"교육수준,인구",인구별
DT_1SSED091R,"자녀 유학에 대한 부모의 견해 및 자녀를 유학 보내고 싶은 이유 (주된응답, 30세 이상 인구)",101018,101,2년,2016,2022,,30세 이상,"부모,자녀,인구",인구별
DT_1SSED092R,"자녀 유학에 대한 부모의 견해 및 자녀를 유학 보내고 싶은 이유 (복수응답, 30세 이상 인구)",101018,101,2년,2016,2022,,30세 이상,인구,인구별
DT_1SSED093R,자녀유학에 대한 견해(30세 이상 인구),101018,101,2년,2008,2014,,30세 이상,인구,
DT_1SSED094R,자녀유학을 원하는 이유(30세이상 인구),101018,101,2년,2008,2008,,30세이상,인구,
DT_1SSED094_1R,"자녀유학을 원하는 이유(주된응답, 30세 이상 인구)",101018,101,2년,2010,2014,,30세 이상,인구,
DT_1SSED094_2R,"자녀유학을 원하는 이유(복수응답, 30세 이상 인구)",101018,101,2년,2010,2014,,30세 이상,인구,
DT_1SSED100R,자녀 교육비 부담 인식 (30세 이상 가구주),101018,101,2년,2008,2022,,30세 이상,"교육비,가구주",가구주별
DT_1SSED110R,가장 부담되는 자녀 교육비 항목 (30세 이상 가구주),101018,101,2년,2008,2022,,30세 이상,교육비,
DT_1SSED120R,학생의 수업참여도(15세 이상 인구),101018,101,2년,2008,2010,,15세 이상,"수업참여도,인구",인구별
DT_1SSED121R,"온라인 매체를 이용한 학습(학업 분야, 13세 이상 인구)",101018,101,2년,2020,2022,,13세 이상,"학습,인구",인구별
DT_1SSED122R,"온라인 매체를 이용한 학습(어학 분야, 13세 이상 인구)",101018,101,2년,2020,2022,,13세 이상,"학습,인구","매체별,어학분야별,인구별"
DT_1SSED123R,"온라인 매체를 이용한 학습(정보화 분야, 13세 이상 인구)",101018,101,2년,2020,2022,,13세 이상,"학습,인구",온라인매체별
DT_1SSED124R,"온라인 매체를 이용한 학습(학업 외 시험준비 분야, 13세 이상 인구)",101018,101,2년,2020,2022,,13세 이상,"학습,인구","온라인매체별,학습분야별"
DT_1SSED125R,"온라인 매체를 이용한 학습(직장인 필수 교육 분야, 13세 이상 인구)",101018,101,2년,2020,2022,,13세 이상,인구,"온라인매체별,직장인필수교육분야별,인구별"
DT_1SSED126R,"온라인 매체를 이용한 학습(인문, 교양, 취미 분야, 13세 이상 인구)",101018,101,2년,2020,2022,,13세 이상,"학습,인구","온라인매체별,인문분야별,교양분야별,취미분야별,인구별"
DT_1SSED128R,온라인 매체를 이용한 학습(13세 이상 인구),101018,101,2년,2020,2022,,13세 이상,인구,인구별
DT_1SSED130R,"학생의 학교생활 만족도(교사(교수)수준, 15세이상 재학생)",101018,101,2년,2008,2008,,15세이상,"학생,교사,교수,재학생","교사,교수수준별,재학생별"
DT_1SSED161R,"교육기회균등(자녀에게 대학교육을 시키는 것,30세이상 가구주)",101018,101,2년,2008,2008,,30세이상,"대학교육,가구주",
DT_1SSED162R,"교육기회균등(자녀가 원하는 경우 학원에 보내주는 것,30세이상 가구주)",101018,101,2년,2008,2008,,30세이상,학원,
DT_1SSED163R,"교육기회균등(자녀에게 학용품과 참고서를 사주는 것, 30세이상 가구주)",101018,101,2년,2008,2008,,30세이상,"학용품과참고서,가구주",
DT_1SSED171R,"학습 동기 (공부하는 것이 재미있어서, 중·고 재학생)",101018,101,2년,2018,2022,,,재학생,재학중인학교급별
DT_1SSED172R,"학습 동기 (공부는 미래의 나를 위해 필요하니까, 중·고 재학생)",101018,101,2년,2018,2022,,,"학습동기,중고재학생",
DT_1SSED173R,"학습 동기 (공부를 못하면 부끄럽기 때문에, 중·고 재학생)",101018,101,2년,2018,2022,,,학습동기,학교급별
DT_1SSED174R,"학습 동기 (공부를 하지 않으면 혼나거나 벌을 받아서, 중·고 재학생)",101018,101,2년,2018,2022,,,재학생,
DT_1SSED181R,"자아 존중감 (나는 가치 있는 사람이다,중·고 재학생)",101018,101,2년,2018,2022,,,재학생,학교급별
DT_1SSED182R,"자아 존중감 (나는 성품이 좋은 사람이다, 중·고 재학생)",101018,101,2년,2018,2022,,,재학생,학교급별
DT_1SSED183R,"자아 존중감 (나는 나를 긍정적으로 생각한다, 중·고 재학생)",101018,101,2년,2018,2022,,,재학생,"학업성취수준별,학교소재지별,성별"
DT_1SSED184R,"자아 존중감 (나는 나 자신에게 만족한다, 중·고 재학생)",101018,101,2년,2018,2022,,,재학생,학교급별
DT_1SSEN011R,"현재 체감환경(대기, 13세 이상 인구)",101018,101,2년,2010,2022,,13세 이상,"대기,인구","대기별,인구별"
DT_1SSEN012R,"현재 체감환경(하천, 13세 이상 인구)",101018,101,2년,2010,2022,,13세 이상,"하천,인구","체감환경별,하천,인구"
DT_1SSEN013R,"현재 체감환경(토양, 13세 이상 인구)",101018,101,2년,2010,2022,,13세 이상,"토양,인구",체감환경별
DT_1SSEN014R,"현재 체감환경(소음·진동, 13세 이상 인구)",101018,101,2년,2010,2022,,13세 이상,"소음진동,인구",체감환경별
DT_1SSEN015R,"현재 체감환경(녹지 환경, 13세 이상 인구)",101018,101,2년,2010,2022,,13세 이상,"녹지환경,인구","녹지환경별,인구별"
DT_1SSEN016R,"현재 체감환경 (전반적인 생활 환경, 13세 이상 인구)",101018,101,2년,2018,2022,,13세 이상,"생활환경,인구",환경별
DT_1SSEN017R,"현재 체감환경 (빛 공해, 13세 이상 인구)",101018,101,2년,2020,2022,,13세 이상,"빛공해,인구","빛공해별,인구별"
DT_1SSEN020R,"생활 환경 상황 변화(5년 전과 비교하여, 13세 이상 인구)",101018,101,2년,2016,2022,,13세 이상,인구,인구별
DT_1SSEN021R,"1년 전과 비교한 체감환경(대기, 13세 이상 인구)",101018,101,2년,2008,2014,,13세 이상,"대기,인구","체감환경별,대기,인구"
DT_1SSEN022R,"1년 전과 비교한 체감환경(수질, 13세 이상 인구)",101018,101,2년,2008,2014,,13세 이상,"수질,인구","체감환경별,수질,인구"
DT_1SSEN023R,"1년 전과 비교한 체감환경(토양, 13세 이상 인구)",101018,101,2년,2008,2014,,13세 이상,"토양,인구","체감환경별,토양,인구"
DT_1SSEN024R,"1년 전과 비교한 체감환경(소음·진동, 13세 이상 인구)",101018,101,2년,2008,2014,,13세 이상,"소음진동,인구","체감환경별,소음진동,인구"
DT_1SSEN025R,"1년 전과 비교한 체감환경(녹지 환경, 13세 이상 인구)",101018,101,2년,2008,2014,,13세 이상,"녹지환경,인구","체감환경별,녹지환경,인구"
DT_1SSEN030R,"생활 환경 상황 변화(5년 후, 13세 이상 인구)",101018,101,2년,2016,2022,,13세 이상,인구,인구별
DT_1SSEN031R,향후 환경상황(13세 이상 인구),101018,101,2년,2008,2014,,13세 이상,인구,환경상황별
DT_1SSEN040R,환경보호 비용 부담(13세 이상 인구),101018,101,2년,2008,2022,,13세 이상,인구,인구별
DT_1SSEN051R,"환경문제에 대한 인식(기후변화, 13세 이상 인구)",101018,101,2년,2008,2022,,13세 이상,"환경문제,기후변화,인구",
DT_1SSEN052R,"환경문제에 대한 인식(유해화학물질, 방사능 등 유출, 13세 이상 인구)",101018,101,2년,2014,2016,,13세 이상,"환경문제,유해화학물질유출,방사능유출,인구",환경문제별
DT_1SSEN052_1R,"환경문제불안(원자력관련시설, 15세이상 인구)",101018,101,2년,2008,2008,,15세이상,"환경문제불안,원자력관련시설,인구","환경문제별,원자력관련시설별,인구별"
DT_1SSEN053R,"환경문제에 대한 인식(미세먼지 유입, 13세 이상 인구)",101018,101,2년,2014,2022,,13세 이상,"환경문제,미세먼지유입,인구","환경문제에대한인식미세먼지유입별,인구별"
DT_1SSEN053_1R,"환경문제불안(황사현상, 15세 이상 인구)",101018,101,2년,2008,2008,,15세 이상,"환경문제불안,인구",환경문제별
DT_1SSEN054R,"환경문제에 대한 인식(농약, 화학비료, 13세 이상 인구)",101018,101,2년,2014,2022,,13세 이상,"환경문제,농약,화학비료,인구",인식별
DT_1SSEN055R,"환경문제에 대한 인식(환경성 질환, 13세 이상 인구)",101018,101,2년,2010,2012,,13세 이상,"환경성질환,인구","환경성질환별,인구별"
DT_1SSEN056R,"환경문제불안(유전자 변형식품, 15세 이상 인구)",101018,101,2년,2008,2008,,15세 이상,"유전자변형식품,인구","환경문제별,불안요소별"
DT_1SSEN057R,"환경문제에 대한 인식 (유해 화학 물질, 13세 이상 인구)",101018,101,2년,2018,2022,,13세 이상,"유해화학물질,인구","유해화학물질별,인구별"
DT_1SSEN058R,"환경문제에 대한 인식 (방사능, 13세 이상 인구)",101018,101,2년,2018,2022,,13세 이상,"방사능,인구",환경문제별
DT_1SSEN059R,"환경문제에 대한 인식 (수돗물, 13세 이상 인구)",101018,101,2년,2018,2022,,13세 이상,"수돗물,인구",인구별
DT_1SSEN061R,"농약오염에 대한 불안(국내산 농산물, 13세 이상 인구)",101018,101,2년,2008,2012,,13세 이상,"국내산농산물,인구","국내산농산물별,인구별"
DT_1SSEN062R,"농약오염에 대한 불안(수입산 농산물, 13세 이상 인구)",101018,101,2년,2008,2012,,13세 이상,"수입산농산물,인구","수입산농산물별,인구별"
DT_1SSEN063R,"농약오염에 대한 불안(국내산 및 수입산 농산물, 13세 이상 인구)",101018,101,2년,2008,2012,,13세 이상,"국내산및수입산농산물,인구","수입여부별,행정구역별"
DT_1SSEN071R,"환경오염 방지 노력(대중교통 이용하기, 13세 이상 인구)",101018,101,2년,2010,2022,,13세 이상,인구,환경오염별
DT_1SSEN072R,"환경오염 방지 노력(재활용품 분리 배출하기, 13세 이상 인구)",101018,101,2년,2010,2022,,13세 이상,"재활용품,인구","재활용품별,인구별"
DT_1SSEN072_1R,"환경오염 방지노력(분리배출한다, 15세이상 인구)",101018,101,2년,2008,2008,,15세이상,"분리배출,인구",분류기준없음
DT_1SSEN073R,"환경오염 방지 노력 (음식물 쓰레기 줄이기, 13세 이상 인구)",101018,101,2년,2010,2022,,13세 이상,"음식물쓰레기,인구","환경오염별,노력별"
DT_1SSEN073_1R,"환경오염 방지노력(음식물낭비를 줄인다, 15세이상 인구)",101018,101,2년,2008,2008,,15세이상,"환경오염,음식물낭비,인구",환경오염방지노력별
DT_1SSEN074R,"환경오염 방지 노력(합성세제 사용 줄이기, 13세 이상 인구)",101018,101,2년,2010,2022,,13세 이상,"합성세제,인구",노력별
DT_1SSEN074_1R,"환경오염 방지노력(합성세제사용을 줄인다, 15세이상 인구)",101018,101,2년,2008,2008,,15세이상,"합성세제사용,인구",환경오염방지노력별
DT_1SSEN075R,"환경오염 방지 노력(일회용품 사용하지 않기, 13세 이상 인구)",101018,101,2년,2010,2022,,13세 이상,인구,환경오염별
DT_1SSEN075_1R,"환경오염 방지노력(1회용품 사용을 줄인다, 15세이상 인구)",101018,101,2년,2008,2008,,15세이상,"1회용품사용량,인구",환경오염방지노력별
DT_1SSEN076R,"환경오염 방지 노력(친환경제품 구입·사용하기, 13세 이상 인구)",101018,101,2년,2010,2022,,13세 이상,인구,노력별
DT_1SSEN076_1R,환경오염 방지노력(조금 비싸더라도 환경친화상품을 구입한다),101018,101,2년,2008,2008,,,환경친화상품구입,
DT_1SSEN077R,"환경오염 방지 노력(자연보호 및 환경보전활동 참여하기, 13세 이상 인구)",101018,101,2년,2010,2022,,13세 이상,인구,환경오염방지노력별
DT_1SSEN077_1R,환경오염 방지노력(환경 및 자연보호운동(활동)에 참여한다),101018,101,2년,2008,2008,,,"자연보호운동,활동",
DT_1SSEN078R,"환경오염 방지 노력(물 절약하기, 13세 이상 인구)",101018,101,2년,2016,2022,,13세 이상,"물,인구",
DT_1SSEN079R,"환경오염 방지 노력(가정 내 대기전력 줄이기, 13세 이상 인구)",101018,101,2년,2016,2022,,13세 이상,"대기전력,인구",환경오염방지방법별
DT_1SSEN080R,"자동차 요일제 참여 현황(가구주, 19세 이상 인구)",101018,101,2년,2016,2022,,19세 이상,"가구주,인구",요일제별
DT_1SSEN090R,자동차 운전 여부(19세 이상 인구 ),101018,101,2년,2020,2022,,19세 이상,인구,인구별
DT_1SSEN091R,"친환경 운전습관(급출발·급제동 하지 않기, 19세 이상 인구 )",101018,101,2년,2016,2022,,19세 이상,인구,인구별
DT_1SSEN092R,"친환경 운전습관(정속주행 유지하기, 19세 이상 인구)",101018,101,2년,2016,2022,,19세 이상,인구,인구별
DT_1SSEN093R,"친환경 운전습관(불필요한 공회전 최소화 하기, 19세 이상 인구)",101018,101,2년,2016,2022,,19세 이상,인구,인구별
DT_1SSEN094R,"친환경 운전습관(타이어 공기압 주기적 점검하기, 19세 이상 인구)",101018,101,2년,2016,2022,,19세 이상,"운전습관,인구",인구별
DT_1SSEN095R,"친환경 운전습관(불필요한 짐 싣지 않기, 19세 이상 인구)",101018,101,2년,2016,2022,,19세 이상,인구,인구별
DT_1SSEN100R,대기오염의 원인(15세 이상 인구),101018,101,2년,2008,2008,,15세 이상,인구,인구별
DT_1SSEN111R,"환경문제 해결을 위한 과제(주된응답, 15세 이상 인구)",101018,101,2년,2008,2008,,15세 이상,인구,인구별
DT_1SSEN112R,"환경문제 해결을 위한 과제(복수응답, 15세 이상 인구)",101018,101,2년,2008,2008,,15세 이상,인구,인구별
DT_1SSFA011R,부모 생존 및 동거여부(가구주),101018,101,2년,2008,2022,,,가구주,생존및동거여부별
DT_1SSFA012R,부모 생존 및 동거여부(배우자),101018,101,2년,2008,2022,,,"부모,배우자","생존여부별,동거여부별"
DT_1SSFA013R,"부모 생존, 동거 여부 및 부모의 동거자(가구주)",101018,101,2년,2008,2022,,,"부모,가구주","생존여부별,동거여부별"
DT_1SSFA014R,"부모 생존, 동거 여부 및 부모의 동거자(배우자)",101018,101,2년,2008,2022,,,"부모,동거자","생존,동거여부에따른부모동거자"
DT_1SSFA015R,"부모 생존 및 동거여부 (가구주, 배우자)",101018,101,2년,2020,2022,,,"가구주,배우자",생존및동거여부별
DT_1SSFA016R,"부모 생존, 동거 여부 및 부모의 동거자 (가구주, 배우자)",101018,101,2년,2020,2022,,,"부모,가구주,배우자",
DT_1SSFA021R,부모 생활비 마련방법(가구주),101018,101,2년,2008,2022,,,가구주,마련방법별
DT_1SSFA022R,부모 생활비 마련 방법(배우자),101018,101,2년,2008,2022,,,생활비,마련방법별
DT_1SSFA023R,"부모 생활비 마련 방법 (가구주, 배우자)",101018,101,2년,2020,2022,,,"가구주,배우자","가구주,배우자별"
DT_1SSFA031R,"부모와의 교류(부모님과의 전화통화, 가구주)",101018,101,2년,2008,2014,,,"교류,가구주",교류방식별
DT_1SSFA032R,"부모와의 교류(부모님과의 전화통화, 배우자)",101018,101,2년,2008,2014,,,교류,교류방식별
DT_1SSFA033R,"부모와의 교류(부모님과의 만남, 가구주)",101018,101,2년,2008,2014,,,"교류,부모님,가구주",교류방식별
DT_1SSFA034R,"부모와의 교류(부모님과의 만남, 배우자)",101018,101,2년,2008,2014,,,"교류,부모님,배우자",교류대상별
DT_1SSFA040R,부모 부양에 대한 견해(13세 이상 인구),101018,101,2년,2008,2022,,13세 이상,인구,인구별
DT_1SSFA051R,"결혼문화에 대한 태도(남녀가 결혼을 하지 않아도 함께 살수 있다, 13세 이상 인구)",101018,101,2년,2008,2022,,13세 이상,인구,성별
DT_1SSFA052R,"결혼문화에 대한 태도(결혼생활은 부부보다 가족간의 관계가 우선시 되어야 한다, 13세 이상 인구)",101018,101,2년,2008,2022,,13세 이상,인구,인구별
DT_1SSFA053R,"결혼문화에 대한 태도(외국인과 결혼할 수 있다, 13세 이상 인구)",101018,101,2년,2008,2022,,13세 이상,인구,인구별
DT_1SSFA054R,"결혼문화에 대한 태도(결혼하지 않고도 자녀를 가질 수 있다, 13세 이상 인구)",101018,101,2년,2008,2022,,13세 이상,인구,인구별
DT_1SSFA055R,결혼식문화에 대한 인식(13세 이상 인구),101018,101,2년,2014,2022,,13세 이상,인구,인구별
DT_1SSFA056R,"결혼문화에 대한 태도 (결혼하면 자녀를 가져야 한다, 13세 이상 인구)",101018,101,2년,2018,2022,,13세 이상,인구,인구별
DT_1SSFA060R,결혼에 대한 견해(13세 이상 인구),101018,101,2년,2008,2022,,13세 이상,인구,인구별
DT_1SSFA070R,이혼에 대한 견해(13세 이상 인구),101018,101,2년,2008,2022,,13세 이상,인구,인구별
DT_1SSFA080R,재혼에 대한 견해(13세 이상 인구),101018,101,2년,2008,2022,,13세 이상,인구,인구별
DT_1SSFA090R,입양에 대한 견해(19세 이상 인구),101018,101,2년,2008,2022,,19세 이상,인구,인구별
DT_1SSFA100R,입양을 하고 싶지 않은 이유(19세 이상 인구),101018,101,2년,2008,2022,,19세 이상,인구,
DT_1SSFA111R,가사 분담에 대한 견해(가구주),101018,101,2년,2008,2022,,,가구,가구주별
DT_1SSFA112R,가사 분담에 대한 견해(13세 이상 인구),101018,101,2년,2008,2022,,13세 이상,인구,인구별
DT_1SSFA121R,"가사 분담 실태(아내, 19세 이상 인구)",101018,101,2년,2008,2022,,19세 이상,"가사,인구",배우자별
DT_1SSFA122R,"가사 분담 실태(남편, 19세 이상 인구)",101018,101,2년,2008,2022,,19세 이상,"가사,남편,인구",성별
DT_1SSFA123R,"가사 분담 실태 (아내 및 남편, 19세 이상 인구)",101018,101,2년,2020,2022,,19세 이상,"아내,남편,인구",배우자별
DT_1SSFA131R,"가족관계 만족도(배우자와의 관계, 13세 이상 인구)",101018,101,2년,2008,2022,,13세 이상,"가족관계,인구",배우자와의관계별
DT_1SSFA132R,"가족관계 만족도(자녀와의 관계, 13세 이상 인구)",101018,101,2년,2008,2022,,13세 이상,"가족관계,인구",인구별
DT_1SSFA133R,"가족관계 만족도(자기 부모와의 관계, 13세 이상 인구)",101018,101,2년,2008,2022,,13세 이상,"부모,인구",부모와의관계별
DT_1SSFA136R,"가족관계 만족도(배우자 부모와의 관계, 13세 이상 인구)",101018,101,2년,2008,2022,,13세 이상,"가족관계,배우자,부모,인구",배우자부모와의관계별
DT_1SSFA137R,"가족관계 만족도(자기 형제·자매와의 관계, 13세 이상 인구)",101018,101,2년,2008,2022,,13세 이상,"가족관계,인구",행정구역별
DT_1SSFA138R,"가족관계 만족도(배우자 형제·자매와의 관계, 13세 이상 인구)",101018,101,2년,2008,2022,,13세 이상,"가족관계,인구",행정구역별
DT_1SSFA139R,"가족관계 만족도(전반적인 가족관계, 13세 이상 인구)",101018,101,2년,2008,2022,,13세 이상,"가족관계,인구",인구별
DT_1SSFA141R,"청소년이 고민하는 문제(주된응답, 13~24세 인구)",101018,101,2년,2008,2022,,,1324세인구,연령별
DT_1SSFA142R,"청소년이 고민하는 문제(복수응답, 13~24세 인구)",101018,101,2년,2008,2022,,,"청소년,인구",고민하는문제별
DT_1SSFA150R,청소년 고민상담 대상(13~24세 인구),101018,101,2년,2008,2022,,,"청소년,인구",고민상담대상별
DT_1SSFA161R,"분거가족(가구주, 복수응답)",101018,101,2년,2008,2018,,,"가구주,가구",가구주별
DT_1SSFA162R,분거가족(가구주) - 배우자,101018,101,2년,2008,2018,,,"가구주,배우자",배우자유무별
DT_1SSFA163R,"분거가족(가구주, 복수응답) - 미혼자녀",101018,101,2년,2008,2018,,,"가구주,미혼자녀",가구주미혼자녀유무별
DT_1SSFA164R,분거가족(가구주) - 국내,101018,101,2년,2010,2018,,,"가구주,가구",
DT_1SSFA165R,분거가족(가구주) - 국외,101018,101,2년,2010,2018,,,가구주,국적별
DT_1SSFA170R,결혼을 하지 않는 이유 (13세 이상 인구),101018,101,2년,2022,2022,,13세 이상,인구,
DT_1SSFA171R,다문화가구(가구주),101018,101,2년,2008,2008,,,"다문화가구,가구주","국가별,가구원수별"
DT_1SSFA172R,다문화가구원을 위해 가장 시급히 해결해야 할 사항(주된응답),101018,101,2년,2008,2008,,,다문화가구원,
DT_1SSFA173R,다문화가구원을 위해 가장 시급히 해결해야 할 사항(복수응답),101018,101,2년,2008,2008,,,다문화가구원,
DT_1SSFA180R,아동양육에 대한 견해(15세 이상 인구),101018,101,2년,2008,2008,,15세 이상,인구,인구별
DT_1SSFA181R,"가족 내 역할-아버지는 직업을 가지고, 어머니는 가정을 돌보는 것이 좋다",101018,101,2년,2008,2008,,,"아버지,어머니",
DT_1SSFA182R,가족 내 역할-아버지도 어머니처럼 자녀를 잘 돌볼 수 있다,101018,101,2년,2008,2008,,,"가족,아버지,어머니,자녀",
DT_1SSFA183R,가족 내 역할-2살 미만 자녀는 어머니가 직접 키우는 것이 좋다,101018,101,2년,2008,2008,,,"자녀,어머니,가족",
DT_1SSFA191R,부모의 자녀에 대한 경제적 지원-자녀의 대학교육비,101018,101,2년,2008,2008,,,대학교육비,대학교육비별
DT_1SSFA192R,부모의 자녀에 대한 경제적 지원-자녀의 대학원교육비,101018,101,2년,2008,2008,,,대학원교육비,경제적지원별
DT_1SSFA193R,부모의 자녀에 대한 경제적 지원-미취업 성인자녀(미혼)의 용돈,101018,101,2년,2008,2008,,,"경제적지원,미취업성인자녀,용돈",경제적지원형태별
DT_1SSFA194R,부모의 자녀에 대한 경제적 지원-자녀 결혼 준비(혼수 및 신혼집 마련)비용,101018,101,2년,2008,2008,,,"경제적지원,자녀결혼준비비용",경제적지원별
DT_1SSFA200R,부모와의 문화예술 관람 및 여행(15~24세인구),101018,101,2년,2008,2008,,,1524세인구,연령별
DT_1SSHE010R,건강평가(13세 이상 인구),101018,101,2년,2008,2022,,13세 이상,인구,인구별
DT_1SSHE020R,건강관리(13세 이상 인구),101018,101,2년,2008,2022,,13세 이상,인구,인구별
DT_1SSHE032R,흡연 및 흡연량 (19세 이상 인구),101018,101,2년,2016,2018,,19세 이상,인구,인구별
DT_1SSHE032_1R,흡연 및 흡연량(20세 이상 인구),101018,101,2년,2008,2014,,20세 이상,인구,인구별
DT_1SSHE034R,흡연과 건강평가 (19세 이상 인구),101018,101,2년,2016,2018,,19세 이상,인구,인구별
DT_1SSHE034_1R,흡연과 건강평가(20세 이상 인구),101018,101,2년,2008,2014,,20세 이상,인구,인구별
DT_1SSHE036R,흡연과 건강관리 (19세 이상 인구),101018,101,2년,2016,2018,,19세 이상,인구,인구별
DT_1SSHE036_1R,흡연과 건강관리(20세 이상 인구),101018,101,2년,2008,2014,,20세 이상,인구,인구별
DT_1SSHE042R,지난 1년동안 금연시도 여부 및 금연이 어려운 이유 (19세 이상 인구),101018,101,2년,2016,2018,,19세 이상,인구,인구별
DT_1SSHE042_1R,지난 1년동안 금연시도 여부 및 금연이 어려운 이유(20세 이상 인구),101018,101,2년,2008,2014,,20세 이상,인구,인구별
DT_1SSHE052R,음주 및 음주횟수 (19세 이상 인구),101018,101,2년,2016,2018,,19세 이상,인구,인구별
DT_1SSHE052_1R,음주 및 음주횟수(20세 이상 인구),101018,101,2년,2008,2014,,20세 이상,인구,인구별
DT_1SSHE054R,음주와 건강평가 (19세 이상 인구),101018,101,2년,2016,2018,,19세 이상,"건강평가,인구",음주여부별
DT_1SSHE054_1R,음주와 건강평가(20세 이상 인구),101018,101,2년,2008,2014,,20세 이상,인구,인구별
DT_1SSHE056R,음주와 건강관리 (19세 이상 인구),101018,101,2년,2016,2018,,19세 이상,인구,인구별
DT_1SSHE056_1R,음주와 건강관리(20세 이상 인구),101018,101,2년,2008,2014,,20세 이상,인구,인구별
DT_1SSHE062R,지난 1년동안 절주·금주시도 여부 및 금주가 어려운 이유 (19세 이상 인구),101018,101,2년,2016,2018,,19세 이상,인구,인구별
DT_1SSHE062_1R,지난 1년동안 절주·금주시도 여부 및 금주가 어려운 이유(19세 이상 인구),101018,101,2년,2008,2014,,19세 이상,인구,인구별
DT_1SSHE064R,흡연과 음주 (19세 이상 인구),101018,101,2년,2016,2018,,19세 이상,인구,인구별
DT_1SSHE064_1R,흡연과 음주(20세 이상 인구),101018,101,2년,2008,2014,,20세 이상,인구,인구별
DT_1SSHE070R,"유병률, 유병일수 및 입원하거나 누워 지낸 기간 (2주간, 0세 이상 인구)",101018,101,2년,2008,2022,,0세 이상,"유병률,유병일수,입원,누워지냄,인구",유병일수별
DT_1SSHE080R,"치료방법(2주간, 복수응답, 0세 이상 인구)",101018,101,2년,2008,2022,,0세 이상,인구,"치료방법별,기간별"
DT_1SSHE090R,의료서비스 이용률(13세 이상 인구),101018,101,2년,2008,2022,,13세 이상,인구,인구별
DT_1SSHE101R,"의료서비스 만족도(종합병원, 13세 이상 인구)",101018,101,2년,2008,2018,,13세 이상,"의료서비스,인구","의료기관별,인구별"
DT_1SSHE102R,"의료서비스 만족도(병의원, 13세 이상 인구)",101018,101,2년,2008,2018,,13세 이상,"의료서비스,병의원,인구",병원별
DT_1SSHE103R,"의료서비스 만족도(치과 병의원, 13세 이상 인구)",101018,101,2년,2008,2022,,13세 이상,"의료서비스,치과병의원,인구",인구별
DT_1SSHE104R,"의료서비스 만족도(한방 병의원), 13세 이상 인구)",101018,101,2년,2008,2022,,13세 이상,"의료서비스,인구",인구별
DT_1SSHE105R,"의료서비스 만족도(보건소, 13세 이상 인구)",101018,101,2년,2008,2022,,13세 이상,"의료서비스,인구",행정구역별
DT_1SSHE106R,"의료서비스 만족도(약국(한약국), 13세 이상 인구)",101018,101,2년,2008,2022,,13세 이상,"의료서비스,인구","행정구역별,의료기관종류별"
DT_1SSHE108R,"의료서비스 만족도 (병원, 13세 이상 인구)",101018,101,2년,2020,2022,,13세 이상,"의료서비스,인구","병원별,인구별"
DT_1SSHE109R,"의료서비스 만족도 (의원, 13세 이상 인구)",101018,101,2년,2020,2022,,13세 이상,"의료서비스,인구","행정구역별,의료기관형태별"
DT_1SSHE111R,"의료서비스 불만족 이유(주된응답, 13세 이상 인구)",101018,101,2년,2008,2022,,13세 이상,인구,인구별
DT_1SSHE112R,"의료서비스 불만족 이유(복수응답, 13세 이상 인구)",101018,101,2년,2008,2022,,13세 이상,인구,인구별
DT_1SSHE121R,"스트레스 정도(가정생활, 13세 이상 인구)",101018,101,2년,2008,2022,,13세 이상,"가정생활,인구",가정생활별
DT_1SSHE122R,"스트레스 정도(직장생활, 13세 이상 인구)",101018,101,2년,2008,2022,,13세 이상,"스트레스,인구","직장생활별,인구별"
DT_1SSHE123R,"스트레스 정도(학교생활, 13세 이상 인구)",101018,101,2년,2008,2022,,13세 이상,"스트레스,인구","학교생활별,인구별"
DT_1SSHE124R,"스트레스 정도(전반적인 생활, 13세 이상 인구)",101018,101,2년,2008,2022,,13세 이상,"스트레스,인구","생활,인구별"
DT_1SSHE130R,자살 충동 및 자살 충동 이유 (13세 이상 인구),101018,101,2년,2008,2022,,13세 이상,인구,인구별
DT_1SSHE140R,운동횟수 및 평균운동시간(15세 이상 인구),101018,101,2년,2008,2008,,15세 이상,인구,인구별
DT_1SSHE150R,암에 대한 두려움 (13세 이상 인구),101018,101,2년,2020,2022,,13세 이상,인구,인구별
DT_1SSHE151R,일상생활 동작능력(0세 이상 인구),101018,101,2년,2008,2008,,0세 이상,인구,인구별
DT_1SSHE160R,암·만성질환 치료여부(20세 이상 인구),101018,101,2년,2008,2008,,20세 이상,인구,인구별
DT_1SSIC010R,주관적 소득수준 (19세 이상 가구주),101018,101,2년,2011,2023,,19세 이상,"소득수준,가구주",소득수준별
DT_1SSIC021R,"가구소득 변화(1년 전과 비교하여, 19세 이상 가구주)",101018,101,2년,2011,2023,,19세 이상,가구소득,가구주소득분위별
DT_1SSIC022R,"가구부채 변화(1년 전과 비교하여, 19세 이상 가구주)",101018,101,2년,2011,2023,,19세 이상,가구부채,가구주
DT_1SSIC030R,내년 가구의 재정상태 (19세 이상 가구주),101018,101,2년,2011,2023,,19세 이상,가구,가구주별
DT_1SSIC041R,"우선적으로 줄일 지출항목 (주된응답, 19세 이상 가구주)",101018,101,2년,2011,2023,,19세 이상,가구주,지출항목별
DT_1SSIC042R,"우선적으로 줄일 지출항목 (복수응답, 19세 이상 가구주)",101018,101,2년,2011,2023,,19세 이상,지출항목,지출항목별
DT_1SSIC050R,소득 만족도 (19세 이상 인구),101018,101,2년,2009,2023,,19세 이상,인구,인구별
DT_1SSIC060R,소비생활 만족도 (19세 이상 인구),101018,101,2년,2009,2023,,19세 이상,인구,인구별
DT_1SSIC070R,장래소득에 대한 기대 (15세 이상 인구),101018,101,2년,2009,2009,,15세 이상,인구,
DT_1SSIC080R,소득분배에 대한 견해 (15세 이상 인구),101018,101,2년,2009,2009,,15세 이상,인구,인구별
DT_1SSLA011R,"직업 선택 요인 (주된응답, 13세 이상 인구)",101018,101,2년,2009,2023,,13세 이상,인구,
DT_1SSLA012R,"직업 선택 요인 (복수응답, 13세 이상 인구)",101018,101,2년,2009,2023,,13세 이상,인구,
DT_1SSLA020R,청(소)년이 선호하는 직장 (13~34세 인구),101018,101,2년,2009,2023,,,1334세인구,나이별
DT_1SSLA030R,여성취업에 대한 견해 (13세 이상 인구),101018,101,2년,2009,2023,,13세 이상,인구,인구별
DT_1SSLA041R,"여성취업 장애 요인 (주된응답, 13세 이상 인구)",101018,101,2년,2009,2023,,13세 이상,"여성취업,인구",성별
DT_1SSLA042R,"여성취업 장애 요인 (복수응답, 13세 이상 인구)",101018,101,2년,2009,2023,,13세 이상,"여성취업,인구",성별
DT_1SSLA050R,일과 가정생활 우선도 (19세 이상 인구),101018,101,2년,2011,2023,,19세 이상,인구,인구별
DT_1SSLA060R,고용의 안정성 (19세 이상 인구),101018,101,2년,2011,2023,,19세 이상,"고용,인구",
DT_1SSLA070R,일·가정 양립제도 인지도 (13세 이상 인구),101018,101,2년,2013,2017,,13세 이상,"인지도,인구",인구별
DT_1SSLA070_1R,일·가정 양립제도 인지도(13세 이상 인구),101018,101,2년,2011,2011,,13세 이상,"인지도,인구",인구별
DT_1SSLA0810R,"근로여건 만족도(직장 내 폭력 방지 노력, 13세 이상 인구)",101018,101,2년,2009,2023,,13세 이상,"근로여건,직장내폭력방지노력,인구","직장내폭력방지노력별,인구별"
DT_1SSLA0811R,"근로여건 만족도(직장내 교육훈련의 기회, 13세 이상 인구)",101018,101,2년,2011,2023,,13세 이상,"근로여건,직장내교육훈련의기회,인구",인구별
DT_1SSLA0812R,"근로여건 만족도(전반적인 만족도, 13세 이상 인구)",101018,101,2년,2009,2023,,13세 이상,"근로여건,인구",인구별
DT_1SSLA081R,"근로여건 만족도 (하는 일, 13세 이상 인구)",101018,101,2년,2009,2023,,13세 이상,"근로여건,인구",인구별
DT_1SSLA082R,"근로여건 만족도 (인사관리, 13세 이상 인구)",101018,101,2년,2009,2023,,13세 이상,"근로여건,인사관리,인구","인사관리별,인구별"
DT_1SSLA083R,"근로여건 만족도 (임금: 하는 일과 비교하여, 13세 이상 인구)",101018,101,2년,2009,2023,,13세 이상,"근로여건,임금,하는일,인구",인구별
DT_1SSLA084R,"근로여건 만족도 (복리후생, 13세 이상 인구)",101018,101,2년,2009,2023,,13세 이상,"근로여건,인구","복리후생별,인구별"
DT_1SSLA085R,"근로여건 만족도 (직장에서의 장래성, 13세 이상 인구)",101018,101,2년,2009,2023,,13세 이상,"근로여건,인구",장래성별
DT_1SSLA086R,"근로여건 만족도 (근무환경, 13세 이상 인구)",101018,101,2년,2009,2023,,13세 이상,"근로여건,인구","근무환경별,인구별"
DT_1SSLA087R,"근로여건 만족도 (인간관계, 13세 이상 인구)",101018,101,2년,2009,2023,,13세 이상,"근로여건,인간관계,인구",인구별
DT_1SSLA088R,"근로여건 만족도(근로시간, 13세 이상 인구)",101018,101,2년,2009,2023,,13세 이상,"근로시간,인구",인구별
DT_1SSLA089R,"근로여건 만족도 (직장내 일·가정 양립 문화, 13세 이상 인구)",101018,101,2년,2017,2023,,13세 이상,"근로여건,인구",
DT_1SSLA090R,취업의 어려움(13세 이상 인구),101018,101,2년,2011,2013,,13세 이상,인구,인구별
DT_1SSLA100R,"임금체불 (지난 1년간, 15세 이상 인구)",101018,101,2년,2009,2009,,15세 이상,"임금체불,인구","기간별,인구별"
DT_1SSLA111R,맞벌이부부 및 가구주의 1주일 평균 근로시간 (가구주),101018,101,2년,2009,2009,,,"맞벌이부부,가구주",
DT_1SSLA112R,맞벌이부부 및 여자 배우자의 1주일 평균 근로시간 (가구주),101018,101,2년,2009,2009,,,"맞벌이부부,여자배우자,가구",가구주별
DT_1SSLA113R,1주일 평균 근로시간별 맞벌이부부 (가구주),101018,101,2년,2009,2009,,,"근로시간,맞벌이부부",근로시간별
DT_1SSSA010R,"사회안전에 대한 인식도(전반적인 사회 안전, 13세 이상 인구)",101018,101,2년,2008,2022,,13세 이상,"사회안전,인구",인구별
DT_1SSSA011R,"사회안전에 대한 인식도(국가 안보 문제, 13세 이상 인구)",101018,101,2년,2008,2022,,13세 이상,"국가안보문제,인구","국가안보문제별,인구별"
DT_1SSSA012R,"사회안전에 대한 인식도(태풍·지진 등 자연재해, 13세 이상 인구)",101018,101,2년,2008,2022,,13세 이상,"자연재해,인구","자연재해별,행정구역별"
DT_1SSSA013R,"사회안전에 대한 인식도(건축물 및 시설물 위험, 13세 이상 인구)",101018,101,2년,2008,2022,,13세 이상,"인구,건축물및시설물위험",인식도별
DT_1SSSA014R,"사회안전에 대한 인식도(교통사고, 13세 이상 인구)",101018,101,2년,2008,2022,,13세 이상,"교통사고,인구","교통사고별,인구별"
DT_1SSSA015R,"사회안전에 대한 인식도(화재·산불, 13세 이상 인구)",101018,101,2년,2008,2022,,13세 이상,"사회안전인식도,화재산불,인구","화재산불별,인구별"
DT_1SSSA016R,"사회안전에 대한 인식도(먹거리 위생 문제, 13세 이상 인구)",101018,101,2년,2014,2022,,13세 이상,"먹거리위생문제,인구","먹거리위생문제별,인구별"
DT_1SSSA016_1R,"사회안전에 대한 인식도(먹거리,15세이상 인구)",101018,101,2년,2008,2008,,15세이상,"먹거리,인구","먹거리별,인구별"
DT_1SSSA017R,"사회안전에 대한 인식도(식량 안보 문제, 13세 이상 인구)",101018,101,2년,2008,2022,,13세 이상,"식량안보문제,인구",문제유형별
DT_1SSSA018R,"사회안전에 대한 인식도(정보 보안 문제, 13세 이상 인구)",101018,101,2년,2008,2022,,13세 이상,"정보보안문제,인구","정보보안문제별,인구별"
DT_1SSSA019R,"사회안전에 대한 인식도(신종 질병, 13세 이상 인구)",101018,101,2년,2010,2022,,13세 이상,"신종질병,인구",인식도별
DT_1SSSA020R,"사회안전에 대한 인식도(범죄, 13세 이상 인구)",101018,101,2년,2010,2022,,13세 이상,"범죄,인구","범죄별,인구별"
DT_1SSSA021R,"사회의 가장 큰 불안요인(주된응답, 13세 이상 인구)",101018,101,2년,2008,2022,,13세 이상,인구,
DT_1SSSA022R,"사회의 가장 큰 불안요인(복수응답, 13세 이상 인구)",101018,101,2년,2008,2022,,13세 이상,인구,인구별
DT_1SSSA023R,"사회안전에 대한 인식도 (개인 정보 유출, 13세 이상 인구)",101018,101,2년,2020,2022,,13세 이상,인구,인식대상별
DT_1SSSA031R,"사회의 안전상태 변화(5년 전과 비교하여, 13세 이상 인구)",101018,101,2년,2008,2022,,13세 이상,인구,인구별
DT_1SSSA032R,"향후 사회의 안전상태 변화(5년 후, 13세 이상 인구)",101018,101,2년,2008,2022,,13세 이상,인구,인구별
DT_1SSSA041R,수입 식품의 안전에 대한 인식(13세 이상 인구),101018,101,2년,2010,2012,,13세 이상,인구,인구별
DT_1SSSA042R,수입 식품 안전이 불안한 이유(13세 이상 인구),101018,101,2년,2010,2012,,13세 이상,인구,인구별
DT_1SSSA051R,학교 및 보육시설의 급식 안전에 대한 인식(13세 이상 인구),101018,101,2년,2010,2012,,13세 이상,인구,인구별
DT_1SSSA052R,급식 안전이 불안한 이유(13세 이상 인구),101018,101,2년,2010,2012,,13세 이상,인구,인구별
DT_1SSSA061R,학교 주변 판매식품의 안전에 대한 인식(13세 이상 인구),101018,101,2년,2010,2012,,13세 이상,인구,인구별
DT_1SSSA062R,학교 주변 판매식품 안전이 불안한 이유(13세 이상 인구),101018,101,2년,2010,2012,,13세 이상,인구,인구별
DT_1SSSA071R,식품안전에 대한 전반적인 인식(13세 이상 인구),101018,101,2년,2010,2012,,13세 이상,인구,인구별
DT_1SSSA072R,식품 안전이 불안한 이유(13세 이상 인구),101018,101,2년,2010,2012,,13세 이상,인구,인구별
DT_1SSSA073R,식품 안전 향상을 위해 노력해야 할 분야(13세 이상 인구),101018,101,2년,2010,2012,,13세 이상,인구,인구별
DT_1SSSA080R,다른 사람들의 준법 수준(13세 이상 인구),101018,101,2년,2008,2022,,13세 이상,인구,인구별
DT_1SSSA091R,자신의 준법 수준(13세 이상 인구),101018,101,2년,2008,2022,,13세 이상,인구,인구별
DT_1SSSA092R,평소 법을 지키지 않는 이유(13세 이상 인구),101018,101,2년,2008,2014,,13세 이상,인구,인구별
DT_1SSSA101R,"공공질서 준수 수준(차례 지키기, 13세 이상 인구)",101018,101,2년,2008,2022,,13세 이상,인구,인구별
DT_1SSSA102R,"공공질서 준수 수준(거리 환경 질서, 13세 이상 인구)",101018,101,2년,2008,2022,,13세 이상,"거리환경질서,인구","거리환경별,인구별"
DT_1SSSA103R,"공공질서 준수 수준(보행질서, 13세 이상 인구)",101018,101,2년,2008,2022,,13세 이상,"보행질서,인구","보행질서별,인구별"
DT_1SSSA104R,"공공질서 준수 수준(운전자 교통질서, 13세 이상 인구)",101018,101,2년,2008,2022,,13세 이상,"운전자,인구","교통질서별,행정구역별"
DT_1SSSA105R,"공공질서 준수 수준(금연 구역 준수,13세 이상 인구)",101018,101,2년,2008,2022,,13세 이상,"금연구역준수,인구",인구별
DT_1SSSA106R,"공공질서 준수 수준(공공장소 정숙,13세 이상 인구)",101018,101,2년,2008,2022,,13세 이상,"공공질서준수수준,인구",행정구역별
DT_1SSSA107R,"공공질서 준수 수준 (교통약자 보호석 지키기, 13세 이상 인구)",101018,101,2년,2018,2022,,13세 이상,인구,인구별
DT_1SSSA111R,도로 교통사고 원인(13세 이상 인구),101018,101,2년,2008,2012,,13세 이상,인구,인구별
DT_1SSSA112R,"도로 교통사고 원인(보행자입장, 19세 이상 인구)",101018,101,2년,2008,2012,,19세 이상,"교통사고,인구",원인별
DT_1SSSA113R,"도로 교통사고 원인(운전자입장, 19세 이상 인구)",101018,101,2년,2008,2012,,19세 이상,"도로교통사고원인,운전자,인구","운전자입장별,인구별"
DT_1SSSA120R,교통안전시설에 대한 만족도(13세 이상 인구),101018,101,2년,2008,2016,,13세 이상,인구,인구별
DT_1SSSA131R,야간 보행에 대한 안전도(13세 이상 인구),101018,101,2년,2008,2018,,13세 이상,인구,인구별
DT_1SSSA132R,야간 보행의 안전도 및 야간 보행이 불안한 이유 (13세 이상 인구),101018,101,2년,2020,2022,,13세 이상,인구,인구별
DT_1SSSA141R,우리나라 사람들의 안전의식 수준(15세이상 인구),101018,101,2년,2008,2008,,15세이상,인구,인구별
DT_1SSSA142R,우리나라 사람들의 안전의식 수준이 낮은 이유(15세 이상 인구),101018,101,2년,2008,2008,,15세 이상,인구,인구별
DT_1SSSA150R,자신의 안전의식 수준(15세 이상 인구),101018,101,2년,2008,2008,,15세 이상,인구,인구별
DT_1SSSA161R,"범죄피해에 대한 두려움(전반적인 범죄,15세 이상 인구)",101018,101,2년,2008,2008,,15세 이상,"범죄피해,인구",범죄유형별
DT_1SSSA162R,"범죄피해에 대한 두려움(절도,15세 이상 인구)",101018,101,2년,2008,2008,,15세 이상,"범죄피해,인구",인구별
DT_1SSSA163R,"범죄피해에 대한 두려움(사기,15세 이상 인구)",101018,101,2년,2008,2008,,15세 이상,"범죄피해,인구","범죄유형별,인구특성별"
DT_1SSSA164R,"범죄피해에 대한 두려움(강도,15세 이상 인구)",101018,101,2년,2008,2008,,15세 이상,"범죄피해,인구","범죄유형별,행정구역별"
DT_1SSSA165R,"범죄피해에 대한 두려움(폭행·상해,15세 이상 인구)",101018,101,2년,2008,2008,,15세 이상,"범죄피해,인구","폭력유형별,행정구역별"
DT_1SSSA166R,"범죄피해에 대한 두려움(성희롱·성폭력,15세 이상 인구)",101018,101,2년,2008,2008,,15세 이상,"범죄피해,인구","성희롱성폭력별,인구별"
DT_1SSSA167R,"범죄피해에 대한 두려움(유괴·납치,15세 이상 인구)",101018,101,2년,2008,2008,,15세 이상,"범죄피해에대한두려움,인구",유형별
DT_1SSSA171R,주요범죄 피해가구(가구주),101018,101,2년,2008,2008,,,"주요범죄피해가구,가구주",피해가구별
DT_1SSSA172R,주요범죄 피해건수(가구주),101018,101,2년,2008,2008,,,"피해건수,가구주",피해가구주별
DT_1SSSA173R,미신고비율(가구주),101018,101,2년,2008,2008,,,가구주,
DT_1SSSA174R,"미신고이유(절도, 주된응답, 가구주)",101018,101,2년,2008,2008,,,"미신고이유,가구주",
DT_1SSSA175R,"미신고이유(절도, 복수응답, 가구주)",101018,101,2년,2008,2008,,,"미신고이유,가구주",
DT_1SSSA176R,"미신고이유(사기, 주된응답, 가구주)",101018,101,2년,2008,2008,,,"사기,가구주","사기별,가구주별"
DT_1SSSA177R,"미신고이유(사기, 복수응답, 가구주)",101018,101,2년,2008,2008,,,가구주,"사기별,가구주별"
DT_1SSSA181R,"재난이나 긴급상황 시 대처 수준 (신고 전화번호, 13세 이상 인구)",101018,101,2년,2018,2022,,13세 이상,"신고전화번호,인구",인구별
DT_1SSSA182R,"재난이나 긴급상황 시 대처 수준 (행동 요령, 13세 이상 인구)",101018,101,2년,2018,2022,,13세 이상,인구,인구별
DT_1SSSA183R,"재난이나 긴급상황 시 대처 수준 (소화기 사용법, 13세 이상 인구)",101018,101,2년,2018,2022,,13세 이상,"소화기사용법,인구",인구별
DT_1SSSA184R,"재난이나 긴급상황 시 대처 수준 (인공호흡 및 심폐 소생술 방법, 13세 이상 인구)",101018,101,2년,2018,2022,,13세 이상,인구,인구별
DT_1SSSP010R,성취에 대한 만족도 (19세 이상 인구),101018,101,년,2017,2023,,19세 이상,인구,인구별
DT_1SSSP020R,주관적 만족도 (13세 이상 인구),101018,101,년,2009,2023,,13세 이상,인구,인구별
DT_1SSSP030R,개인적 인간관계 만족도 (13세 이상 인구),101018,101,2년,2017,2023,,13세 이상,인구,인구별
DT_1SSSP040R,우리 사회에 대한 신뢰도 (13세 이상 인구),101018,101,2년,2019,2023,,13세 이상,인구,인구별
DT_1SSSP041R,사회적 관계망 (13세 이상 인구),101018,101,2년,2009,2023,,13세 이상,인구,인구별
DT_1SSSP045R,사회적 관계망-일 평균 교류현황 (13세 이상 인구),101018,101,2년,2019,2023,,13세 이상,인구,인구별
DT_1SSSP048R,"단체 참여 (지난 1년간, 13세 이상 인구)",101018,101,2년,2019,2023,,13세 이상,인구,기간별
DT_1SSSP051R,"단체 참여 (지난 1년간, 주된 응답, 13세 이상 인구)",101018,101,2년,2009,2017,,13세 이상,인구,기간별
DT_1SSSP052R,"단체 참여 (지난 1년간, 복수응답, 13세 이상 인구)",101018,101,2년,2009,2017,,13세 이상,인구,기간별
DT_1SSSP060R,"기부 여부 및 기부한 이유(지난 1년간, 13세이상 인구)",101018,101,2년,2021,2023,,13세이상,인구,인구별
DT_1SSSP062R,"기부 여부 및 기부하지 않은 이유(지난 1년간, 13세 이상 인구)",101018,101,2년,2011,2019,,13세 이상,인구,인구별
DT_1SSSP063R,"기부 여부 및 기부하지 않은 이유(지난 1년간, 13세 이상 인구)",101018,101,2년,2021,2023,,13세 이상,인구,인구별
DT_1SSSP070R,현금기부의 주기성 (13세 이상 인구),101018,101,2년,2011,2019,,13세 이상,인구,인구별
DT_1SSSP081R,"현금기부 인구 (지난 1년간, 복수응답, 13세 이상 인구)",101018,101,2년,2011,2023,,13세 이상,인구,
DT_1SSSP082R,"현금기부 횟수 (지난 1년간, 복수응답, 13세 이상 인구)",101018,101,2년,2011,2023,,13세 이상,인구,인구별
DT_1SSSP083R,"현금기부 금액 (지난 1년간, 복수응답, 13세 이상 인구)",101018,101,2년,2011,2023,,13세 이상,인구,인구별
DT_1SSSP090R,"물품기부 (지난 1년간, 13세 이상 인구)",101018,101,2년,2017,2019,,13세 이상,인구,인구별
DT_1SSSP091R,"물품기부(지난 1년간, 13세 이상 인구)",101018,101,2년,2021,2023,,13세 이상,인구,인구별
DT_1SSSP101R,"물품기부 인구 (지난 1년간, 복수응답, 13세 이상 인구)",101018,101,2년,2011,2015,,13세 이상,인구,
DT_1SSSP102R,"물품기부 횟수 (지난 1년간, 복수응답, 13세 이상 인구)",101018,101,2년,2011,2015,,13세 이상,인구,인구별
DT_1SSSP110R,물품기부의 주기성 (13세 이상 인구),101018,101,2년,2011,2015,,13세 이상,인구,인구별
DT_1SSSP120R,기부 이유(13세 이상 인구),101018,101,2년,2011,2013,,13세 이상,인구,인구별
DT_1SSSP131R,"기부 희망 분야(주된응답, 13세 이상 인구)",101018,101,2년,2011,2019,,13세 이상,인구,인구별
DT_1SSSP132R,"기부 희망 분야(복수응답, 13세 이상 인구)",101018,101,2년,2011,2019,,13세 이상,인구,인구별
DT_1SSSP140R,기부대상 인지 경로 (13세 이상 인구),101018,101,2년,2011,2015,,13세 이상,인구,인지경로별
DT_1SSSP151R,"기부 문화 확산을 위해 가장 필요한 것 (주된응답, 13세 이상 인구)",101018,101,2년,2011,2023,,13세 이상,인구,인구별
DT_1SSSP152R,"기부 문화 확산을 위해 가장 필요한 것 (복수응답, 13세 이상 인구)",101018,101,2년,2011,2023,,13세 이상,인구,인구별
DT_1SSSP160R,향후 기부 및 유산 기부 의사 (13세 이상 인구),101018,101,2년,2011,2015,,13세 이상,인구,인구별
DT_1SSSP170R,기부 의사 (13세 이상 인구),101018,101,2년,2017,2023,,13세 이상,인구,인구별
DT_1SSSP171R,유산 기부 의사 (13세 이상 인구),101018,101,2년,2019,2023,,13세 이상,인구,인구별
DT_1SSSP172R,"기부 의사 및 기부하고 싶은 분야 (주된응답, 13세 이상 인구)",101018,101,2년,2021,2023,,13세 이상,인구,인구별
DT_1SSSP173R,"기부 의사 및 기부하고 싶은 분야 (복수응답, 13세 이상 인구)",101018,101,2년,2021,2023,,13세 이상,인구,인구별
DT_1SSSP179R,"자원봉사활동 여부 및 참여 이유(지난 1년간, 13세 이상 인구)",101018,101,2년,2021,2023,,13세 이상,인구,인구별
DT_1SSSP180R,"자원봉사활동 여부 및 참여하지 않은 이유(지난 1년간, 13세 이상 인구)",101018,101,2년,2021,2023,,13세 이상,인구,인구별
DT_1SSSP181R,"자원봉사활동 (지난 1년간, 복수응답, 13세 이상 인구)",101018,101,2년,2009,2021,,13세 이상,인구,인구별
DT_1SSSP182R,"자원봉사활동 참여횟수 (지난 1년간, 복수응답, 13세 이상 인구)",101018,101,2년,2013,2021,,13세 이상,인구,인구별
DT_1SSSP182_1R,"자원봉사활동 참여 횟수 및 활동시간(지난 1년간, 13세 이상 인구)",101018,101,2년,2011,2011,,13세 이상,인구,인구별
DT_1SSSP183R,"자원봉사활동 참여시간 (지난 1년간, 복수응답, 13세 이상 인구)",101018,101,2년,2013,2021,,13세 이상,인구,인구별
DT_1SSSP190R,자원봉사활동의 주기성 (13세 이상 인구),101018,101,2년,2011,2019,,13세 이상,인구,주기성별
DT_1SSSP191R,"자원봉사활동 (지난 1년간, 복수응답, 13세 이상 인구)",101018,101,2년,2023,2023,,13세 이상,인구,인구별
DT_1SSSP192R,"자원봉사활동 참여횟수 (지난 1년간, 복수응답, 13세 이상 인구)",101018,101,2년,2023,2023,,13세 이상,인구,인구별
DT_1SSSP193R,"자원봉사활동 참여시간 (지난 1년간, 복수응답, 13세 이상 인구)",101018,101,2년,2023,2023,,13세 이상,인구,인구별
DT_1SSSP200R,자원봉사활동 인지 경로 (13세 이상 인구),101018,101,2년,2011,2015,,13세 이상,인구,인지경로별
DT_1SSSP210R,전문성을 활용한 자원봉사 (19세 이상 인구),101018,101,2년,2011,2023,,19세 이상,인구,인구별
DT_1SSSP220R,자원봉사활동 의사 (13세 이상 인구),101018,101,2년,2011,2023,,13세 이상,인구,인구별
DT_1SSSP220_1R,향후 자원봉사활동 참여여부 (15세 이상 인구),101018,101,2년,2009,2009,,15세 이상,인구,인구별
DT_1SSSP231R,계층의식 (19세 이상 가구주),101018,101,2년,2009,2023,,19세 이상,가구주,계층별
DT_1SSSP232R,계층의식 (19세 이상 인구),101018,101,2년,2009,2023,,19세 이상,인구,계층별
DT_1SSSP241R,본인세대 계층이동 (19세 이상 가구주),101018,101,2년,2009,2023,,19세 이상,가구주,계층이동별
DT_1SSSP242R,본인세대 계층이동 (19세 이상 인구),101018,101,2년,2009,2023,,19세 이상,계층이동인구,계층이동별
DT_1SSSP243R,다음세대 계층이동 (19세 이상 가구주),101018,101,2년,2009,2023,,19세 이상,가구주,가구주별
DT_1SSSP244R,다음세대 계층이동 (19세 이상 인구),101018,101,2년,2009,2023,,19세 이상,인구,계층이동별
DT_1SSSP251R,"도시와 농어촌 교류활동 (지난 1년간, 복수응답, 13세 이상 인구)",101018,101,2년,2009,2011,,13세 이상,"교류활동,인구","행정구역별,지난1년간"
DT_1SSSP252R,도시와 농어촌 교류활동 만족도 (13세 이상 인구),101018,101,2년,2009,2011,,13세 이상,인구,인구별
DT_1SSSP261R,"사회의 공정에 대한 인식도(교육기회, 19세 이상 인구)",101018,101,2년,2011,2011,,19세 이상,"공정,교육기회,인구",공정별
DT_1SSSP262R,"사회의 공정에 대한 인식도(취업기회, 19세 이상 인구)",101018,101,2년,2011,2011,,19세 이상,"공정인식도,취업기회,인구",공정성별
DT_1SSSP263R,"사회의 공정에 대한 인식도(경찰·사법, 19세 이상 인구)",101018,101,2년,2011,2011,,19세 이상,"공정인식도,경찰,사법,인구",공정별
DT_1SSSP264R,"사회의 공정에 대한 인식도(언론(방송·신문), 19세 이상 인구)",101018,101,2년,2011,2011,,19세 이상,"언론,방송신문,인구","언론,방송신문별,인구별"
DT_1SSSP265R,"사회의 공정에 대한 인식도(조세(과세·납세), 19세 이상 인구)",101018,101,2년,2011,2011,,19세 이상,"조세,과세납세,인구","조세,과세납세별,인구별"
DT_1SSSP270R,공정사회를 위한 최우선 개선분야(19세 이상 인구),101018,101,2년,2011,2011,,19세 이상,인구,인구별
DT_1SSSP281R,"후원(기부)인구 (지난 1년간, 복수응답, 15세 이상 인구)",101018,101,2년,2009,2009,,15세 이상,"후원,기부인구,인구",
DT_1SSSP282R,"후원방법별 후원횟수 (지난 1년간, 15세 이상 인구)",101018,101,2년,2009,2009,,15세 이상,"후원횟수,인구",후원방법별
DT_1SSSP290R,"민원서비스 만족도 (지난 1년간, 15세 이상 인구)",101018,101,2년,2009,2009,,15세 이상,인구,인구별
DT_1SSSP301R,"민원서비스 불만이유 (주된 응답, 15세 이상 인구)",101018,101,2년,2009,2009,,15세 이상,인구,인구별
DT_1SSSP302R,"민원서비스 불만이유 (복수 응답, 15세 이상 인구)",101018,101,2년,2009,2009,,15세 이상,인구,인구별
DT_1SSWE011R,"생활여건의 변화 (전반적인 생활여건, 19세 이상 인구)",101018,101,2년,2009,2023,,19세 이상,"생활여건,인구","전반적인생활여건별,인구별"
DT_1SSWE012R,"생활여건의 변화 (보건의료서비스, 19세 이상 인구)",101018,101,2년,2009,2023,,19세 이상,"보건의료서비스,인구",
DT_1SSWE013R,"생활여건의 변화 (사회보장제도, 19세 이상 인구)",101018,101,2년,2009,2023,,19세 이상,"사회보장제도,인구","사회보장제도별,인구별"
DT_1SSWE014R,"생활여건의 변화 (문화·여가 생활 여건, 19세 이상 인구)",101018,101,2년,2009,2023,,19세 이상,"문화여가생활여건,인구","문화여가생활여건별,인구별"
DT_1SSWE021R,"사회보험료 부담에 대한 인식 (건강보험, 19세 이상 가구주)",101018,101,2년,2009,2023,,19세 이상,"사회보험료,가구주",가구주별
DT_1SSWE022R,"사회보험료 부담에 대한 인식 (건강보험, 19세 이상 인구)",101018,101,2년,2009,2023,,19세 이상,"건강보험,인구",인식별
DT_1SSWE023R,"사회보험료 부담에 대한 인식 (국민연금, 19세 이상 가구주)",101018,101,2년,2009,2023,,19세 이상,"사회보험료,가구주",가구주별
DT_1SSWE024R,"사회보험료 부담에 대한 인식 (국민연금, 19세 이상 인구)",101018,101,2년,2009,2023,,19세 이상,"국민연금,인구",인식별
DT_1SSWE025R,"사회보험료 부담에 대한 인식 (고용보험, 19세 이상 가구주)",101018,101,2년,2009,2023,,19세 이상,"사회보험료,고용보험,가구주",가구주별
DT_1SSWE026R,"사회보험료 부담에 대한 인식 (고용보험, 19세 이상 인구)",101018,101,2년,2009,2023,,19세 이상,"사회보험료,고용보험,인구",인식별
DT_1SSWE031R,"향후 늘려야 할 공공시설 (주된응답, 13세 이상 인구)",101018,101,2년,2009,2023,,13세 이상,인구,인구별
DT_1SSWE032R,"향후 늘려야 할 공공시설 (복수응답, 13세 이상 인구)",101018,101,2년,2009,2023,,13세 이상,인구,인구별
DT_1SSWE041R,"향후 늘려야 할 복지서비스 (주된응답, 13세 이상 인구)",101018,101,2년,2015,2019,,13세 이상,인구,인구별
DT_1SSWE041_1R,"향후 늘려야 할 복지서비스 (주된응답, 13세 이상 인구)",101018,101,2년,2011,2013,,13세 이상,인구,인구별
DT_1SSWE041_2R,"향후 늘려야 할 복지서비스 (주된응답, 15세 이상 인구)",101018,101,2년,2009,2009,,15세 이상,인구,인구별
DT_1SSWE042R,"향후 늘려야 할 복지서비스 (복수응답, 13세 이상 인구)",101018,101,2년,2015,2019,,13세 이상,인구,인구별
DT_1SSWE042_1R,"향후 늘려야 할 복지서비스 (복수응답, 13세 이상 인구)",101018,101,2년,2011,2013,,13세 이상,인구,인구별
DT_1SSWE042_2R,"향후 늘려야 할 복지서비스 (복수응답, 15세 이상 인구)",101018,101,2년,2009,2009,,15세 이상,인구,인구별
DT_1SSWE043R,"향후 늘려야 할 복지서비스 (주된응답, 13세 이상 인구)",101018,101,2년,2021,2023,,13세 이상,인구,인구별
DT_1SSWE044R,"향후 늘려야 할 복지서비스 (복수응답, 13세 이상 인구)",101018,101,2년,2021,2023,,13세 이상,인구,인구별
DT_1SSWE050R,선호 장례방법 (19세 이상 인구),101018,101,2년,2011,2023,,19세 이상,인구,인구별
DT_1SSWE061R,"장애인과의 유대관계 여부 및 대상(주된응답, 13세 이상 인구)",101018,101,2년,2017,2023,,13세 이상,인구,유대관계대상별
DT_1SSWE062R,"장애인과의 유대관계 여부 및 대상(복수응답, 13세 이상 인구)",101018,101,2년,2017,2023,,13세 이상,인구,유대관계대상별
DT_1SSWE070R,장애 구분 인지 여부(13세 이상 인구),101018,101,2년,2017,2017,,13세 이상,인구,장애구분별
DT_1SSWE080R,사회의 장애인 차별 (13세 이상 인구),101018,101,2년,2013,2023,,13세 이상,"장애인,인구",장애인별
DT_1SSWE080_1R,사회의 장애인 차별 (13세 이상 인구),101018,101,2년,2009,2011,,13세 이상,"장애인,인구",인구별
DT_1SSWE090R,자신의 장애인 차별 (13세 이상 인구),101018,101,2년,2009,2013,,13세 이상,"장애인,인구",
DT_1SSWE100R,장애인에 대한 견해 (13세 이상 인구),101018,101,2년,2009,2015,,13세 이상,"장애인,인구",인구별
DT_1SSWE110R,장애인 관련 시설 설립에 대한 견해 (13세 이상 인구),101018,101,2년,2009,2023,,13세 이상,인구,인구별
DT_1SSWE121R,장애인 복지사업의 충분정도 (13세 이상 인구),101018,101,2년,2009,2023,,13세 이상,인구,인구별
DT_1SSWE122R,"우선적으로 확대 실시하여야 할 장애인 복지사업 (주된응답, 13세 이상 인구)",101018,101,2년,2015,2019,,13세 이상,"장애인,인구",인구별
DT_1SSWE122_1R,"우선적으로 확대 실시하여야 할 장애인 복지사업 (주된응답, 13세 이상 인구)",101018,101,2년,2009,2013,,13세 이상,인구,인구별
DT_1SSWE123R,"우선적으로 확대 실시하여야 할 장애인 복지사업 (복수응답, 13세 이상 인구)",101018,101,2년,2015,2019,,13세 이상,"장애인,인구",인구별
DT_1SSWE123_1R,"우선적으로 확대 실시하여야 할 장애인 복지사업 (복수응답, 13세 이상 인구)",101018,101,2년,2009,2013,,13세 이상,인구,인구별
DT_1SSWE124R,"우선적으로 확대 실시하여야 할 장애인 복지사업 (주된응답, 13세 이상 인구)",101018,101,2년,2021,2023,,13세 이상,"장애인,인구",인구별
DT_1SSWE125R,"우선적으로 확대 실시하여야 할 장애인 복지사업 (복수응답, 13세 이상 인구)",101018,101,2년,2021,2023,,13세 이상,"장애인,인구",인구별
DT_1SSWE131R,"노후 준비방법 (주된응답, 19세 이상 가구주)",101018,101,2년,2009,2023,,19세 이상,가구주,
DT_1SSWE132R,"노후 준비방법 (복수응답, 19세 이상 가구주)",101018,101,2년,2009,2023,,19세 이상,가구주,
DT_1SSWE133R,"노후 준비방법 (주된응답, 19세 이상 인구)",101018,101,2년,2009,2023,,19세 이상,인구,인구별
DT_1SSWE134R,"노후 준비방법 (복수응답, 19세 이상 인구)",101018,101,2년,2009,2023,,19세 이상,인구,인구별
DT_1SSWE141R,노후를 위한 사회의 역할(19세 이상 인구),101018,101,2년,2015,2023,,19세 이상,인구,
DT_1SSWE142R,노후를 보내고 싶은 방법(19세 이상 인구),101018,101,2년,2015,2021,,19세 이상,인구,
DT_1SSWE143R,"노후를 보내고 싶은 방법(주된응답, 19세 이상 인구)",101018,101,2년,2023,2023,,19세 이상,인구,방법별
DT_1SSWE144R,"노후를 보내고 싶은 방법(복수응답, 19세 이상 인구)",101018,101,2년,2023,2023,,19세 이상,인구,방법별
DT_1SSWE145R,"노후 생활 방법(주된응답, 60세 이상 인구)",101018,101,2년,2023,2023,,60세 이상,인구,인구별
DT_1SSWE146R,"노후 생활 방법(복수응답, 60세 이상 인구)",101018,101,2년,2023,2023,,60세 이상,인구,인구별
DT_1SSWE151R,"노인이 경험하는 어려움 (주된응답, 60세 이상 인구)",101018,101,2년,2009,2013,,60세 이상,"노인,인구",노인별
DT_1SSWE152R,"노인이 경험하는 어려움 (복수응답, 60세 이상 인구)",101018,101,2년,2009,2013,,60세 이상,"노인,인구",노인별
DT_1SSWE160R,생활비 마련방법 (60세 이상 인구),101018,101,2년,2009,2023,,60세 이상,인구,인구별
DT_1SSWE171R,"현재 자녀와 동거여부 및 이유 (주된응답, 60세 이상 인구)",101018,101,2년,2009,2023,,60세 이상,"자녀,인구",동거여부별
DT_1SSWE172R,"현재 자녀와 동거여부 및 이유 (복수응답, 60세 이상 인구)",101018,101,2년,2009,2023,,60세 이상,"자녀,인구",동거여부별
DT_1SSWE180R,자녀와 동거 의향 (60세 이상 인구),101018,101,2년,2009,2023,,60세 이상,인구,동거의향별
DT_1SSWE191R,"받고 싶은 복지서비스(주된응답, 60세 이상 인구)",101018,101,2년,2009,2013,,60세 이상,"복지서비스,인구",인구별
DT_1SSWE192R,"받고 싶은 복지서비스(복수응답, 60세 이상 인구)",101018,101,2년,2009,2013,,60세 이상,"복지서비스,인구",인구별
DT_1W20001,부모와의 동거여부-가구주,101018,101,2년,1998,1998,,,가구,동거여부별
DT_1W20002,부모와의 동거여부-배우자,101018,101,2년,1998,1998,,,"부모,배우자",동거여부별
DT_1W20003,부모생계부양자-가구주,101018,101,2년,1998,1998,,,가구주,가구주별
DT_1W20004,부모생계부양자-배우자,101018,101,2년,1998,1998,,,배우자,부양자와부양자의배우자에따른분류기준을찾을수없습니다따라서해당요청에대한답변은제공해드릴수없습니다다른도움이필요하시면말씀해주세요
DT_1W20005,부모동거자별 부모생계부양자-가구주,101018,101,2년,1998,1998,,,부모생계부양자가구주,부모동거여부별
DT_1W20006,노부모 부양책임에 대한 태도,101018,101,2년,1998,1998,,,노부모부양책임에대한태도,부양태도별
DT_1W20007,노후준비방법(가구주)-주된응답,101018,101,2년,1998,1998,,,가구주,
DT_1W20008,노후준비방법(가구주)-복수응답,101018,101,2년,1998,1998,,,가구주,
DT_1W20009,노후준비방법(15세이상인구)-주된응답,101018,101,2년,1998,1998,,15세이상,인구,
DT_1W20010,노후준비방법(15세이상인구)-복수응답,101018,101,2년,1998,1998,,15세이상,인구,
DT_1W20011,청소년 고민에 대한 견해-주된응답,101018,101,2년,1998,1998,,,"청소년,고민",
DT_1W20012,청소년 고민에 대한 견해-복수응답,101018,101,2년,1998,1998,,,청소년,고민유형별
DT_1W20013,청소년 고민 상담대상,101018,101,2년,1998,1998,,,"청소년,고민상담",고민유형별
DT_1W20014,결혼에 대한 태도,101018,101,2년,1998,1998,,,결혼,
DT_1W20015,이혼에 대한 태도,101018,101,2년,1998,1998,,,이혼,
DT_1W20016,재혼에 대한 태도,101018,101,2년,1998,1998,,,재혼,
DT_1W20017,가사분담에 대한 태도-맞벌이부부,101018,101,2년,1998,1998,,,맞벌이부부,
DT_1W20018,가사분담에 대한 태도-남편만 취업,101018,101,2년,1998,1998,,,태도,가사분담태도별
DT_1W20019,가사분담에 대한 태도-부인만 취업,101018,101,2년,1998,1998,,,부인,
DT_1W20020,평소 가사분담상태-부부중 부인,101018,101,2년,1998,1998,,,부인,가사분담상태별
DT_1W20021,중요한 생활 관심사-주된 응답,101018,101,2년,1998,1998,,,생활관심사,
DT_1W20022,중요한 생활관심사-복수 응답,101018,101,2년,1998,1998,,,생활관심사,
DT_1W20023,가정생활만족도-전반적인 가정생활,101018,101,2년,1998,1998,,,가정생활,
DT_1W20024,가정생활만족도-자기부모와의 관계,101018,101,2년,1998,1998,,,"가정생활만족도,부모",
DT_1W20025,가정생활만족도-배우자부모와의 관계,101018,101,2년,1998,1998,,,"가정생활만족도,배우자부모와의관계",
DT_1W20026,가정생활만족도-자녀와의 관계,101018,101,2년,1998,1998,,,"가정생활만족도,자녀와의관계",
DT_1W20027,가정생활만족도-배우자와의 관계,101018,101,2년,1998,1998,,,"가정생활만족도,배우자와의관계",
DT_1W20028,가정생활만족도-형제자매와의 관계,101018,101,2년,1998,1998,,,"가정생활만족도,형제자매",형제자매와의관계별
DT_1W20029,가정생활만족도-경제적인 생활형편,101018,101,2년,1998,1998,,,경제적인생활형편,경제적인생활형편별
DT_1W2A011,"부모님 생존,동거여부 및 동거자-가구주",101018,101,2년,2002,2002,,,"생존,동거여부,동거자,가구주","생존,동거여부별"
DT_1W2A012,"부모님 생존,동거여부 및 동거자-배우자",101018,101,2년,2002,2002,,,"부모님,동거자,배우자","생존,동거여부별"
DT_1W2A021,부모님 생계부양자-가구주,101018,101,2년,2002,2002,,,가구주,생계부양자별
DT_1W2A022,부모님 생계부양자-배우자,101018,101,2년,2002,2002,,,"생계부양자,배우자","생계부양자별,배우자별"
DT_1W2A03,노부모 부양에 대한 견해,101018,101,2년,2002,2002,,,"노부모,견해",
DT_1W2A041,가족관계 만족도-배우자,101018,101,2년,2002,2002,,,배우자,
DT_1W2A042,가족관계 만족도-자녀,101018,101,2년,2002,2002,,,"가족관계,자녀",
DT_1W2A043,가족관계 만족도-자기 부모,101018,101,2년,2002,2002,,,부모,
DT_1W2A044,가족관계 만족도-배우자 부모,101018,101,2년,2002,2002,,,배우자부모,배우자부모별
DT_1W2A045,가족관계 만족도-형제 자매,101018,101,2년,2002,2002,,,형제자매,형제자매별
DT_1W2A05,가사분담에 대한 견해,101018,101,2년,2002,2002,,,가사분담,성별
DT_1W2A06,가사분담 실태,101018,101,2년,2002,2002,,,가사분담,성별
DT_1W2A071,중요한 생활관심사-주된응답,101018,101,2년,2002,2002,,,생활관심사,
DT_1W2A072,중요한 생활관심사-복수응답,101018,101,2년,2002,2002,,,생활관심사,
DT_1W2A08,결혼에 대한 견해,101018,101,2년,2002,2002,,,결혼,
DT_1W2A09,이혼에 대한 견해,101018,101,2년,2002,2002,,,이혼,
DT_1W2A10,재혼에 대한 견해,101018,101,2년,2002,2002,,,재혼,
DT_1W2A111,청소년이 고민하는 문제-주된 응답,101018,101,2년,2002,2002,,,청소년,
DT_1W2A112,청소년이 고민하는 문제-복수 응답,101018,101,2년,2002,2002,,,청소년,고민하는문제별
DT_1W2A12,청소년 고민상담 대상,101018,101,2년,2002,2002,,,청소년,고민상담대상별
DT_1W2C013,부모 생존 여부 및 동거자(가구주),101018,101,2년,2006,2006,,,가구주,"생존여부별,동거자별"
DT_1W2C014,부모 생존 여부 및 동거자(가구주의 배우자),101018,101,2년,2006,2006,,,"가구주,배우자","생존여부별,동거여부에따른가구주와의관계별"
DT_1W2C021,부모님 생활비 주 제공자-가구주,101018,101,2년,2006,2006,,,가구주,가구주별
DT_1W2C022,부모님 생활비 주 제공자-가구주의 배우자,101018,101,2년,2006,2006,,,가구주의배우자,가구주와의관계별
DT_1W2C03,노부모 부양에 대한 견해,101018,101,2년,2006,2006,,,노부모부양,
DT_1W2C04,가족관계 만족도-가족생활 전반,101018,101,2년,2006,2006,,,"가족관계,가족생활",
DT_1W2C041,가족관계 만족도-배우자,101018,101,2년,2006,2006,,,배우자,행정구역별
DT_1W2C042,가족관계 만족도-자녀,101018,101,2년,2006,2006,,,"가족관계,자녀","배우자와의관계,부모와의관계,자녀와의관계"
DT_1W2C043,가족관계 만족도-자기 부모,101018,101,2년,2006,2006,,,"부모,가족관계",부모와의관계별
DT_1W2C044,가족관계 만족도-배우자 부모,101018,101,2년,2006,2006,,,배우자부모,배우자부모별
DT_1W2C045,가족관계 만족도-형제 자매,101018,101,2년,2006,2006,,,형제자매,
DT_1W2C046,가족관계 만족도-배우자의 형제·자매,101018,101,2년,2006,2006,,,배우자의형제자매,행정구역별
DT_1W2C05,가사분담에 대한 견해,101018,101,2년,2006,2006,,,가사분담,
DT_1W2C061,가사분담 실태(부인),101018,101,2년,2006,2006,,,부인,가구특성별
DT_1W2C062,가사분담 실태(남편),101018,101,2년,2006,2006,,,남편,성별
DT_1W2C08,결혼에 대한 견해,101018,101,2년,2006,2006,,,결혼,
DT_1W2C09,이혼에 대한 견해,101018,101,2년,2006,2006,,,이혼,
DT_1W2C10,재혼에 대한 견해,101018,101,2년,2006,2006,,,재혼,
DT_1W2C111,청소년이 고민하는 문제-주된 응답,101018,101,2년,2006,2006,,,청소년,고민하는문제별
DT_1W2C112,청소년이 고민하는 문제-복수 응답,101018,101,2년,2006,2006,,,청소년,고민하는문제별
DT_1W2C12,청소년 고민상담 대상,101018,101,2년,2006,2006,,,청소년,고민상담대상별
DT_1W2C131,입양에 대한 견해,101018,101,2년,2006,2006,,,입양,
DT_1W2C132,입양을 하고 싶지 않은 이유,101018,101,2년,2006,2006,,,입양,
DT_1W2C14,지난 1년동안 부모와의 문화예술 관람 및 여행,101018,101,2년,2006,2006,,,"문화예술관람,여행","문화예술별,여행별"
DT_1W2C15,다문화(혼혈인) 가구원을 위한 가장 시급히 해결할 사항(복수응답),101018,101,2년,2006,2006,,,가구원,
DT_1W2C151,다문화(혼혈인) 가구원을 위한 가장 시급히 해결할 사항(주된응답,101018,101,2년,2006,2006,,,가구원,
DT_1W2C161,분산가족(전체),101018,101,2년,2006,2006,,,분산가족,
DT_1W2C162,분산가족(배우자),101018,101,2년,2006,2006,,,배우자,
DT_1W2C163,분산가족(미혼자녀),101018,101,2년,2006,2006,,,미혼자녀,
DT_1W31,소득만족도,101018,101,2년,1999,1999,,,소득,
DT_1W321,긴축소비지출-우선적으로 줄일 항목,101018,101,2년,1999,1999,,,소비지출,항목별
DT_1W322,긴축소비지출-줄일 항목 모두,101018,101,2년,1999,1999,,,소비지출,항목별
DT_1W331,저축-주된용도,101018,101,2년,1999,1999,,,저축,
DT_1W332,저축-해당용도 모두,101018,101,2년,1999,1999,,,저축,저축용도별
DT_1W341,부채-주된 이유,101018,101,2년,1999,1999,,,부채,
DT_1W342,부채-해당이유 모두,101018,101,2년,1999,1999,,,"부채,이유",부채이유별
DT_1W35,가구의 소득규모,101018,101,2년,1999,1999,,,"소득규모,가구",소득규모별
DT_1W36,소비생활만족도,101018,101,2년,1999,1999,,,소비자,
DT_1W3A1,소득만족도,101018,101,2년,2003,2003,,,소득만족도,행정구역별
DT_1W3A2,소비생활 만족도,101018,101,2년,2003,2003,,,소비자,행정구역별
DT_1W3A31,저축용도-주된응답,101018,101,2년,2003,2003,,,저축용도,
DT_1W3A32,저축용도-복수응답,101018,101,2년,2003,2003,,,저축용도,
DT_1W3A41,부채이유-주된응답,101018,101,2년,2003,2003,,,부채,
DT_1W3A42,부채이유-복수응답,101018,101,2년,2003,2003,,,부채,
DT_1W3C1,소득만족도 : 15세 이상 통계표,101018,101,2년,2007,2007,,15세 이상,소득만족도,
DT_1W3C2,현재 소득수준에 대한 인식 : 15세 이상 통계표,101018,101,2년,2007,2007,,15세 이상,소득수준,소득수준별
DT_1W3C3,장래소득에 대한 기대 : 15세 이상 통계표,101018,101,2년,2007,2007,,15세 이상,장래소득,
DT_1W3C4,소득분배에 대한 견해 : 15세 이상 통계표,101018,101,2년,2007,2007,,15세 이상,소득분배,
DT_1W3C5,소비생활만족도 : 15세 이상 통계표,101018,101,2년,2007,2007,,15세 이상,소비생활만족도,
DT_1W40001,직업선택요인,101018,101,2년,1998,1998,,,직업,
DT_1W40002,실업자를 위한 대책-주된 응답,101018,101,2년,1998,1998,,,실업자,
DT_1W40003,실업자를 위한 대책-복수 응답,101018,101,2년,1998,1998,,,실업자,
DT_1W40004,여성취업에 관한 태도,101018,101,2년,1998,1998,,,여성취업,
DT_1W40005,여성취업 장애요인,101018,101,2년,1998,1998,,,여성취업,
DT_1W40006,근로여건 만족도-하는 일,101018,101,2년,1998,1998,,,"근로여건,만족도",
DT_1W40007,근로여건 만족도-승진,101018,101,2년,1998,1998,,,"근로여건,승진",승진별
DT_1W40008,근로여건 만족도-배치 및 이동,101018,101,2년,1998,1998,,,"근로여건,만족도","직종별,항목별"
DT_1W40009,근로여건 만족도-임금(일에 비해),101018,101,2년,1998,1998,,,임금,임금
DT_1W40010,근로여건 만족도-복리후생,101018,101,2년,1998,1998,,,복리후생,복리후생별
DT_1W40011,근로여건 만족도-직장에서의 장래성,101018,101,2년,1998,1998,,,"근로여건,장래성",장래성별
DT_1W40012,"근로여건 만족도-근무환경(안전,위생상태 등)",101018,101,2년,1998,1998,,,"근로여건,근무환경",
DT_1W40013,근로여건 만족도-노사관계,101018,101,2년,1998,1998,,,"근로여건,노사관계",
DT_1W40014,근로여건 만족도-인간관계(상하간),101018,101,2년,1998,1998,,,"근로여건,인간관계",
DT_1W40015,근로여건 만족도-인간관계(동료간),101018,101,2년,1998,1998,,,"근로여건,인간관계",인간관계별
DT_1W40016,근로여건 만족도-인간관계(남녀간),101018,101,2년,1998,1998,,,"근로여건,인간관계",성별
DT_1W40017,근로여건 만족도-근로시간,101018,101,2년,1998,1998,,,근로시간,근로시간별
DT_1W4A01,직업선택요인,101018,101,2년,2002,2002,,,직업선택요인,
DT_1W4A021,실업자를 위한 대책-주된응답,101018,101,2년,2002,2002,,,실업자,
DT_1W4A022,실업자를 위한 대책-복수응답,101018,101,2년,2002,2002,,,실업자,
DT_1W4A03,여성취업에 관한 견해,101018,101,2년,2002,2002,,,견해,
DT_1W4A04,여성취업 장애요인,101018,101,2년,2002,2002,,,"여성,취업,장애요인",장애요인별
DT_1W4A051,근로여건만족도-하는일,101018,101,2년,2002,2002,,,"근로여건,만족도,하는일",
DT_1W4A052,근로여건만족도-인사관리,101018,101,2년,2002,2002,,,"근로여건,인사관리",
DT_1W4A053,근로여건만족도-임금,101018,101,2년,2002,2002,,,임금,
DT_1W4A054,근로여건만족도-복리후생,101018,101,2년,2002,2002,,,"근로여건만족도,복리후생",
DT_1W4A055,근로여건만족도-직장에서 장래성,101018,101,2년,2002,2002,,,근로여건만족도,
DT_1W4A056,근로여건만족도-근무환경,101018,101,2년,2002,2002,,,"근로여건만족도,근무환경","직종별,직업력별,기업규모별,성별,연령별,학력별,근속기간별,정규직비정규직여부별,직무만족도수준별,지역별"
DT_1W4A057,근로여건만족도-인간관계,101018,101,2년,2002,2002,,,"근로여건만족도,인간관계",
DT_1W4A058,근로여건만족도-근로시간,101018,101,2년,2002,2002,,,근로시간,근로시간별
DT_1W4A059,근로여건만족도-직장에서의 성희롱 방지노력,101018,101,2년,2002,2002,,,성희롱방지노력,"성희롱방지노력에대한근로여건만족도를직장에서조사한통계표이므로,분류기준은직장별입니다"
DT_1W4C011,직업선택요인(주된응답),101018,101,2년,2006,2006,,,직업선택요인,
DT_1W4C012,직업선택요인(복수응답),101018,101,2년,2006,2006,,,직업선택요인,
DT_1W4C03,여성취업에 관한 견해,101018,101,2년,2006,2006,,,여성취업,
DT_1W4C041,여성취업 장애요인(주된응답),101018,101,2년,2006,2006,,,"여성,취업,장애요인","성격별,경력단절기간별"
DT_1W4C042,여성취업 장애요인(복수응답),101018,101,2년,2006,2006,,,여성취업,
DT_1W4C051,근로여건만족도-하는일,101018,101,2년,2006,2006,,,근로여건만족도,직업별
DT_1W4C052,근로여건만족도-인사관리,101018,101,2년,2006,2006,,,"근로여건만족도,인사관리",
DT_1W4C053,근로여건만족도-임금,101018,101,2년,2006,2006,,,임금,
DT_1W4C054,근로여건만족도-복리후생,101018,101,2년,2006,2006,,,복리후생,복리후생별
DT_1W4C055,근로여건만족도-직장에서 장래성,101018,101,2년,2006,2006,,,"근로여건만족도,직장",
DT_1W4C056,근로여건만족도-근무환경,101018,101,2년,2006,2006,,,"근로여건만족도,근무환경","직종별,직업력별,기업규모별,성별,연령별,근속기간별,학력별,지역별"
DT_1W4C057,근로여건만족도-인간관계,101018,101,2년,2006,2006,,,"근로여건만족도,인간관계",
DT_1W4C058,근로여건만족도-근로시간,101018,101,2년,2006,2006,,,근로시간,근로시간별
DT_1W4C059,근로여건만족도-직장에서의 성희롱 방지노력,101018,101,2년,2006,2006,,,성희롱방지노력,성희롱노력별
DT_1W4C06,청소년이 선호하는 직장(만 24세 이하),101018,101,2년,2006,2006,,24세 이하,직장,직장별
DT_1W4C07,임금체불,101018,101,2년,2006,2006,,,"임금,체불",
DT_1W4C08,맞벌이 부부 및 가구주의 1주일 평균 근로시간(가구주),101018,101,2년,2006,2006,,,"맞벌이부부,가구주",가구주별
DT_1W4C081,1주일 평균 근무시간별 맞벌이부부,101018,101,2년,2006,2006,,,맞벌이부부,근무시간별
DT_1W4C082,맞벌이 부부 여자 배우자의 1주일 평균 근로시간(가구주),101018,101,2년,2006,2006,,,"맞벌이부부여자배우자,가구주",
DT_1W51,교육기회의 충족도 및 미충족이유,101018,101,2년,2000,2000,,,교육기회,
DT_1W521,학교교육의 효과-지식·기술 습득,101018,101,2년,2000,2000,,,학생수,
DT_1W522,학교교육의 효과-인격형성,101018,101,2년,2000,2000,,,학생,
DT_1W523,학교교육의 효과-국가관 및 사회관 정립,101018,101,2년,2000,2000,,,"국가관,사회관",
DT_1W524,학교교육의 효과-생활·직업에의 활용,101018,101,2년,2000,2000,,,학생수,
DT_1W531,학생의 학교생활 만족도-전반적인 학교생활,101018,101,2년,2000,2000,,,"학교생활,학생",학교생활별
DT_1W532,학생의 학교생활 만족도-교육내용(수준),101018,101,2년,2000,2000,,,"학생,교육내용","학교생활만족도별,교육내용,수준별"
DT_1W533,"학생의 학교생활 만족도-교육방법(수업지도,평가)",101018,101,2년,2000,2000,,,"학생,교육방법",교육방법별
DT_1W534,학생의 학교생활 만족도-학교시설 및 설비,101018,101,2년,2000,2000,,,"학생,학교시설및설비",학교시설및설비별
DT_1W535,학생의 학교생활 만족도-교우관계,101018,101,2년,2000,2000,,,"학생,교우관계","학교생활만족도별,교우관계별"
DT_1W536,학생의 학교생활 만족도-교사(교수)와의 관계,101018,101,2년,2000,2000,,,"학생,교사,교수","학교생활만족도별,교사,교수와의관계별"
DT_1W537,학생의 학교생활 만족도-학교주변환경,101018,101,2년,2000,2000,,,"학생,학교주변환경",학교생활만족도별
DT_1W538,학생의 학교생활 만족도-전공,101018,101,2년,2000,2000,,,"학생,학교생활,전공","학교생활만족도별,전공별"
DT_1W54,학생의 기대교육수준 및 목적,101018,101,2년,2000,2000,,,"학생,교육수준",
DT_1W55,전공과 직업의 일치도,101018,101,2년,2000,2000,,,"전공,직업","전공별,직업별"
DT_1W56,평생학습,101018,101,2년,2000,2000,,,학생수,
DT_1W57,앞으로 받고 싶은 교육(복수응답),101018,101,2년,2000,2000,,,교육,
DT_1W58,교육비부담에 대한 인식,101018,101,2년,2000,2000,,,"교육비부담,인식",
DT_1W59,교육비부담요인,101018,101,2년,2000,2000,,,"교육비,부담요인",
DT_1W5A1,가구당 월평균 교육비 지출액 및 분포,101018,101,2년,2000,2000,,,교육비,교육비지출액별
DT_1W5A2,학생1인당 학교급별 월평균 교육비 지출액,101018,101,2년,2000,2000,,,학교급별월평균교육비지출액,학교급별
DT_1W5A31,내역별 월평균 교육비 지출액(가구당),101018,101,2년,2000,2000,,,"교육비지출액,가구",내역별
DT_1W5A32,내역별 학생1인당 월평균 교육비 지출액,101018,101,2년,2000,2000,,,학생1인당월평균교육비지출액,내역별
DT_1W5B01,교육기회의 충족도 및 미충족이유,101018,101,2년,2004,2004,,,교육기회,
DT_1W5B021,"학교교육의 효과-지식,기술의 습득",101018,101,2년,2004,2004,,,학생수,
DT_1W5B022,학교교육의 효과-인격형성,101018,101,2년,2004,2004,,,인격형성,
DT_1W5B023,학교교육의 효과-국가관 및 사회관정립,101018,101,2년,2004,2004,,,"국가관,사회관정립",
DT_1W5B024,"학교교육의 효과-생활,직업,취업에의 활용",101018,101,2년,2004,2004,,,학생수,
DT_1W5B031,학생의 학교생활 만족도-전반적인 학교생활,101018,101,2년,2004,2004,,,학생,학교생활별
DT_1W5B032,학생의 학교생활 만족도-교육내용(수준),101018,101,2년,2004,2004,,,"학생,교육내용","교육내용,수준별"
DT_1W5B033,"학생의 학교생활 만족도-교육방법(수업지도,평가)",101018,101,2년,2004,2004,,,"학생,교육방법",교육방법별
DT_1W5B034,학생의 학교생활 만족도-학교시설 및 설비,101018,101,2년,2004,2004,,,"학생,학교시설및설비",학교시설및설비별
DT_1W5B035,학생의 학교생활 만족도-교우관계,101018,101,2년,2004,2004,,,"학생,교우관계","학교생활만족도별,교우관계별"
DT_1W5B036,학생의 학교생활 만족도-교사(교수)와의 관계,101018,101,2년,2004,2004,,,"학생,교사,교수","학교생활만족도별,교사,교수와의관계별"
DT_1W5B037,학생의 학교생활 만족도-학교주변환경,101018,101,2년,2004,2004,,,"학생,학교주변환경",학교주변환경별
DT_1W5B038,학생의 학교생활 만족도-전공,101018,101,2년,2004,2004,,,"학생,학교생활만족도,전공","학교생활만족도별,전공별"
DT_1W5B04,학생의 기대하는 교육수준 및 기대교육목적,101018,101,2년,2004,2004,,,"학생,교육수준,기대교육목적",
DT_1W5B05,전공과 직업의 일치도,101018,101,2년,2004,2004,,,"전공,직업","전공별,직업별"
DT_1W5B06,평생학습,101018,101,2년,2004,2004,,,학생수,
DT_1W5B071,앞으로 받고 싶은 교육-주된응답,101018,101,2년,2004,2004,,,교육,
DT_1W5B072,앞으로 받고 싶은 교육-복수응답,101018,101,2년,2004,2004,,,교육,
DT_1W5B08,교육비 부담에 대한 인식,101018,101,2년,2004,2004,,,교육비,
DT_1W5B09,교육비 부담요인,101018,101,2년,2004,2004,,,교육비,
DT_1W5B101,가구당 월평균 교육비 지출액 및 분포,101018,101,2년,2004,2004,,,교육비지출액,교육비지출액별
DT_1W5B102,가구당 월평균 교육비내역별 지출액,101018,101,2년,2004,2004,,,교육비,교육비내역별
DT_1W5B103,자녀 1인당 월평균 교육비 지출액,101018,101,2년,2004,2004,,,교육비지출액,교육비지출액별
DT_1W5B104,자녀 1인당 월평균 교육비내역별 지출액,101018,101,2년,2004,2004,,,교육비,교육비내역별
DT_1W5B105,학생 1인당 월평균 교육비 지출액,101018,101,2년,2004,2004,,,교육비지출액,교육비지출액별
DT_1W5B106,학생 1인당 월평균 교육비내역별 지출액,101018,101,2년,2004,2004,,,"교육비,지출액",교육비내역별
DT_1W601,건강평가,101018,101,2년,1999,1999,,,건강,
DT_1W602,혈압,101018,101,2년,1999,1999,,,혈압,
DT_1W603,비만,101018,101,2년,1999,1999,,,비만,성별
DT_1W6041,건강관리방법(주된응답),101018,101,2년,1999,1999,,,건강관리방법,
DT_1W6042,건강관리방법(복수응답),101018,101,2년,1999,1999,,,건강관리방법,
DT_1W6051,흡연,101018,101,2년,1999,1999,,,흡연자,성별
DT_1W6052,흡연과 건강평가,101018,101,2년,1999,1999,,,건강평가,
DT_1W6053,흡연과  건강관리방법(주된 방법),101018,101,2년,1999,1999,,,건강관리방법,건강관리방법별
DT_1W6054,흡연과 음주여부,101018,101,2년,1999,1999,,,"흡연여부,음주여부",
DT_1W6055,흡연과 음주횟수,101018,101,2년,1999,1999,,,"흡연,음주횟수",
DT_1W6056,흡연과 음주량,101018,101,2년,1999,1999,,,"흡연량,음주량",
DT_1W606,금연에 대한 견해,101018,101,2년,1999,1999,,,견해,
DT_1W6071,음주,101018,101,2년,1999,1999,,,음주량,"알코올도수별,장소별,시간별"
DT_1W6072,음주와 건강평가,101018,101,2년,1999,1999,,,"음주,건강평가",
DT_1W6073,음주와 건강관리방법(주된방법),101018,101,2년,1999,1999,,,"음주,건강관리방법",건강관리방법별
DT_1W608,음주량,101018,101,2년,1999,1999,,,음주량,
DT_1W609,과음횟수,101018,101,2년,1999,1999,,,과음횟수,
DT_1W610,금주에 관한 견해,101018,101,2년,1999,1999,,,견해,
DT_1W611,"유병률,유병일수 및 와병일수(조사직전 2주간)",101018,101,2년,1999,1999,,,"유병일수,와병일수",
DT_1W612,치료방법,101018,101,2년,1999,1999,,,치료방법,
DT_1W6131,의료서비스 만족도-종합병원,101018,101,2년,1999,1999,,,종합병원,의료기관별
DT_1W6132,의료서비스 만족도-병(의)원,101018,101,2년,1999,1999,,,병원,병원별
DT_1W6133,의료서비스 만족도-한방병(의)원,101018,101,2년,1999,1999,,,한방병원,
DT_1W6134,의료서비스 만족도-보건소,101018,101,2년,1999,1999,,,보건소,행정구역별
DT_1W6135,의료서비스 만족도-약국,101018,101,2년,1999,1999,,,약국,
DT_1W614,의료서비스 불만이유-복수응답,101018,101,2년,1999,1999,,,의료서비스,
DT_1W6A01,건강평가,101018,101,2년,2003,2003,,,건강,
DT_1W6A021,건강관리방법-주된응답,101018,101,2년,2003,2003,,,건강관리방법,
DT_1W6A022,건강관리방법-복수응답,101018,101,2년,2003,2003,,,건강관리방법,
DT_1W6A03A,흡연-20세이상인구,101018,101,2년,2003,2003,,20세이상,인구,성별
DT_1W6A03B,흡연과 건강평가-20세이상인구,101018,101,2년,2003,2003,,20세이상,인구,
DT_1W6A03C,흡연과 건강관리방법(주된응답)-20세이상인구,101018,101,2년,2003,2003,,20세이상,인구,
DT_1W6A03D,흡연과 음주-20세이상인구,101018,101,2년,2003,2003,,20세이상,인구,
DT_1W6A03E,흡연과 음주량-20세이상인구,101018,101,2년,2003,2003,,20세이상,인구,
DT_1W6A04A,금연에 대한 견해-20세이상인구,101018,101,2년,2003,2003,,20세이상,인구,
DT_1W6A05A,음주-20세이상인구,101018,101,2년,2003,2003,,20세이상,인구,"연령별,성별"
DT_1W6A05B,음주와 건강평가-20세이상인구,101018,101,2년,2003,2003,,20세이상,인구,
DT_1W6A05C,음주와 건강관리방법(주된응답)-20세이상인구,101018,101,2년,2003,2003,,20세이상,인구,
DT_1W6A06A,음주량-20세이상인구,101018,101,2년,2003,2003,,20세이상,인구,성별
DT_1W6A07A,금주에 관한 견해-20세이상인구,101018,101,2년,2003,2003,,20세이상,인구,
DT_1W6A081,일상생활 동작능력-앉고 일어나기,101018,101,2년,2003,2004,,,동작능력,
DT_1W6A082,일상생활 동작능력-옷 갈아입기,101018,101,2년,2003,2004,,,옷갈아입기,
DT_1W6A083,일상생활 동작능력-화장실 사용하기,101018,101,2년,2003,2004,,,화장실사용,
DT_1W6A084,일상생활 동작능력-식사하기,101018,101,2년,2003,2004,,,식사,
DT_1W6A085,일상생활 동작능력-집안 내 걷기,101018,101,2년,2003,2004,,,걷기,
DT_1W6A086,일상생활 동작능력-목욕하기,101018,101,2년,2003,2004,,,목욕하기,
DT_1W6A09,"유병률,유병기간 및 와병기간(2주간)",101018,101,2년,2003,2003,,,"유병률,유병기간,와병기간",
DT_1W6A10,치료방법(2주간),101018,101,2년,2003,2003,,,치료방법,
DT_1W6A111,의료서비스 이용률,101018,101,2년,2003,2003,,,의료서비스,
DT_1W6A112,의료서비스 만족도-종합병원,101018,101,2년,2003,2003,,,"의료서비스,종합병원",병원종류별
DT_1W6A113,의료서비스 만족도-병(의)원,101018,101,2년,2003,2003,,,"의료서비스,병원",병원별
DT_1W6A114,의료서비스 만족도-한의원,101018,101,2년,2003,2003,,,한의원,
DT_1W6A115,의료서비스 만족도-보건소,101018,101,2년,2003,2003,,,"의료서비스,보건소",행정구역별
DT_1W6A116,의료서비스 만족도-약국,101018,101,2년,2003,2003,,,약국,
DT_1W6A117,의료서비스 만족도-기타,101018,101,2년,2003,2003,,,의료서비스,
DT_1W6A121,의료서비스 불만이유-주된응답,101018,101,2년,2003,2003,,,의료서비스,
DT_1W6A122,의료서비스 불만이유-복수응답,101018,101,2년,2003,2003,,,의료서비스,
DT_1W6C01,건강평가,101018,101,2년,2006,2006,,,건강,
DT_1W6C02,건강관리,101018,101,2년,2006,2006,,,건강,
DT_1W6C03A,흡연 및 흡연량-20세이상 인구,101018,101,2년,2006,2006,,20세이상,인구,인구별
DT_1W6C03B,흡연과 건강평가-20세이상인구,101018,101,2년,2006,2006,,20세이상,인구,
DT_1W6C03C,흡연과 건강관리-20세이상인구,101018,101,2년,2006,2006,,20세이상,인구,
DT_1W6C03D,흡연과 음주-20세이상인구,101018,101,2년,2006,2006,,20세이상,인구,
DT_1W6C04B,지난 1년동안 금연시도 여부 및 금연이 어려운 이유(20세이상인구),101018,101,2년,2006,2006,,20세이상,인구,"금연시도여부별,금연이어려운이유별"
DT_1W6C05A,음주 및 음주횟수-20세이상인구,101018,101,2년,2006,2006,,20세이상,인구,
DT_1W6C05B,음주와 건강평가-20세이상인구,101018,101,2년,2006,2006,,20세이상,인구,
DT_1W6C05C,음주와 건강관리-20세이상인구,101018,101,2년,2006,2006,,20세이상,인구,
DT_1W6C07B,"지난 1년동안 절주,금주 시도여부(20세이상 인구)",101018,101,2년,2006,2006,,20세이상,인구,인구별
DT_1W6C08,일상생활 동작능력(0세이상),101018,101,2년,2006,2006,,0세이상,동작능력,
DT_1W6C09,"유병률, 유병일수 및 와병일수(2주간)",101018,101,2년,2006,2006,,,"유병률,유병일수,와병일수",
DT_1W6C10,치료방법(2주간),101018,101,2년,2006,2006,,,치료방법,
DT_1W6C111,의료서비스 이용률,101018,101,2년,2006,2006,,,의료서비스,
DT_1W6C112,의료서비스 만족도(종합병원),101018,101,2년,2006,2006,,,"의료서비스,종합병원",병원종류별
DT_1W6C113,의료서비스 만족도(병(의)원),101018,101,2년,2006,2006,,,"의료서비스,병원",병원별
DT_1W6C114,의료서비스 만족도(한의원(한방병원)),101018,101,2년,2006,2006,,,의료서비스만족도,의료기관별
DT_1W6C115,의료서비스 만족도(보건소),101018,101,2년,2006,2006,,,"의료서비스,보건소",행정구역별
DT_1W6C116,의료서비스 만족도(약국),101018,101,2년,2006,2006,,,만족도,
DT_1W6C121,의료서비스 불만이유-주된응답,101018,101,2년,2006,2006,,,의료서비스,
DT_1W6C122,의료서비스 불만이유-복수응답,101018,101,2년,2006,2006,,,의료서비스,
DT_1W6C13,자살에 대한 충동 및 이유,101018,101,2년,2006,2006,,,"자살충동,자살이유",
DT_1W701,주택소유비율,101018,101,2년,2001,2001,,,"주택,가구",행정구역별
DT_1W702,주택마련시기,101018,101,2년,2001,2001,,,"주택,시기",분류기준없음
DT_1W703,결혼후 내집마련시까지 이사횟수,101018,101,2년,2001,2001,,,이사횟수,
DT_1W704,주택마련방법,101018,101,2년,2001,2001,,,"주택,방법",분류기준없음
DT_1W705,원하는 주택형태,101018,101,2년,2001,2001,,,주택,주택형태별
DT_1W706,원하는 입주형태,101018,101,2년,2001,2001,,,입주형태,입주형태별
DT_1W707,현주택 거주년수,101018,101,2년,2001,2001,,,거주년수,거주년수별
DT_1W708,현주택의 상태,101018,101,2년,2001,2001,,,주택,
DT_1W7091,현거주지 선택이유(주된 응답),101018,101,2년,2001,2001,,,현거주지,
DT_1W7092,현거주지 선택이유(복수 응답),101018,101,2년,2001,2001,,,거주지,
DT_1W710,주택에 대한 만족도,101018,101,2년,2001,2001,,,주택,
DT_1W7101,주택에 대한 불만이유,101018,101,2년,2001,2001,,,주택,
DT_1W711,거주지역에 대한 만족도,101018,101,2년,2001,2001,,,거주지역,행정구역별
DT_1W7111,거주지역에 대한 불만이유,101018,101,2년,2001,2001,,,거주지역,행정구역별
DT_1W712,교통안전시설에 대한 만족도,101018,101,2년,2001,2001,,,교통안전시설,
DT_1W713,교통문제,101018,101,2년,2001,2001,,,"자동차,버스,지하철,보행자",
DT_1W7A01,주택마련방법,101018,101,2년,1997,1997,,,"주택,방법",분류기준없음
DT_1W7A02,주택마련시기,101018,101,2년,1997,1997,,,주택,
DT_1W7A03,결혼후 내집마련시까지 이사횟수,101018,101,2년,1997,1997,,,이사횟수,
DT_1W7A04,원하는 주택형태,101018,101,2년,1997,1997,,,주택형태,
DT_1W7A051,원하는 방수,101018,101,2년,1997,1997,,,방수,
DT_1W7A052,원하는 주택규모,101018,101,2년,1997,1997,,,주택규모,주거면적별
DT_1W7A06,원하는 입주형태,101018,101,2년,1997,1997,,,입주형태,입주형태별
DT_1W7A07,현 주택 및 거주지 선택이유,101018,101,2년,1997,1997,,,"주택,거주지","주거형태별,지역인프라별,교육환경별,경제적요인별,직장위치별,교통편리성별,지리적환경별,안전성별,생활편의시설별,주거공간크기별,가족구성원수별,개인취향별,기타이유별"
DT_1W7A08,주택 및 거주지역에 대한 만족도,101018,101,2년,1997,1997,,,"주택,거주지역",거주지역별
DT_1W7A09,주택에 대한 만족도 및 불만이유,101018,101,2년,1997,1997,,,주택,
DT_1W7A10,거주지역에 대한 만족도 및 불만이유,101018,101,2년,1997,1997,,,거주지역,행정구역별
DT_1W7A11,승용차 차고지 확보유무,101018,101,2년,1997,1997,,,승용차,
DT_1W7A12,교통문제,101018,101,2년,1997,1997,,,교통량,
DT_1W7A13,교통안전시설에 대한 만족도,101018,101,2년,1997,1997,,,교통안전시설,
DT_1W7B01,주택소유여부,101018,101,2년,2004,2004,,,주택,
DT_1W7B02,주택마련시기,101018,101,2년,2004,2004,,,"주택,시기",
DT_1W7B03,결혼후 내집마련시까지 이사횟수,101018,101,2년,2004,2004,,,이사횟수,
DT_1W7B04,주택 구입자금 마련방법,101018,101,2년,2004,2004,,,주택구입자금,
DT_1W7B05,원하는 주택형태,101018,101,2년,2004,2004,,,주택형태,주택형태별
DT_1W7B06,원하는 점유형태,101018,101,2년,2004,2004,,,점유형태,점유형태별
DT_1W7B07,현주택 거주년수,101018,101,2년,2004,2004,,,거주년수,거주년수별
DT_1W7B081,주택만족도,101018,101,2년,2004,2004,,,주택,
DT_1W7B082,주택만족도(불만이유),101018,101,2년,2004,2004,,,주택,
DT_1W7B091,현거주지 선택이유-주된응답,101018,101,2년,2004,2004,,,거주지,
DT_1W7B092,현거주지 선택이유-복수응답,101018,101,2년,2004,2004,,,거주지,
DT_1W7B101,거주지역에 대한 만족도,101018,101,2년,2004,2004,,,거주지역,행정구역별
DT_1W7B102,거주지역에 대한 만족도(불만족이유),101018,101,2년,2004,2004,,,거주지역,행정구역별
DT_1W7B11,교통안전시설에 대한 만족도,101018,101,2년,2004,2004,,,교통안전시설,
DT_1W7B12,교통문제,101018,101,2년,2004,2004,,,"자동차,버스,지하철,보행자",
DT_1W811,컴퓨터 보유,101018,101,2년,2000,2000,,,컴퓨터,
DT_1W812,컴퓨터 종류,101018,101,2년,2000,2000,,,컴퓨터,종류별
DT_1W813,통신방식,101018,101,2년,2000,2000,,,통신방식,통신방식별
DT_1W814,컴퓨터 주변장치(중복응답),101018,101,2년,2000,2000,,,컴퓨터주변장치,분류기준없음
DT_1W82,소프트웨어 구입비용,101018,101,2년,2000,2000,,,소프트웨어구입비용,
DT_1W831,전화회선 보유율,101018,101,2년,2000,2000,,,전화회선,행정구역별
DT_1W832,전화료(월),101018,101,2년,2000,2000,,,전화료,
DT_1W833,이동전화 보유율,101018,101,2년,2000,2000,,,이동전화,행정구역별
DT_1W834,이동전화료(월),101018,101,2년,2000,2000,,,이동전화료,
DT_1W835,PC통신 및 인터넷 회선,101018,101,2년,2000,2000,,,"PC통신,인터넷회선",
DT_1W841,컴퓨터 사용능력,101018,101,2년,2000,2000,,,컴퓨터사용자,
DT_1W842,컴퓨터 사용여부 및 주된 사용용도,101018,101,2년,2000,2000,,,컴퓨터,
DT_1W843,컴퓨터의 주된사용용도(복수응답),101018,101,2년,2000,2000,,,컴퓨터,주된사용용도별
DT_1W844,컴퓨터 사용시간(평소1주일),101018,101,2년,2000,2000,,,컴퓨터사용시간,
DT_1W845,컴퓨터 교육 희망분야(주된응답),101018,101,2년,2000,2000,,,희망분야,교육희망분야별
DT_1W846,컴퓨터 교육 희망분야(복수응답),101018,101,2년,2000,2000,,,교육,교육희망분야별
DT_1W851,"PC통신,인터넷 이용여부 및 주된 용도",101018,101,2년,2000,2000,,,"PC통신,인터넷이용여부,주된용도",
DT_1W852,"PC통신,인터넷 이용용도(복수응답)",101018,101,2년,2000,2000,,,"PC통신,인터넷이용량",이용용도별
DT_1W853,"PC통신,인터넷 이용시간(평소1주일)",101018,101,2년,2000,2000,,,이용시간,
DT_1W854,"PC통신,인터넷 이용형태,이용장소",101018,101,2년,2000,2000,,,"PC통신,인터넷이용형태,이용장소","이용형태별,이용장소별"
DT_1W855,향후 PC통신 및 인터넷 이용의사,101018,101,2년,2000,2000,,,"PC통신,인터넷",
DT_1W861,정보의 주된 입수경로(주된응답),101018,101,2년,2000,2000,,,정보의입수경로,정보원별
DT_1W862,정보의 입수경로(복수응답),101018,101,2년,2000,2000,,,정보,
DT_1W871,정보화의 영향(개인생활이 편리해질 것이다),101018,101,2년,2000,2000,,,개인생활,
DT_1W872,정보화의 영향(사생활침해가 늘어날 것이다),101018,101,2년,2000,2000,,,사생활침해,
DT_1W873,정보화의 영향(일자리가 늘어날 것이다),101018,101,2년,2000,2000,,,일자리,
DT_1W874,"정보화의 영향(소외감,비인간화를 많이 느낄 것이다)",101018,101,2년,2000,2000,,,"소외감,비인간화",
DT_1W875,정보화의 영향(계층간 격차가 줄어들 것이다),101018,101,2년,2000,2000,,,정보화,
DT_1W876,정보화의 영향(지역문화수준 격차가 줄어들 것이다),101018,101,2년,2000,2000,,,지역문화수준,
DT_1W877,정보화의 영향(행정서비스가 좋아질 것이다),101018,101,2년,2000,2000,,,행정서비스,
DT_1W8A011,정보통신기기 가구보유,101018,101,2년,1997,1997,,,가구,가구별
DT_1W8A012,통신기기 개인보유,101018,101,2년,1997,1997,,,통신기기,통신기기보유형태별
DT_1W8A02,컴퓨터 사용경험 및 사용법 습득경로,101018,101,2년,1997,1997,,,"컴퓨터사용경험,컴퓨터사용법습득경로","사용경험별,사용법별"
DT_1W8A03,컴퓨터 사용능력,101018,101,2년,1997,1997,,,컴퓨터,
DT_1W8A041,컴퓨터교육 희망분야(주된 응답),101018,101,2년,1997,1997,,,희망분야,
DT_1W8A042,컴퓨터교육 희망분야(중복 응답),101018,101,2년,1997,1997,,,희망분야,희망분야별
DT_1W8A05,컴퓨터 보유여부,101018,101,2년,1997,1997,,,컴퓨터,
DT_1W8A06,컴퓨터 구입동기,101018,101,2년,1997,1997,,,컴퓨터,
DT_1W8A07,컴퓨터를 구입하지 않는 이유,101018,101,2년,1997,1997,,,컴퓨터구입하지않는이유,
DT_1W8A081,컴퓨터  주된 사용용도,101018,101,2년,1997,1997,,,사용용도,사용용도별
DT_1W8A082,컴퓨터 사용용도(중복응답),101018,101,2년,1997,1997,,,컴퓨터,사용용도별
DT_1W8A09,컴퓨터 사용시간(평소 1주일),101018,101,2년,1997,1997,,,컴퓨터사용시간,
DT_1W8A101,주된 사용 소프트웨어,101018,101,2년,1997,1997,,,소프트웨어,소프트웨어별
DT_1W8A102,사용 소프트웨어(중복응답),101018,101,2년,1997,1997,,,소프트웨어,
DT_1W8A111,소프트웨어 주된 구입방법,101018,101,2년,1997,1997,,,소프트웨어,주된구입방법별
DT_1W8A112,소프트웨어 구입방법(중복응답),101018,101,2년,1997,1997,,,소프트웨어,구입방법별
DT_1W8A12,소프트웨어 구입비용,101018,101,2년,1997,1997,,,소프트웨어구입비용,
DT_1W8A131,PC통신 및 인터넷 사용,101018,101,2년,1997,1997,,,"PC통신,인터넷사용",
DT_1W8A132,PC통신 및 인터넷 주된 사용용도,101018,101,2년,1997,1997,,,"PC통신,인터넷",
DT_1W8A133,PC통신 및 인터넷 사용용도(중복응답),101018,101,2년,1997,1997,,,"PC통신,인터넷사용용도",사용용도별
DT_1W8A134,PC통신 및 인터넷 사용시간(평소 1주일간),101018,101,2년,1997,1997,,,사용시간,
DT_1W8A14,PC통신 및 인터넷을 사용하지 않는 이유,101018,101,2년,1997,1997,,,사용자,
DT_1W8A151,통신비용 지출액(전화),101018,101,2년,1997,1997,,,"통신비용,전화",행정구역별
DT_1W8A152,통신비용 지출액(이동전화),101018,101,2년,1997,1997,,,"통신비용,이동전화",행정구역별
DT_1W8A153,통신비용 지출액(시티폰),101018,101,2년,1997,1997,,,"통신비용,시티폰",
DT_1W8A154,통신비용 지출액(무선호출기),101018,101,2년,1997,1997,,,통신비용지출액,"통신비용지출액,무선호출기별"
DT_1W8A155,통신비용 지출액(PC통신),101018,101,2년,1997,1997,,,"통신비용,PC통신",
DT_1W8A161,정보의 주된 입수경로,101018,101,2년,1997,1997,,,정보의입수경로,입수경로별
DT_1W8A162,정보의 입수경로(중복응답),101018,101,2년,1997,1997,,,정보의입수경로,입수경로별
DT_1W8A171,정보화의 영향(개인생활),101018,101,2년,1997,1997,,,개인생활,
DT_1W8A172,정보화의 영향(정보획득),101018,101,2년,1997,1997,,,정보획득,
DT_1W8A173,정보화의 영향(사생활 침해),101018,101,2년,1997,1997,,,침해,
DT_1W8A174,정보화의 영향(일자리),101018,101,2년,1997,1997,,,일자리,
DT_1W8A175,정보화의 영향(소외감·비인간화),101018,101,2년,1997,1997,,,"소외감,비인간화",
DT_1W8A176,정보화의 영향(계층간 격차),101018,101,2년,1997,1997,,,정보화,계층별
DT_1W8A177,정보화의 영향(지역문화수준 격차),101018,101,2년,1997,1997,,,지역문화수준,행정구역별
DT_1W8A178,정보화의 영향(행정서비스),101018,101,2년,1997,1997,,,행정서비스,
DT_1W8A18,"정보화의 영향(작업환경,의사결정)",101018,101,2년,1997,1997,,,"작업환경,의사결정",
DT_1W8A19,정보화의 필요성 및 대책,101018,101,2년,1997,1997,,,정보화,
DT_1W91,음식물쓰레기 처리방법,101018,101,2년,2001,2001,,,음식물쓰레기,처리방법별
DT_1W92,쓰레기 종량제 참여시 불편한 점,101018,101,2년,2001,2001,,,쓰레기,
DT_1W931,농약오염에 대한 불안(우리나라 농산물),101018,101,2년,2001,2001,,,"농약오염,우리나라농산물",
DT_1W932,농약오염에 대한 불안(외국산 농산물),101018,101,2년,2001,2001,,,"농약오염,외국산농산물",
DT_1W933,우리나라 및 외국산 농산물의 농약오염에 대한 불안,101018,101,2년,2001,2001,,,농산물,"국산외국산별,농산물별"
DT_1W941,환경오염에 대한 체감(대기오염),101018,101,2년,2001,2001,,,"환경오염,대기오염",
DT_1W942,환경오염에 대한 체감(수질오염),101018,101,2년,2001,2001,,,수질오염,
DT_1W943,"환경오염에 대한 체감(쓰레기,폐기물로 인한 오염)",101018,101,2년,2001,2001,,,"환경오염,쓰레기,폐기물",환경오염별
DT_1W944,환경오염에 대한 체감(소음공해),101018,101,2년,2001,2001,,,소음공해,
DT_1W945,환경오염에 대한 체감(녹지 등 주위환경 훼손),101018,101,2년,2001,2001,,,녹지,
DT_1W951,환경오염방지노력(쓰레기와 재활용품은 분리하여 버린다),101018,101,2년,2001,2001,,,쓰레기와재활용품,
DT_1W952,환경오염방지노력(환경친화상품을 구입한다),101018,101,2년,2001,2001,,,환경친화상품구입,
DT_1W953,환경오염방지노력(합성세제 사용을 줄인다),101018,101,2년,2001,2001,,,합성세제사용,
DT_1W954,환경오염방지노력(1회용품 사용을 자제한다),101018,101,2년,2001,2001,,,1회용품사용,
DT_1W955,환경오염방지노력(물을 아껴쓴다),101018,101,2년,2001,2001,,,물사용량,
DT_1W956,환경오염방지노력(환경 및 자연보호운동에 참여한다),101018,101,2년,2001,2001,,,자연보호운동,
DT_1W961,환경문제 해결을 위한 과제(주된응답),101018,101,2년,2001,2001,,,환경문제,
DT_1W962,환경문제 해결을 위한 과제(복수응답),101018,101,2년,2001,2001,,,환경문제,
DT_1W97,환경보호 부담의향,101018,101,2년,2001,2001,,,"환경보호,부담의향",
DT_1W9A01,쓰레기봉투 사용시 불편한 점,101018,101,2년,1997,1997,,,쓰레기봉투,
DT_1W9A021,쓰레기봉투 사용,101018,101,2년,1997,1997,,,쓰레기봉투,
DT_1W9A022,쓰레기 배출규모(1주간),101018,101,2년,1997,1997,,,쓰레기,
DT_1W9A03,음식물쓰레기 처리방법,101018,101,2년,1997,1997,,,음식물쓰레기,처리방법별
DT_1W9A041,상수도시설,101018,101,2년,1997,1997,,,상수도시설,
DT_1W9A042,먹는물,101018,101,2년,1997,1997,,,먹는물,
DT_1W9A043,먹는물 처리방법,101018,101,2년,1997,1997,,,"먹는물,처리방법",처리방법별
DT_1W9A051,농약오염에 대한 불안,101018,101,2년,1997,1997,,,농약오염,
DT_1W9A052,우리나라 및 외국농산물의 농약오염에 대한 불안,101018,101,2년,1997,1997,,,"외국농산물,우리나라농산물",국산수입산별
DT_1W9A061,환경오염에 대한 체감 정도-대기오염,101018,101,2년,1997,1997,,,"환경오염,대기오염",
DT_1W9A062,환경오염에 대한 체감 정도-수질오염,101018,101,2년,1997,1997,,,수질오염,
DT_1W9A063,"환경오염에 대한 체감 정도-쓰레기,폐기물오염",101018,101,2년,1997,1997,,,"쓰레기,폐기물오염",환경오염별
DT_1W9A064,환경오염에 대한 체감 정도-소음공해,101018,101,2년,1997,1997,,,소음공해,
DT_1W9A065,환경오염에 대한 체감 정도-주위환경 손상,101018,101,2년,1997,1997,,,"환경오염,주위환경손상",
DT_1W9A071,환경오염 방지노력-합성세제 사용줄임,101018,101,2년,1997,1997,,,합성세제,
DT_1W9A072,환경오염 방지노력-쓰레기와 재활용품을 분리해서 버림,101018,101,2년,1997,1997,,,"쓰레기,재활용품",쓰레기와재활용품별
DT_1W9A073,환경오염 방지노력-자연보호 운동에 참여,101018,101,2년,1997,1997,,,자연보호운동,
DT_1W9A074,환경오염 방지노력-환경친화상품 구입,101018,101,2년,1997,1997,,,환경친화상품구입,환경친화상품별
DT_1W9A075,환경오염 방지노력-1회용품 사용자제,101018,101,2년,1997,1997,,,1회용품,
DT_1W9A076,환경오염 방지노력-물을 아껴 씀,101018,101,2년,1997,1997,,,물사용량,
DT_1W9A081,환경문제 해결을 위한 과제(주된응답),101018,101,2년,1997,1997,,,환경문제,
DT_1W9A082,환경문제 해결을 위한 과제(중복응답),101018,101,2년,1997,1997,,,"환경문제,과제",
DT_1W9A091,대기오염 방지책(주된응답),101018,101,2년,1997,1997,,,대기오염,
DT_1W9A092,대기오염 방지책(중복응답),101018,101,2년,1997,1997,,,대기오염방지책,
DT_1W9A101,수질오염 방지책(주된응답),101018,101,2년,1997,1997,,,"수질,오염,방지책",
DT_1W9A102,수질오염 방지책(중복응답),101018,101,2년,1997,1997,,,수질오염방지책,
DT_1W9C1,쓰레기 종량제 참여시 불편한 점 - 가구주,101018,101,2년,2005,2005,,,가구주,가구주별
DT_1W9C2,음식물쓰레기 처리방법 - 가구주,101018,101,2년,2005,2005,,,가구주,가구주별
DT_1W9C3,대기오염 - 15세이상 인구,101018,101,2년,2005,2005,,15세이상,인구,인구별
DT_1W9C4,환경보호 부담의향 - 15세이상 인구,101018,101,2년,2005,2005,,15세이상,인구,인구별
DT_1W9C5,환경문제 해결을 위한 과제(주된 응답) - 15세이상 인구,101018,101,2년,2005,2005,,15세이상,인구,인구별
DT_1W9C6,환경문제 해결을 위한 과제(복수 응답) - 15세이상 인구,101018,101,2년,2005,2005,,15세이상,인구,인구별
DT_1W9C71,농약오염에 대한 불안(우리나라 농산물) - 15세이상 인구,101018,101,2년,2005,2005,,15세이상,인구,인구별
DT_1W9C72,농약오염에 대한 불안(수입산 농산물) - 15세이상 인구,101018,101,2년,2005,2005,,15세이상,인구,인구별
DT_1W9C73,농약오염에 대한 불안(우리나라 및 수입 농산물)-15세이상 인구,101018,101,2년,2005,2005,,15세이상,인구,인구별
DT_1W9C81,체감환경(대기오염) - 15세이상 인구,101018,101,2년,2005,2005,,15세이상,인구,인구별
DT_1W9C82,체감환경(수질오염) - 15세이상 인구,101018,101,2년,2005,2005,,15세이상,인구,인구별
DT_1W9C83,"체감환경(쓰레기,폐기물로 인한 오염) - 15세이상 인구",101018,101,2년,2005,2005,,15세이상,인구,인구별
DT_1W9C84,체감환경(소음공해) - 15세이상 인구,101018,101,2년,2005,2005,,15세이상,인구,인구별
DT_1W9C85,체감환경(녹지 등 주위환경 훼손) - 15세이상 인구,101018,101,2년,2005,2005,,15세이상,인구,인구별
DT_1W9C91,"환경오염 방지노력-분리배출(일반·음식물 쓰레기,재활용품)한다",101018,101,2년,2005,2005,,,"쓰레기,재활용품",쓰레기별
DT_1W9C92,환경오염 방지노력-음식물 낭비를 줄인다,101018,101,2년,2005,2005,,,음식물낭비,
DT_1W9C93,환경오염 방지노력-합성세제 사용을 줄인다,101018,101,2년,2005,2005,,,합성세제사용,
DT_1W9C94,환경오염 방지노력-1회용품 사용을 자제한다,101018,101,2년,2005,2005,,,1회용품사용량,
DT_1W9C95,환경오염 방지노력-조금 비싸더라도 환경친화상품을 구입한다,101018,101,2년,2005,2005,,,환경친화상품,
DT_1W9C96,환경오염 방지노력-환경 및 자연보호운동에 참여한다,101018,101,2년,2005,2005,,,자연보호운동,
DT_1WA0001,취학전 자녀 양육실태(어머니)-주된 양육방법,101018,101,2년,1998,1998,,,"자녀,어머니",양육방법별
DT_1WA0002,취학전 자녀양육실태(어머니)-복수 양육방법,101018,101,2년,1998,1998,,,"자녀양육,어머니",복수양육방법별
DT_1WA0003,취학전 자녀양육의견(어머니)-주된 의견,101018,101,2년,1998,1998,,,자녀양육의견,
DT_1WA0004,취학전 자녀양육의견(어머니)-복수 의견,101018,101,2년,1998,1998,,,자녀양육의견,
DT_1WA0005,취학전 자녀 주된 양육실태별 주된 양육의견,101018,101,2년,1998,1998,,,자녀,양육실태별
DT_1WA0009,보험료부담에 대한 인식-가구주,101018,101,2년,1998,1998,,,가구주,
DT_1WA0010,보험료부담에 대한 인식-15세이상인구,101018,101,2년,1998,1998,,15세이상,인구,
DT_1WA0011,장애인복지-주된 응답,101018,101,2년,1998,1998,,,장애인,
DT_1WA0012,장애인복지-복수 응답,101018,101,2년,1998,1998,,,장애인,
DT_1WA0013,노인문제-주된 응답,101018,101,2년,1998,1998,,,노인,
DT_1WA0014,노인문제-복수 응답,101018,101,2년,1998,1998,,,노인,
DT_1WA0015,공공시설-주된 응답,101018,101,2년,1998,1998,,,공공시설,
DT_1WA0016,공공시설-복수 응답,101018,101,2년,1998,1998,,,공공시설,
DT_1WA0017,생활보호제도 인지여부,101018,101,2년,1998,1998,,,생활보호제도,
DT_1WA0018,생활보호-생활비 충당경로(복수 응답),101018,101,2년,1998,1998,,,"생활보호,생활비",생활비충당경로별
DT_1WA0019,생활보호-가장 필요한것,101018,101,2년,1998,1998,,,생활보호,
DT_1WA0061,성차별에 대한 인식-가정생활,101018,101,2년,1998,1998,,,인식,
DT_1WA0062,성차별에 대한 인식-학교생활,101018,101,2년,1998,1998,,,"인식,학교생활",성별
DT_1WA0063,성차별에 대한 인식-직장생활,101018,101,2년,1998,1998,,,인식,인식별
DT_1WA0064,성차별에 대한 인식-사회생활,101018,101,2년,1998,1998,,,인식,
DT_1WA0071,생활여건의 변화(가구주)-전반적인 생활여건,101018,101,2년,1998,1998,,,가구주,
DT_1WA0072,생활여건의 변화(가구주)-경제생활,101018,101,2년,1998,1998,,,가구주,경제생활별
DT_1WA0073,생활여건의 변화(가구주)-직장생활,101018,101,2년,1998,1998,,,가구주,직장생활별
DT_1WA0074,생활여건의 변화(가구주)-개인의 건강,101018,101,2년,1998,1998,,,"가구주,개인의건강",건강상태별
DT_1WA0075,생활여건의 변화(가구주)-보건의료서비스,101018,101,2년,1998,1998,,,가구주,
DT_1WA0076,생활여건의 변화(가구주)-사회보장제도,101018,101,2년,1998,1998,,,가구주,사회보장제도별
DT_1WA0077,생활여건의 변화(가구주)-주거환경,101018,101,2년,1998,1998,,,"가구주,주거환경",주거환경별
DT_1WA0078,생활여건의 변화(가구주)-교통환경,101018,101,2년,1998,1998,,,가구주,
DT_1WA0081,생활여건의 변화(15세이상인구)-전반적인 생활여건,101018,101,2년,1998,1998,,15세이상,인구,
DT_1WA0082,생활여건의 변화(15세이상인구)-경제생활,101018,101,2년,1998,1998,,15세이상,인구,
DT_1WA0083,생활여건의 변화(15세이상인구)-직장생활,101018,101,2년,1998,1998,,15세이상,인구,
DT_1WA0084,생활여건의 변화(15세이상인구)-개인의 건강,101018,101,2년,1998,1998,,15세이상,"인구,개인의건강",건강상태별
DT_1WA0085,생활여건의 변화(15세이상인구)-보건의료서비스,101018,101,2년,1998,1998,,15세이상,"인구,보건의료서비스",
DT_1WA0086,생활여건의 변화(15세이상인구)-사회보장제도,101018,101,2년,1998,1998,,15세이상,인구,
DT_1WA0087,생활여건의 변화(15세이상인구)-주거환경,101018,101,2년,1998,1998,,15세이상,인구,
DT_1WA0088,생활여건의 변화(15세이상인구)-교통환경,101018,101,2년,1998,1998,,15세이상,인구,
DT_1WAA011,노인문제-주된응답,101018,101,2년,2002,2002,,,노인,
DT_1WAA012,노인문제-복수응답,101018,101,2년,2002,2002,,,노인,
DT_1WAA021,본인의 노후준비방법(가구주)-주된응답,101018,101,2년,2002,2002,,,"노후준비방법,가구주",
DT_1WAA022,본인의 노후준비방법(가구주)-복수응답,101018,101,2년,2002,2002,,,노후준비방법,
DT_1WAA023,본인의 노후준비방법(15세이상 인구)-주된응답,101018,101,2년,2002,2002,,15세이상,인구,인구별
DT_1WAA024,본인의 노후준비방법(15세이상 인구)-복수응답,101018,101,2년,2002,2002,,15세이상,인구,인구별
DT_1WAA03,생활비(용돈)마련 방법,101018,101,2년,2002,2002,,,"생활비,용돈",
DT_1WAA041,받고싶은 복지서비스-주된응답,101018,101,2년,2002,2002,,,복지서비스,
DT_1WAA042,받고싶은 복지서비스-복수응답,101018,101,2년,2002,2002,,,복지서비스,
DT_1WAA051,여가시간활용의향-주된응답,101018,101,2년,2002,2002,,,여가시간활용의향,
DT_1WAA052,여가시간활용의향-복수응답,101018,101,2년,2002,2002,,,여가시간활용의향,
DT_1WAA06,향후자녀와 동거여부,101018,101,2년,2002,2002,,,"향후자녀,동거",동거여부별
DT_1WAA07,장래살고 싶은 곳,101018,101,2년,2002,2002,,,지역,
DT_1WAA081,10세이하 자녀양육실태-주된응답,101018,101,2년,2002,2002,,10세이하,자녀양육실태,
DT_1WAA082,10세이하 자녀양육실태-복수응답,101018,101,2년,2002,2002,,10세이하,자녀양육실태,
DT_1WAA091,10세이하 자녀양육견해-주된응답,101018,101,2년,2002,2002,,10세이하,자녀양육견해,
DT_1WAA092,10세이하 자녀양육견해-복수응답,101018,101,2년,2002,2002,,10세이하,자녀양육견해,
DT_1WAA101,성차별에 대한 인식-가정생활,101018,101,2년,2002,2002,,,인식,인식별
DT_1WAA102,성차별에 대한 인식-학교생활,101018,101,2년,2002,2002,,,"인식,학교생활",학교생활별
DT_1WAA103,성차별에 대한 인식-직장생활,101018,101,2년,2002,2002,,,인식,"인식별,직장생활별"
DT_1WAA104,성차별에 대한 인식-사회생활,101018,101,2년,2002,2002,,,인식,
DT_1WAA111,사회보험료 부담에 대한 인식(가구주),101018,101,2년,2002,2002,,,가구주,인식별로
DT_1WAA112,사회보험료 부담에 대한 인식(15세이상 인구),101018,101,2년,2002,2002,,15세이상,인구,인구별
DT_1WAA121,생활여건의 변화(가구주)-전반적인 생활여건,101018,101,2년,2002,2002,,,가구주,
DT_1WAA122,생활여건의 변화(가구주)-보건의료서비스,101018,101,2년,2002,2002,,,가구주,
DT_1WAA123,생활여건의 변화(가구주)-사회보장제도,101018,101,2년,2002,2002,,,가구주,사회보장제도별
DT_1WAA124,생활여건의 변화(가구주)-문화여가생활,101018,101,2년,2002,2002,,,가구주,문화여가생활별
DT_1WAA125,생활여건의 변화(15세이상인구)-전반적인 생활여건,101018,101,2년,2002,2002,,15세이상,인구,
DT_1WAA126,생활여건의 변화(15세이상인구)-보건의료서비스,101018,101,2년,2002,2002,,15세이상,"인구,보건의료서비스",
DT_1WAA127,생활여건의 변화(15세이상인구)-사회보장제도,101018,101,2년,2002,2002,,15세이상,인구,
DT_1WAA128,생활여건의 변화(15세이상인구)-문화여가생활,101018,101,2년,2002,2002,,15세이상,인구,문화여가생활별
DT_1WAA131,장애인이 필요로 하는 것-주된 응답,101018,101,2년,2002,2002,,,장애인,
DT_1WAA132,장애인이 필요로 하는 것-복수응답,101018,101,2년,2002,2002,,,장애인,
DT_1WAA141,향후 늘려야 할 공공시설-주된응답,101018,101,2년,2002,2002,,,공공시설,
DT_1WAA142,향후 늘려야 할 공공시설-복수응답,101018,101,2년,2002,2002,,,공공시설,
DT_1WAC011,사회보험료 부담에 대한 인식 - 가구주,101018,101,2년,2005,2005,,,가구주,인식별
DT_1WAC012,사회보험료 부담에 대한 인식 - 15세이상 가구원,101018,101,2년,2005,2005,,15세이상,가구원,가구원별
DT_1WAC021,향후 늘려야 할 공공시설(주된응답) - 15세이상 가구원,101018,101,2년,2005,2005,,15세이상,가구원,가구원별
DT_1WAC022,향후 늘려야 할 공공시설(복수응답) - 15세이상 가구원,101018,101,2년,2005,2005,,15세이상,가구원,가구원별
DT_1WAC031,생활여건의 변화(15세이상 가구원) - 전반적인 생활여건,101018,101,2년,2005,2005,,15세이상,가구원,가구원별
DT_1WAC032,생활여건의 변화(15세이상 가구원) - 보건의료서비스,101018,101,2년,2005,2005,,15세이상,가구원,가구원별
DT_1WAC033,생활여건의 변화(15세이상 가구원) - 사회보장제도,101018,101,2년,2005,2005,,15세이상,가구원,가구원별
DT_1WAC034,"생활여건의 변화(15세이상 가구원) - 문화,여가생활 등",101018,101,2년,2005,2005,,15세이상,가구원,가구원별
DT_1WAC04,사회의 장애인 차별 - 15세이상 가구원,101018,101,2년,2005,2005,,15세이상,"장애인,가구원",가구원별
DT_1WAC05,자신의 장애인 차별 - 15세이상 가구원,101018,101,2년,2005,2005,,15세이상,가구원,가구원별
DT_1WAC06,장애인에 대한 견해 - 15세이상 가구원,101018,101,2년,2005,2005,,15세이상,가구원,가구원별
DT_1WAC07,장애인 관련 시설 설립에 대한 견해- 15세이상 가구원,101018,101,2년,2005,2005,,15세이상,가구원,가구원별
DT_1WAC081,장애인이 필요로 하는 것(주된 응답) - 15세이상 가구원,101018,101,2년,2005,2005,,15세이상,가구원,가구원별
DT_1WAC082,장애인이 필요로 하는 것(복수 응답) - 15세이상 가구원,101018,101,2년,2005,2005,,15세이상,가구원,가구원별
DT_1WAC09,장애인 복지사업의 충분정도 - 15세이상 가구원,101018,101,2년,2005,2005,,15세이상,가구원,가구원별
DT_1WAC10,우선적으로 확대 실시되어야할 장애인 복지사업-15세이상 가구원,101018,101,2년,2005,2005,,15세이상,가구원,가구원별
DT_1WAC11,장애인을 위한 봉사활동 - 15세이상 가구원,101018,101,2년,2005,2005,,15세이상,가구원,가구원별
DT_1WAC12,향후 봉사활동 의사 - 15세이상 가구원,101018,101,2년,2005,2005,,15세이상,가구원,가구원별
DT_1WAC131,노인들이 겪는 가장 어려운 문제(주된 응답) - 60세이상 가구원,101018,101,2년,2005,2005,,60세이상,가구원,가구원별
DT_1WAC132,노인들이 겪는 가장 어려운 문제(복수 응답) - 60세이상 가구원,101018,101,2년,2005,2005,,60세이상,가구원,가구원별
DT_1WAC141,본인의 노후준비방법(가구주) - 주된 응답,101018,101,2년,2005,2005,,,"노후준비방법,가구주",
DT_1WAC142,본인의 노후준비방법(가구주) - 복수 응답,101018,101,2년,2005,2005,,,노후준비방법,
DT_1WAC143,본인의 노후준비방법(15세이상 가구원) - 주된 응답,101018,101,2년,2005,2005,,15세이상,"노후준비방법,가구원",가구원별
DT_1WAC144,본인의 노후준비방법(15세이상 가구원) - 복수 응답,101018,101,2년,2005,2005,,15세이상,"노후준비방법,가구원",가구원별
DT_1WAC15,현재 자녀와 동거여부 - 60세이상 가구원,101018,101,2년,2005,2005,,60세이상,가구원,동거여부별
DT_1WAC16,향후 자녀와 동거여부 - 60세이상 가구원,101018,101,2년,2005,2005,,60세이상,가구원,가구원별
DT_1WAC17,생활비 마련 방법 - 60세이상 가구원,101018,101,2년,2005,2005,,60세이상,가구원,가구원별
DT_1WAC181,받고싶은 복지서비스(주된 응답) - 60세이상 가구원,101018,101,2년,2005,2005,,60세이상,가구원,가구원별
DT_1WAC182,받고싶은 복지서비스(복수 응답) - 60세이상 가구원,101018,101,2년,2005,2005,,60세이상,가구원,가구원별
DT_1WAC192,만10세이하 자녀양육실태(복수 응답),101018,101,2년,2005,2005,,10세이하,자녀양육실태,
DT_1WAC20,보육(교육)기관을 이용하지 않는 이유,101018,101,2년,2005,2005,,,이용하지않는이유,
DT_1WAC21,보육(교육)기관을 이용하는 이유,101018,101,2년,2005,2005,,,"보육,교육기관",
DT_1WAC22,보육(교육)기관에 대한 만족도,101018,101,2년,2005,2005,,,"보육,교육기관","보육,교육기관별"
DT_1WAC23,보육(교육)기관에 대한 불만족 이유,101018,101,2년,2005,2005,,,"보육,교육기관","보육,교육기관유형별"
DT_1WAC24,보육(교육)료 부담에 대한 인식,101018,101,2년,2005,2005,,,"보육,교육료,인식",
DT_1WAC251,보육(교육)기관 선택시 고려사항(주된 응답),101018,101,2년,2005,2005,,,"보육,교육기관",
DT_1WAC252,보육(교육)기관 선택시 고려사항(복수 응답),101018,101,2년,2005,2005,,,"보육,교육기관",
DT_1WAC26,자녀 양육의 가장 어려운 점,101018,101,2년,2005,2005,,,양육,
DT_1WAC27,희망 보육(교육)시설 확충,101018,101,2년,2005,2005,,,"보육,교육시설",
DT_1WAC28,가장 시급히 해결해야 할 보육문제,101018,101,2년,2005,2005,,,보육문제,
DT_1WAE011,"생활여건의 변화(전반적인 생활여건):15세이상, 2004년과 비교하여",101018,101,2년,2007,2007,,15세이상,생활여건,
DT_1WAE012,"생활여건의 변화 (보건의료서비스):15세이상,2004년과 비교",101018,101,2년,2007,2007,,15세이상,보건의료서비스,
DT_1WAE013,"생활여건의 변화(사회보장제도):15세이상, 2004년과 비교",101018,101,2년,2007,2007,,15세이상,사회보장제도,
DT_1WAE014,"생활여건의 변화(문화·여가생활 향유여건):15세이상, 2004년과 비교",101018,101,2년,2007,2007,,15세이상,문화여가생활,
DT_1WAE023,사회보험료 부담에 대한 인식(건강보험) : 가구주,101018,101,2년,2007,2007,,,가구주,가구주별
DT_1WAE024,사회보험료 부담에 대한 인식(국민연금) : 가구주,101018,101,2년,2007,2007,,,가구주,가구주별
DT_1WAE025,사회보험료 부담에 대한 인식(고용·산재보험) : 가구주,101018,101,2년,2007,2007,,,가구주,가구주별
DT_1WAE026,사회보험료 부담에 대한 인식(기타) : 가구주,101018,101,2년,2007,2007,,,가구주,가구주별
DT_1WAE027,사회보험료 부담에 대한 인식(건강보험) : 15세 이상인구,101018,101,2년,2007,2007,,15세 이상,인구,인구별
DT_1WAE028,사회보험료 부담에 대한 인식(국민연금) : 15세 이상인구,101018,101,2년,2007,2007,,15세 이상,인구,인구별
DT_1WAE029,사회보험료 부담에 대한 인식(고용·산재보험) : 15세 이상인구,101018,101,2년,2007,2007,,15세 이상,인구,인구별
DT_1WAE02A,사회보험료 부담에 대한 인식(기타) : 15세 이상인구,101018,101,2년,2007,2007,,15세 이상,인구,인구별
DT_1WAE031,향후 늘려야 할 공공시설 (주된응답) : 15세 이상 인구,101018,101,2년,2007,2007,,15세 이상,인구,인구별
DT_1WAE032,향후 늘려야 할 공공시설 (복수응답) : 15세 이상 인구,101018,101,2년,2007,2007,,15세 이상,인구,인구별
DT_1WAE041,향후 늘려야 할 복지서비스 (주된응답) : 15세 이상 인구,101018,101,2년,2007,2007,,15세 이상,인구,인구별
DT_1WAE042,향후 늘려야 할 복지서비스 (복수응답) : 15세 이상 인구,101018,101,2년,2007,2007,,15세 이상,인구,인구별
DT_1WAE05,사회의 장애인 차별 : 15세 이상 인구,101018,101,2년,2007,2007,,15세 이상,"장애인,인구","장애유형별,연령별,성별"
DT_1WAE06,자신의 장애인 차별 : 15세 이상 인구,101018,101,2년,2007,2007,,15세 이상,인구,
DT_1WAE07,장애인에 대한 견해 : 15세 이상 인구,101018,101,2년,2007,2007,,15세 이상,"장애인,인구",인구별
DT_1WAE08,장애인 관련시설 설립에 대한 견해 : 15세 이상 인구,101018,101,2년,2007,2007,,15세 이상,인구,인구별
DT_1WAE09,장애인 복지사업의 충분정도 : 15세 이상 인구,101018,101,2년,2007,2007,,15세 이상,인구,인구별
DT_1WAE10,우선적으로 확대 실시되어야 할 장애인 복지사업(주된응답) : 15세 이상,101018,101,2년,2007,2007,,15세 이상,장애인복지사업,
DT_1WAE101,우선적으로 확대 실시되어야 할 장애인 복지사업(복수응답) : 15세 이상,101018,101,2년,2007,2007,,15세 이상,장애인복지사업,
DT_1WAE11,장애인을 위한 봉사활동 : 15세 이상 인구,101018,101,2년,2007,2007,,15세 이상,"장애인,인구",인구별
DT_1WAE12,향후 봉사활동 의사 : 15세 이상 인구,101018,101,2년,2007,2007,,15세 이상,인구,인구별
DT_1WAE131,노후준비 방법 (주된응답) : 18세이상 가구주,101018,101,2년,2007,2007,,18세이상,가구주,가구주별
DT_1WAE132,노후준비 방법 (복수응답) : 18세이상 가구주,101018,101,2년,2007,2007,,18세이상,가구주,가구주별
DT_1WAE133,노후준비 방법 (주된응답) : 18세 이상 인구,101018,101,2년,2007,2007,,18세 이상,인구,인구별
DT_1WAE134,노후준비 방법 (복수응답) : 18세 이상 인구,101018,101,2년,2007,2007,,18세 이상,인구,인구별
DT_1WAE141,노인들이 겪는 가장 어려운 문제(주된응답) : 60세 이상,101018,101,2년,2007,2007,,60세 이상,노인,
DT_1WAE142,노인들이 겪는 가장 어려운 문제(복수응답) : 60세 이상,101018,101,2년,2007,2007,,60세 이상,노인,
DT_1WAE15,생활비  마련방법 : 60세 이상,101018,101,2년,2007,2007,,60세 이상,생활비,
DT_1WAE161,현재 자녀와 동거여부 (주된응답) : 60세 이상,101018,101,2년,2007,2007,,60세 이상,"자녀,동거",동거여부별
DT_1WAE162,현재 자녀와 동거여부 (복수응답) : 60세 이상,101018,101,2년,2007,2007,,60세 이상,"자녀,가구",동거여부별
DT_1WAE17,향후 자녀와 동거여부 : 60세 이상,101018,101,2년,2007,2007,,60세 이상,"자녀,동거",
DT_1WAE181,받고 싶은 복지서비스 (주된응답) : 60세 이상,101018,101,2년,2007,2007,,60세 이상,복지서비스,
DT_1WAE182,받고 싶은 복지서비스 (복수응답) : 60세 이상,101018,101,2년,2007,2007,,60세 이상,복지서비스,
DT_1WAE19,방과후 시간을 보내는 곳과 함께 지내는 사람 : 초등학교 재학아동,101018,101,2년,2007,2007,,,"초등학생,방과후시간,함께지내는사람",행정구역별
DT_1WAE20,방과후 시간의 활용 : 초등학교 재학 아동,101018,101,2년,2007,2007,,,초등학생,활용별
DT_1WAE21,주된 학습방법 : 초등학교 재학 아동,101018,101,2년,2007,2007,,,초등학교재학아동,재학아동별
DT_1WAE22,안전한 놀이 장소: 초등학생이 있는 가구주,101018,101,2년,2007,2007,,,"초등학생,가구주",가구주별
DT_1WAE231,방과후 놀이 방법(주된응답) : 초등학교 재학 아동,101018,101,2년,2007,2007,,,초등학생,재학아동별
DT_1WAE232,방과후 놀이 방법(복수응답) : 초등학교 재학 아동,101018,101,2년,2007,2007,,,초등학교재학아동,재학아동별
DT_1WAE24,방과후 놀이 장소 : 초등학교 재학 아동,101018,101,2년,2007,2007,,,초등학교재학아동,재학아동별
DT_1WAE25,해외여행 경험 : 초등학교 재학 아동,101018,101,2년,2007,2007,,,"초등학생,아동",
DT_1WAE26,결식여부 : 초등학교 재학 아동,101018,101,2년,2007,2007,,,아동의결식여부,재학여부별
DT_1WAE271,아동양육의 어려운 점(주된응답) : 가구주,101018,101,2년,2007,2007,,,가구주,가구주별
DT_1WAE272,아동양육의 어려운 점(복수응답) : 가구주,101018,101,2년,2007,2007,,,가구주,가구주별
DT_1WAE29,아동 어머니의 동거 및 취업 여부:초등학교 재학아동,101018,101,2년,2007,2007,,,"아동,어머니,초등학교재학아동",동거및취업여부별
DT_1WB11,신문구독,101018,101,2년,2000,2000,,,신문구독자,구독자별
DT_1WB12,신문의 관심부문(복수응답),101018,101,2년,2000,2000,,,신문,관심부문별
DT_1WB13,신문보도에 대한 만족여부 및 불만족이유,101018,101,2년,2000,2000,,,"신문보도,불만족이유",
DT_1WB21,1주간TV시청시간 및 시청률,101018,101,2년,2000,2000,,,"TV시청시간,시청률",
DT_1WB22,즐겨보는 TV 프로그램(복수응답),101018,101,2년,2000,2000,,,TV프로그램,"장르별,연령별"
DT_1WB23,TV 방송내용에 대한 만족여부 및 불만족이유,101018,101,2년,2000,2000,,,"TV방송내용,만족여부,불만족이유","만족여부별,불만족이유별"
DT_1WB3,비디오시청,101018,101,2년,2000,2000,,,비디오시청자,
DT_1WB4,독서인구비율,101018,101,2년,2000,2000,,,독서인구,
DT_1WB41,총독서량,101018,101,2년,2000,2000,,,독서량,
DT_1WB42,교양서적독서량,101018,101,2년,2000,2000,,,교양서적독서량,
DT_1WB43,직업관련서적독서량,101018,101,2년,2000,2000,,,직업관련서적독서량,
DT_1WB44,잡지류독서량,101018,101,2년,2000,2000,,,잡지류독서량,
DT_1WB45,생활취미정보관련서적 독서량,101018,101,2년,2000,2000,,,독서량,
DT_1WB46,만화등 기타서적 독서량,101018,101,2년,2000,2000,,,독서량,
DT_1WB51,CD와 Tape구입,101018,101,2년,2000,2000,,,"CD,Tape",
DT_1WB52,CD와 Tape 평균구입량,101018,101,2년,2000,2000,,,"CD,Tape",매체별
DT_1WB61,여가활용방법(복수응답),101018,101,2년,2000,2000,,,여가활용방법,
DT_1WB62,여가활용만족여부 및 불만족이유,101018,101,2년,2000,2000,,,"여가활용만족여부,불만족이유",
DT_1WB631,레저시설별 이용자비율(중복응답),101018,101,2년,2000,2000,,,이용자비율,레저시설별
DT_1WB632,레저시설별 이용자의 평균이용횟수,101018,101,2년,2000,2000,,,레저시설별이용자,레저시설별
DT_1WB633,1인당 레저시설 이용횟수(15세 이상 인구),101018,101,2년,2000,2000,,15세 이상,인구,인구별
DT_1WB71,국내관광 여행자 비율 및 여행횟수,101018,101,2년,2000,2000,,,"여행자,여행횟수",
DT_1WB72,여행지에서 불편한 점(복수응답),101018,101,2년,2000,2000,,,여행지,
DT_1WB73,해외여행자 비율 및 여행횟수,101018,101,2년,2000,2000,,,"해외여행자,여행횟수",국가별
DT_1WB81,지역문화예술행사 참여 및 관람여부와 만족도,101018,101,2년,2000,2000,,,"지역문화예술행사,참여및관람여부,만족도",행정구역별
DT_1WB82,지역문화예술행사 불만족이유(복수응답),101018,101,2년,2000,2000,,,지역문화예술행사,
DT_1WB83,문화예술 및 경기장시설 이용,101018,101,2년,2000,2000,,,"문화예술,경기장시설",
DT_1WB9,전통문화에 대한 관심,101018,101,2년,2000,2000,,,관심,
DT_1WBB01,신문구독,101018,101,2년,2004,2004,,,신문구독자,구독자별
DT_1WBB021,신문의 관심부문-주된응답,101018,101,2년,2004,2004,,,신문,관심부문별
DT_1WBB022,신문의 관심부문-복수응답,101018,101,2년,2004,2004,,,신문,
DT_1WBB03,신문보도에 대한 만족여부 및 불만족이유,101018,101,2년,2004,2004,,,"신문보도,만족여부,불만족이유",
DT_1WBB04,TV 시청시간,101018,101,2년,2004,2004,,,TV시청시간,
DT_1WBB051,즐겨보는 TV 프로그램-주된응답,101018,101,2년,2004,2004,,,TV프로그램,
DT_1WBB052,즐겨보는 TV 프로그램-복수응답,101018,101,2년,2004,2004,,,TV프로그램,
DT_1WBB06,TV방송내용에 대한 만족여부 및 불만족 이유,101018,101,2년,2004,2004,,,"TV방송내용,만족여부,불만족이유","만족여부별,불만족이유별"
DT_1WBB07,비디오(DVD 포함) 시청,101018,101,2년,2004,2004,,,비디오,
DT_1WBB081,독서인구-복수응답,101018,101,2년,2004,2004,,,독서인구,
DT_1WBB082,총독서량,101018,101,2년,2004,2004,,,독서량,
DT_1WBB083,잡지류를 제외한 총독서량,101018,101,2년,2004,2004,,,총독서량,
DT_1WBB084,잡지류 독서량,101018,101,2년,2004,2004,,,독서량,
DT_1WBB085,교양서적 독서량,101018,101,2년,2004,2004,,,독서량,
DT_1WBB086,직업관련 서적 독서량,101018,101,2년,2004,2004,,,독서량,
DT_1WBB087,생활·취미·정보 서적 독서량,101018,101,2년,2004,2004,,,독서량,
DT_1WBB088,기타(만화 등) 서적 독서량,101018,101,2년,2004,2004,,,서적,
DT_1WBB091,음악감상방법-주된응답,101018,101,2년,2004,2004,,,음악감상방법,
DT_1WBB092,음악감상방법-복수응답,101018,101,2년,2004,2004,,,음악감상방법,
DT_1WBB101,주말이나 휴일의 여가활용방법-주된응답,101018,101,2년,2004,2004,,,여가활용방법,
DT_1WBB102,주말이나 휴일의 여가활용방법-복수응답,101018,101,2년,2004,2004,,,여가활용방법,
DT_1WBB11,여가활용 만족여부 및 불만이유,101018,101,2년,2004,2004,,,"여가활용,만족여부,불만이유",
DT_1WBB12,국내관광 여행횟수,101018,101,2년,2004,2004,,,여행횟수,행정구역별
DT_1WBB131,여행지에서 불편한 점-주된응답,101018,101,2년,2004,2004,,,여행지,
DT_1WBB132,여행지에서 불편한 점-복수응답,101018,101,2년,2004,2004,,,여행지,
DT_1WBB14,해외경험및 횟수,101018,101,2년,2004,2004,,,"해외경험,횟수",
DT_1WBB151,레저시설이용-복수응답,101018,101,2년,2004,2004,,,레저시설이용객,
DT_1WBB152,레저시설별 이용자의 평균  이용횟수-복수응답,101018,101,2년,2004,2004,,,이용자,레저시설별
DT_1WBB153,1인당 레저시설 이용횟수(15세이상 인구)-복수응답,101018,101,2년,2004,2004,,15세이상,"레저시설,인구",인구별
DT_1WBB16,문화예술 및 스포츠관람-복수응답,101018,101,2년,2004,2004,,,문화예술및스포츠관람자,
DT_1WBB17,전통문화에 대한 관심,101018,101,2년,2004,2004,,,관심,
DT_1WBB18,지역문화예술행사 참여 및 관람여부와 만족도,101018,101,2년,2004,2004,,,"지역문화예술행사,참여및관람여부,만족도",행정구역별
DT_1WBB191,지역문화예술행사 불만족이유-주된응답,101018,101,2년,2004,2004,,,지역문화예술행사,
DT_1WBB192,지역문화예술행사 불만족이유-복수응답,101018,101,2년,2004,2004,,,지역문화예술행사,
DT_1WBD01,신문구독(지난 1개월간) : 15세 이상 통계표,101018,101,2년,2007,2007,,15세 이상,신문구독자,
DT_1WBD010,여가활용 만족 여부 및 불만족 이유: 15세 이상 인구,101018,101,2년,2007,2007,,15세 이상,인구,인구별
DT_1WBD011,국내 관광여행 횟수(지난 1년간) : 15세 이상 인구,101018,101,2년,2007,2007,,15세 이상,인구,인구별
DT_1WBD02,TV시청시간(지난 1개월간) : 15세 이상 통계표,101018,101,2년,2007,2007,,15세 이상,TV시청시간,
DT_1WBD03,비디오(DVD포함) 시청(지난 1개월간) : 15세 이상 통계표,101018,101,2년,2007,2007,,15세 이상,비디오시청자,
DT_1WBD04,독서(지난 1년간) : 15세 이상 통계표,101018,101,2년,2007,2007,,15세 이상,독서,
DT_1WBD05,레저시설 이용횟수(복수응답)(지난1년간) : 15세 이상 통계표,101018,101,2년,2007,2007,,15세 이상,레저시설이용횟수,레저시설별
DT_1WBD06,문화예술 및 스포츠 관람 (복수응답)(지난1년간) : 15세 이,101018,101,2년,2007,2007,,,관람자,연령별
DT_1WBD071,주말이나 휴일의 여가활용 (주된응답) : 15세 이상 인구,101018,101,2년,2007,2007,,15세 이상,인구,휴일별
DT_1WBD072,주말이나 휴일의 여가활용 (복수응답) : 15세 이상 인구,101018,101,2년,2007,2007,,15세 이상,인구,휴일별
DT_1WBD08,주말이나 휴일의 여가활동 함께하는 사람 : 15세 이상 인구,101018,101,2년,2007,2007,,15세 이상,인구,행정구역별
DT_1WBD091,앞으로 하고 싶은 여가활동(주된응답) : 15세 이상 인구,101018,101,2년,2007,2007,,15세 이상,인구,인구별
DT_1WBD092,앞으로 하고 싶은 여가활동(복수응답) : 15세 이상 인구,101018,101,2년,2007,2007,,15세 이상,인구,인구별
DT_1WBD121,여행지에서의 불편한 점(주된응답) : 15세 이상 인구,101018,101,2년,2007,2007,,15세 이상,인구,인구별
DT_1WBD122,여행지에서의 불편한 점(복수응답) : 15세 이상 인구,101018,101,2년,2007,2007,,15세 이상,인구,인구별
DT_1WBD13,해외여행 경험 및 횟수(지난 1년간) : 15세 이상 인구,101018,101,2년,2007,2007,,15세 이상,인구,인구별
DT_1WBD141,지역문화예술행사 참여 및 관람여부와 만족도 : 15세 이상 인구,101018,101,2년,2007,2007,,15세 이상,인구,인구별
DT_1WBD151,지역문화예술행사 참여하지 않는 이유(주된응답) : 15세 이상,101018,101,2년,2007,2007,,15세 이상,지역문화예술행사,
DT_1WBD152,지역문화예술행사 참여하지 않는 이유(복수응답) : 15세 이상,101018,101,2년,2007,2007,,15세 이상,지역문화예술행사,
DT_1WBD161,지역문화예술행사 불만족 이유(주된응답) : 15세 이상 인구,101018,101,2년,2007,2007,,15세 이상,인구,인구별
DT_1WBD162,지역문화예술행사 불만족 이유(복수응답) : 15세 이상 인구,101018,101,2년,2007,2007,,15세 이상,인구,인구별
DT_1WBD17,전통문화에 대한 관심 : 15세 이상 인구,101018,101,2년,2007,2007,,15세 이상,인구,인구별
DT_1WC1,범죄피해에 대한 두려움,101018,101,2년,2001,2001,,,범죄피해,
DT_1WC2,야간보행에 대한 안전도,101018,101,2년,2001,2001,,,안전도,
DT_1WC21,야간보행에 대한 안전도-대처방법,101018,101,2년,2001,2001,,,안전도,안전도대처방법별
DT_1WC31,도로교통사고 원인,101018,101,2년,2001,2001,,,원인,
DT_1WC32,도로교통사고에 대한 원인(보행자 입장),101018,101,2년,2001,2001,,,보행자,원인별
DT_1WC33,도로교통사고에 대한 원인(운전자 입장),101018,101,2년,2001,2001,,,운전자,원인별
DT_1WC4,준법수준(타인),101018,101,2년,2001,2001,,,준법수준,
DT_1WC5,준법수준(자기평가),101018,101,2년,2001,2001,,,준법수준,
DT_1WC51,준법준수(미준수 이유),101018,101,2년,2001,2001,,,준법준수,
DT_1WC61,공중질서수준(차례지키기),101018,101,2년,2001,2001,,,차례지키기,
DT_1WC62,공중질서수준(거리환경 질서),101018,101,2년,2001,2001,,,거리환경질서,
DT_1WC63,공중질서수준(보행질서),101018,101,2년,2001,2001,,,공중질서수준,
DT_1WC64,공중질서수준(운전자 교통질서),101018,101,2년,2001,2001,,,"운전자,교통질서",
DT_1WC65,공중질서수준(공공장소 금연),101018,101,2년,2001,2001,,,공중질서수준,장소별
DT_1WC66,공중질서수준(공공장소 정숙),101018,101,2년,2001,2001,,,공중질서수준,행정구역별
DT_1WC71,사회안전에 대한 인식도(교통),101018,101,2년,2001,2001,,,인식도,인식도별
DT_1WC72,사회안전에 대한 인식도(건축물 및 시설물),101018,101,2년,2001,2001,,,인식도,인식도별
DT_1WC73,사회안전에 대한 인식도(치안),101018,101,2년,2001,2001,,,인식도,
DT_1WC74,사회안전에 대한 인식도(식품),101018,101,2년,2001,2001,,,식품,식품별
DT_1WC8,전화폭력 경험여부(복수응답),101018,101,2년,2001,2001,,,전화폭력,
DT_1WC91,주요범죄피해가구,101018,101,2년,2001,2001,,,가구,피해유형별
DT_1WC92,주요범죄피해건수,101018,101,2년,2001,2001,,,범죄피해건수,"죄종별,지역별"
DT_1WC93,재산피해가구 및 건수,101018,101,2년,2001,2001,,,"재산피해가구,재산피해건수",
DT_1WC94,미신고비율,101018,101,2년,2001,2001,,,미신고자,
DT_1WC951,"미신고이유(절도, 주된응답)",101018,101,2년,2001,2001,,,절도,
DT_1WC952,"미신고이유(절도, 복수응답)",101018,101,2년,2001,2001,,,절도,
DT_1WC961,"미신고이유(사기, 주된응답)",101018,101,2년,2001,2001,,,사기,사기별
DT_1WC962,"미신고이유(사기, 복수응답)",101018,101,2년,2001,2001,,,미신고이유,
DT_1WC971,"미신고이유(강도, 주된응답)",101018,101,2년,2001,2001,,,미신고이유,강도별
DT_1WC972,"미신고이유(강도, 복수응답)",101018,101,2년,2001,2001,,,미신고이유,강도별
DT_1WC981,"미신고이유(폭행·상해, 주된응답)",101018,101,2년,2001,2001,,,폭행상해,
DT_1WC982,"미신고이유(폭행·상해, 복수응답)",101018,101,2년,2001,2001,,,폭행상해,원인별
DT_1WCA11,공중질서 수준(차례지키기),101018,101,2년,1997,1997,,,차례지키기,
DT_1WCA12,공중질서 수준(거리환경 질서),101018,101,2년,1997,1997,,,거리환경질서,
DT_1WCA13,공중질서 수준(보행 질서),101018,101,2년,1997,1997,,,보행질서,
DT_1WCA14,공중질서 수준(교통 질서),101018,101,2년,1997,1997,,,교통질서,
DT_1WCA15,공중질서 수준(공공장소 금연),101018,101,2년,1997,1997,,,공중질서수준,장소별
DT_1WCA21,주요범죄 피해가구 및 피해건수,101018,101,2년,1996,1996,,,"피해가구,피해건수",피해가구별
DT_1WCA22,재산피해,101018,101,2년,1996,1996,,,재산피해,
DT_1WCA23,신체피해,101018,101,2년,1996,1996,,,신체피해,
DT_1WCA24,미신고 건수 및 미신고이유,101018,101,2년,1996,1996,,,건수,
DT_1WCA25,소매치기 미신고이유,101018,101,2년,1996,1996,,,미신고이유,
DT_1WCA26,절도 미신고이유,101018,101,2년,1996,1996,,,절도,
DT_1WCA27,폭행·상해 미신고이유,101018,101,2년,1996,1996,,,"폭행,상해",
DT_1WCA28,강도 미신고이유,101018,101,2년,1996,1996,,,강도,
DT_1WCA3,범죄피해에 대한 두려움,101018,101,2년,1997,1997,,,범죄피해,
DT_1WCA4,야간보행에 대한 안전도(야간보행의 두려움),101018,101,2년,1997,1997,,,야간보행,
DT_1WCA5,준법수준(타인평가),101018,101,2년,1997,1997,,,준법수준,
DT_1WCA6,준법수준(자기평가),101018,101,2년,1997,1997,,,준법수준,
DT_1WCA7,도로교통사고에 대한 원인,101018,101,2년,1997,1997,,,도로교통사고,원인별
DT_1WCA81,사회안전에 대한 인식도(교통),101018,101,2년,1997,1997,,,인식도,교통별
DT_1WCA82,사회안전에 대한 인식도(식품 및 위생),101018,101,2년,1997,1997,,,"식품,위생",인식도별
DT_1WCA83,사회안전에 대한 인식도(건축 및 건설),101018,101,2년,1997,1997,,,인식도,인식도별
DT_1WCA84,사회안전에 대한 인식도(치안),101018,101,2년,1997,1997,,,인식도,
DT_1WCA85,사회안전에 대한 인식도(안보),101018,101,2년,1997,1997,,,인식도,안보위협별로구분하여사회안전인식을조사한결과다음과같습니다
DT_1WCA86,사회안전에 대한 인식도(경제),101018,101,2년,1997,1997,,,인식도,인식도별
DT_1WCA87,사회안전에 대한 인식도(환경),101018,101,2년,1997,1997,,,환경,환경별
DT_1WCA9,전화폭력 경험여부(중복응답),101018,101,2년,1997,1997,,,전화폭력,
DT_1WCC1,준법수준(타인평가) - 15세이상 인구,101018,101,2년,2005,2005,,15세이상,인구,인구별
DT_1WCC2,준법수준(자기평가) - 15세이상 인구,101018,101,2년,2005,2005,,15세이상,인구,인구별
DT_1WCC21,준법수준(미준수 이유) - 15세이상 인구,101018,101,2년,2005,2005,,15세이상,인구,인구별
DT_1WCC31,도로교통사고 원인(15세이상 인구),101018,101,2년,2005,2005,,15세이상,인구,인구별
DT_1WCC32,도로교통사고 원인(15세이상 인구) - 보행자 입장,101018,101,2년,2005,2005,,15세이상,보행자,보행자입장별
DT_1WCC33,도로교통사고 원인(15세이상 인구) - 운전자 입장,101018,101,2년,2005,2005,,15세이상,운전자,인구별
DT_1WCC41,공중질서수준(차례지키기) - 15세이상 인구,101018,101,2년,2005,2005,,15세이상,인구,인구별
DT_1WCC42,공중질서수준(거리환경 질서) - 15세이상 인구,101018,101,2년,2005,2005,,15세이상,인구,인구별
DT_1WCC43,공중질서수준(보행질서) - 15세이상 인구,101018,101,2년,2005,2005,,15세이상,인구,인구별
DT_1WCC44,공중질서수준(운전자 교통질서) - 15세이상 인구,101018,101,2년,2005,2005,,15세이상,인구,인구별
DT_1WCC45,공중질서수준(공공장소 금연) - 15세이상 인구,101018,101,2년,2005,2005,,15세이상,인구,인구별
DT_1WCC46,공중질서수준(공공장소 정숙) - 15세이상 인구,101018,101,2년,2005,2005,,15세이상,인구,인구별
DT_1WCC5,범죄피해에 대한 두려움 - 15세이상 인구,101018,101,2년,2005,2005,,15세이상,인구,인구별
DT_1WCC61,야간보행에 대한 안전도 - 15세이상 인구,101018,101,2년,2005,2005,,15세이상,인구,인구별
DT_1WCC62,야간보행에 대한 대처방법 - 15세이상 인구,101018,101,2년,2005,2005,,15세이상,인구,인구별
DT_1WCC71,"사회안전에 대한 인식도(태풍,지진 등 자연재해) - 15세이상 인구",101018,101,2년,2005,2005,,15세이상,인구,"자연재해별,인구별"
DT_1WCC72,사회안전에 대한 인식도(건축물 및 시설물) - 15세이상 인구,101018,101,2년,2005,2005,,15세이상,인구,인구별
DT_1WCC73,"사회안전에 대한 인식도(노약자,어린이가 자동차 위험없이 안전하게 보행)",101018,101,2년,2005,2005,,,인식도,"노약자,어린이별"
DT_1WCC74,"사회안전에 대한 인식도(식료품,약품 등 상품) - 15세이상 인구",101018,101,2년,2005,2005,,15세이상,인구,인구별
DT_1WCC75,사회안전에 대한 인식도(해킹 등 정보보안) - 15세이상 인구,101018,101,2년,2005,2005,,15세이상,인구,인구별
DT_1WCC91,범죄피해가구 - 가구주,101018,101,2년,2005,2005,,,"범죄피해가구,가구주",가구주별
DT_1WCC92,범죄피해건수 - 가구주,101018,101,2년,2005,2005,,,"범죄피해건수,가구주",가구주별
DT_1WCC93,재산피해 가구 및 건수 - 가구주,101018,101,2년,2005,2005,,,"재산피해가구,재산피해건수","가구주나이별,가구주성별"
DT_1WCC94,미신고비율 - 가구주,101018,101,2년,2005,2005,,,가구주,가구주별
DT_1WCC941,"미신고이유(절도, 주된응답) - 가구주",101018,101,2년,2005,2005,,,가구주,
DT_1WCC942,"미신고이유(절도, 복수응답) - 가구주",101018,101,2년,2005,2005,,,가구주,가구주별
DT_1WCC943,"미신고이유(사기, 주된응답) - 가구주",101018,101,2년,2005,2005,,,가구주,사기별
DT_1WCC944,"미신고이유(사기, 복수응답) - 가구주",101018,101,2년,2005,2005,,,가구주,미신고이유별
DT_1WCC945,"미신고이유(강도, 주된응답) - 가구주",101018,101,2년,2005,2005,,,가구주,강도별
DT_1WCC946,"미신고이유(강도, 복수응답) - 가구주",101018,101,2년,2005,2005,,,가구주,강도별
DT_1WCC947,"미신고이유(폭행·상해, 주된응답) - 가구주",101018,101,2년,2005,2005,,,가구주,가구주별
DT_1WCC948,"미신고이유(폭행·상해, 복수응답) - 가구주",101018,101,2년,2005,2005,,,가구주,가구주별
DT_1WD11,종교인구,101018,101,2년,1999,1999,,,종교인구,성별
DT_1WD12,종교활동 참여횟수,101018,101,2년,1999,1999,,,종교활동참여횟수,종교활동참여횟수별
DT_1WD21,사회단체참여도-가장 적극적인 활동분야,101018,101,2년,1999,1999,,,사회단체참여도,활동분야별
DT_1WD22,사회단체참여도-해당되는 곳 모두,101018,101,2년,1999,1999,,,사회단체,
DT_1WD31,자원봉사활동 현황,101018,101,2년,1999,1999,,,"자원봉사자,기관","성별,연령별,지역별,활동영역별,활동주기별,평균활동시간별,연간평균활동횟수별"
DT_1WD32,자원봉사 미참가자의 활동 경험유무 및 견해,101018,101,2년,1999,1999,,,"활동경험유무,견해",활동경험유무별
DT_1WD33,자원봉사활성화 대책,101018,101,2년,1999,1999,,,자원봉사자,
DT_1WD34,분야별 자원봉사활동-지역의 환경보전,101018,101,2년,1999,1999,,,"자원봉사활동,환경보전",분야별
DT_1WD35,분야별 자원봉사활동-국가 및 지역행사 관련,101018,101,2년,1999,1999,,,자원봉사활동,분야별
DT_1WD36,분야별 자원봉사활동-자녀교육 등과 관련,101018,101,2년,1999,1999,,,"자원봉사활동,자녀교육",분야별
DT_1WD37,분야별 자원봉사활동-복지시설 관련,101018,101,2년,1999,1999,,,"자원봉사활동,복지시설",분야별
DT_1WD38,분야별 자원봉사활동-재해지역 주민돕기 등,101018,101,2년,1999,1999,,,자원봉사활동,분야별
DT_1WD39,분야별 자원봉사활동-기타,101018,101,2년,1999,1999,,,자원봉사활동,분야별
DT_1WD41,민원서비스 만족도,101018,101,2년,1999,1999,,,민원서비스,
DT_1WD42,민원서비스 불만이유-복수응답,101018,101,2년,1999,1999,,,민원서비스,
DT_1WD5,계층의식,101018,101,2년,1999,1999,,,계층,계층별
DT_1WD61,세대내 계층이동,101018,101,2년,1999,1999,,,세대내계층이동,계층별
DT_1WD62,세대간 계층이동,101018,101,2년,1999,1999,,,세대,계층별
DT_1WD71,사회문제에 대한 견해-빈부격차가 줄어들고 있다,101018,101,2년,1999,1999,,,빈부격차,
DT_1WD72,사회문제에 대한 견해-지역감정이 해소되고 있다,101018,101,2년,1999,1999,,,지역감정,
DT_1WD73,사회문제에 대한 견해-범죄발생이 줄어들고 있다,101018,101,2년,1999,1999,,,범죄발생,
DT_1WD74,사회문제에 대한 견해-부정부패가 줄어들고 있다,101018,101,2년,1999,1999,,,부정부패,
DT_1WD75,사회문제에 대한 견해-윤리도덕성이 좋아지고 있다,101018,101,2년,1999,1999,,,"견해,윤리도덕성",
DT_1WD76,사회문제에 대한 견해-환경오염이 줄어들고 있다,101018,101,2년,1999,1999,,,환경오염,
DT_1WD77,사회문제에 대한 견해-청소년문제가 나아지고 있다,101018,101,2년,1999,1999,,,청소년문제,
DT_1WDA011,종교활동 참여인구,101018,101,2년,2003,2003,,,종교활동참여인구,종교별
DT_1WDA012,종교활동 참여횟수,101018,101,2년,2003,2003,,,종교활동참여횟수,
DT_1WDA021,단체참여-주된응답,101018,101,2년,2003,2003,,,단체,
DT_1WDA022,단체참여-복수응답,101018,101,2년,2003,2003,,,단체,
DT_1WDA031,자원봉사활동,101018,101,2년,2003,2003,,,자원봉사자,"연령별,성별,지역별,분야별"
DT_1WDA032,향후 자원봉사활동 참가여부,101018,101,2년,2003,2003,,,자원봉사활동,
DT_1WDA033,"분야별 자원봉사활동-환경보전,범죄예방 등과 관련",101018,101,2년,2003,2003,,,자원봉사활동,분야별
DT_1WDA034,분야별 자원봉사활동-국가 및 지역행사 등과 관련,101018,101,2년,2003,2003,,,자원봉사활동,분야별
DT_1WDA035,분야별 자원봉사활동-자녀교육 등과 관련,101018,101,2년,2003,2003,,,"자원봉사활동,자녀교육",분야별
DT_1WDA036,"분야별 자원봉사활동-아동,청소년,노인,장애인,재소자 등과 관련",101018,101,2년,2003,2003,,,자원봉사활동,대상별
DT_1WDA037,분야별 자원봉사활동-재해지역 주민돕기 및 시설복구 등과 관련,101018,101,2년,2003,2003,,,자원봉사활동,분야별
DT_1WDA038,분야별 자원봉사활동-기타 일반인을 위한 봉사 관련,101018,101,2년,2003,2003,,,자원봉사활동,분야별
DT_1WDA04,자원봉사 활성화 대책,101018,101,2년,2003,2003,,,자원봉사자,
DT_1WDA05,주관적 만족감,101018,101,2년,2003,2003,,,주관적만족감,
DT_1WDA06,민원서비스 만족도,101018,101,2년,2003,2003,,,민원서비스,
DT_1WDA071,민원서비스 불만이유-주된응답,101018,101,2년,2003,2003,,,민원서비스,
DT_1WDA072,민원서비스 불만이유-복수응답,101018,101,2년,2003,2003,,,민원서비스,
DT_1WDA08,계층의식,101018,101,2년,2003,2003,,,계층,계층별
DT_1WDA091,세대내 계층이동,101018,101,2년,2003,2003,,,세대내계층이동,계층별
DT_1WDA092,세대간 계층이동,101018,101,2년,2003,2003,,,"세대,계층",계층별
DT_1WDA101,사회문제에 관한 견해-빈부격차가 줄어들고 있다,101018,101,2년,2003,2003,,,빈부격차,
DT_1WDA102,사회문제에 관한 견해-범죄발생이 줄어들고 있다,101018,101,2년,2003,2003,,,범죄발생,
DT_1WDA103,사회문제에 관한 견해-부정부패가 줄어들고 있다,101018,101,2년,2003,2003,,,부정부패,
DT_1WDA104,사회문제에 관한 견해-윤리·도덕성이 좋아지고 있다,101018,101,2년,2003,2003,,,견해,
DT_1WDA105,사회문제에 관한 견해-환경오염이 줄어들고 있다,101018,101,2년,2003,2003,,,환경오염,
DT_1WDC021,단체참여-주된응답,101018,101,2년,2006,2006,,,단체,
DT_1WDC022,단체참여-복수응답,101018,101,2년,2006,2006,,,단체,
DT_1WDC031,자원봉사활동(복수응답),101018,101,2년,2006,2006,,,자원봉사자,"연령별,성별,활동영역별,지역별,활동주기별,참여형태별,활동시간별,교육수준별,소득계층별,자원봉사동기및계기별,자원봉사만족도별,자원봉사지속의향별,자원봉사경험횟수별,자원봉사경험기간별,자원봉사경험분야별,자원봉사경험기관유형별,자원봉사경험시기별,자원봉사경험직종별,자원봉사경험연령별,자원봉사경험성별,자원봉사경험지역별,자원봉사경험주기별,자원봉사경험형태별,자원봉사경험시간별,자원봉사경험교육수준별,자원봉사경험소득계층별,자원봉사경험동기및계기별,자원봉사경험만족도별,자원봉사경험지속의향별,자원봉사참여동아리별,자원봉사참여단체별,자원봉사참여조직별,자원봉사참여경로별,자원봉사참여방법별,자원봉사참여동기별,자원봉사참여계기별,자원봉사참여이유별,자원봉사참여목적별,자원봉사참여효과별,자원봉사참여인식별,자원봉사참여태도별,자원봉사참여만족도별,자원봉사참여지속성별,자원봉사참여영향요인별,자원봉사참여저해요인별,자원봉사참여지원정책별,자원봉사참여활성화방안별,자원봉사참여개선점별,자원봉사참여전망별,자원봉사참여현황별,자원봉사참여문제점별,자원봉사참여기회별,자원봉사참여필요성별,자원봉사참여중요성별,자원봉사참여가치별,자원봉사참여의미별,자원봉사참여인식변화별,자원봉사참여문화별,자원봉사참여사회문제해결기여도별,자원봉사참여삶의질향상기여도별,자원봉사참여사회적자본형성기여도별,자원봉사참여지역사회발전기여도별,자원봉사참여국가경쟁력강화기여도별,자원봉사참여국제협력기여도별,자원봉사참여환경보호기여도별,자원봉사참여인권증진기여도별,자원봉사참여평화구축기여도별,자원봉사참여세계평화기여도별,자원봉사참여인류복지기여도별,자원봉사참여인간존엄성실현기여도별,자원봉사참여민주주의실현기여도별,자원봉사참여자유와평등실현기여도별,자원봉사참여공정과정의실현기여도별,자원봉사참여연대감형성기여도별,자원봉사참여공동체의식함양기여도별,자원봉사참여상호신뢰형성기여도별,자원봉사참여사회적지지망형성기여도별,자원봉사참여자아실현기여도별,자원봉사참여자기개발기여도별,자원봉사참여사회적책임감형성기여도"
DT_1WDC032,향후 자원봉사활동 참가여부,101018,101,2년,2006,2006,,,자원봉사활동,
DT_1WDC033,"분야별 자원봉사활동(환경보전, 범죄예방 등)",101018,101,2년,2006,2006,,,자원봉사활동,분야별
DT_1WDC034,분야별 자원봉사활동(국가 및 지역행사 등과 관련),101018,101,2년,2006,2006,,,자원봉사활동,분야별
DT_1WDC035,분야별 자원봉사활동(자녀교육 등과 관련),101018,101,2년,2006,2006,,,자원봉사활동,분야별
DT_1WDC036,"분야별 자원봉사활동(아동,청소년, 노인, 장애인, 재소자 등과 관련)",101018,101,2년,2006,2006,,,자원봉사활동,"대상별아동,청소년,노인,장애인,재소자등"
DT_1WDC037,분야별 자원봉사활동(재해지역 주민돕기 및 시설복구 등과 관련),101018,101,2년,2006,2006,,,자원봉사활동,분야별
DT_1WDC038,분야별 자원봉사활동(기타 일빈인을 위한 봉사관련),101018,101,2년,2006,2006,,,자원봉사활동,분야별
DT_1WDC039,후원(기부)인구,101018,101,2년,2006,2006,,,"후원,기부인구",
DT_1WDC03A,후원방법별 후원횟수,101018,101,2년,2006,2006,,,후원횟수,후원방법별
DT_1WDC05,주관적 만족감,101018,101,2년,2006,2006,,,주관적만족감,
DT_1WDC06,민원서비스 만족도,101018,101,2년,2006,2006,,,민원서비스,
DT_1WDC071,민원서비스 불만이유-주된응답,101018,101,2년,2006,2006,,,민원서비스,
DT_1WDC072,민원서비스 불만이유-복수응답,101018,101,2년,2006,2006,,,민원서비스,
DT_1WDC081,계층의식(가구주),101018,101,2년,2006,2006,,,가구주,계층별
DT_1WDC082,계층의식(15세이상 인구),101018,101,2년,2006,2006,,15세이상,인구,계층별
DT_1WDC091,본인세대 계층이동(가구주),101018,101,2년,2006,2006,,,가구주,계층이동에따른본인세대가구주별
DT_1WDC092,본인세대 계층이동(15세이상 인구),101018,101,2년,2006,2006,,15세이상,"계층이동,인구",계층이동별
DT_1WDC093,다음세대 계층이동(가구주),101018,101,2년,2006,2006,,,가구주,계층이동별
DT_1WDC094,다음세대 계층이동(15세이상 인구),101018,101,2년,2006,2006,,15세이상,인구,계층별
INH_1SSCL030R,문화예술 및 스포츠관람현황(시도),101018,101,2년,2011,2023,,,문화예술및스포츠관람현황,행정구역별
INH_1SSCL050R,국내관광여행횟수(시도),101018,101,2년,2009,2023,,,국내관광여행횟수,행정구역별
INH_1SSCL060R,해외여행경험및횟수(시도),101018,101,2년,2009,2023,,,해외여행경험및횟수,행정구역별
INH_1SSCL091R,여가활용 만족도(시도),101018,101,2년,2009,2023,,,여가활용만족도,행정구역별
INH_1SSCL093R,여가활용 불만족 이유(시도),101018,101,2년,2021,2023,,,여가활용불만족이유,행정구역별
INH_1SSED019R,학생의 학교생활만족도(시도),101018,101,2년,2008,2022,,,"학생,학교생활만족도",행정구역별
INH_1SSED064R,학교교육의 효과(시도),101018,101,2년,2008,2022,,,학생,행정구역별
INH_1SSEN015R,녹지환경 만족도(시도),101018,101,2년,2010,2022,,,녹지환경만족도,행정구역별
INH_1SSEN053R,미세먼지 인식도(시도),101018,101,2년,2014,2022,,,미세먼지인식도,행정구역별
INH_1SSFA021R,부모 생활비 마련 방법(시도),101018,101,2년,2008,2022,,,생활비,행정구역별
INH_1SSFA139R,가족관계 만족도(시도),101018,101,2년,2008,2022,,,"가족관계,시도",행정구역별
INH_1SSHE109R,의료서비스 만족도(시도),101018,101,2년,2020,2022,,,"의료서비스,시도",행정구역별
INH_1SSIC010R,주관적소득수준(시도),101018,101,2년,2011,2023,,,소득수준,행정구역별
INH_1SSIC050R,소득만족도(시도),101018,101,2년,2009,2023,,,소득만족도,행정구역별
INH_1SSIC060R,소비생활 만족도(시도),101018,101,2년,2009,2023,,,소비생활만족도,행정구역별
INH_1SSLA0812R,근로여건만족도(시도),101018,101,2년,2009,2023,,,근로여건만족도,행정구역별
INH_1SSSA010R,사회안전에 대한 인식(시도),101018,101,2년,2008,2022,,,인식,행정구역별
INH_1SSSA132R,야간 보행에 대한 안전도 및 야간 보행이 불안한 이유(시도),101018,101,2년,2020,2022,,,"안전도,야간보행",행정구역별
INH_1SSSP020R,삶의 만족도(시도),101018,101,년,2009,2023,,,삶의만족도,행정구역별
INH_1SSSP041R,사회적 관계망(시도),101018,101,2년,2009,2023,,,시도,행정구역별
INH_1SSSP048R,사회단체 참여율(시도),101018,101,2년,2019,2023,,,사회단체참여율,행정구역별
INH_1SSSP063R,기부율(시도),101018,101,2년,2021,2023,,,기부율,행정구역별
INH_1SSSP181R,자원봉사활동 참여율(시도),101018,101,2년,2009,2021,,,"자원봉사활동,시도",행정구역별
INH_1SSWE011R,생활여건의변화(시도),101018,101,2년,2009,2023,,,생활여건,행정구역별
DT_1I100001,시도별/산업별 총괄,101019,101,년,2007,2019,,,"사업체수,종사자수","시도별,산업별"
DT_1I100002,산업별/조직형태별 총괄,101019,101,년,2007,2019,,,사업체,"산업별,조직형태별"
DT_1I100003,산업별/종사자규모별 총괄,101019,101,년,2007,2019,,,종사자규모,"산업별,종사자규모별"
DT_1I100004,산업별/매출액규모별 총괄,101019,101,년,2007,2019,,,매출액,"산업별,매출액규모별"
DT_1I100005,산업별/자본금규모별 총괄,101019,101,년,2007,2019,,,자본금규모,"산업별,자본금규모별"
DT_1I100006,산업별/자본잉여금규모별 총괄,101019,101,년,2007,2019,,,자본잉여금,"산업별,자본잉여금규모별"
DT_1I100007,산업별/보유차량규모별 총괄,101019,101,년,2007,2019,,,보유차량규모,"산업별,보유차량규모별"
DT_1I100008,산업별/선박톤수별 총괄,101019,101,년,2007,2019,,,선박톤수,"산업별,선박톤수별"
DT_1I100009,산업별/보유창고규모별 총괄,101019,101,년,2007,2019,,,보유창고규모,"산업별,보유창고규모별"
DT_1I10001,"시도별 기업체수,종사자수,급여액,매출액,부가가치,유형고정자산(79~96)",101019,101,년,1979,1996,,,"기업체수,종사자수,급여액,매출액,부가가치,유형고정자산",행정구역별
DT_1I100010,"시도별/산업별/종사상지위별 종사자수, 급여액",101019,101,년,2007,2019,,,"종사자수,급여액","행정구역별,산업별,종사상지위별"
DT_1I100011,산업별/종사자규모별/종사상지위별/성별 종사자수,101019,101,년,2007,2019,,,종사자수,"산업별,종사자규모별,종사상지위별,성별"
DT_1I100012,"산업별/종사자규모별/직종별 피고용자수, 급여액",101019,101,년,2007,2019,,,"피고용자수,급여액","산업별,종사자규모별,직종별"
DT_1I100013,산업별/조직형태별 영업비용,101019,101,년,2007,2019,,,영업비용,"산업별,조직형태별"
DT_1I100014,시도별/산업별 부가가치,101019,101,년,2007,2019,,,부가가치,"시도별,산업별"
DT_1I100015,산업별/조직형태별 부가가치,101019,101,년,2007,2019,,,부가가치,"산업별,조직형태별"
DT_1I100016,시도별/산업별 유형고정자산,101019,101,년,2007,2019,,,유형고정자산,"시도별,산업별"
DT_1I100017,산업별/조직형태별 유형고정자산,101019,101,년,2007,2019,,,유형고정자산,"산업별,조직형태별"
DT_1I10002,"산업별 기업체수,종사자수,급여액,매출액,부가가치,유형고정자산(79~90)",101019,101,년,1979,1990,,,"기업체수,종사자수,급여액,매출액,부가가치,유형고정자산",산업별
DT_1I10003,"산업별 기업체수,종사자수,급여액,매출액,부가가치,유형고정자산(91~96)",101019,101,년,1991,1996,,,"기업체수,종사자수,급여액,매출액,부가가치,유형고정자산",산업별
DT_1I100030,산업별 물류산업 총괄,101019,101,년,2018,2019,,,물류산업,산업별
DT_1I100031,산업/조직형태별 물류산업 총괄,101019,101,년,2018,2019,,,물류산업,산업조직형태별
DT_1I100032,산업/종사자규모별 물류산업 총괄,101019,101,년,2018,2019,,,"물류산업,종사자규모","산업별,종사자규모별"
DT_1I100033,산업/매출액규모별 물류산업 총괄,101019,101,년,2018,2019,,,물류산업,"산업별,매출액규모별"
DT_1I10004,"조직형태별 기업체수,종사자수,급여액,매출액,부가가치,유형고정자산",101019,101,년,1979,1996,,,"기업체수,종사자수,급여액,매출액,부가가치,유형고정자산",조직형태별
DT_1I10005,"자본금규모별 기업체수,종사자수,급여액,매출액,부가가치,유형고정(76~96)",101019,101,년,1976,1996,,,"기업체수,종사자수,급여액,매출액,부가가치,유형고정",자본금규모별
DT_1I10006,"종사자규모별 기업체수,종사자수,급여액,매출액,부가가치,유형고정자산",101019,101,년,1979,1996,,,"기업체수,종사자수,급여액,매출액,부가가치,유형고정자산",종사자규모별
DT_1I202001,시도별/산업별 총괄,101019,101,년,2019,2022,,,"사업체수,종사자수","시도별,산업별"
DT_1I202002,산업별/조직형태별 총괄,101019,101,년,2020,2022,,,조직형태,"산업별,조직형태별"
DT_1I202003,산업별/종사자규모별 총괄,101019,101,년,2020,2022,,,종사자규모,"산업별,종사자규모별"
DT_1I202004,산업별/매출액규모별 총괄,101019,101,년,2020,2022,,,매출액,"산업별,매출액규모별"
DT_1I202005,산업별/자본금규모별 총괄,101019,101,년,2020,2022,,,자본금규모,"산업별,자본금규모별"
DT_1I202006,산업별/자본잉여금규모별 총괄,101019,101,년,2020,2022,,,자본잉여금규모,"산업별,자본잉여금규모별"
DT_1I202007,산업별/보유차량규모별 총괄,101019,101,년,2020,2022,,,보유차량규모,"산업별,보유차량규모별"
DT_1I202008,산업별/선박톤수별 총괄,101019,101,년,2020,2022,,,선박톤수,"산업별,선박톤수별"
DT_1I202009,산업별/보유창고규모별 총괄,101019,101,년,2020,2022,,,창고규모,"산업별,보유창고규모별"
DT_1I202010,"시도별/산업별/종사상지위별 종사자수, 급여액",101019,101,년,2020,2022,,,"종사자수,급여액","시도별,산업별,종사상지위별"
DT_1I202011,산업별/종사자규모별/종사상지위별/성별 종사자수,101019,101,년,2020,2022,,,종사자수,"산업별,종사자규모별,종사상지위별,성별"
DT_1I202012,"산업별/종사자규모별/직종별 피고용자수, 급여액",101019,101,년,2020,2022,,,"피고용자수,급여액","산업별,종사자규모별,직종별"
DT_1I202013,산업별/조직형태별 영업비용,101019,101,년,2020,2022,,,영업비용,"산업별,조직형태별"
DT_1I202014,시도별/산업별 부가가치,101019,101,년,2020,2022,,,부가가치,"시도별,산업별"
DT_1I202015,산업별/조직형태별 부가가치,101019,101,년,2020,2022,,,부가가치,"산업별,조직형태별"
DT_1I202016,시도별/산업별 유형고정자산,101019,101,년,2020,2022,,,유형고정자산,"시도별,산업별"
DT_1I202017,산업별/조직형태별 유형고정자산,101019,101,년,2020,2022,,,유형고정자산,"산업별,조직형태별"
DT_1I202030,산업별 물류산업 총괄,101019,101,년,2019,2022,,,물류산업,산업별
DT_1I202031,산업/조직형태별 물류산업 총괄,101019,101,년,2020,2022,,,물류산업,산업조직형태별
DT_1I202032,산업/종사자규모별 물류산업 총괄,101019,101,년,2020,2022,,,"물류산업,종사자규모","산업별,종사자규모별"
DT_1I202033,산업/매출액규모별 물류산업 총괄,101019,101,년,2020,2022,,,물류산업,"산업별,매출액규모별"
DT_1I60001,"시도/산업별 기업체수,종사자수,급여액,장비대수,영업비용,부가가치",101019,101,년,1997,2006,,,"기업체수,종사자수,급여액,장비대수,영업비용,부가가치","시도별,산업별"
DT_1I60002,"산업/조직형태별 기업체수,종사자수,급여액,장비대수,영업비용,부가가치",101019,101,년,1997,2006,,,"기업체수,종사자수,급여액,장비대수,영업비용,부가가치",산업조직형태별
DT_1I60003,"산업/종사자규모별 기업체수,종사자수,급여액,장비대수,영업비용,부가가치",101019,101,년,1997,2006,,,"기업체수,종사자수,급여액,장비대수,영업비용,부가가치",종사자규모별
DT_1I60004,산업 및 매출액규모별 총괄,101019,101,년,1997,2006,,,매출액규모,"산업별,매출액규모별"
DT_1I60005,"산업/자본금규모별 기업체수,종사자수,급여액,장비대수,영업비용,부가가치",101019,101,년,1997,2006,,,"기업체수,종사자수,급여액,장비대수,영업비용,부가가치",산업별
DT_1I60006,"산업/보유차량규모별 기업체수,종사자수,급여액,장비대수,영업비용",101019,101,년,1997,2006,,,"기업체수,종사자수,급여액,장비대수,영업비용",산업별
DT_1I60007,"산업/선박톤수별 기업체수,종사자수,급여액,장비대수,영업비용",101019,101,년,1997,2006,,,"기업체수,종사자수,급여액,장비대수,영업비용",산업선박톤수별
DT_1I60008,"산업/보유창고규모별 기업체수,종사자수,급여액",101019,101,년,1997,2006,,,"기업체수,종사자수,급여액",산업별
DT_1I60009,"시도/산업/종사상지위별 종사자수,급여액",101019,101,년,1997,2006,,,"종사자수,급여액","시도별,산업별,종사상지위별"
DT_1I60013,시도/산업별 부가가치,101019,101,년,1997,2006,,,부가가치,"시도별,산업별"
DT_1I70010,산업/종사자규모/종사상지위/성별 종사자수,101019,101,년,1997,2006,,,종사자수,"산업별,종사자규모별,종사상지위별,성별"
DT_1I70011,산업/종사자규모/직종별 급여액,101019,101,년,1997,2006,,,급여액,"산업별,종사자규모별,직종별"
DT_1I70012,산업 및 조직형태별 영업비용,101019,101,년,1997,2006,,,영업비용,산업별
DT_1I70014,산업/조직형태별 부가가치,101019,101,년,1997,2006,,,부가가치,산업조직형태별
DT_1I70015,시도/산업별 유형고정자산,101019,101,년,1997,2006,,,유형고정자산,"시도별,산업별"
DT_1I70016,산업 및 조직형태별 유형고정자산,101019,101,년,1997,2006,,,유형고정자산,산업및조직형태별
DT_1I70021,산업 및 자본잉여금규모별 총괄,101019,101,년,2006,2006,,,자본잉여금규모,산업별
DT_1I70022,산업및조직형태별 주차장종류 및 현황,101019,101,년,2006,2006,,,주차장종류,"산업및조직형태별,주차장종류별"
DT_1I70023,산업별 전자상거래활용 기업체수,101019,101,년,2006,2006,,,기업체수,산업별
DT_1I90001,"시도/산업별 기업체수,종사자수,급여액,장비대수,영업비용,부가가치",101019,101,년,2000,2015,,,"기업체수,종사자수,급여액,장비대수,영업비용,부가가치","시도별,산업별"
DT_1I90002,"산업/조직형태별 기업체수,종사자수,급여액,장비대수,영업비용,부가가치",101019,101,년,2000,2015,,,"기업체수,종사자수,급여액,장비대수,영업비용,부가가치",산업조직형태별
DT_1I90003,"산업/종사자규모별 기업체수,종사자수,급여액,장비대수,영업비용,부가가치",101019,101,년,2000,2015,,,"기업체수,종사자수,급여액,장비대수,영업비용,부가가치",종사자규모별
DT_1I90004,산업 및 매출액규모별 총괄,101019,101,년,2000,2015,,,매출액규모,"산업별,매출액규모별"
DT_1I90005,"산업/자본금규모별 기업체수,종사자수,급여액,장비대수,영업비용,부가가치",101019,101,년,2000,2015,,,"기업체수,종사자수,급여액,장비대수,영업비용,부가가치",산업별
DT_1I90006,"산업/보유차량규모별 기업체수,종사자수,급여액,장비대수,영업비용",101019,101,년,2000,2015,,,"기업체수,종사자수,급여액,장비대수,영업비용",산업별
DT_1I90007,"산업/선박톤수별 기업체수,종사자수,급여액,장비대수,영업비용",101019,101,년,2000,2015,,,"기업체수,종사자수,급여액,장비대수,영업비용",산업선박톤수별
DT_1I90008,"산업/보유창고규모별 기업체수,종사자수,급여액",101019,101,년,2000,2015,,,"기업체수,종사자수,급여액",산업별
DT_1I90009,"시도/산업/종사상지위별 종사자수,급여액",101019,101,년,2000,2015,,,"종사자수,급여액","시도별,산업별,종사상지위별"
DT_1I90010,산업/종사자규모/종사상지위/성별 종사자수,101019,101,년,2000,2015,,,종사자수,"산업별,종사자규모별,종사상지위별,성별"
DT_1I90011,산업/종사자규모/직종별 급여액,101019,101,년,2000,2015,,,급여액,"산업별,종사자규모별,직종별"
DT_1I90012,산업 및 조직형태별 영업비용,101019,101,년,2000,2015,,,영업비용,산업및조직형태별
DT_1I90013,시도/산업별 부가가치,101019,101,년,2000,2015,,,부가가치,"시도별,산업별"
DT_1I90014,산업/조직형태별 부가가치,101019,101,년,2000,2015,,,부가가치,산업조직형태별
DT_1I90015,시도/산업별 유형고정자산,101019,101,년,2000,2015,,,유형고정자산,"시도별,산업별"
DT_1I90016,산업 및 조직형태별 유형고정자산,101019,101,년,2000,2015,,,유형고정자산,산업및조직형태별
DT_1I90017,산업 및 자본잉여금규모별 총괄,101019,101,년,2000,2015,,,자본잉여금규모,산업별
DT_1IA1001,산업별 운수업 총괄,101019,101,년,1992,1996,,,운수업,산업별
DT_1IA1002,산업 및 조직형태별 총괄,101019,101,년,1992,1996,,,사업체,산업별
DT_1IA1003,산업 및 종사자 규모별 총괄,101019,101,년,1992,1996,,,"산업,종사자","산업별,종사자규모별"
DT_1IA1004,산업 및 운수수입 규모별 총괄,101019,101,년,1992,1996,,,운수수입,산업별
DT_1IA1005,산업 및 자본금 규모별 총괄,101019,101,년,1992,1996,,,"산업,자본금","산업별,자본금규모별"
DT_1IA1011,산업 및 조직형태별 총괄,101019,101,년,1992,1996,,,"조직,산업",산업별
DT_1IA1012,산업 및 종사자 규모별 총괄,101019,101,년,1992,1996,,,"산업,종사자","산업별,종사자규모별"
DT_1IA1013,산업 및 운수수입 규모별 총괄,101019,101,년,1992,1996,,,운수수입,산업별
DT_1IA1014,산업 및 자본금 규모별 총괄,101019,101,년,1992,1996,,,"산업,자본금","산업별,자본금규모별"
DT_1IA1015,산업 및 보유차량 규모별 총괄,101019,101,년,1992,1996,,,"산업,보유차량","산업별,보유차량규모별"
DT_1IA1016,산업/종사자규모/성별/종사상의 지위별 종사자수,101019,101,년,1992,1996,,,종사자수,"산업별,종사자규모별,성별,종사상의지위별"
DT_1IA1017,산업 및 종사자 규모별 직종별 피고용자수,101019,101,년,1992,1996,,,직종별피고용자수,"산업별,직종별"
DT_1IA1018,산업 및 종사자 규모별 직종별 연간급여액,101019,101,년,1992,1996,,,직종별연간급여액,"산업별,직종별"
DT_1IA1019,산업 및 조직형태별 운수비용,101019,101,년,1992,1996,,,운수비용,산업및조직형태별
DT_1IA1020,산업 및 조직형태별 부가가치,101019,101,년,1992,1996,,,부가가치,산업별
DT_1IA1021,산업 및 조직형태별 유형고정자산,101019,101,년,1992,1996,,,유형고정자산,산업및조직형태별
DT_1IA1031,산업 및 조직형태별 총괄,101019,101,년,1992,1996,,,조직형태,산업별
DT_1IA1032,산업 및 종사자 규모별 총괄,101019,101,년,1992,1996,,,"산업,종사자","산업별,규모별"
DT_1IA1033,산업 및 운수수입 규모별 총괄,101019,101,년,1992,1996,,,운수수입,산업별
DT_1IA1034,산업 및 자본금 규모별 총괄,101019,101,년,1992,1996,,,"산업,자본금","산업별,자본금규모별"
DT_1IA1035,산업 및 선박톤수 규모별 총괄,101019,101,년,1992,1996,,,"선박톤수,산업","산업별,선박톤수규모별"
DT_1IA1036,"산업 및 종사자 규모별, 성별, 종사상의 지위별 종사자수",101019,101,년,1992,1996,,,종사자수,"산업별,성별,종사상의지위별"
DT_1IA1037,산업 및 종사자 규모별 직종별 피고용자수,101019,101,년,1992,1996,,,직종별피고용자수,"산업별,직종별"
DT_1IA1038,산업 및 종사자 규모별 직종별 연간급여액,101019,101,년,1992,1996,,,직종별연간급여액,"산업별,직종별"
DT_1IA1039,산업 및 조직형태별 운수비용,101019,101,년,1992,1996,,,운수비용,산업및조직형태별
DT_1IA1040,산업 및 조직 형태별 부가가치,101019,101,년,1992,1996,,,부가가치,산업및조직형태별
DT_1IA1041,산업 및 조직형태별 유형고정자산,101019,101,년,1992,1996,,,유형고정자산,산업및조직형태별
DT_1IA1051,산업 및 조직형태별 총괄,101019,101,년,1992,1996,,,조직,산업별
DT_1IA1052,산업 및 종사자 규모별 총괄,101019,101,년,1992,1996,,,"산업,종사자",산업별
DT_1IA1053,산업 및 운수수입 규모별 총괄,101019,101,년,1992,1996,,,운수수입,산업별
DT_1IA1054,산업 및 자본금 규모별 총괄,101019,101,년,1992,1996,,,"자본금규모,산업","산업별,자본금규모별"
DT_1IA1055,"산업 및 종사자 규모별, 성별, 종사상의 지위별 종사자수",101019,101,년,1992,1996,,,종사자수,"산업별,성별,종사상의지위별"
DT_1IA1056,산업 및 종사자 규모별 직종별 피고용자수,101019,101,년,1992,1996,,,직종별피고용자수,"산업별,직종별"
DT_1IA1057,산업 및 종사자 규모별 직종별 연간급여액,101019,101,년,1992,1996,,,직종별연간급여액,"산업별,직종별"
DT_1IA1058,산업 및 조직형태별 운수비용,101019,101,년,1992,1996,,,운수비용,산업및조직형태별
DT_1IA1059,산업 및 조직형태별 부가가치,101019,101,년,1992,1996,,,부가가치,산업별
DT_1IA1060,산업 및 조직형태별 유형고정자산,101019,101,년,1992,1996,,,유형고정자산,산업및조직형태별
DT_1IA1061,산업 및 조직형태별 총괄,101019,101,년,1992,1996,,,조직형태,산업별
DT_1IA1062,산업 및 종사자 규모별 총괄,101019,101,년,1992,1996,,,"산업,종사자","산업별,종사자규모별"
DT_1IA1063,산업 및 운수수입 규모별 총괄,101019,101,년,1992,1996,,,운수수입,산업별
DT_1IA1064,산업 및 자본금 규모별 총괄,101019,101,년,1992,1996,,,"산업,자본금","산업별,자본금규모별"
DT_1IA1065,산업 및 보유창고 규모별 총괄,101019,101,년,1992,1996,,,"산업,창고","산업별,창고규모별"
DT_1IA1066,"산업 및 종사자 규모별, 성별, 종사상의 지위별 종사자수",101019,101,년,1992,1996,,,종사자수,"산업별,성별,종사상의지위별"
DT_1IA1067,산업 및 종사자 규모별 직종별 피고용자수,101019,101,년,1992,1996,,,직종별피고용자수,"산업별,직종별"
DT_1IA1068,산업 및 종사자 규모별 직종별 연간급여액,101019,101,년,1992,1996,,,직종별연간급여액,"산업별,직종별"
DT_1IA1069,산업 및 조직형태별 운수비용,101019,101,년,1992,1996,,,운수비용,산업및조직형태별
DT_1IA1070,산업 및 조직형태별 부가가치,101019,101,년,1992,1996,,,부가가치,산업별
DT_1IA1071,산업 및 조직형태별 유형고정자산,101019,101,년,1992,1996,,,유형고정자산,산업및조직형태별
DT_1IA1081,지역 및 산업별 총괄(중분류별),101019,101,년,1992,1996,,,사업체수,산업중분류별
DT_1IA1082,지역 및 산업별 종사자수 및 연간급여액(중분류별),101019,101,년,1992,1996,,,"종사자수,급여액",산업중분류별
DT_1IA1083,지역 및 산업별 총괄(세세분류별),101019,101,년,1992,1996,,,"산업,지역","지역별,산업별"
DT_1IA1084,지역 및 산업별 종사자수 및 연간급여액(세세분류별),101019,101,년,1992,1996,,,"종사자수,급여액",산업별
DT_1IA1085,지역 및 산업별 부가가치,101019,101,년,1992,1996,,,부가가치,"지역별,산업별"
DT_1IA1086,지역 및 산업별 유형고정자산,101019,101,년,1992,1996,,,유형고정자산,"지역별,산업별"
DT_1IA1091,산업 및 조직형태별 총괄,101019,101,년,1996,1996,,,"조직,산업",산업별
DT_1IA1092,산업 및 종사자 규모별 총괄,101019,101,년,1996,1996,,,"산업,종사자","산업별,규모별"
DT_1IA1094,산업 및 자본금 규모별 총괄,101019,101,년,1996,1996,,,"산업,자본금","산업별,자본금규모별"
DT_1IA1095,"산업 및 종사자 규모별, 성별, 종사상의 지위별 종사자수",101019,101,년,1996,1996,,,종사자수,"산업별,성별,종사상의지위별"
DT_1IA1096,산업 및 종사자 규모별 직종별 피고용자수,101019,101,년,1996,1996,,,피고용자수,"산업별,직종별"
DT_1IA1097,산업 및 종사자 규모별 직종별 연간급여액,101019,101,년,1996,1996,,,직종별연간급여액,"산업별,직종별"
DT_1IA1099,산업 및 조직형태별 부가가치,101019,101,년,1996,1996,,,부가가치,산업별
DT_1IA1100,산업 및 조직형태별 유형고정자산,101019,101,년,1996,1996,,,유형고정자산,산업및조직형태별
DT_1IA2001,산업별 운수업 총괄,101019,101,년,1991,1991,,,운수업,산업별
DT_1IA2011,산업 및 조직형태별 총괄,101019,101,년,1991,1991,,,"조직,산업",산업별
DT_1IA2012,산업 및 종사자 규모별 총괄,101019,101,년,1991,1991,,,"산업,종사자","산업별,규모별"
DT_1IA2013,산업 및 보유차량 규모별 총괄,101019,101,년,1991,1991,,,"산업,보유차량","산업별,보유차량규모별"
DT_1IA2014,산업 및 자본금 규모별 총괄,101019,101,년,1991,1991,,,"자본금,산업","산업별,자본금규모별"
DT_1IA2015,산업 및 종사자 규모별 종사자수,101019,101,년,1991,1991,,,종사자수,"산업별,규모별"
DT_1IA2016,산업 및 종사자 규모별 직종별 피고용자수,101019,101,년,1991,1991,,,피고용자수,"산업별,직종별"
DT_1IA2017,산업 및 종사자 규모별 직종별 연간급여액,101019,101,년,1991,1991,,,직종별연간급여액,"산업별,직종별"
DT_1IA2018,산업 및 조직형태별 운수비용,101019,101,년,1991,1991,,,운수비용,산업및조직형태별
DT_1IA2019,산업 및 조직형태별 부가가치,101019,101,년,1991,1991,,,부가가치,산업별
DT_1IA2020,산업 및 조직형태별 유형고정자산(연말현재),101019,101,년,1991,1991,,,유형고정자산,산업및조직형태별
DT_1IA2031,산업 및 조직형태별 총괄,101019,101,년,1991,1991,,,사업체,산업별
DT_1IA2032,산업 및 종사자 규모별 총괄,101019,101,년,1991,1991,,,"산업,종사자","산업별,종사자규모별"
DT_1IA2033,산업 및 자본금 규모별 총괄,101019,101,년,1991,1991,,,"자본금,산업","산업별,자본금규모별"
DT_1IA2034,산업 및 종사자 규모별 종사자수,101019,101,년,1991,1991,,,종사자수,"산업별,규모별"
DT_1IA2035,산업 및 종사자 규모별 직종별 피고용자수,101019,101,년,1991,1991,,,피고용자수,"산업별,직종별"
DT_1IA2036,산업 및 종사자 규모별 직종별 연간급여액,101019,101,년,1991,1991,,,직종별연간급여액,"산업별,직종별"
DT_1IA2037,산업 및 조직형태별 운수비용,101019,101,년,1991,1991,,,운수비용,산업및조직형태별
DT_1IA2038,산업 및 조직형태별 부가가치,101019,101,년,1991,1991,,,부가가치,산업별
DT_1IA2039,산업 및 조직형태별 유형고정자산(연말현재),101019,101,년,1991,1991,,,유형고정자산,산업및조직형태별
DT_1IA2042,산업 및 조직형태별 총괄-항공운송업,101019,101,년,1991,1991,,,항공운송업,산업및조직형태별
DT_1IA2043,산업 및 종업원 규모별 총괄,101019,101,년,1991,1991,,,"종업원,산업","산업별,종업원규모별"
DT_1IA2044,산업 및 자본금 규모별 총괄,101019,101,년,1991,1991,,,"산업,자본금","산업별,자본금규모별"
DT_1IA2045,산업 및 지역별 총괄-항공운송업,101019,101,년,1991,1991,,,항공운송업,"산업별,행정구역별"
DT_1IA2046,항공기 보유현황,101019,101,년,1991,1991,,,항공기,보유항공기수별
DT_1IA2051,산업 및 조직형태별 총괄,101019,101,년,1991,1991,,,조직형태,산업별
DT_1IA2052,산업 및 종사자 규모별 총괄,101019,101,년,1991,1991,,,"산업,종사자","산업별,종사자규모별"
DT_1IA2053,산업 및 자본금 규모별 총괄,101019,101,년,1991,1991,,,"자본금,산업","산업별,자본금규모별"
DT_1IA2054,산업 및 보유창고 규모별 총괄,101019,101,년,1991,1991,,,"보유창고,산업",산업별
DT_1IA2055,산업 및 종사자 규모별 종사자수,101019,101,년,1991,1991,,,종사자수,산업별
DT_1IA2056,산업 및 종사자 규모별 직종별 피고용자수,101019,101,년,1991,1991,,,직종별피고용자수,"산업별,직종별"
DT_1IA2057,산업 및 종사자 규모별 직종별 연간급여액,101019,101,년,1991,1991,,,직종별연간급여액,"산업별,직종별"
DT_1IA2058,산업 및 조직형태별 운수비용,101019,101,년,1991,1991,,,운수비용,산업및조직형태별
DT_1IA2059,산업 및 조직형태별 부가가치,101019,101,년,1991,1991,,,부가가치,산업별
DT_1IA2060,산업 및 조직형태별 유형고정자산(연말현재),101019,101,년,1991,1991,,,유형고정자산,산업및조직형태별
DT_1IA2071,산업 및 지역별 총괄,101019,101,년,1991,1991,,,"산업,지역","산업별,행정구역별"
DT_1IA2072,산업 및 지역별 종사자수 및 연간급여액,101019,101,년,1991,1991,,,"종사자수,급여액","산업별,행정구역별"
DT_1IA2073,산업 및 지역별 총괄-육상운수업,101019,101,년,1991,1991,,,운수업,"산업별,행정구역별"
DT_1IA2074,산업 및 지역별 종사자수 및 연간급여액-육상운송업,101019,101,년,1991,1991,,,"종사자수,급여액","산업별,행정구역별"
DT_1IA2075,산업 및 지역별 총괄-수상운송업,101019,101,년,1991,1991,,,수상운송업,"산업별,행정구역별"
DT_1IA2076,산업 및 지역별 종사자수 및 연간급여액-수상운수업,101019,101,년,1991,1991,,,"종사자수,연간급여액","산업별,행정구역별"
DT_1IA2077,산업 및 지역별 총괄-운수관련서비스업,101019,101,년,1991,1991,,,운수관련서비스업,"산업별,행정구역별"
DT_1IA2078,산업 및 지역별 종사자수 및 연간급여액-운수관련서비스업,101019,101,년,1991,1991,,,"종사자수,급여액","산업별,행정구역별"
DT_1IA3001,산업별운수업총괄,101019,101,년,1983,1990,,,운수업,산업별
DT_1IA3002,산업 및 조직형태별 총괄-육상운송업,101019,101,년,1983,1990,,,육상운송업,산업및조직형태별
DT_1IA3003,산업 및 종업원 규모별 총괄,101019,101,년,1983,1990,,,"종업원,산업","산업별,종업원규모별"
DT_1IA3004,산업 및 보유차량 규모별 총괄,101019,101,년,1983,1990,,,"산업,보유차량","산업별,보유차량규모별"
DT_1IA3005,산업 및 자본금 규모별 총괄,101019,101,년,1983,1990,,,"산업,자본금","산업별,자본금규모별"
DT_1IA3006,산업 및 종업원 규모별 종업원수,101019,101,년,1983,1990,,,종업원수,"산업별,종업원규모별"
DT_1IA3007,산업 및 종업원 규모별 직종별 종업원수,101019,101,년,1983,1990,,,직종별종업원수,"산업별,직종별"
DT_1IA3008,산업 및 종업원규모별 직종별 연간급여액,101019,101,년,1983,1990,,,직종별연간급여액,"산업별,직종별"
DT_1IA3009,산업 및 조직형태별 운수비용,101019,101,년,1983,1990,,,운수비용,산업및조직형태별
DT_1IA3010,산업 및 조직형태별 부가가치,101019,101,년,1983,1990,,,부가가치,산업별
DT_1IA3011,산업 및 조직형태별 유형고정자산(연말현재),101019,101,년,1983,1990,,,유형고정자산,산업및조직형태별
DT_1IA3015,조직형태 및 자본금규모별 종업원규모별 기업체수,101019,101,년,1983,1986,,,"기업체수,종업원","조직형태별,자본금규모별,종업원규모별"
DT_1IA3021,산업 및 조직형태별 총괄-수상운송업,101019,101,년,1983,1990,,,수상운송업,산업및조직형태별
DT_1IA3022,산업 및 종업원 규모별 총괄,101019,101,년,1983,1990,,,"종업원,산업","산업별,종업원규모별"
DT_1IA3023,산업 및 자본금 규모별 총괄,101019,101,년,1983,1990,,,"산업,자본금","산업별,자본금규모별"
DT_1IA3024,산업 및 종업원 규모별 종업원수,101019,101,년,1983,1990,,,종업원수,"산업별,종업원규모별"
DT_1IA3025,산업 및 종업원 규모별 직종별,101019,101,년,1983,1990,,,직종,"산업별,직종별"
DT_1IA3026,산업 및 종업원규모별 직종별 연간급여액,101019,101,년,1983,1990,,,직종별연간급여액,"산업별,직종별"
DT_1IA3027,산업 및 조직형태별 운수비용,101019,101,년,1983,1990,,,운수비용,산업및조직형태별
DT_1IA3028,산업 및 조직형태별 부가가치,101019,101,년,1983,1990,,,부가가치,산업별
DT_1IA3029,산업 및 조직형태별 유형고정자산(연말현재),101019,101,년,1983,1990,,,유형고정자산,산업및조직형태별
DT_1IA3033,조직형태 및 자본금규모별 종업원규모별 기업체수,101019,101,년,1983,1986,,,기업체수,"조직형태별,자본금규모별,종업원규모별"
DT_1IA3034,항공기 보유현황,101019,101,년,1983,1990,,,항공기,보유항공기수별
DT_1IA3041,산업 및 조직형태별 총괄,101019,101,년,1983,1990,,,"조직,산업",산업별
DT_1IA3042,산업 및 종업원 규모별 총괄,101019,101,년,1983,1990,,,"종업원,산업","산업별,종업원규모별"
DT_1IA3043,산업 및 자본금 규모별 총괄(법인),101019,101,년,1983,1990,,,"자본금,산업","산업별,자본금규모별"
DT_1IA3044,산업 및 보유창고 규모별 총괄,101019,101,년,1983,1990,,,"보유창고,산업","산업별,창고규모별"
DT_1IA3045,산업 및 종업원 규모별 종업원수,101019,101,년,1983,1990,,,종업원수,"산업별,종업원규모별"
DT_1IA3046,산업 및 종업원 규모별 직종별 피고용자수,101019,101,년,1983,1990,,,피고용자수,"산업별,직종별"
DT_1IA3047,산업 및 종업원규모별 직종별 연간급여액,101019,101,년,1983,1990,,,직종별연간급여액,"산업별,직종별"
DT_1IA3048,산업 및 조직형태별 운수비용,101019,101,년,1983,1990,,,운수비용,산업및조직형태별
DT_1IA3049,산업 및 조직형태별 부가가치,101019,101,년,1983,1990,,,부가가치,산업별
DT_1IA3050,산업 및 조직형태별 유형고정자산(연말현재),101019,101,년,1983,1990,,,유형고정자산,산업및조직형태별
DT_1IA3051,산업 및 지역별 총괄-육상운수업,101019,101,년,1983,1990,,,육상운수업,"산업별,행정구역별"
DT_1IA3052,산업 및 지역별 종업원수 및 연간급여액-육상운수업,101019,101,년,1983,1990,,,"종업원수,연간급여액","산업별,행정구역별"
DT_1IA3053,산업 및 지역별 총괄-수상운수업,101019,101,년,1983,1990,,,수상운송업,"산업별,행정구역별"
DT_1IA3054,산업 및 지역별 종업원수 및 연간급여액-수상운수업,101019,101,년,1983,1990,,,"종업원수,연간급여액","산업별,행정구역별"
DT_1IA3055,산업 및 지역별 총괄-운수관련서비스업,101019,101,년,1983,1990,,,운수관련서비스업,"산업별,행정구역별"
DT_1IA3056,산업 및 지역별 종업원수 및 연간급여액-운수관련서비스업,101019,101,년,1983,1990,,,"종업원수,연간급여액","산업별,행정구역별"
DT_1IA3057,조직형태 및 자본금규모별 종업원규모별 기업체수,101019,101,년,1983,1986,,,"기업체수,종업원","조직형태별,자본금규모별,종업원규모별"
DT_1IA4001,산업별 운수업 총괄,101019,101,년,1976,1984,,,운수업,산업별
DT_1IA4002,산업/조직형태별 총괄,101019,101,년,1976,1982,,,사업체수,산업조직형태별
DT_1IA4003,산업/종업원규모별 총괄,101019,101,년,1976,1982,,,종업원규모,"산업별,종업원규모별"
DT_1IA4004,산업/보유차량규모별 총괄,101019,101,년,1976,1982,,,보유차량규모,"산업별,보유차량규모별"
DT_1IA4005,산업/자본금규모별 총괄,101019,101,년,1976,1982,,,자본금규모,"산업별,자본금규모별"
DT_1IA4006,산업/종업원규모별 종업원수,101019,101,년,1976,1982,,,종업원수,"산업별,종업원규모별"
DT_1IA4007,산업/종업원규모별 직종별 종업원수,101019,101,년,1976,1982,,,종업원수,"산업별,직종별"
DT_1IA4008,산업/종업원규모별 직종별 연간급여액,101019,101,년,1977,1982,,,직종별연간급여액,"산업별,직종별"
DT_1IA4009,산업/조직형태별 운수비용,101019,101,년,1976,1982,,,운수비용,산업조직형태별
DT_1IA4010,산업/조직형태별 부가가치,101019,101,년,1976,1982,,,부가가치,산업조직형태별
DT_1IA4011,산업/조직형태별 유형고정자산,101019,101,년,1976,1982,,,유형고정자산,산업조직형태별
DT_1IA4015,조직형태/자본금규모별 기업체수,101019,101,년,1976,1982,,,기업체수,"조직형태별,자본금규모별"
DT_1IA4021,산업 및 조직형태별 총괄,101019,101,년,1976,1982,,,사업체,산업별
DT_1IA4022,산업 및 종업원규모별 총괄,101019,101,년,1976,1982,,,"종업원규모,산업","산업별,종업원규모별"
DT_1IA4023,산업 및 자본금규모별 총괄,101019,101,년,1976,1982,,,자본금규모,"산업별,자본금규모별"
DT_1IA4024,산업/종업원규모별 종업원수,101019,101,년,1976,1982,,,종업원수,"산업별,종업원규모별"
DT_1IA4025,산업/종업원규모/직종별 종업원수,101019,101,년,1976,1982,,,종업원수,"산업별,직종별"
DT_1IA4026,산업/종업원규모/직종별 연간급여액,101019,101,년,1976,1982,,,연간급여액,"산업별,직종별"
DT_1IA4027,산업/조직형태별 운수비용,101019,101,년,1976,1982,,,운수비용,산업조직형태별
DT_1IA4028,산업/조직형태별 부가가치,101019,101,년,1976,1982,,,부가가치,산업조직형태별
DT_1IA4029,산업/조직형태별 유형고정자산,101019,101,년,1976,1982,,,유형고정자산,산업조직형태별
DT_1IA4033,조직형태/자본금규모/종업원규모별 기업체수,101019,101,년,1976,1982,,,기업체수,"조직형태별,자본금규모별,종업원규모별"
DT_1IA4041,항공기 보유현황,101019,101,년,1977,1982,,,항공기,보유항공기수별
DT_1IA4051,산업/조직형태별 총괄,101019,101,년,1978,1982,,,사업체수,산업조직형태별
DT_1IA4052,산업/종업원규모별 총괄,101019,101,년,1978,1982,,,종업원규모,"산업별,종업원규모별"
DT_1IA4053,산업/자본금규모별 총괄,101019,101,년,1978,1982,,,자본금규모,"산업별,자본금규모별"
DT_1IA4054,산업/보유창고규모별 총괄,101019,101,년,1978,1982,,,보유창고규모,"산업별,보유창고규모별"
DT_1IA4055,산업/종업원규모별 종업원수,101019,101,년,1978,1982,,,종업원수,"산업별,종업원규모별"
DT_1IA4056,산업/종업원규모/직종별 피고용자수,101019,101,년,1978,1982,,,피고용자수,"산업별,직종별"
DT_1IA4057,산업/종업원규모/직종별 연간급여액,101019,101,년,1978,1982,,,"종업원규모,직종별급여액",직종별
DT_1IA4058,산업/조직형태별 운수비용,101019,101,년,1978,1982,,,운수비용,산업조직형태별
DT_1IA4059,산업/조직형태별 부가가치,101019,101,년,1978,1982,,,부가가치,산업조직형태별
DT_1IA4060,산업/조직형태별 유형고정자산,101019,101,년,1978,1982,,,유형고정자산,산업조직형태별
DT_1IA4061,조직형태/자본금규모별 기업체수,101019,101,년,1978,1982,,,기업체수,"조직형태별,자본금규모별"
DT_1IA4071,지역/산업(육상운수업)별 총괄,101019,101,년,1976,1982,,,사업체수,"지역별,산업별"
DT_1IA4072,지역/산업(육상운수업)별 종업원수 및 연간급여액,101019,101,년,1976,1982,,,"종업원수,연간급여액","지역별,산업별"
DT_1IA4073,지역/산업(수상운수업)별 총괄,101019,101,년,1976,1982,,,총괄,"지역별,산업별"
DT_1IA4074,지역/산업(수상운수업)별 종업원수 및 연간급여액,101019,101,년,1976,1982,,,"종업원수,연간급여액","지역별,산업별"
DT_1IA4075,지역/산업(보관 및 창고업)별 총괄,101019,101,년,1978,1982,,,사업체수,"지역별,산업별"
DT_1IA4076,지역/산업(보관 및 창고업)별 종업원수 및 연간급여액,101019,101,년,1978,1982,,,"종업원수,연간급여액","지역별,산업별"
DT_1IA4077,지역/산업(육상운수업)/직종별 종업원수(1978~9),101019,101,년,1978,1979,,,종업원수,직종별
DT_1IA4078,지역/산업(육상운수업)/직종별 연간급여액(1978~9),101019,101,년,1978,1979,,,연간급여액,직종별
DT_1IA4080,지역/산업(수상운수업)/직종별 종업원수(1978~9),101019,101,년,1978,1979,,,종업원수,직종별
DT_1IA4081,지역/산업(수상운수업)/직종별 연간급여액(1978~9),101019,101,년,1978,1979,,,연간급여액,직종별
DT_1F47,수요자/기종별 기계수주(경상금액),101020,101,"월,분기,년",1996,2020,,,기계수주,"수요자별,기종별"
DT_1F47005,수요자/기종별 기계수주(불변금액),101020,101,"월,분기,년",1996,2020,,,기계수주,"수요자별,기종별"
DT_1F47006,"수요자별 기계수주(불변금액, 계절조정)",101020,101,"월,분기",1996,2020,,,기계수주,수요자별
DT_1F48,수요자/기종별 기계수주(경상금액),101020,101,"월,분기,년",1996,2024,,,기계수주,"수요자별,기종별"
DT_1F48005,수요자/기종별 기계수주(불변금액),101020,101,"월,분기,년",1996,2024,,,기계수주,"수요자별,기종별"
DT_1F48006,"수요자별 기계수주(불변금액, 계절조정)",101020,101,"월,분기",1996,2024,,,기계수주,수요자별
DT_1C800A,생산확산지수,101021,101,월,1990,2024,,,생산확산지수,
DT_1C8015,경기종합지수(2020=100)(10차),101021,101,월,1970,2024,,,경기종합지수,
DT_1C8016,경기종합지수(2020=100) 구성지표 시계열 (10차),101021,101,월,1970,2024,,,"경기종합지수,구성지표",구성지표별
DT_1K60001,"시도별/산업별/조직형태별(총사업체통계,'81-'91)",101022,101,5년,1981,1991,,,사업체,"시도별,산업별,조직형태별"
DT_1K60002,"산업별/종업원규모별(총사업체통계,'81-'91)",101022,101,5년,1981,1991,,,"종업원규모,총사업체수","산업별,종업원규모별"
DT_1K60003,"시도별/산업별/종사상지위별(총사업체통계,'81-'91)",101022,101,5년,1981,1991,,,사업체,"시도별,산업별,종사상지위별"
DT_1K60004,"산업별/성별(총사업체통계,'81-'91)",101022,101,5년,1981,1991,,,사업체수,"산업별,성별"
DT_1K60005,"시도별/산업별/소유형태별 사업장면적(총사업체통계,'81-'91)",101022,101,5년,1981,1991,,,"사업장면적,사업체수","시도별,산업별,소유형태별"
DT_1KJ0002,시도/산업세세분류별 총괄,101022,101,5년,1991,1991,,,사업체수,"시도별,산업별"
DT_1KJ0003,구·시·군/산업소분류별총괄,101022,101,5년,1991,1991,,,산업소분류,"구시군별,산업소분류별"
DT_1KJ0004,산업세세분류/조직형태별 총괄,101022,101,5년,1991,1991,,,사업체,"산업세세분류별,조직형태별"
DT_1KJ0005,산업세세분류/종사자규모별,101022,101,5년,1991,1991,,,종사자규모,"산업별,종사자규모별"
DT_1KJ0006,산업세세분류/사업장면적(건물)규모별,101022,101,5년,1991,1991,,,사업장면적,"산업세세분류별,사업장건물규모별"
DT_1KJ0007,산업세세분류/판매액규모별,101022,101,5년,1991,1991,,,판매액규모,산업별
DT_1KJ0008,시도/산업세분류/조직형태별,101022,101,5년,1991,1991,,,사업체수,"행정구역별,산업별,조직형태별"
DT_1KJ0009,시도/산업세분류/종사자규모별,101022,101,5년,1991,1991,,,종사자규모,"행정구역별,산업별,종사자규모별"
DT_1KJ0010,시도/산업세분류/사업장면적(건물)별,101022,101,5년,1991,1991,,,사업장면적,"행정구역별,산업별,사업장면적별"
DT_1KJ0011,시도/산업세분류/판매액규모별,101022,101,5년,1991,1991,,,판매액규모,"행정구역별,산업별"
DT_1KJ0012,"시도/산업세분류/소유형태별 사업체수,사업장면적,임차료",101022,101,5년,1991,1991,,,"사업체수,사업장면적,임차료","시도별,산업별,소유형태별"
DT_1KJ0013,"시도/산업세분류별 사업체수,종사상 지위별 종사자수,인건비",101022,101,5년,1991,1991,,,"사업체수,종사자수","시도별,산업별,지위별"
DT_1KJ1002,시도/산업세세분류별 총괄,101022,101,5년,1986,1986,,,사업체수,"시도별,산업별"
DT_1KJ1003,동읍면/산업소분류별 총괄,101022,101,5년,1986,1986,,,산업소,"동읍면별,산업소분류별"
DT_1KJ1004,산업세세분류/조직형태별 총괄,101022,101,5년,1986,1986,,,조직형태,"산업세세분류별,조직형태별"
DT_1KJ1005,산업세세분류/종업원규모별 총괄,101022,101,5년,1986,1986,,,종업원규모,"산업세세분류별,종업원규모별"
DT_1KJ1006,산업세세분류/사업장면적(건물)규모별 총괄,101022,101,5년,1986,1986,,,사업장면적,"산업세세분류별,사업장면적규모별"
DT_1KJ1007,산업세세분류/판매액규모별 총괄,101022,101,5년,1986,1986,,,판매액규모,"산업세세분류별,판매액규모별"
DT_1KJ1008,시도/산업세분류/조직형태별 총괄,101022,101,5년,1986,1986,,,사업체,"행정구역별,산업별,조직형태별"
DT_1KJ1009,시도/산업세분류/종업원규모별 총괄,101022,101,5년,1986,1986,,,"시도,산업세분류,종업원규모","행정구역별,산업별,종업원규모별"
DT_1KJ1010,시도/산업세분류/사업장면적(건물)규모별 총괄,101022,101,5년,1986,1986,,,사업장면적,"시도별,산업별,사업장건물규모별"
DT_1KJ1011,시도/산업세분류/판매액규모별 총괄,101022,101,5년,1986,1986,,,판매액규모,"시도별,산업별"
DT_1KJ1012,"시도/산업세세분류/소유형태별 사업체수,사업장면적,임차료",101022,101,5년,1986,1986,,,사업체수,"시도별,산업별,소유형태별"
DT_1KJ1013,"시도/산업세세분류별 사업체수,종사상 지위별 종사자수,인건비",101022,101,5년,1986,1986,,,"사업체수,종사자수","시도별,산업별,지위별"
DT_1KL0001,시도/산업세세분류별 총괄,101022,101,5년,1991,1991,,,사업체,"시도별,산업별"
DT_1KL0002,구시군/산업중분류별 총괄,101022,101,5년,1991,1991,,,"구시군,산업중분류","행정구역별,산업중분류별"
DT_1KL0003,산업세세분류/종사자규모별 총괄,101022,101,5년,1991,1991,,,종사자규모,"산업세세분류별,종사자규모별"
DT_1KL0004,산업세세분류/사업장면적(건물)규모별 총괄,101022,101,5년,1991,1991,,,사업장면적,"산업세세분류별,사업장면적규모별"
DT_1KL0005,산업세세분류/수입액 규모별 총괄,101022,101,5년,1991,1991,,,수입액,산업세세분류별
DT_1KL0006,시도/산업소분류/종사자규모별,101022,101,5년,1991,1991,,,종사자규모,"시도별,산업별,종사자규모별"
DT_1KL0007,시도/산업소분류/수입액규모별,101022,101,5년,1991,1991,,,수입액규모,"행정구역별,산업별"
DT_1KL0008,"시도/산업세분류/소유형태별 사업체수,사업장면적,임차료",101022,101,5년,1991,1991,,,사업체수,"시도별,산업별,소유형태별"
DT_1KL0009,"시도/산업세분류별 사업체수, 종사상지위별 종사자수,인건비",101022,101,5년,1991,1991,,,"사업체수,종사자수,인건비","시도별,산업별,종사상지위별"
DT_1KL1001,시도/산업세세분류별 총괄,101022,101,5년,1986,1986,,,사업체,"시도별,산업별"
DT_1KL1002,구시군/산업중분류별 총괄,101022,101,5년,1986,1986,,,"구시군,산업중분류","행정구역별,산업중분류별"
DT_1KL1003,산업세세분류/종사자규모별 총괄,101022,101,5년,1986,1986,,,종사자규모,"산업세세분류별,종사자규모별"
DT_1KL1004,산업세세분류/사업장면적규모별 총괄,101022,101,5년,1986,1986,,,사업장면적규모,"산업세세분류별,사업장면적규모별"
DT_1KL1005,산업세세분류/수입액규모별 총괄,101022,101,5년,1986,1986,,,수입액규모,"산업세세분류별,수입액규모별"
DT_1KL1006,시도/산업소분류/종사자규모별 총괄,101022,101,5년,1986,1986,,,"산업,종사자규모","시도별,산업소분류별,종사자규모별"
DT_1KL1007,시도/산업소분류/수입액규모별 총괄,101022,101,5년,1986,1986,,,수입액규모,"행정구역별,산업별"
DT_1KL1008,시도/산업세세분류/소유형태별 총괄,101022,101,5년,1986,1986,,,"산업,소유형태","행정구역별,산업별,소유형태별"
DT_1KL1009,"시도/산업세세분류별 사업체수, 종사상지위별 종사자수,인건비",101022,101,5년,1986,1986,,,"사업체수,종사자수,인건비","시도별,산업별,종사상지위별"
DT_1K20001,도소매업판매액지수(2000=100),101023,101,"월,분기,년",1980,2007,,,도소매업판매액지수,
DT_1KA0011,산업별 판매관리기기 보유대수 구성비,101026,101,년,1998,1998,,,판매관리기기,산업별
DT_1KA0012,산업/상품매입처별 구입액 구성비,101026,101,년,1998,1998,,,구입액,산업상품매입처별
DT_1KA0013,산업/상품판매처별 판매액 구성비,101026,101,년,1998,1998,,,판매액,산업상품판매처별
DT_1KA0014,산업/수요자 대금결제수단별 구성비,101026,101,년,1998,1998,,,대금결제수단,대금결제수단별
DT_1KA0021,"백화점, 대형할인점, 호텔업별 총괄",101026,101,년,1998,1998,,,"백화점,대형할인점,호텔업","백화점,대형할인점,호텔업별"
DT_1KA0022,시도/종사자규모별 백화점 현황,101026,101,년,1997,1998,,,백화점,"시도별,종사자규모별"
DT_1KA0023,시도/매출액규모별 백화점 현황,101026,101,년,1997,1998,,,백화점,시도별
DT_1KA0024,시도/사업장건물면적 규모별 백화점 현황,101026,101,년,1997,1998,,,백화점,규모별
DT_1KA0025,시도/종사자규모별 대형할인점 현황,101026,101,년,1998,1998,,,대형할인점,"시도별,종사자규모별"
DT_1KA0026,시도/매출액규모별 대형할인점 현황,101026,101,년,1998,1998,,,대형할인점,"시도별,매출액규모별"
DT_1KA0027,시도/사업장건물면적 규모별 대형할인점 현황,101026,101,년,1998,1998,,,대형할인점,규모별
DT_1KA0029,시도/매출액규모별 호텔업 현황,101026,101,년,1997,1998,,,호텔업,"시도별,매출액규모별"
DT_1KA0031,시도/호텔객실수별 편의시설면적,101026,101,년,1998,1998,,,편의시설면적,시도별
DT_1KA0032,시도/호텔객실 이용자수 현황,101026,101,년,1998,1998,,,"호텔객실,이용자수",행정구역별
DT_1KA0043,시도/매출액규모별 슈퍼마켓 현황(1997),101026,101,년,1997,1997,,,슈퍼마켓,"시도별,매출액규모별"
DT_1KA1010,시도/산업별 판매관리기기 보유대수,101026,101,년,1998,2003,,,판매관리기기,"시도별,산업별"
DT_1KA1011,시도/종사자 규모별 대형종합소매점업 현황,101026,101,년,1997,2006,,,대형종합소매점업,"시도별,종사자규모별"
DT_1KA1012,시도/매출액규모별 대형종합소매업 현황,101026,101,년,1997,2006,,,대형종합소매업,"시도별,매출액규모별"
DT_1KA1013,시도/건물면적규모별 대형종합소매업 현황,101026,101,년,1997,2006,,,대형종합소매업,"시도별,건물면적규모별"
DT_1KA2001,상품매입처별 구성비,101026,101,년,2004,2006,,,상품매입처,상품매입처별
DT_1KA2003,상품판매처별 구성비,101026,101,년,2004,2006,,,구성비,상품판매처별
DT_1KA2005,판매관리기기 보유 사업체수 및 비율,101026,101,년,2004,2006,,,사업체수,산업별
DT_1KA2018,시도/객실수 규모별 숙박업 현황,101026,101,년,2006,2006,,,"숙박업,객실수","시도별,객실수규모별"
DT_1KA2019,시도/객석수 규모별 음식점업 현황,101026,101,년,2006,2006,,,음식점업,"시도별,객석수규모별"
DT_1KA3006,시도/산업/사업장점유형태별 건물면적,101026,101,년,2007,2016,,,건물면적,"시도별,산업별,사업장점유형태별"
DT_1KA3011,시도/종사자규모별 대형종합소매업 현황,101026,101,년,2007,2016,,,"대형종합소매업,종사자규모","시도별,종사자규모별"
DT_1KA3012,시도/매출액규모별 대형종합소매업 현황,101026,101,년,2007,2016,,,대형종합소매업,"시도별,매출액규모별"
DT_1KA3013,시도/건물면적규모별 대형종합소매업 현황,101026,101,년,2007,2016,,,대형종합소매업,"행정구역별,건물면적규모별"
DT_1KA3015,도소매업 상품판매 유형별 매출액 구성비,101026,101,년,2009,2016,,,"도소매업,상품판매,매출액",유형별
DT_1KA4001,시도/산업/상품매입처별 구성비,101026,101,년,2007,2016,,,구성비,"시도별,산업별,상품매입처별"
DT_1KA4003,시도/산업/상품판매처별 구성비,101026,101,년,2007,2016,,,구성비,"시도별,산업별,상품판매처별"
DT_1KA4005,시도/산업/판매관리기기 보유 사업체수,101026,101,년,2007,2013,,,사업체수,"시도별,산업별"
DT_1KA4018,시도/객실수 규모별 숙박업 현황,101026,101,년,2007,2016,,,"숙박업,객실수","시도별,객실수규모별"
DT_1KA4019,시도/객석수 규모별 음식점업 현황,101026,101,년,2007,2016,,,음식점업,"시도별,객석수규모별"
DT_1KD0014,시도/종사자규모별 호텔업 현황,101026,101,년,1997,2006,,,호텔업,"시도별,종사자규모별"
DT_1KD0015,시도/매출액규모별 호텔업현황,101026,101,년,1997,2006,,,호텔,"시도별,매출액규모별"
DT_1KD0016,시도/객실수규모별 호텔업 현황,101026,101,년,1997,2006,,,호텔업,"시도별,객실수규모별"
DT_1KD0017,객석수규모별 호텔업현황,101026,101,년,1997,2004,,,호텔업,객석수규모별
DT_1KD1009,객실수별 휴양콘도운영업 편의시설 개수,101026,101,년,2011,2016,,,"휴양콘도운영업편의시설개수,객실수",객실수별
DT_1KD1010,객실수별 호텔업 편의시설 개수,101026,101,년,2011,2016,,,"호텔업편의시설,객실수",객실수별
DT_1KD1011,종사자규모별 휴양콘도운영업 현황,101026,101,년,2011,2016,,,휴양콘도운영업,종사자규모별
DT_1KD1012,매출액규모별 휴양콘도운영업 현황,101026,101,년,2011,2016,,,휴양콘도운영업,매출액규모별
DT_1KD1013,객실수규모별 휴양콘도운영업 현황,101026,101,년,2011,2016,,,휴양콘도운영업,객실수규모별
DT_1KD1014,시도/종사자규모별 호텔업 현황,101026,101,년,2007,2016,,,호텔업,"시도별,종사자규모별"
DT_1KD1015,시도/매출액규모별 호텔업현황,101026,101,년,2007,2016,,,호텔,"시도별,매출액규모별"
DT_1KD1016,시도/객실수규모별 호텔업 현황,101026,101,년,2007,2016,,,호텔업,"시도별,객실수규모별"
DT_1KD1018,시도/객실수별 호텔 편의시설면적,101026,101,년,2007,2009,,,호텔편의시설면적,"시도별,객실수별"
DT_1KF0009,시도/산업중분류/연중사업기간별 사업체수,101026,101,년,1992,1992,,,사업체수,"시도별,산업중분류별,연중사업기간별"
DT_1KF0023,시도/판매액규모별 수퍼마켓 현황,101026,101,년,1992,1992,,,수퍼마켓,"시도별,판매액규모별"
DT_1KF0024,시도/사업장(건물)면적규모별 수퍼마켓 현황,101026,101,년,1992,1992,,,수퍼마켓,"시도별,사업장면적규모별"
DT_1KF0025,종사자규모/판매액규모/사업장(건물)면적규모별 백화점 현황,101026,101,년,1992,1992,,,백화점,"종사자규모별,판매액규모별,사업장,건물면적규모별"
DT_1KF0027,시도/수입액 규모별 호텔업 현황,101026,101,년,1992,1992,,,호텔업,"시도별,수입액규모별"
DT_1KG0004,시도/판매액 규모별 총괄,101026,101,년,1988,1990,,,판매액,"시도별,판매액규모별"
DT_1KG0005,시도/매장면적 규모별 총괄,101026,101,년,1988,1990,,,매장면적,"시도별,매장면적규모별"
DT_1KG0008,시도/연중영업기간별 사업체수,101026,101,년,1988,1990,,,사업체수,"시도별,연중영업기간별"
DT_1KG0011,"시도별총괄(백화점,수퍼마켓)",101026,101,년,1988,1990,,,"백화점,슈퍼마켓",행정구역별
DT_1KG0012,"시도별 판매액, 재고액, 영업경비(백화점,수퍼마켓)",101026,101,년,1988,1990,,,"판매액,재고액,영업경비",행정구역별
DT_1KG0013,지역/종사자규모별 총괄(백화점),101026,101,년,1988,1990,,,종사자,"지역별,종사자규모별"
DT_1KG0014,지역/판매액 규모별 총괄(백화점),101026,101,년,1988,1990,,,판매액,"지역별,판매액규모별"
DT_1KG0015,지역/직영면적 규모별 총괄(백화점),101026,101,년,1988,1990,,,직영면적,규모별
DT_1KG0016,시도/종사자규모별 총괄(수퍼마켓),101026,101,년,1988,1990,,,수퍼마켓,"행정구역별,종사자규모별"
DT_1KG0017,시도/판매액 규모별 총괄(수퍼마켓),101026,101,년,1988,1990,,,판매액,"시도별,판매액규모별"
DT_1KG0018,시도/매장면적 규모별 총괄(수퍼마켓),101026,101,년,1988,1990,,,매장면적,"시도별,매장면적규모별"
DT_1KG0019,시도별 총괄(호텔업),101026,101,년,1988,1990,,,호텔업,행정구역별
DT_1KG0020,시도/수입액 규모별 총괄(호텔업),101026,101,년,1988,1990,,,호텔업,"시도별,수입액규모별"
DT_1KG0021,시도/객실수 규모별 총괄(호텔업),101026,101,년,1989,1990,,,객실수,"시도별,객실수규모별"
DT_1KG0022,시도/종사자규모/종사상지위별 사업체수 및 종사자수(호텔업),101026,101,년,1988,1990,,,"사업체수,종사자수","시도별,종사자규모별,종사상지위별"
DT_1KB0010,시도/산업/직능별 종사자 현황,101027,101,년,1998,1998,,,종사자,"시도별,산업별,직능별"
DT_1KB0011,시도/산업별 전산장비 보유현황,101027,101,년,1998,1998,,,전산장비,"시도별,산업별"
DT_1KB0012,시도/산업별 임대용장비 자산현황,101027,101,년,1998,1998,,,임대용장비,"시도별,산업별"
DT_1KB0013,시도/산업/임대물품별 수익액 구성비,101027,101,년,1998,1998,,,수익액,"시도별,산업별,임대물품별"
DT_1KB1012,"오락, 문화·운동관련산업 사업체수 및 이용인원수",101027,101,년,2006,2006,,,"사업체수,이용인원수",산업별
DT_1KB1013,시도/산업/무형자산 보유현황,101027,101,년,2006,2006,,,무형자산,"시도별,산업별"
DT_1KB2002,정보처리 및 기타 컴퓨터 운영관련업(72) 전산장비 보유현황,101027,101,년,2004,2006,,,전산장비,전산장비보유현황별
DT_1KB3012,"시도/산업/예술,스포츠 및 여가관련산업 이용인원수 및 사업체수",101027,101,년,2007,2016,,,"이용인원수,사업체수","시도별,산업별"
DT_1KB3013,시도/산업/무형자산 보유 현황,101027,101,년,2007,2016,,,무형자산,"시도별,산업별"
DT_1KB4002,시도/산업/전산장비보유현황,101027,101,년,2007,2016,,,전산장비보유현황,"시도별,산업별"
DT_1KB5050,고객유형별 매출액 구성비(전문과학기술 서비스업),101027,101,년,2011,2016,,,매출액,고객유형별
DT_1KB5060,세분업종별 매출액 구성비(전문과학기술 서비스업),101027,101,년,2011,2016,,,매출액,세분업종별
DT_1KB6001,시도/산업별 총괄,101027,101,년,2006,2016,,,사업체,"시도별,산업별"
DT_1KB6002,시도/산업/종사자규모별 현황,101027,101,년,2006,2016,,,종사자규모,"시도별,산업별,종사자규모별"
DT_1KB6003,시도/산업/매출액규모별 현황,101027,101,년,2006,2016,,,매출액규모,"시도별,산업별,매출액규모별"
DT_1KB6004,시도/산업/사업장 건물면적규모별 사업체수,101027,101,년,2007,2016,,,사업체수,"시도별,산업별,건물면적규모별"
DT_1KB6005,시도/산업/일일평균영업시간별 사업체수,101027,101,년,2007,2016,,,사업체수,"시도별,산업별"
DT_1KB6006,시도/산업/정기휴무일수별 사업체수,101027,101,년,2007,2016,,,사업체수,"시도별,산업별"
DT_1KB6007,시도/산업별 연간급여액,101027,101,년,2007,2016,,,연간급여액,"시도별,산업별"
DT_1KB6008,시도/산업/전자상거래(매출) 여부별 사업체수,101027,101,년,2009,2016,,,사업체수,"시도별,산업별,전자상거래,매출여부별"
DT_1KB7001,시도/산업별 총괄,101027,101,년,1997,2006,,,사업체수,"시도별,산업별"
DT_1KB7002,시도/산업/종사자규모별 현황,101027,101,년,1997,2006,,,종사자규모,"시도별,산업별,종사자규모별"
DT_1KB7003,시도/산업/매출액규모별 현황,101027,101,년,1997,2006,,,매출액규모,"시도별,산업별,매출액규모별"
DT_1KB7004,시도/산업/사업장 건물면적규모별 사업체수,101027,101,년,1997,2006,,,사업체수,"시도별,산업별,건물면적규모별"
DT_1KB7005,시도/산업/점유형태별 사업장건물면적,101027,101,년,1997,2006,,,사업장건물면적,"시도별,산업별,점유형태별"
DT_1KB7006,시도/산업/일일평균영업시간별 사업체수,101027,101,년,1998,2006,,,사업체수,"시도별,산업별"
DT_1KB7007,시도/산업/정기휴무일수별 사업체수,101027,101,년,1998,2006,,,사업체수,"시도별,산업별"
DT_1KB7008,시도/산업별 연간급여액,101027,101,년,1998,2006,,,연간급여액,"시도별,산업별"
DT_1KB7009,시도/산업/전자상거래 활용 현황 1,101027,101,년,2004,2004,,,전자상거래,"시도별,산업별"
DT_1KB7010,시도/산업/전자상거래 활용 현황 2,101027,101,년,2006,2006,,,전자상거래,"시도별,산업별"
DT_1KB8001,시도/산업별 총괄,101027,101,년,1992,1998,,,사업체수,"시도별,산업별"
DT_1KB8002,시도/산업/종사자규모별 현황,101027,101,년,1992,1998,,,종사자규모,"시도별,산업별,종사자규모별"
DT_1KB8003,시도/산업/매출액규모별 현황 (구분류 1997-1998),101027,101,년,1997,1998,,,매출액규모,"시도별,산업별,매출액규모별"
DT_1KB8004,시도/산업/판매액규모별 현황 (1992-1995),101027,101,년,1992,1995,,,판매액규모,"시도별,산업별,판매액규모별"
DT_1KB8005,시도/산업/수입액규모별 현황 (1992-1995),101027,101,년,1992,1995,,,수입액규모,"시도별,산업별,수입액규모별"
DT_1KB8006,시도/산업/조직형태별 총괄,101027,101,년,1992,1998,,,사업체수,"시도별,산업별,조직형태별"
DT_1KB8007,시도/산업/사업장 건물면적규모별 현황,101027,101,년,1992,1998,,,사업장건물면적,"시도별,산업별,사업장건물면적규모별"
DT_1KB8008,시도/산업/종사상지위별 종사자수,101027,101,년,1992,1998,,,종사자수,"시도별,산업별,종사상지위별"
DT_1KB8009,시도/산업/소유형태별 사업장건물면적,101027,101,년,1992,1998,,,사업장건물면적,"시도별,산업별,소유형태별"
DT_1KB8010,시도/산업/본·지점별 현황,101027,101,년,1992,1998,,,사업체수,"시도별,산업별,본지점별"
DT_1KB8011,산업별 사업체 휴무일수 구성비 (1998),101027,101,년,1998,1998,,,사업체휴무일수,산업별
DT_1KB8012,시도/산업중분류/개설연도별 사업체수?(1992),101027,101,년,1992,1992,,,사업체수,"시도별,산업중분류별,개설연도별"
DT_1KB8013,산업/일일영업시간별 현황,101027,101,년,1993,1998,,,영업시간,"산업별,일일영업시간별"
DT_1KB8014,"슈퍼마켓,백화점,호텔업 현황",101027,101,년,1992,1997,,,"슈퍼마켓,백화점,호텔업",업종별
DT_1KB8015,시도/종사자규모별 슈퍼마켓 현황,101027,101,년,1992,1997,,,슈퍼마켓,"시도별,종사자규모별"
DT_1KB8016,시도/종사자규모별 호텔업 현황,101027,101,년,1992,1998,,,호텔업,"시도별,종사자규모별"
DT_1KB8017,시도/객실수규모별 호텔업 현황,101027,101,년,1992,1998,,,호텔업,"시도별,객실수규모별"
DT_1KB9001,시도/산업별 총괄,101027,101,년,2016,2020,,,사업체수,"시도별,산업별"
DT_1KB9002,시도/산업/종사자규모별 현황,101027,101,년,2016,2020,,,종사자규모,"시도별,산업별,종사자규모별"
DT_1KB9003,시도/산업/매출액규모별 현황,101027,101,년,2016,2020,,,매출액규모,"시도별,산업별,매출액규모별"
DT_1KB9004,시도/산업/사업장 건물면적규모별 사업체수,101027,101,년,2017,2019,,,사업체수,"시도별,산업별,건물면적규모별"
DT_1KB9005,시도/산업/일일평균영업시간별 사업체수,101027,101,년,2017,2019,,,사업체수,"시도별,산업별"
DT_1KB9006,시도/산업/정기휴무일수별 사업체수,101027,101,년,2017,2019,,,사업체수,"시도별,산업별"
DT_1KB9007,시도/산업별 연간급여액,101027,101,년,2016,2019,,,연간급여액,"시도별,산업별"
DT_1KB9008,시도/산업/전자상거래(매출) 여부별 사업체수,101027,101,년,2017,2019,,,사업체수,"시도별,산업별,전자상거래,매출여부별"
DT_1KB9009,시도/종사자규모별 대형종합소매업 현황,101027,101,년,2017,2019,,,대형종합소매업,"시도별,종사자규모별"
DT_1KB9010,시도/매출액규모별 대형종합소매업 현황,101027,101,년,2017,2019,,,대형종합소매업,"시도별,매출액규모별"
DT_1KB9011,시도/건물면적규모별 대형종합소매업 현황,101027,101,년,2017,2019,,,대형종합소매업,"행정구역별,건물면적규모별"
DT_1KB9012,시도/종사자규모별 호텔업 현황,101027,101,년,2017,2019,,,호텔업,"시도별,종사자규모별"
DT_1KB9013,시도/매출액규모별 호텔업현황,101027,101,년,2017,2019,,,호텔,"시도별,매출액규모별"
DT_1KB9014,시도/객실수규모별 호텔업 현황,101027,101,년,2017,2019,,,호텔업,"시도별,객실수규모별"
DT_1KB9015,객실수별 호텔업 편의시설 개수,101027,101,년,2017,2019,,,"호텔업편의시설,객실수",객실수별
DT_1KB9016,시도/산업/상품매입처별 구성비,101027,101,년,2017,2019,,,구성비,"시도별,산업별,상품매입처별"
DT_1KB9017,시도/산업/상품판매처별 구성비,101027,101,년,2017,2019,,,구성비,"시도별,산업별,상품판매처별"
DT_1KB9018,도소매업 상품판매 유형별 매출액 구성비,101027,101,년,2017,2019,,,"도소매업,매출액",유형별
DT_1KB9019,시도/객실수 규모별 숙박업 현황,101027,101,년,2017,2019,,,"숙박업,객실수","시도별,객실수규모별"
DT_1KB9020,시도/객석수 규모별 음식점업 현황,101027,101,년,2017,2019,,,음식점업,"시도별,객석수규모별"
DT_1KB9021,시도/산업/사업장점유형태별 건물면적,101027,101,년,2017,2019,,,건물면적,"시도별,산업별,사업장점유형태별"
DT_1KB9022,종사자규모별 휴양콘도운영업 현황,101027,101,년,2017,2019,,,휴양콘도운영업,종사자규모별
DT_1KB9023,매출액규모별 휴양콘도운영업 현황,101027,101,년,2017,2019,,,휴양콘도운영업,매출액규모별
DT_1KB9024,객실수규모별 휴양콘도운영업 현황,101027,101,년,2017,2019,,,휴양콘도운영업,객실수규모별
DT_1KB9025,객실수별 휴양콘도운영업 편의시설 개수,101027,101,년,2017,2019,,,휴양콘도운영업편의시설개수,객실수별
DT_1KB9026,"시도/산업/예술,스포츠 및 여가관련산업 이용인원수 및 사업체수",101027,101,년,2017,2019,,,"이용인원수,사업체수","시도별,산업별"
DT_1KB9027,시도/산업/직능별 종사자 현황(사회복지 서비스업),101027,101,년,2017,2019,,,종사자,"시도별,산업별,직능별"
DT_1KB9028,시도/산업/직능별 종사자 현황(정보통신업),101027,101,년,2017,2019,,,종사자,"시도별,산업별,직능별"
DT_1KB9029,시도/산업/무형자산 보유 현황(정보통신업),101027,101,년,2017,2019,,,무형자산,"시도별,산업별"
DT_1KB9030,시도/산업/전산장비보유현황(정보통신업),101027,101,년,2017,2019,,,전산장비보유현황,"시도별,산업별"
DT_1KB9031,고객유형별 매출액 구성비(전문과학기술 서비스업),101027,101,년,2017,2019,,,매출액,고객유형별
DT_1KB9032,세분업종별 매출액 구성비(전문과학기술 서비스업),101027,101,년,2017,2019,,,매출액,세분업종별
DT_1KB9033,시도/산업중분류 총괄(2007~2014),101027,101,년,2007,2014,,,사업체수,"시도별,산업중분류별"
DT_1KD0018,시도/객실수별 호텔 편의시설면적,101027,101,년,1998,2006,,,호텔편의시설면적,"시도별,객실수별"
DT_1KD0019,시도/산업/직능별 종사자현황,101027,101,년,1998,2006,,,종사자,"시도별,산업별,직능별"
DT_1KD0020,시도/산업별 전산장비 보유현황-사업서비스업,101027,101,년,1998,2003,,,전산장비,"시도별,산업별"
DT_1KD1019,시도/산업/직능별 종사자 현황(정보처리 및 컴퓨터 관련업),101027,101,년,2007,2016,,,종사자,"시도별,산업별,직능별"
DT_1KD1021,시도/산업/직능별 종사자 현황(사회복지 서비스업),101027,101,년,2014,2016,,,종사자,"시도별,산업별,직능별"
DT_1KE0001,2012년 기준 프랜차이즈통계(교육서비스업 포함),101027,101,년,2012,2012,,,"프랜차이즈,교육서비스업","2012년별,교육서비스업포함별"
DT_1KE0002,2012년 기준 프랜차이즈통계(교육서비스업 제외),101027,101,년,2012,2012,,,"프랜차이즈,가맹점사업자,직영점,직원,매출액,평균매출액,영업이익,평균영업이익,가맹비,교육비,보증금,인테리어비용,기타소요금액",산업별
DT_1KE0003,"프랜차이즈 통계(16개 업종별, 교육서비스업 제외)",101027,101,년,2013,2016,,,"프랜차이즈,가맹점사업자,가맹점수,직영점수,종사자수",업종별
DT_1KF1001,프랜차이즈 통계(가맹점),101027,101,년,2016,2017,,,가맹점,"브랜드별,업종별"
DT_1KF1002,소매 프랜차이즈 매장면적별 사업체수,101027,101,년,2017,2017,,,사업체수,매장면적별
DT_1KF1003,음식 및 음료 프랜차이즈 객석수 별 사업체수,101027,101,년,2017,2017,,,사업체수,객석수별
DT_1KF1004,주요 프랜차이즈 일일평균 영업시간별 사업체수,101027,101,년,2017,2017,,,사업체수,영업시간별
DT_1KF1005,프랜차이즈 및 비프랜차이즈 비교,101027,101,년,2017,2017,,,"프랜차이즈,비프랜차이즈","프랜차이즈별,비프랜차이즈별"
DT_1KH0023,시도/산업중분류별 수입액 및 사업경비,101027,101,년,1992,1992,,,"수입액,사업경비","시도별,산업중분류별"
DT_1KH0024,"시도/산업중분류별 사업체수, 사업장면적, 유형고정자산 신규취득액",101027,101,년,1992,1992,,,사업체수,"시도별,산업중분류별"
DT_1KH0044,시도/수입액규모별 현황,101027,101,년,1988,1990,,,수입액규모,"시도별,수입액규모별"
DT_1KH0045,시도/사업장면적 규모별 현황,101027,101,년,1988,1990,,,사업장면적,"행정구역별,사업장면적규모별"
DT_1KH0046,시도/조직형태별 현황,101027,101,년,1988,1990,,,조직형태,"행정구역별,조직형태별"
DT_1KH0047,시도/사업장면적 소유형태별 현황,101027,101,년,1988,1990,,,"사업장면적,소유형태","행정구역별,사업장면적소유형태별"
DT_1KH0049,시도/산업별 고정자산투자 현황,101027,101,년,1988,1990,,,고정자산투자,"시도별,산업별"
DT_1KH0050,시도/영업기간(연중)별 사업체수 및 종사자수 구성비,101027,101,년,1988,1990,,,"사업체수,종사자수","시도별,영업기간,연중별"
DT_1KH1001,시도/산업별 총괄,101027,101,년,1988,1990,,,사업체수,"시도별,산업별"
DT_1KH1002,시도/산업/종사자규모별  현황,101027,101,년,1988,1990,,,종사자규모,"시도별,산업별,종사자규모별"
DT_1KH1003,시도/산업/성별 종사자수,101027,101,년,1988,1990,,,종사자수,"시도별,산업별,성별"
DT_1KH1004,시도/개설연도별 총괄 (1990),101027,101,년,1990,1990,,,총괄,"시도별,개설연도별"
DT_2KB9001,시도/산업별 총괄,101027,101,년,2020,2022,,,사업체수,"시도별,산업별"
DT_2KB9002,시도/산업/종사자규모별 현황,101027,101,년,2020,2022,,,종사자규모,"시도별,산업별,종사자규모별"
DT_2KB9003,시도/산업/매출액규모별 현황,101027,101,년,2020,2022,,,매출액규모,"시도별,산업별,매출액규모별"
DT_2KB9004,"[도소매업, 숙박 및 음식점업] 시도/산업/건물면적규모별 현황",101027,101,년,2020,2022,,,"도소매업,숙박및음식점업,건물면적규모","시도별,산업별,건물면적규모별"
DT_2KB9005,시도/산업/일일평균 영업시간별 현황,101027,101,년,2021,2022,,,영업시간,"시도별,산업별,일일평균영업시간별"
DT_2KB9006,시도/산업/월간 정기 휴무일수별 현황,101027,101,년,2021,2022,,,정기휴무일수,"시도별,산업별,월간별"
DT_2KB9007,시도/산업/연간 급여액 현황,101027,101,년,2021,2022,,,급여액,"시도별,산업별,연간"
DT_2KB9008,시도/산업/온라인 거래 여부 현황,101027,101,년,2021,2022,,,거래,"시도별,산업별,온라인거래여부별"
DT_2KB9012,"[호텔업, 휴양콘도운영업] 시도/산업/종사자 규모별 매출형태별 수입액 현황",101027,101,년,2021,2022,,,수입액,"시도별,산업별,종사자규모별,매출형태별"
DT_2KB9013,"[호텔업, 휴양콘도운영업] 시도/산업/매출액 규모별 매출형태별 수입액 현황",101027,101,년,2021,2022,,,수입액,"시도별,산업별,매출액규모별,매출형태별"
DT_2KB9014,"[호텔업, 휴양콘도운영업] 시도/산업/객실 수 규모별 매출형태별 수입액 현황",101027,101,년,2021,2022,,,"호텔업,휴양콘도운영업,시도,산업,객실수,매출형태별수입액","시도별,산업별,객실수규모별,매출형태별"
DT_2KB9015,"[호텔업, 휴양콘도운영업] 시도/산업/객실 수 규모별 편의시설 현황",101027,101,년,2021,2022,,,"편의시설,객실","시도별,산업별,객실수규모별"
DT_2KB9016,[도소매업] 시도/산업/상품 매입처별 구성비 현황,101027,101,년,2021,2022,,,"도소매업,상품","시도별,산업별,상품별"
DT_2KB9017,[도소매업] 시도/산업/상품 판매처별 구성비 현황,101027,101,년,2021,2022,,,"도소매업,상품,판매처","시도별,산업별,상품판매처별"
DT_2KB9018,[도소매업] 시도/산업/상품판매 유형별 매출액 구성비 현황,101027,101,년,2021,2022,,,"도소매업,매출액","행정구역별,산업별,상품판매유형별"
DT_2KB9019,[숙박업] 시도/산업/객실 수 규모별 현황,101027,101,년,2021,2022,,,객실수,"행정구역별,산업별,객실수규모별"
DT_2KB9020,[음식주점업] 시도/산업/객석 수 규모별 현황,101027,101,년,2021,2022,,,"음식주점업,객석수","행정구역별,산업별,객석수규모별"
DT_2KB9021,"[도소매업, 숙박 및 음식점업] 시도/산업/점유형태별 건물 면적 현황",101027,101,년,2021,2022,,,건물면적,"시도별,산업별,점유형태별"
DT_2KB9026,"[예술, 스포츠 및 여가관련 서비스업] 시도/산업/이용인원 수 현황",101027,101,년,2020,2022,,,"예술,스포츠및여가관련서비스업,이용인원","시도별,산업별"
DT_2KB9027,[사회복지 서비스업] 시도/산업/직능별 종사자 현황,101027,101,년,2020,2022,,,종사자,"시도별,산업별,직능별"
DT_2KB9028,[정보통신업] 시도/산업/직능별 종사자 현황,101027,101,년,2020,2022,,,종사자,"시도별,산업별,직능별"
DT_2KB9029,"[도소매업, 숙박 및 음식점업, 정보통신업] 시도/산업별 디지털플랫폼 거래 여부 현황",101027,101,년,2020,2022,,,디지털플랫폼거래여부,"시도별,산업별"
DT_2KB9030,"[소매업, 숙박 및 음식점업] 시도/산업별 무인결제기기 도입 여부 현황",101027,101,년,2020,2022,,,무인결제기기,"시도별,산업별"
DT_2KB9031,"[소매업, 음식주점업] 시도/산업별 배달(택배) 판매 여부 현황",101027,101,년,2020,2022,,,"판매,소매업,음식주점업","시도별,산업별"
DT_1C81,시도별 경제활동별 지역내총생산,101028,101,년,1985,2022,,,지역내총생산,"시도별,경제활동별"
DT_1C82,시도별 경제활동별 지역내총부가가치 및 요소소득,101028,101,년,1985,2021,,,"경제활동별지역내총부가가치,요소소득","시도별,경제활동별"
DT_1C83,시도별 지역내총생산에 대한 지출,101028,101,년,1995,2022,,,지역내총생산,행정구역별
DT_1C84,시도별 제도부문별 소득계정,101028,101,년,2000,2022,,,소득계정,"시도별,제도부문별"
DT_1C85,시도별 지역외순수취본원소득,101028,101,년,2000,2022,,,지역외순수취본원소득,행정구역별
DT_1C86,"시도별 1인당 지역내총생산, 지역총소득, 개인소득",101028,101,년,1985,2022,,,"지역내총생산,지역총소득,개인소득",행정구역별
DT_1C91,시도별 경제활동별 지역내총생산,101028,101,년,2015,2022,,,경제활동별지역내총생산,"시도별,경제활동별"
DT_1C92,시도별 경제활동별 지역내총부가가치 및 요소소득,101028,101,년,2015,2022,,,"경제활동별지역내총부가가치,요소소득","행정구역별,경제활동별"
DT_1C93,시도별 지역내총생산에 대한 지출,101028,101,년,2015,2022,,,지역내총생산,행정구역별
DT_1C94,시도별 제도부문별 소득계정,101028,101,년,2015,2022,,,소득계정,"시도별,제도부문별"
DT_1C95,시도별 지역외순수취본원소득,101028,101,년,2015,2022,,,지역외순수취본원소득,행정구역별
DT_1C96,"시도별 1인당 지역내총생산, 지역총소득, 개인소득",101028,101,년,2015,2022,,,"지역내총생산,지역총소득,개인소득",행정구역별
INH_1C91,GRDP(시도),101028,101,년,2015,2022,,,GRDP,행정구역별
INH_1C96_01,1인당 민간소비지출액(시도),101028,101,년,2015,2022,,,민간소비지출액,행정구역별
INH_1C96_02,1인당 GRDP(시도),101028,101,년,2015,2022,,,GRDP,행정구역별
INH_1C96_03,1인당 지역총소득(시도),101028,101,년,2015,2022,,,지역총소득,행정구역별
INH_1C96_04,1인당 개인소득(시도),101028,101,년,2015,2022,,,개인소득,행정구역별
DT_1LA1101,연간소득계층별 가구당 가계수지(2인이상 가구),101029,101,5년,2000,2000,,,가구,소득계층별
DT_1LA1102,연간소득 10분위별 가구당 가계수지(2인이상 가구),101029,101,5년,2000,2000,,,가구당가계수지,소득분위별
DT_1LA1103,연간소득 5분위별 가구당 가계수지(2인이상 가구),101029,101,5년,2000,2000,,,가구,소득분위별
DT_1LA1104,연간경상소득계층별 가구당 가계수지(2인이상 가구),101029,101,5년,2000,2000,,,가구,소득계층별
DT_1LA1105,연간경상소득 10분위별 가구당 가계수지(2인이상 가구),101029,101,5년,2000,2000,,,가구,10분위별
DT_1LA1106,연간경상소득 5분위별 가구당 가계수지(2인이상 가구),101029,101,5년,2000,2000,,,가구,5분위별
DT_1LA1107,연간소비지출계층별 가구당 가계수지(2인이상 가구),101029,101,5년,2000,2000,,,가구당가계수지,소비지출계층별
DT_1LA1108,가구원수별 가구당 가계수지(2인이상 가구),101029,101,5년,2000,2000,,,"가구,가계수지",가구원수별
DT_1LA1109,가구주성별 가구당 가계수지(2인이상 가구),101029,101,5년,2000,2000,,,"가구,가계수지",가구주성별별
DT_1LA1110,가구유형별 가구당 가계수지(2인이상 가구),101029,101,5년,2000,2000,,,"가구,가구당가계수지",가구유형별
DT_1LA1112,입주형태별 가구당 가계수지(2인이상 가구),101029,101,5년,2000,2000,,,가구당가계수지,입주형태별
DT_1LA1113,취학자녀수별 가구당 가계수지(2인이상 가구),101029,101,5년,2000,2000,,,"취학자녀수별,가구당,가계수지",취학자녀수별
DT_1LA1114,가구주연령별 가구당 가계수지(2인이상 가구),101029,101,5년,2000,2000,,,"가구,가계수지",가구주연령별
DT_1LA1115,가구주 교육정도별 가구당 가계수지(2인이상 가구),101029,101,5년,2000,2000,,,"가구,가구당가계수지",교육정도별
DT_1LA1116,거처구분별 가구당 가계수지(2인이상 가구),101029,101,5년,2000,2000,,,가구,거처구분별
DT_1LA1117,가구주 산업별 가구당 가계수지(2인이상 가구),101029,101,5년,2000,2000,,,"가구,가구당가계수지",산업별
DT_1LA1118,가구주 직업별 가구당 가계수지(2인이상 가구),101029,101,5년,2000,2000,,,"가구,가구당가계수지",가구주직업별
DT_1LA1119,저축액 계층별 가구당 가계수지(2인이상 가구),101029,101,5년,2000,2000,,,가구,계층별
DT_1LA1120,부채액 계층별 가구당 가계수지(2인이상 가구),101029,101,5년,2000,2000,,,"부채액,가구당가계수지,가구",계층별
DT_1LA1121,주거전용 면적계층별 가구당 가계수지(2인이상 가구),101029,101,5년,2000,2000,,,가구,면적계층별
DT_1LA1122,행정구역(시도)별 가구당 가계수지(2인이상 가구),101029,101,5년,2000,2000,,,"가구당가계수지,가구",행정구역별
DT_1LA1123,가구주 혼인기간별 가구당 가계수지(2인이상 가구),101029,101,5년,2000,2000,,,"가구,가구당가계수지",혼인기간별
DT_1LA1124,가구주연령/가구원수별 가구당 가계지출(2인이상 가구),101029,101,5년,2000,2000,,,"가구,가구당가계지출","가구주연령별,가구원수별"
DT_1LA1125,행정구역(시도)/가구원수별 가구당 가계수지(2인이상 가구),101029,101,5년,2000,2000,,,가구,"행정구역별,가구원수별"
DT_1LA1126,행정구역(시도)/가구주 연령별 가구당 가계수지(2인이상 가구),101029,101,5년,2000,2000,,,가구,"행정구역별,가구주연령별"
DT_1LA1127,행정구역(시도)/가구주 교육정도별 가구당 가계수지(2인이상 가구),101029,101,5년,2000,2000,,,가구,"행정구역별,가구주교육정도별"
DT_1LA1201,연간소득계층별 저축액 및 부채액(2인이상 가구),101029,101,5년,2000,2000,,,"저축액,부채액,가구",소득계층별
DT_1LA1202,연간소득 10분위별 저축액 및 부채액(2인이상 가구),101029,101,5년,2000,2000,,,"저축액,부채액",10분위별
DT_1LA1203,연간소득 5분위별 저축액 및 부채액(2인이상 가구),101029,101,5년,2000,2000,,,"저축액,부채액,가구",소득분위별
DT_1LA1204,연간경상소득계층별 저축액 및 부채액(2인이상 가구),101029,101,5년,2000,2000,,,"저축액,부채액",경상소득계층별
DT_1LA1205,연간경상소득 10분위별 저축액 및 부채액(2인이상 가구),101029,101,5년,2000,2000,,,"저축액,부채액",10분위별
DT_1LA1206,연간경상소득 5분위별 저축액 및 부채액(2인이상 가구),101029,101,5년,2000,2000,,,"연간경상소득,저축액,부채액,2인이상가구",5분위별
DT_1LA1207,가구원수별 저축액 및 부채액(2인이상 가구),101029,101,5년,2000,2000,,,"가구원수,저축액,부채액,가구",가구원수별
DT_1LA1208,가구주연령별 저축액 및 부채액(2인이상 가구),101029,101,5년,2000,2000,,,"저축액,부채액",가구주연령별
DT_1LA1209,가구유형별 저축액 및 부채액(2인이상 가구),101029,101,5년,2000,2000,,,"가구유형별저축액,부채액",가구유형별
DT_1LA1210,입주형태별 저축액 및 부채액(2인이상 가구),101029,101,5년,2000,2000,,,"저축액,부채액,가구",입주형태별
DT_1LA1211,주거전용면적별 저축액 및 부채액(2인이상 가구),101029,101,5년,2000,2000,,,"저축액,부채액,가구",주거전용면적별
DT_1LA1212,저축액계층별 저축액 및 부채액(2인이상 가구),101029,101,5년,2000,2000,,,"저축액,부채액,가구",저축액계층별
DT_1LA1213,부채액계층별 저축액 및 부채액(2인이상 가구),101029,101,5년,2000,2000,,,"저축액,부채액",부채액계층별
DT_1LA1214,가구주 혼인기간별 저축액 및 부채액(2인이상 가구),101029,101,5년,2000,2000,,,"가구주,저축액,부채액,가구",가구주혼인기간별
DT_1LA1215,행정구역(시도)별 저축액 및 부채액(2인이상 가구),101029,101,5년,2000,2000,,,"저축액,부채액,가구",행정구역별
DT_1LA1301,연간소득계층별 1000가구당 가구내구재 보유수량(2인이상 가구),101029,101,5년,2000,2000,,,가구내구재,소득계층별
DT_1LA1302,연간소득 10분위별 1000가구당 가구내구재 보유수량(2인이상 가구),101029,101,5년,2000,2000,,,"가구내구재,가구",소득10분위별
DT_1LA1303,연간소득 5분위별 1000가구당 가구내구재 보유수량(2인이상 가구),101029,101,5년,2000,2000,,,가구내구재,소득분위별
DT_1LA1304,연간경상소득계층별 1000가구당 가구내구재 보유수량(2인이상 가구),101029,101,5년,2000,2000,,,가구내구재,계층별
DT_1LA1305,연간경상소득 10분위별 1000가구당 가구내구재 보유수량(2인이상 가구),101029,101,5년,2000,2000,,,가구내구재,10분위별
DT_1LA1306,연간경상소득 5분위별 1000가구당 가구내구재 보유수량(2인이상 가구),101029,101,5년,2000,2000,,,가구내구재,5분위별
DT_1LA1307,가구원수별 1000가구당 가구내구재 보유수량(2인이상 가구),101029,101,5년,2000,2000,,,"가구내구재,가구",가구원수별
DT_1LA1308,입주형태별 1000가구당 가구내구재 보유수량(2인이상 가구),101029,101,5년,2000,2000,,,가구내구재,입주형태별
DT_1LA1309,가구주 혼인기간별 1000가구당 가구내구재 보유수량(2인이상 가구),101029,101,5년,2000,2000,,,가구내구재,혼인기간별
DT_1LA1310,가구주 연령별 1000가구당 가구내구재 보유수량(2인이상 가구),101029,101,5년,2000,2000,,,가구내구재,가구주연령별
DT_1LA1311,주거전용면적별 1000가구당 가구내구재 보유수량(2인이상 가구),101029,101,5년,2000,2000,,,"가구내구재,가구",주거전용면적별
DT_1LA1312,구입년도별 1000가구당 가구내구재 보유수량(2인이상 가구),101029,101,5년,2000,2000,,,가구내구재보유수량,구입년도별
DT_1LA1313,행정구역(시도)별 1000가구당 가구내구재 보유수량(2인이상 가구),101029,101,5년,2000,2000,,,"가구내구재,가구",행정구역별
DT_1LA1401,연간소득계층별 가구내구재 보유가구비율(2인이상 가구),101029,101,5년,2000,2000,,,가구내구재보유가구비율,소득계층별
DT_1LA1402,연간소득 10분위별 가구내구재 보유가구비율(2인이상 가구),101029,101,5년,2000,2000,,,가구내구재보유가구비율,소득10분위별
DT_1LA1403,연간소득 5분위별 가구내구재 보유가구비율(2인이상 가구),101029,101,5년,2000,2000,,,가구내구재보유가구비율,소득분위별
DT_1LA1404,연간경상소득계층별 가구내구재 보유가구비율(2인이상 가구),101029,101,5년,2000,2000,,,가구내구재보유가구비율,소득계층별
DT_1LA1405,연간경상소득 10분위별 가구내구재 보유가구비율(2인이상 가구),101029,101,5년,2000,2000,,,가구내구재보유가구비율,10분위별
DT_1LA1406,연간경상소득 5분위별 가구내구재 보유가구비율(2인이상 가구),101029,101,5년,2000,2000,,,가구내구재보유가구비율,5분위별
DT_1LA1407,가구원수별 가구내구재 보유가구비율(2인이상 가구),101029,101,5년,2000,2000,,,"가구원수별가구내구재보유가구비율,2인이상가구에서측정대상은가구내구재보유가구비율입니다",가구원수별
DT_1LA1408,입주형태별 가구내구재 보유가구비율(2인이상 가구),101029,101,5년,2000,2000,,,가구내구재보유가구비율,입주형태별
DT_1LA1409,가구주 혼인기간별 가구내구재 보유가구비율(2인이상 가구),101029,101,5년,2000,2000,,,가구내구재보유가구비율,혼인기간별
DT_1LA1410,가구주 연령별 가구내구재 보유가구비율(2인이상 가구),101029,101,5년,2000,2000,,,"가구,가구내구재",가구주연령별
DT_1LA1411,주거전용면적별 가구내구재 보유가구비율(2인이상 가구),101029,101,5년,2000,2000,,,"가구내구재,가구",주거전용면적별
DT_1LA1412,구입년도별 가구내구재 보유가구비율(2인이상 가구),101029,101,5년,2000,2000,,,가구내구재보유가구비율,구입년도별
DT_1LA1413,행정구역(시도)별 가구내구재 보유가구비율(2인이상 가구),101029,101,5년,2000,2000,,,가구내구재보유가구비율,행정구역별
DT_1LA2101,연간소득계층별 가구당 가계수지(1인가구),101029,101,5년,2000,2000,,,가구,소득계층별
DT_1LA2102,연간소득 5분위별 가구당 가계수지(1인가구),101029,101,5년,2000,2000,,,가구,소득분위별
DT_1LA2103,연간경상소득계층별 가구당 가계수지(1인가구),101029,101,5년,2000,2000,,,가구,소득계층별
DT_1LA2104,연간경상소득 5분위별 가구당 가계수지(1인가구),101029,101,5년,2000,2000,,,"가구,연간경상소득",5분위별
DT_1LA2105,연간소비지출계층별 가구당 가계수지(1인가구),101029,101,5년,2000,2000,,,가구,계층별
DT_1LA2106,입주형태별 가구당 가계수지(1인가구),101029,101,5년,2000,2000,,,"가구당가계수지,1인가구",입주형태별
DT_1LA2107,가구주연령별 가구당 가계수지(1인가구),101029,101,5년,2000,2000,,,"가구,가계수지",가구주연령별
DT_1LA2108,가구주 교육정도별 가구당 가계수지(1인가구),101029,101,5년,2000,2000,,,"가구,가구당가계수지",교육정도별
DT_1LA2109,저축액 계층별 가구당 가계수지(1인가구),101029,101,5년,2000,2000,,,가구,계층별
DT_1LA2110,부채액 계층별 가구당 가계수지(1인가구),101029,101,5년,2000,2000,,,"부채액,가구당가계수지,1인가구",계층별
DT_1LA2111,행정구역(시도)별 가구당 가계수지(1인가구),101029,101,5년,2000,2000,,,가구,행정구역별
DT_1LA2201,연간소득계층별 저축액 및 부채액(1인가구),101029,101,5년,2000,2000,,,"저축액,부채액,1인가구",소득계층별
DT_1LA2202,연간소득 5분위별 저축액 및 부채액(1인가구),101029,101,5년,2000,2000,,,"저축액,부채액,1인가구",소득분위별
DT_1LA2203,연간경상소득계층별 저축액 및 부채액(1인가구),101029,101,5년,2000,2000,,,"저축액,부채액,1인가구",계층별
DT_1LA2204,연간경상소득 5분위별 저축액 및 부채액(1인가구),101029,101,5년,2000,2000,,,"저축액,부채액,1인가구",5분위별
DT_1LA2205,가구주연령계층별 저축액 및 부채액(1인가구),101029,101,5년,2000,2000,,,"가구주연령계층별저축액,부채액,1인가구",가구주연령계층별
DT_1LA2206,입주형태별 저축액 및 부채액(1인가구),101029,101,5년,2000,2000,,,"저축액,부채액,1인가구",입주형태별
DT_1LA2207,행정구역(시도)별 저축액 및 부채액(1인가구),101029,101,5년,2000,2000,,,"저축액,부채액,1인가구",행정구역별
DT_1LA2301,연간소득 계층별 1000가구당 가구내구재 보유수량(1인가구),101029,101,5년,2000,2000,,,"가구내구재,가구",계층별
DT_1LA2302,연간소득 5분위별 100가구당 가구내구재 보유수량(1인가구),101029,101,5년,2000,2000,,,가구내구재,소득5분위별
DT_1LA2303,연간경상소득계층별 1000가구당 가구내구재보유수량(1인가구),101029,101,5년,2000,2000,,,가구내구재보유수량,소득계층별
DT_1LA2304,연간경상소득 5분위별 1000가구당 가구내구재 보유수량(1인가구),101029,101,5년,2000,2000,,,가구내구재,5분위별
DT_1LA2305,입주형태별 1000가구당 가구내구재 보유수량(1인가구),101029,101,5년,2000,2000,,,"가구내구재,가구",입주형태별
DT_1LA2306,가구주 연령별 1000가구당 가구내구재 보유수량(1인가구),101029,101,5년,2000,2000,,,가구내구재,가구주연령별
DT_1LA2307,행정구역(시도)별 1000가구당 가구내구재 보유수량(1인가구),101029,101,5년,2000,2000,,,"가구내구재,가구",행정구역별
DT_1LA2401,연간소득 계층별 가구내구재 보유가구비율(1인가구),101029,101,5년,2000,2000,,,가구내구재보유가구비율,계층별
DT_1LA2402,연간소득 5분위별 가구내구재 보유가구비율(1인가구),101029,101,5년,2000,2000,,,가구내구재보유가구비율,소득분위별
DT_1LA2403,연간경상소득계층별 가구내구재 보유가구비율(1인가구),101029,101,5년,2000,2000,,,가구내구재보유가구비율,소득계층별
DT_1LA2404,연간경상소득 5분위별 가구내구재 보유가구비율(1인가구),101029,101,5년,2000,2000,,,가구내구재보유가구비율,5분위별
DT_1LA2405,입주형태별 가구내구재 보유가구비율(1인가구),101029,101,5년,2000,2000,,,"가구내구재보유가구비율,1인가구",입주형태별
DT_1LA2406,가구주 연령별 가구내구재 보유가구비율(1인가구),101029,101,5년,2000,2000,,,"가구,가구내구재,가구내구재보유가구비율",가구주연령별
DT_1LA2407,행정구역(시도)별 가구내구재 보유가구비율(1인가구),101029,101,5년,2000,2000,,,"가구내구재보유가구비율,1인가구",행정구역별
DT_1LB101,연간소득 계층별 가구당 월평균 가계수지,101029,101,5년,1996,1996,,,가구,계층별
DT_1LB102,가구주 연간소득 계층별 가구당 월평균 가계수지,101029,101,5년,1996,1996,,,"가구주,가구당월평균가계수지",계층별
DT_1LB1031,연간소득 10분위별 가구당 월평균 가계수지,101029,101,5년,1996,1996,,,가구,소득분위별
DT_1LB1032,연간소득 5분위별 가구당 월평균 가계수지,101029,101,5년,1996,1996,,,가구,소득분위별
DT_1LB104,월평균 소비지출 계층별 가구당 월평균 가계수지,101029,101,5년,1996,1996,,,"소비지출,가구",계층별
DT_1LB105,가구원수별 가구당 월평균 가계수지,101029,101,5년,1996,1996,,,"가구,월평균가계수지",가구원수별
DT_1LB106,취업인원수별 가구당 월평균 가계수지,101029,101,5년,1996,1996,,,"취업인원수,가구",취업인원수별
DT_1LB107,가구주 성별 가구구분별 가구당 월평균 가계수지,101029,101,5년,1996,1996,,,"가구,가구수지","성별,가구구분별"
DT_1LB108,가구유형별 가구당 월평균 가계수지,101029,101,5년,1996,1996,,,"가구,가구당월평균가계수지",가구유형별
DT_1LB109,세대구분별 자가용보유 유·무별 가구당 월평균 가계수지,101029,101,5년,1996,1996,,,"자가용보유가구,월평균가계수지","세대구분별,자가용보유유무별"
DT_1LB110,입주형태별 가구당 월평균 가계수지,101029,101,5년,1996,1996,,,가구당월평균가계수지,입주형태별
DT_1LB111,가구주 연령별 가구당 월평균 가계수지,101029,101,5년,1996,1996,,,"가구,월평균가계수지",가구주연령별
DT_1LB112,가구주 교육정도별 가구당 월평균 가계수지,101029,101,5년,1996,1996,,,"가구,월평균가계수지",교육정도별
DT_1LB1131,가구주 산업별 가구당 월평균 가계수지,101029,101,5년,1996,1996,,,"가구,월평균가계수지",산업별
DT_1LB1132,가구주 직업별 가구당 월평균 가계수지,101029,101,5년,1996,1996,,,"가구,월평균가계수지",가구주직업별
DT_1LB114,취학자녀수별 가구당 월평균 가계수지,101029,101,5년,1996,1996,,,"취학자녀수,가구",취학자녀수별
DT_1LB115,거처구분별 가구당 월평균 가계수지,101029,101,5년,1996,1996,,,가구,거처구분별
DT_1LB116,저축보유액 계층별 가구당 월평균 가계수지,101029,101,5년,1996,1996,,,"저축보유액,가구당월평균가계수지",계층별
DT_1LB117,연간소득 5분위별 입주형태별 가구당 월평균 가계지출,101029,101,5년,1996,1996,,,가구당월평균가계지출,"소득분위별,입주형태별"
DT_1LB118,가구주 연령계층별 가구원수별 가구당 월평균 가계수지,101029,101,5년,1996,1996,,,"가구,가구원수,월평균가계수지","가구주연령계층별,가구원수별"
DT_1LB119,가구주 연령계층별 입주형태별 가구당 월평균 가계지출,101029,101,5년,1996,1996,,,"가구,가구당월평균가계지출","가구주연령계층별,입주형태별"
DT_1LB120,지역별 가구당 월평균 가계수지,101029,101,5년,1996,1996,,,가구당월평균가계수지,지역별
DT_1LB121,행정구역(시도)별 가구원수별 가구당 월평균 가계수지,101029,101,5년,1996,1996,,,가구,"행정구역별,가구원수별"
DT_1LB122,행정구역(시도)별 가구주 연령계층별 가구당 월평균 가계수지,101029,101,5년,1996,1996,,,가구,"행정구역별,가구주연령계층별"
DT_1LB123,행정구역(시도)별 가구주 교육정도별 가구당 월평균 가계수지,101029,101,5년,1996,1996,,,가구,"행정구역별,가구주교육정도별"
DT_1LB124,행정구역(시도)별 입주형태별 가구당 월평균 가계수지,101029,101,5년,1996,1996,,,가구,"행정구역별,입주형태별"
DT_1LB125,지역별 품목별 가구당 월평균 가계수지,101029,101,5년,1996,1996,,,가구,"지역별,품목별"
DT_1LB201,연간소득 계층별 연간소득,101029,101,5년,1996,1996,,,연간소득,계층별
DT_1LB2021,연간소득 10분위별 연간소득,101029,101,5년,1996,1996,,,연간소득,소득분위별
DT_1LB2022,연간소득 5분위별 연간소득,101029,101,5년,1996,1996,,,연간소득,소득분위별
DT_1LB203,가구원수별 취업인원수별 연간소득,101029,101,5년,1996,1996,,,"가구원수,취업인원수,연간소득","가구원수별,취업인원수별"
DT_1LB204,가구주 연령별 연간소득,101029,101,5년,1996,1996,,,"가구주,연간소득",가구주연령별
DT_1LB2051,가구주 산업별 연간소득,101029,101,5년,1996,1996,,,"가구주,연간소득",산업별
DT_1LB2052,가구주 직업별 연간소득,101029,101,5년,1996,1996,,,"가구주,연간소득",가구주직업별
DT_1LB206,행정구역(시도)별 연간소득,101029,101,5년,1996,1996,,,연간소득,행정구역별
DT_1LB207,행정구역(시도)별 가구주 성별 가구구분별 연간소득,101029,101,5년,1996,1996,,,"가구주,가구,연간소득","행정구역별,성별,가구구분별"
DT_1LB208,행정구역(시도)별 가구주 종사상지위별 연간소득,101029,101,5년,1996,1996,,,"가구주,연간소득","행정구역별,가구주종사상지위별"
DT_1LB209,행정구역(시도)별 가구유형별 연간소득,101029,101,5년,1996,1996,,,가구유형별연간소득,"행정구역별,가구유형별"
DT_1LB210,행정구역(시도)별 입주형태별 연간소득,101029,101,5년,1996,1996,,,입주형태별연간소득,"행정구역별,입주형태별"
DT_1LB211,행정구역(시도)별 가구주 연령별 연간소득,101029,101,5년,1996,1996,,,"가구주,연간소득","행정구역별,가구주연령별"
DT_1LB212,행정구역(시도)별 가구주 교육정도별 연간소득,101029,101,5년,1996,1996,,,"가구주,연간소득","행정구역별,가구주교육정도별"
DT_1LB2131,행정구역(시도)별 가구주 산업별 연간소득,101029,101,5년,1996,1996,,,"가구주,연간소득","행정구역별,산업별"
DT_1LB2132,행정구역(시도)별 가구주 직업별 연간소득,101029,101,5년,1996,1996,,,"가구주,연간소득","행정구역별,가구주직업별"
DT_1LB2141,행정구역(시도)별 주거전용면적별 연간소득(Ⅰ),101029,101,5년,1996,1996,,,주거전용면적별연간소득,"행정구역별,주거전용면적별"
DT_1LB2142,행정구역(시도)별 주거전용면적별 연간소득(Ⅱ),101029,101,5년,1996,1996,,,주거전용면적별연간소득,"행정구역별,주거전용면적별"
DT_1LB215,연간소득 계층별 저축액 및 부채잔액,101029,101,5년,1996,1996,,,"저축액,부채잔액",계층별
DT_1LB2161,연간소득 10분위별 저축액 및 부채잔액,101029,101,5년,1996,1996,,,"저축액,부채잔액",저축액및부채잔액을10분위로나눈분류기준인10분위별을확인할수있습니다따라서해당내용을토대로아래와같이정리할수있습니다소득10분위별
DT_1LB2162,연간소득 5분위별 저축액 및 부채잔액,101029,101,5년,1996,1996,,,"저축액,부채잔액",소득분위별
DT_1LB217,가구원수별 취업인원수별 저축액 및 부채잔액,101029,101,5년,1996,1996,,,"가구원수,취업인원수,저축액,부채잔액","가구원수별,취업인원수별"
DT_1LB218,가구주연령별 저축액 및 부채잔액,101029,101,5년,1996,1996,,,"가구주,저축액,부채잔액",가구주연령별
DT_1LB2191,가구주 산업별 저축액 및 부채잔액,101029,101,5년,1996,1996,,,"가구주,저축액,부채잔액",산업별
DT_1LB2192,가구주 직업별 저축액 및 부채잔액,101029,101,5년,1996,1996,,,"가구주,저축액,부채잔액",가구주직업별
DT_1LB220,행정구역(시도)별 저축액 및 부채잔액,101029,101,5년,1996,1996,,,"저축액,부채잔액",행정구역별
DT_1LB221,행정구역(시도)별 가구주 성별 가구구분별 저축액 및 부채잔액,101029,101,5년,1996,1996,,,"가구주,가구,저축액,부채잔액","행정구역별,성별,가구구분별"
DT_1LB222,행정구역(시도)별 가구주 종사상지위별 저축액 및 부채잔액,101029,101,5년,1996,1996,,,"가구주,저축액,부채잔액","행정구역별,가구주종사상지위별"
DT_1LB223,행정구역(시도)별 가구유형별 저축액 및 부채잔액,101029,101,5년,1996,1996,,,"가구유형별저축액,부채잔액","행정구역별,가구유형별"
DT_1LB224,행정구역(시도)별 입주형태별 저축액 및 부채잔액,101029,101,5년,1996,1996,,,"입주형태별저축액,부채잔액","행정구역별,입주형태별"
DT_1LB225,행정구역(시도)별 가구주 연령별 저축액 및 부채잔액,101029,101,5년,1996,1996,,,"가구주,저축액,부채잔액","행정구역별,가구주연령별"
DT_1LB226,행정구역(시도)별 가구주 교육정도별 저축액 및 부채잔액,101029,101,5년,1996,1996,,,"가구주,저축액,부채잔액","행정구역별,가구주교육정도별"
DT_1LB2271,행정구역(시도)별 가구주 산업별 저축액 및 부채잔액,101029,101,5년,1996,1996,,,"가구주,저축액,부채잔액","행정구역별,산업별"
DT_1LB2272,행정구역(시도)별 가구주 직업별 저축액 및 부채잔액,101029,101,5년,1996,1996,,,"가구주,저축액,부채잔액","행정구역별,가구주직업별"
DT_1LB2281,행정구역(시도)별 주거전용면적별 저축액 및 부채잔액(Ⅰ),101029,101,5년,1996,1996,,,"주거전용면적별저축액,부채잔액","행정구역별,주거전용면적별"
DT_1LB2282,행정구역(시도)별 주거전용면적별 저축액 및 부채잔액(Ⅱ),101029,101,5년,1996,1996,,,"주거전용면적별저축액,부채잔액","행정구역별,주거전용면적별"
DT_1LB2291,저축액 계층별 가구당 월평균 가계수지,101029,101,5년,1996,1996,,,"저축액,가구",계층별
DT_1LB2292,부채잔액 계층별 가구당 월평균 가계수지,101029,101,5년,1996,1996,,,"부채잔액,가구당월평균가계수지",계층별
DT_1LB2301,저축액 계층별 가구분포,101029,101,5년,1996,1996,,,가구,계층별
DT_1LB2302,부채잔액 계층별 가구분포,101029,101,5년,1996,1996,,,가구,계층별
DT_1LB231,"연간소득 계층별 1,000가구당 가구내구재 보유수량",101029,101,5년,1996,1996,,,"가구내구재,가구",계층별
DT_1LB2321,"연간소득 10분위별 1,000가구당 가구내구재 보유수량",101029,101,5년,1996,1996,,,"가구내구재,가구",소득분위별
DT_1LB2322,"연간소득 5분위별 1,000가구당 가구내구재 보유수량",101029,101,5년,1996,1996,,,"가구내구재,가구",소득분위별
DT_1LB233,"가구원수별 1,000가구당 가구내구재 보유수량",101029,101,5년,1996,1996,,,"가구원수,가구내구재",가구원수별
DT_1LB234,"가구구분별 1,000가구당 가구내구재 보유수량",101029,101,5년,1996,1996,,,"가구내구재,가구",가구구분별
DT_1LB235,"가구유형별 1,000가구당 가구내구재 보유수량",101029,101,5년,1996,1996,,,"가구내구재,가구",가구유형별
DT_1LB236,"입주형태별 1,000가구당 가구내구재 보유수량",101029,101,5년,1996,1996,,,"가구내구재,가구",입주형태별
DT_1LB237,"가구주 연령별 1,000가구당 가구내구재 보유수량",101029,101,5년,1996,1996,,,"가구내구재,가구",가구주연령별
DT_1LB238,"가구주 교육정도별 1,000가구당 가구내구재 보유수량",101029,101,5년,1996,1996,,,"가구내구재,가구",교육정도별
DT_1LB2391,"가구주 산업별 1,000가구당 가구내구재 보유수량",101029,101,5년,1996,1996,,,가구내구재,산업별
DT_1LB2392,"가구주 직업별 1,000가구당 가구내구재 보유수량",101029,101,5년,1996,1996,,,"가구내구재,가구",가구주직업별
DT_1LB2401,"주거전용면적별 1,000가구당 가구내구재 보유수량",101029,101,5년,1996,1996,,,"가구내구재,가구",주거전용면적별
DT_1LB2402,"주거전용면적별 1,000가구당 가구내구재 보유수량",101029,101,5년,1996,1996,,,"가구내구재,가구",주거전용면적별
DT_1LB241,"행정구역(시도)별 1,000가구당 가구내구재 보유수량",101029,101,5년,1996,1996,,,"가구내구재,가구",행정구역별
DT_1LB242,"제조국,구입년도별 1,000가구당 가구내구재 보유수량",101029,101,5년,1996,1996,,,"가구내구재,가구","제조국별,구입년도별"
DT_1LB243,연간소득 계층별 가구내구재 보유율,101029,101,5년,1996,1996,,,가구내구재,계층별
DT_1LB2441,연간소득 10분위별 가구내구재 보유율,101029,101,5년,1996,1996,,,가구내구재보유율,소득분위별
DT_1LB2442,연간소득 5분위별 가구내구재 보유율,101029,101,5년,1996,1996,,,가구내구재보유율,소득분위별
DT_1LB245,가구구분별 가구내구재 보유율,101029,101,5년,1996,1996,,,"가구내구재,가구",가구구분별
DT_1LB246,입주형태별 가구내구재 보유율,101029,101,5년,1996,1996,,,가구내구재,입주형태별
DT_1LB247,가구주 연령별 가구내구재 보유율,101029,101,5년,1996,1996,,,가구내구재보유율,가구주연령별
DT_1LB248,행정구역(시도)별 가구내구재 보유율,101029,101,5년,1996,1996,,,가구내구재,행정구역별
DT_1LB249,"제조국,구입년도별 가구내구재 구입가구비율",101029,101,5년,1996,1996,,,가구내구재구입가구비율,"제조국별,구입년도별"
DT_1LB3101,연간소득 계층별 가구당 월평균 가계수지,101029,101,5년,1996,1996,,,가구,계층별
DT_1LB3102,연간소득 5분위별 가구당 월평균 가계수지,101029,101,5년,1996,1996,,,가구,소득분위별
DT_1LB3103,월평균 소비지출 계층별 가구당 월평균 가계수지,101029,101,5년,1996,1996,,,"소비지출,가구",계층별
DT_1LB3104,가구주 성별 가구구분별 가구당 월평균 가계수지,101029,101,5년,1996,1996,,,"가구,가구당월평균가계수지","성별,가구구분별"
DT_1LB3105,입주형태별 가구당 월평균 가계수지,101029,101,5년,1996,1996,,,가구당월평균가계수지,입주형태별
DT_1LB3106,가구주 연령별 가구당 월평균 가계수지,101029,101,5년,1996,1996,,,"가구,월평균가계수지",가구주연령별
DT_1LB3107,가구주 교육정도별 가구당 월평균 가계수지,101029,101,5년,1996,1996,,,"가구,월평균가계수지",교육정도별
DT_1LB3108,저축보유액 계층별 가구당 월평균 가계수지,101029,101,5년,1996,1996,,,"저축보유액,가구",계층별
DT_1LB3109,행정구역(시도)별 가구당 월평균 가계수지,101029,101,5년,1996,1996,,,가구,행정구역별
DT_1LB3110,성별 연간소득 계층별 연간소득,101029,101,5년,1996,1996,,,연간소득,"성별,계층별"
DT_1LB3111,성별 연간소득 5분위별 연간소득,101029,101,5년,1996,1996,,,연간소득,"성별,5분위별"
DT_1LB3112,행정구역(시도)별 가구구분별 연간소득,101029,101,5년,1996,1996,,,가구,"행정구역별,가구구분별"
DT_1LB3113,성별 입주형태별 연간소득,101029,101,5년,1996,1996,,,"입주형태별,성별,연간소득","성별,입주형태별"
DT_1LB3114,성별 가구주 연령별 연간소득,101029,101,5년,1996,1996,,,"가구주,연간소득","성별,가구주연령별"
DT_1LB3115,성별 가구주 교육정도별 연간소득,101029,101,5년,1996,1996,,,"가구주,연간소득","성별,가구주교육정도별"
DT_1LB3116,가구주 산업별 연간소득,101029,101,5년,1996,1996,,,"가구주,연간소득",산업별
DT_1LB3117,행정구역(시도)별 가구구분별 종사상지위별 연간소득,101029,101,5년,1996,1996,,,"가구,소득","행정구역별,가구구분별,종사상지위별"
DT_1LB3118,행정구역(시도)별 연간소득,101029,101,5년,1996,1996,,,연간소득,행정구역별
DT_1LB3119,성별 연간소득 계층별 저축액 및 부채잔액,101029,101,5년,1996,1996,,,"연간소득,저축액,부채잔액",성별
DT_1LB311A,가구주 직업별 연간소득,101029,101,5년,1996,1996,,,"가구주,연간소득",가구주직업별
DT_1LB3120,성별 연간소득 5분위별 저축액 및 부채잔액,101029,101,5년,1996,1996,,,"저축액,부채잔액","성별,5분위별"
DT_1LB3121,행정구역(시도)별 가구구분별 저축액 및 부채잔액,101029,101,5년,1996,1996,,,"가구,저축액,부채잔액","행정구역별,가구구분별"
DT_1LB3122,성별 입주형태별 저축액 및 부채잔액,101029,101,5년,1996,1996,,,"저축액,부채잔액","성별,입주형태별"
DT_1LB3123,성별 가구주 연령별 저축액 및 부채잔액,101029,101,5년,1996,1996,,,"가구주,저축액,부채잔액","성별,가구주연령별"
DT_1LB3124,성별 가구주 교육정도별 저축액 및 부채잔액,101029,101,5년,1996,1996,,,"가구주,저축액,부채잔액","성별,가구주교육정도별"
DT_1LB3125,가구주 산업별 저축액 및 부채잔액,101029,101,5년,1996,1996,,,"가구주,저축액,부채잔액",산업별
DT_1LB3126,행정구역(시도)별 가구주 종사상지위별 저축액 및 부채잔액,101029,101,5년,1996,1996,,,"가구주,저축액,부채잔액","행정구역별,가구주종사상지위별"
DT_1LB3127,행정구역(시도)별 저축액 및 부채잔액,101029,101,5년,1996,1996,,,"저축액,부채잔액",행정구역별
DT_1LB3128,저축보유액 계층별 가구당 월평균 가계수지,101029,101,5년,1996,1996,,,"저축보유액,가구당월평균가계수지",계층별
DT_1LB3129,저축보유액 계층별 가구분포,101029,101,5년,1996,1996,,,"저축보유액,가구",계층별
DT_1LB312A,가구주 직업별 저축액 및 부채잔액,101029,101,5년,1996,1996,,,"가구주,저축액,부채잔액",가구주직업별
DT_1LB312B,부채잔액 계층별 가구당 월평균 가계수지,101029,101,5년,1996,1996,,,"부채잔액,가구당월평균가계수지",계층별
DT_1LB312C,부채잔액 계층별 가구분포,101029,101,5년,1996,1996,,,가구,계층별
DT_1LB3130,성별 연간소득 계층별 1000가구당 가구내구재 보유수량,101029,101,5년,1996,1996,,,"가구내구재,가구","성별,계층별"
DT_1LB3131,성별 연간소득 5분위별 1000 가구당 가구내구재 보유수량,101029,101,5년,1996,1996,,,"가구내구재,가구","성별,5분위별"
DT_1LB3132,가구구분별 1000가구당 가구내구재 보유수량,101029,101,5년,1996,1996,,,가구내구재,가구구분별
DT_1LB3133,성별 가구구분별 1000가구당 가구내구재 보유수량,101029,101,5년,1996,1996,,,"가구내구재,가구","성별,가구구분별"
DT_1LB3134,성별 입주형태별 1000가구당 가구내구재 보유수량,101029,101,5년,1996,1996,,,"가구내구재,가구","성별,입주형태별"
DT_1LB3135,성별 연령별 1000가구당 가구내구재 보유수량,101029,101,5년,1996,1996,,,"가구내구재,가구","성별,연령별"
DT_1LB3136,성별 교육정도별 1000가구당 가구내구재 보유수량,101029,101,5년,1996,1996,,,"가구내구재,가구","성별,교육정도별"
DT_1LB3137,가구주 산업별 1000가구당 가구내구재 보유수량,101029,101,5년,1996,1996,,,가구내구재,산업별
DT_1LB3138,행정구역(시도)별 1000가구당 가구내구재 보유수량,101029,101,5년,1996,1996,,,"가구내구재,가구",행정구역별
DT_1LB3139,"제조국, 구입년도별 1000가구당 가구내구재 보유수량",101029,101,5년,1996,1996,,,"가구내구재,가구","제조국별,구입년도별"
DT_1LB313A,가구주 직업별 1000가구당 가구내구재 보유수량,101029,101,5년,1996,1996,,,가구내구재,가구주직업별
DT_1LB3140,성별 연간소득 계층별 가구내구재 보유율,101029,101,5년,1996,1996,,,"연간소득,가구내구재","성별,계층별"
DT_1LB3141,성별 연간소득 5분위별 가구내구재 보유율,101029,101,5년,1996,1996,,,가구내구재,"성별,5분위별"
DT_1LB3142,가구구분별 가구내구재 보유율,101029,101,5년,1996,1996,,,"가구내구재,가구",가구구분별
DT_1LB3143,성별 입주형태별 가구내구재 보유율,101029,101,5년,1996,1996,,,"가구내구재,가구","성별,입주형태별"
DT_1LB3144,성별 연령별 가구내구재 보유율,101029,101,5년,1996,1996,,,가구내구재,"성별,연령별"
DT_1LB3145,행정구역(시도)별 가구내구재 보유율,101029,101,5년,1996,1996,,,가구내구재,행정구역별
DT_1LB3146,"제조국, 구입년도별 가구내구재 구입가구비율",101029,101,5년,1996,1996,,,"가구내구재구입가구비율,가구","제조국별,구입년도별"
DT_1LB4A01,행정구역(시도)별 가구분포,101029,101,5년,1996,1996,,,가구,행정구역별
DT_1LB4A02,연간소득 계층별 가구분포,101029,101,5년,1996,1996,,,가구,계층별
DT_1LB4A03,가구주 연간소득 계층별 가구분포,101029,101,5년,1996,1996,,,"가구주,가구",연간소득계층별
DT_1LB4A04,월평균 소비지출 계층별 가구분포,101029,101,5년,1996,1996,,,가구,계층별
DT_1LB4A05,가구원수별 가구분포,101029,101,5년,1996,1996,,,"가구원수,가구",가구원수별
DT_1LB4A06,취업인원수별 가구분포,101029,101,5년,1996,1996,,,"취업인원수,가구",취업인원수별
DT_1LB4A07,가구구분별 가구분포,101029,101,5년,1996,1996,,,가구,가구구분별
DT_1LB4A08,가구유형별 가구분포,101029,101,5년,1996,1996,,,가구,가구유형별
DT_1LB4A09,세대구분별 자가용소유 유·무별 가구분포,101029,101,5년,1996,1996,,,가구,"세대구분별,자가용소유유무별"
DT_1LB4A10,입주형태별 가구분포,101029,101,5년,1996,1996,,,가구,입주형태별
DT_1LB4A11,가구주 연령계층별 가구분포,101029,101,5년,1996,1996,,,가구,가구주연령계층별
DT_1LB4A12,가구주 교육정도별 가구분포,101029,101,5년,1996,1996,,,"가구,가구주",교육정도별
DT_1LB4A13,가구주 산업별 가구분포,101029,101,5년,1996,1996,,,"가구,가구주",산업별
DT_1LB4A14,취학자녀수별 가구분포,101029,101,5년,1996,1996,,,"취학자녀수,가구",취학자녀수별
DT_1LB4A15,거처구분별 가구분포,101029,101,5년,1996,1996,,,가구,거처구분별
DT_1LB4A16,저축보유액 계층별 가구분포,101029,101,5년,1996,1996,,,가구,계층별
DT_1LB4A17,연간소득 5분위별 입주형태별 가구분포,101029,101,5년,1996,1996,,,가구,"소득분위별,입주형태별"
DT_1LB4A18,가구주 연령계층별 가구원수별 가구분포,101029,101,5년,1996,1996,,,"가구원수,가구","가구주연령계층별,가구원수별"
DT_1LB4A19,가구주 연령계층별 입주형태별 가구분포,101029,101,5년,1996,1996,,,"가구,가구주","가구주연령계층별,입주형태별"
DT_1LB4A1A,배우자 교육정도별 가구분포,101029,101,5년,1996,1996,,,가구,교육정도별
DT_1LB4A1B,가구주 직업별 가구분포,101029,101,5년,1996,1996,,,"가구,가구주",직업별
DT_1LB5101,월소득계층별 가구당 월평균 가계수지(2인이상 가구),101029,101,5년,1991,1991,,,가구,월소득계층별
DT_1LB5102,월소득10분위계층별 가구당 월평균 가계수지(2인이상 가구),101029,101,5년,1991,1991,,,가구당월평균가계수지,10분위계층별
DT_1LB5103,가구원수별 가구당 월평균 가계수지(2인이상 가구),101029,101,5년,1991,1991,,,"가구,월평균가계수지",가구원수별
DT_1LB5104,취업인원수별 가구당 월평균가계수지(2인이상 가구),101029,101,5년,1991,1991,,,"취업인원수,가구",취업인원수별
DT_1LB5105,가구구분별 가구당 월평균 가계수지(2인이상 가구),101029,101,5년,1991,1991,,,가구당월평균가계수지,가구구분별
DT_1LB5106,가구유형별 가구당 월평균 가계수지(2인이상 가구),101029,101,5년,1991,1991,,,"가구,월평균가계수지",가구유형별
DT_1LB5107,가구주 연령계층별 가구당 월평균 가계수지(2인이상 가구),101029,101,5년,1991,1991,,,"가구,월평균가계수지",가구주연령계층별
DT_1LB5108,가구주교육정도별 가구당 월평균 가계수지(2인이상 가구),101029,101,5년,1991,1991,,,"가구,월평균가계수지",가구주교육정도별
DT_1LB5109,가구주 직업별 가구당 월평균 가계수지(2인이상 가구),101029,101,5년,1991,1991,,,"가구,월평균가계수지",가구주직업별
DT_1LB5110,가구주산업별 가구당 월평균가계수지(2인이상 가구),101029,101,5년,1991,1991,,,"가구,월평균가계수지",가구주산업별
DT_1LB5111,입주형태별 가구당 월평균가계수지(2인이상 가구),101029,101,5년,1991,1991,,,가구당월평균가계수지,입주형태별
DT_1LB5112,월소득계층별 가구당 월평균 가계수지(1인가구),101029,101,5년,1991,1991,,,가구,월소득계층별
DT_1LB5113,월소득5분위계층별 가구당 월평균가계수지(1인가구),101029,101,5년,1991,1991,,,가구,계층별
DT_1LB5114,연령계층별 가구당 월평균가계수지(1인가구),101029,101,5년,1991,1991,,,가구,연령계층별
DT_1LB5115,교육정도별 가구당 월평균가계수지(1인가구),101029,101,5년,1991,1991,,,가구,교육정도별
DT_1LB5116,직업별 가구당 월평균가계수지(1인가구),101029,101,5년,1991,1991,,,가구,직업별
DT_1LB5117,입주형태별 가구당 월평균가계수지(1인가구),101029,101,5년,1991,1991,,,가구,입주형태별
DT_1LB5201,"시,도별 1000가구당 가구내구재 보유수량(2인이상가구)",101029,101,5년,1991,1991,,,가구내구재,행정구역별
DT_1LB5202,연간소득계층별 1000가구당 가구내구재 보유수량(2인이상가구),101029,101,5년,1991,1991,,,가구내구재,소득계층별
DT_1LB5203,가구원수별 1000가구당 가구내구재 보유수량(2인이상가구),101029,101,5년,1991,1991,,,"가구내구재,가구",가구원수별
DT_1LB5204,가구구분별 1000가구당 가구내구재 보유수량(2인이상가구),101029,101,5년,1991,1991,,,가구내구재,가구구분별
DT_1LB5205,가구유형별 1000가구당 가구내구재 보유수량(2인이상가구),101029,101,5년,1991,1991,,,가구내구재,가구유형별
DT_1LB5206,가구주연령계층별 1000가구당 가구내구재 보유수량(2인이상가구),101029,101,5년,1991,1991,,,가구내구재,가구주연령계층별
DT_1LB5207,가구주직업별 1000가구당 가구내구재 보유수량(2인이상가구),101029,101,5년,1991,1991,,,가구내구재,가구주직업별
DT_1LB5208,입주형태별 1000가구당 가구내구재 보유수량(2인이상가구),101029,101,5년,1991,1991,,,"가구내구재,가구",입주형태별
DT_1LB5209,사용면적별 1000가구당 가구내구재 보유수량(2인이상가구),101029,101,5년,1991,1991,,,"가구내구재,가구",사용면적별
DT_1LB5210,"제조국,구입년도별 1000가구당 가구내구재 보유수량(2인이상가구",101029,101,5년,1991,1991,,,"가구내구재,가구","제조국별,구입년도별"
DT_1LB5211,연간소득계층별 1000가구당 가구내구재 보유수량(1인가구),101029,101,5년,1991,1991,,,"가구내구재,가구",소득계층별
DT_1LB5212,연령계층별 1000가구당 가구내구재 보유수량(1인가구),101029,101,5년,1991,1991,,,"가구내구재,가구",연령계층별
DT_1LB5213,입주형태별 1000가구당 가구내구재 보유수량(1인가구),101029,101,5년,1991,1991,,,"가구내구재,가구",입주형태별
DT_1LB5214,"시,도별 가구내구재 보유율(2인이상 가구)",101029,101,5년,1991,1991,,,"가구내구재,가구",행정구역별
DT_1LB5215,연간소득계층별 가구내구재 보유율(2인이상 가구),101029,101,5년,1991,1991,,,가구내구재보유율,소득계층별
DT_1LB5216,연간소득10분위계층별 가구내구재 보유율(2인이상 가구),101029,101,5년,1991,1991,,,가구내구재,계층별
DT_1LB5217,가구원수별 가구내구재 보유율(2인이상 가구),101029,101,5년,1991,1991,,,"가구내구재,가구",가구원수별
DT_1LB5218,가구구분별 가구내구재 보유율(2인이상 가구),101029,101,5년,1991,1991,,,"가구내구재,가구",가구구분별
DT_1LB5219,가구유형별 가구내구재 보유율(2인이상 가구),101029,101,5년,1991,1991,,,가구내구재보유율,가구유형별
DT_1LB5220,입주형태별 가구내구재 보유율(2인이상 가구),101029,101,5년,1991,1991,,,가구내구재보유율,입주형태별
DT_1LB5221,"제조국,구입년도별 가구내구재 보유율(2인이상 가구)",101029,101,5년,1991,1991,,,가구내구재,"제조국별,구입년도별"
DT_1LB5222,연간소득계층별 1000가구당 가구내구재 보유율(1인가구),101029,101,5년,1991,1991,,,"가구내구재보유율,가구",소득계층별
DT_1LB5223,"연간소득계층,소득종류별 연간소득(2인가구)",101029,101,5년,1991,1991,,,"연간소득,2인가구","소득계층별,소득종류별"
DT_1LB5224,"연간소득10분위계층,소득종류별 연간소득(2인이상 가구)",101029,101,5년,1991,1991,,,"연간소득,소득종류별",소득종류별
DT_1LB5225,"취업인원수,소득종류별 연간소득(2인이상 가구)",101029,101,5년,1991,1991,,,"취업인원수,연간소득",소득종류별
DT_1LB5226,"가구구분,소득종류별 연간소득(2인이상 가구)",101029,101,5년,1991,1991,,,"가구,소득","가구구분별,소득종류별"
DT_1LB5227,"가구유형,소득종류별 연간소득(2인이상 가구)",101029,101,5년,1991,1991,,,"가구유형,소득종류별연간소득","가구유형별,소득종류별"
DT_1LB5228,"가구주연령계층,소득종류별 연간소득(2인이상 가구)",101029,101,5년,1991,1991,,,"가구주연령계층,소득종류별,연간소득","가구주연령계층별,소득종류별"
DT_1LB5229,"가구주교육정도,소득종류별 연간소득(2인이상 가구)",101029,101,5년,1991,1991,,,"가구주교육정도,소득종류별연간소득","교육정도별,소득종류별"
DT_1LB5230,"가구주직업,소득종류별 연간소득(2인이상 가구)",101029,101,5년,1991,1991,,,연간소득,"가구주직업별,소득종류별"
DT_1LB5231,"가구주산업,소득종류별 연간소득(2인이상 가구)",101029,101,5년,1991,1991,,,"가구주,소득","가구주산업별,소득종류별"
DT_1LB5232,"입주형태,소득종류별 연간소득(2인이상 가구)",101029,101,5년,1991,1991,,,연간소득,"입주형태별,소득종류별"
DT_1LB5233,"거처구분,소득종류별 연간소득(2인이상 가구)",101029,101,5년,1991,1991,,,"거처구분,소득종류별,연간소득,2인이상가구","거처구분별,소득종류별"
DT_1LB5234,"연간소득계층,소득종류별 연간소득(1인가구)",101029,101,5년,1991,1991,,,"연간소득계층,소득종류별,1인가구",소득종류별
DT_1LB5235,"연령계층,소득종류별 연간소득(1인가구)",101029,101,5년,1991,1991,,,연간소득,"연령계층별,소득종류별"
DT_1LB5236,"교육정도,소득종류별 연간소득(1인가구)",101029,101,5년,1991,1991,,,"교육정도,소득종류별연간소득,1인가구","교육정도별,소득종류별"
DT_1LB5237,"직업,소득종류별 연간소득(1인가구)",101029,101,5년,1991,1991,,,연간소득,"직업별,소득종류별"
DT_1LB5238,"입주형태,소득종류별 연간소득(1인가구)",101029,101,5년,1991,1991,,,"연간소득,1인가구","입주형태별,소득종류별"
DT_1BPA001,"성 및 연령별 추계인구(1세별, 5세별) / 전국",101033,101,년,1960,2072,전국,,추계인구,연령별
DT_1BPA002,"주요 인구지표(성비,인구성장률,인구구조,부양비 등) / 전국",101033,101,년,1960,2072,전국,,"성비,인구성장률,인구구조,부양비",
DT_1BPA003,"주요 연령계층별 추계인구(생산연령인구, 고령인구 등) / 전국",101033,101,년,1960,2072,전국,,추계인구,연령계층별
DT_1BPA004,"장래 인구변동요인(출생, 사망, 국제이동) / 전국",101033,101,년,2022,2072,전국,,"출생,사망,국제이동",
DT_1BPA101,장래 합계출산율 / 전국,101033,101,년,1970,2072,전국,,합계출산율,
DT_1BPA102,장래 연령별 출산율 / 전국,101033,101,년,2022,2072,전국,,출산율,연령별
DT_1BPA201,장래 기대수명 / 전국,101033,101,년,1970,2072,전국,,장래기대수명,성별
DT_1BPA202,장래 생명표 / 전국,101033,101,년,2022,2072,전국,,생명,
DT_1BPA203,장래 성 및 연령별 사망률 / 전국,101033,101,년,2022,2072,전국,,사망률,연령별
DT_1BPA301,장래 성 및 연령별 내국인 국제순이동률 / 전국,101033,101,년,2022,2072,전국,,내국인국제순이동률,"성별,연령별"
DT_1BPA302,장래 성 및 연령별 외국인 국제순이동자 수 / 전국,101033,101,년,2022,2072,전국,,외국인국제순이동자수,연령별
DT_1BPA401,"시나리오별 추계인구(총인구, 인구구조, 성비 등) / 전국",101033,101,년,2022,2072,전국,,추계인구,시나리오별
DT_1BPA402,시나리오별 추계인구(성 및 5세별 추계인구) / 전국,101033,101,년,2022,2072,전국,,추계인구,"시나리오별,성및연령별"
DT_1BPA403,"시나리오별 인구변동요인(출생, 사망, 국제이동) / 전국",101033,101,년,2022,2072,전국,,인구변동요인,시나리오별
DT_1BPB001,"성 및 연령별 추계인구(1세별, 5세별)/시도",101033,101,년,1970,2052,,,추계인구,"성별,연령별"
DT_1BPB001E,추계인구(시도),101033,101,년,1970,2052,,,인구,행정구역별
DT_1BPB002,"주요 인구지표(성비,인구성장률,인구구조,부양비 등)/시도",101033,101,년,1970,2052,,,"성비,인구성장률,인구구조,부양비,시도",행정구역별
DT_1BPB003,"주요 연령계층별 추계인구(생산연령인구, 고령인구 등)/시도",101033,101,년,1970,2052,,,"추계인구,생산연령인구,고령인구,시도","연령계층별,시도별"
DT_1BPB004,"장래 인구변동요인(출생, 사망, 인구이동)/시도",101033,101,년,2022,2052,,,"출생,사망,인구이동",행정구역별
DT_1BPB101,장래 연령별 출산율/시도,101033,101,년,2022,2052,,,출산율,"연령별,시도별"
DT_1BPB201,장래 생명표/시도,101033,101,5년,2022,2052,,,생명표,행정구역별
DT_1BPB301,장래 성 및 연령별 순이동률/시도,101033,101,년,2022,2052,,,순이동률,"성별,연령별,시도별"
DT_1YL12501E,노령화지수(시도),101033,101,년,1970,2052,,,노령화지수,행정구역별
DT_1B41,간이생명표(5세별),101035,101,년,1970,2022,,,생명표,5세별
DT_1B42,완전생명표(1세별),101035,101,년,1970,2022,,,생명표,나이별
DT_1B43,사망원인생명표(5세별),101035,101,년,1995,2022,,,"사망원인,생명표",나이별
DT_1B44,시도별 간이생명표(5세별),101035,101,3년,2005,2020,,,간이생명표,"행정구역별,연령별"
DT_1B45,시도별 사망원인생명표(5세별),101035,101,3년,2005,2020,,,"사망원인,생명표","시도별,5세별"
DT_1B46,건강수준별 기대여명,101035,101,2년,2012,2022,,,"건강수준,기대여명",건강수준별
DT_1K50001,시도별/구산업별/사업체구분별('93-'98),101037,101,년,1993,1998,,,사업체,"행정구역별,구산업별,사업체구분별"
DT_1K50002,시도별/구산업별/조직형태별('93-'98),101037,101,년,1993,1998,,,"시도,구,조직형태","행정구역별,구산업별,조직형태별"
DT_1K50003,시도별/구산업별/종사자규모별('93-'98),101037,101,년,1993,1998,,,종사자규모,"행정구역별,구산업별,종사자규모별"
DT_1K50004,시도별/구산업별/종사상지위별('93-'98),101037,101,년,1993,1998,,,사업체,"행정구역별,산업별,종사상지위별"
DT_1K51001,"시도/산업/사업체구분별 사업체수, 종사자수(`93~`05)",101037,101,년,1993,2005,,,"사업체수,종사자수","시도별,산업별,사업체구분별"
DT_1K51002,"시도/산업/조직형태별 사업체수,종사자수(`93~`05)",101037,101,년,1993,2005,,,"사업체수,종사자수","시도별,산업별,조직형태별"
DT_1K51003,"시도/산업/종사자규모별 사업체수,종사자수(`93~`05)",101037,101,년,1993,2005,,,"사업체수,종사자수","시도별,산업별,종사자규모별"
DT_1K51004,시도/산업/종사상지위별 종사자수(`93~`05),101037,101,년,1993,2005,,,종사자수,"시도별,산업별,종사상지위별"
DT_1K51005,시도/산업/대표자남여별 사업체수(`93~`05),101037,101,년,1993,2005,,,사업체수,"시도별,산업별,대표자남여별"
DT_1K51006,시도/산업/종사자남여별 종사자수(`93~`05),101037,101,년,1993,2005,,,종사자수,"시도별,산업별,종사자남여별"
DT_1K52B01,"시도 · 산업 · 사업체구분별 사업체수, 종사자수(`06~  )",101037,101,년,2006,2016,,,"사업체수,종사자수","시도별,산업별,사업체구분별"
DT_1K52B02,"시도 · 산업 · 조직형태별 사업체수, 종사자수(`06~   )",101037,101,년,2006,2016,,,"사업체수,종사자수","시도별,산업별,조직형태별"
DT_1K52B03,"시도 · 산업 · 종사자규모별 사업체수, 종사자수(`06~  )",101037,101,년,2006,2016,,,"사업체수,종사자수","시도별,산업별,종사자규모별"
DT_1K52B04,시도 · 산업 · 종사상 지위별 종사자수(`06~   ),101037,101,년,2006,2016,,,종사자수,"시도별,산업별,종사상지위별"
DT_1K52B05,시도 · 산업 · 대표자성별 사업체수(`06~   ),101037,101,년,2006,2016,,,사업체수,"시도별,산업별,대표자성별"
DT_1K52B06,시도 · 산업 · 종사자성별 종사자수(`06~   ),101037,101,년,2006,2016,,,종사자수,"시도별,산업별,성별"
DT_1K52B07,시도 · 산업 · 대표자연령대별 사업체수('12~   ),101037,101,년,2012,2016,,,사업체수,"시도별,산업별,대표자연령대별"
DT_1K52B08,"시도 · 산업별 사업체수, 종사자수 및 매출액(’16~ )",101037,101,년,2016,2016,,,"사업체수,종사자수,매출액","시도별,산업별"
DT_1K52C01,"시도·산업·사업체구분별 사업체수, 종사자수(’06~ )",101037,101,년,2006,2020,,,"사업체수,종사자수","시도별,산업별,사업체구분별"
DT_1K52C02,"시도·산업·조직형태별 사업체수, 종사자수(’06~ )",101037,101,년,2006,2020,,,"사업체수,종사자수","시도별,산업별,조직형태별"
DT_1K52C03,"시도·산업·종사자규모별 사업체수, 종사자수(’06~ )",101037,101,년,2006,2020,,,"사업체수,종사자수","시도별,산업별,종사자규모별"
DT_1K52C04,시도·산업·종사상지위별 종사자수(’06~ ),101037,101,년,2006,2020,,,종사자수,"시도별,산업별,종사상지위별"
DT_1K52C05,시도·산업·대표자성별 사업체수(’06~ ),101037,101,년,2006,2020,,,사업체수,"행정구역별,산업별,대표자성별"
DT_1K52C06,시도·산업·종사자성별 종사자수(’06~ ),101037,101,년,2006,2020,,,종사자수,"행정구역별,산업별,성별"
DT_1K52C07,시도·산업·대표자연령대별 사업체수(’12~ ),101037,101,년,2012,2020,,,사업체수,"시도별,산업별,대표자연령대별"
DT_1K52C08,"시도 · 산업별 사업체수, 종사자수 및 매출액(’16~ )",101037,101,년,2006,2020,,,"사업체수,종사자수,매출액","시도별,산업별"
DT_1K52D01,"시도·산업·사업체구분별 사업체수, 종사자수(’20~ )",101037,101,년,2020,2022,,,"사업체수,종사자수","시도별,산업별,사업체구분별"
DT_1K52D02,"시도·산업·조직형태별 사업체수, 종사자수(’20~ )",101037,101,년,2020,2022,,,"사업체수,종사자수","시도별,산업별,조직형태별"
DT_1K52D03,"시도·산업·종사자규모별 사업체수, 종사자수(’20~ )",101037,101,년,2020,2022,,,"사업체수,종사자수","시도별,산업별,종사자규모별"
DT_1K52D04,시도·산업·종사상지위별 종사자수(’20~ ),101037,101,년,2020,2022,,,종사자수,"시도별,산업별,종사상지위별"
DT_1K52D05,시도·산업·대표자성별 사업체수(’20~ ),101037,101,년,2020,2022,,,사업체수,"시도별,산업별,대표자성별"
DT_1K52D06,시도·산업·종사자성별 종사자수(’20~ ),101037,101,년,2020,2022,,,종사자수,"시도별,산업별,성별"
DT_1K52D07,시도·산업·대표자연령대별 사업체수(’20~ ),101037,101,년,2020,2022,,,사업체수,"시도별,산업별,대표자연령대별"
DT_1K52D08,"시도 · 산업별 사업체수, 종사자수 및 매출액(’20~ )",101037,101,년,2020,2022,,,"사업체수,종사자수,매출액","시도별,산업별"
INH_1K52C01_11,"서울특별시·산업·사업체구분별 사업체수, 종사자수",101037,101,년,2006,2020,서울특별시,,"사업체수,종사자수",산업사업체구분별
INH_1K52C01_21,"부산광역시·산업·사업체구분별 사업체수, 종사자수",101037,101,년,2006,2020,부산,,"사업체수,종사자수",산업사업체구분별
INH_1K52C01_22,"대구광역시·산업·사업체구분별 사업체수, 종사자수",101037,101,년,2006,2020,대구,,"사업체수,종사자수",산업사업체구분별
INH_1K52C01_23,"인천광역시·산업·사업체구분별 사업체수, 종사자수",101037,101,년,2006,2020,인천,,"사업체수,종사자수",산업사업체구분별
INH_1K52C01_24,"광주광역시·산업·사업체구분별 사업체수, 종사자수",101037,101,년,2006,2020,광주,,"사업체수,종사자수",산업사업체구분별
INH_1K52C01_25,"대전광역시·산업·사업체구분별 사업체수, 종사자수",101037,101,년,2006,2020,대전,,"사업체수,종사자수",산업사업체구분별
INH_1K52C01_26,"울산광역시·산업·사업체구분별 사업체수, 종사자수",101037,101,년,2006,2020,울산,,"사업체수,종사자수","산업별,사업체구분별"
INH_1K52C01_29,"세종특별자치시·산업·사업체구분별 사업체수, 종사자수",101037,101,년,2006,2020,세종,,"사업체수,종사자수",산업사업체구분별
INH_1K52C01_32,"강원도·산업·사업체구분별 사업체수, 종사자수",101037,101,년,2006,2020,강원,,"사업체수,종사자수",산업사업체구분별
INH_1K52C01_33,"충청북도·산업·사업체구분별 사업체수, 종사자수",101037,101,년,2006,2020,충북,,"사업체수,종사자수",산업사업체구분별
INH_1K52C01_34,"충청남도·산업·사업체구분별 사업체수, 종사자수",101037,101,년,2006,2020,충남,,"사업체수,종사자수",산업사업체구분별
INH_1K52C01_35,"전라북도·산업·사업체구분별 사업체수, 종사자수",101037,101,년,2006,2020,전북,,"사업체수,종사자수","산업별,사업체구분별"
INH_1K52C01_36,"전라남도·산업·사업체구분별 사업체수, 종사자수",101037,101,년,2006,2020,전남,,"사업체수,종사자수","산업별,사업체구분별"
INH_1K52C01_39,"제주특별자치도·산업·사업체구분별 사업체수, 종사자수",101037,101,년,2006,2020,제주,,"사업체수,종사자수",산업사업체구분별
INH_1K52C02_11,"서울특별시·산업·조직형태별 사업체수, 종사자수",101037,101,년,2006,2020,서울특별시,,"사업체수,종사자수",산업조직형태별
INH_1K52C02_21,"부산광역시·산업·조직형태별 사업체수, 종사자수",101037,101,년,2006,2020,부산,,"사업체수,종사자수",산업조직형태별
INH_1K52C02_22,"대구광역시·산업·조직형태별 사업체수, 종사자수",101037,101,년,2006,2020,대구,,"사업체수,종사자수",산업조직형태별
INH_1K52C02_23,"인천광역시·산업·조직형태별 사업체수, 종사자수",101037,101,년,2006,2020,인천,,"사업체수,종사자수",산업조직형태별
INH_1K52C02_24,"광주광역시·산업·조직형태별 사업체수, 종사자수",101037,101,년,2006,2020,광주,,"사업체수,종사자수",산업조직형태별
INH_1K52C02_25,"대전광역시·산업·조직형태별 사업체수, 종사자수",101037,101,년,2006,2020,대전,,"사업체수,종사자수",산업조직형태별
INH_1K52C02_26,"울산광역시·산업·조직형태별 사업체수, 종사자수",101037,101,년,2006,2020,울산,,"사업체수,종사자수",산업조직형태별
INH_1K52C02_29,"세종특별자치시·산업·조직형태별 사업체수, 종사자수",101037,101,년,2006,2020,세종,,"사업체수,종사자수",산업조직형태별
INH_1K52C02_32,"강원도·산업·조직형태별 사업체수, 종사자수",101037,101,년,2006,2020,강원,,"사업체수,종사자수",산업조직형태별
INH_1K52C02_33,"충청북도·산업·조직형태별 사업체수, 종사자수",101037,101,년,2006,2020,충북,,"사업체수,종사자수",산업조직형태별
INH_1K52C02_34,"충청남도·산업·조직형태별 사업체수, 종사자수",101037,101,년,2006,2020,충남,,"사업체수,종사자수",산업조직형태별
INH_1K52C02_35,"전라북도·산업·조직형태별 사업체수, 종사자수",101037,101,년,2006,2020,전북,,"사업체수,종사자수",산업조직형태별
INH_1K52C02_36,"전라남도·산업·조직형태별 사업체수, 종사자수",101037,101,년,2006,2020,전남,,"사업체수,종사자수",산업조직형태별
INH_1K52C02_39,"제주특별자치도·산업·조직형태별 사업체수, 종사자수",101037,101,년,2006,2020,제주,,"사업체수,종사자수",산업조직형태별
INH_1K52C03_11,"서울특별시·산업·종사자규모별 사업체수, 종사자수",101037,101,년,2006,2020,서울특별시,,"사업체수,종사자수",산업종사자규모별
INH_1K52C03_21,"부산광역시·산업·종사자규모별 사업체수, 종사자수",101037,101,년,2006,2020,부산,,"사업체수,종사자수",산업종사자규모별
INH_1K52C03_22,"대구광역시·산업·종사자규모별 사업체수, 종사자수",101037,101,년,2006,2020,대구,,"사업체수,종사자수",산업종사자규모별
INH_1K52C03_23,"인천광역시·산업·종사자규모별 사업체수, 종사자수",101037,101,년,2006,2020,인천,,"사업체수,종사자수",산업종사자규모별
INH_1K52C03_24,"광주광역시·산업·종사자규모별 사업체수, 종사자수",101037,101,년,2006,2020,광주,,"사업체수,종사자수",산업종사자규모별
INH_1K52C03_25,"대전광역시·산업·종사자규모별 사업체수, 종사자수",101037,101,년,2006,2020,대전,,"사업체수,종사자수",산업종사자규모별
INH_1K52C03_26,"울산광역시·산업·종사자규모별 사업체수, 종사자수",101037,101,년,2006,2020,울산,,"사업체수,종사자수",산업종사자규모별
INH_1K52C03_29,"세종특별자치시·산업·종사자규모별 사업체수, 종사자수",101037,101,년,2006,2020,세종,,"사업체수,종사자수",산업종사자규모별
INH_1K52C03_32,"강원도·산업·종사자규모별 사업체수, 종사자수",101037,101,년,2006,2020,강원,,"사업체수,종사자수",산업종사자규모별
INH_1K52C03_33,"충청북도·산업·종사자규모별 사업체수, 종사자수",101037,101,년,2006,2020,충북,,"사업체수,종사자수",산업종사자규모별
INH_1K52C03_34,"충청남도·산업·종사자규모별 사업체수, 종사자수",101037,101,년,2006,2020,충남,,"사업체수,종사자수",산업종사자규모별
INH_1K52C03_35,"전라북도·산업·종사자규모별 사업체수, 종사자수",101037,101,년,2006,2020,전북,,"사업체수,종사자수",산업종사자규모별
INH_1K52C03_36,"전라남도·산업·종사자규모별 사업체수, 종사자수",101037,101,년,2006,2020,전남,,"사업체수,종사자수",산업종사자규모별
INH_1K52C03_39,"제주특별자치도·산업·종사자규모별 사업체수, 종사자수",101037,101,년,2006,2020,제주,,"사업체수,종사자수",산업종사자규모별
INH_1K52C08_11,"서울특별시·산업별 사업체수, 종사자수 및 매출액",101037,101,년,2006,2020,서울특별시,,"사업체수,종사자수,매출액",산업별
INH_1K52C08_21,"부산광역시·산업별 사업체수, 종사자수 및 매출액",101037,101,년,2006,2020,부산,,"사업체수,종사자수,매출액",산업별
INH_1K52C08_22,"대구광역시·산업별 사업체수, 종사자수 및 매출액",101037,101,년,2006,2020,대구,,"사업체수,종사자수,매출액",산업별
INH_1K52C08_23,"인천광역시·산업별 사업체수, 종사자수 및 매출액",101037,101,년,2006,2020,인천,,"사업체수,종사자수,매출액",산업별
INH_1K52C08_24,"광주광역시·산업별 사업체수, 종사자수 및 매출액",101037,101,년,2006,2020,광주,,"사업체수,종사자수,매출액",산업별
INH_1K52C08_25,"대전광역시·산업별 사업체수, 종사자수 및 매출액",101037,101,년,2006,2020,대전,,"사업체수,종사자수,매출액",산업별
INH_1K52C08_26,"울산광역시·산업별 사업체수, 종사자수 및 매출액",101037,101,년,2006,2020,울산,,"사업체수,종사자수,매출액",산업별
INH_1K52C08_29,"세종특별자치시·산업별 사업체수, 종사자수 및 매출액",101037,101,년,2006,2020,세종,,"사업체수,종사자수,매출액",산업별
INH_1K52C08_32,"강원도·산업별 사업체수, 종사자수 및 매출액",101037,101,년,2006,2020,강원,,"사업체수,종사자수,매출액",산업별
INH_1K52C08_33,"충청북도·산업별 사업체수, 종사자수 및 매출액",101037,101,년,2006,2020,충북,,"사업체수,종사자수,매출액",산업별
INH_1K52C08_34,"충청남도·산업별 사업체수, 종사자수 및 매출액",101037,101,년,2006,2020,충남,,"사업체수,종사자수,매출액",산업별
INH_1K52C08_35,"전라북도·산업별 사업체수, 종사자수 및 매출액",101037,101,년,2006,2020,전북,,"사업체수,종사자수,매출액",산업별
INH_1K52C08_36,"전라남도·산업별 사업체수, 종사자수 및 매출액",101037,101,년,2006,2020,전남,,"사업체수,종사자수,매출액",산업별
INH_1K52C08_39,"제주특별자치도·산업별 사업체수, 종사자수 및 매출액",101037,101,년,2006,2020,제주,,"사업체수,종사자수,매출액",산업별
INH_1K52D01_11,"서울특별시·산업·사업체구분별 사업체수, 종사자수(’20~ )",101037,101,년,2020,2022,서울특별시,,"사업체수,종사자수",산업사업체구분별
INH_1K52D01_21,"부산광역시·산업·사업체구분별 사업체수, 종사자수(’20~ )",101037,101,년,2020,2022,부산,,"사업체수,종사자수",산업사업체구분별
INH_1K52D01_22,"대구광역시·산업·사업체구분별 사업체수, 종사자수(’20~ )",101037,101,년,2020,2022,대구,,"사업체수,종사자수",산업사업체구분별
INH_1K52D01_23,"인천광역시·산업·사업체구분별 사업체수, 종사자수(’20~ )",101037,101,년,2020,2022,인천,,"사업체수,종사자수","산업별,사업체구분별"
INH_1K52D01_24,"광주광역시·산업·사업체구분별 사업체수, 종사자수(’20~ )",101037,101,년,2020,2022,광주,,"산업,사업체구분별사업체수,종사자수",산업사업체구분별
INH_1K52D01_25,"대전광역시·산업·사업체구분별 사업체수, 종사자수(’20~ )",101037,101,년,2020,2022,대전,,"사업체수,종사자수",산업사업체구분별
INH_1K52D01_26,"울산광역시·산업·사업체구분별 사업체수, 종사자수(’20~ )",101037,101,년,2020,2022,울산,,"사업체수,종사자수",산업사업체구분별
INH_1K52D01_29,"세종특별자치시·산업·사업체구분별 사업체수, 종사자수(’20~ )",101037,101,년,2020,2022,세종,,"사업체수,종사자수","산업별,사업체구분별"
INH_1K52D01_32,"강원도·산업·사업체구분별 사업체수, 종사자수(’20~ )",101037,101,년,2020,2022,강원,,"사업체수,종사자수",산업사업체구분별
INH_1K52D01_33,"충청북도·산업·사업체구분별 사업체수, 종사자수(’20~ )",101037,101,년,2020,2022,충북,,"사업체수,종사자수",산업사업체구분별
INH_1K52D01_34,"충청남도·산업·사업체구분별 사업체수, 종사자수(’20~ )",101037,101,년,2020,2022,충남,,"사업체수,종사자수","산업별,사업체구분별"
INH_1K52D01_35,"전라북도·산업·사업체구분별 사업체수, 종사자수(’20~ )",101037,101,년,2020,2022,전북,,"사업체수,종사자수",산업사업체구분별
INH_1K52D01_36,"전라남도·산업·사업체구분별 사업체수, 종사자수(’20~ )",101037,101,년,2020,2022,전남,,"사업체수,종사자수",산업사업체구분별
INH_1K52D01_39,"제주특별자치도·산업·사업체구분별 사업체수, 종사자수(’20~ )",101037,101,년,2020,2022,제주,,"사업체수,종사자수",산업사업체구분별
INH_1K52D02_11,"서울특별시·산업·조직형태별 사업체수, 종사자수(’20~ )",101037,101,년,2020,2022,서울특별시,,"사업체수,종사자수",산업조직형태별
INH_1K52D02_21,"부산광역시·산업·조직형태별 사업체수, 종사자수(’20~ )",101037,101,년,2020,2022,부산,,"사업체수,종사자수",산업조직형태별
INH_1K52D02_22,"대구광역시·산업·조직형태별 사업체수, 종사자수(’20~ )",101037,101,년,2020,2022,대구,,"사업체수,종사자수",산업조직형태별
INH_1K52D02_23,"인천광역시·산업·조직형태별 사업체수, 종사자수(’20~ )",101037,101,년,2020,2022,인천,,"사업체수,종사자수",산업조직형태별
INH_1K52D02_24,"광주광역시·산업·조직형태별 사업체수, 종사자수(’20~ )",101037,101,년,2020,2022,광주,,"사업체수,종사자수",산업조직형태별
INH_1K52D02_25,"대전광역시·산업·조직형태별 사업체수, 종사자수(’20~ )",101037,101,년,2020,2022,대전,,"사업체수,종사자수",산업조직형태별
INH_1K52D02_26,"울산광역시·산업·조직형태별 사업체수, 종사자수(’20~ )",101037,101,년,2020,2022,울산,,"사업체수,종사자수",산업조직형태별
INH_1K52D02_29,"세종특별자치시·산업·조직형태별 사업체수, 종사자수(’20~ )",101037,101,년,2020,2022,세종,,"사업체수,종사자수",산업조직형태별
INH_1K52D02_32,"강원도·산업·조직형태별 사업체수, 종사자수(’20~ )",101037,101,년,2020,2022,강원,,"사업체수,종사자수",산업조직형태별
INH_1K52D02_33,"충청북도·산업·조직형태별 사업체수, 종사자수(’20~ )",101037,101,년,2020,2022,충북,,"사업체수,종사자수",산업조직형태별
INH_1K52D02_34,"충청남도·산업·조직형태별 사업체수, 종사자수(’20~ )",101037,101,년,2020,2022,충남,,"사업체수,종사자수",산업조직형태별
INH_1K52D02_35,"전라북도·산업·조직형태별 사업체수, 종사자수(’20~ )",101037,101,년,2020,2022,전북,,"사업체수,종사자수",산업조직형태별
INH_1K52D02_36,"전라남도·산업·조직형태별 사업체수, 종사자수(’20~ )",101037,101,년,2020,2022,전남,,"사업체수,종사자수",산업조직형태별
INH_1K52D02_39,"제주특별자치도·산업·조직형태별 사업체수, 종사자수(’20~ )",101037,101,년,2020,2022,제주,,"사업체수,종사자수",산업조직형태별
INH_1K52D03_11,"서울특별시·산업·종사자규모별 사업체수, 종사자수(’20~ )",101037,101,년,2020,2022,서울특별시,,"사업체수,종사자수",산업종사자규모별
INH_1K52D03_21,"부산광역시·산업·종사자규모별 사업체수, 종사자수(’20~ )",101037,101,년,2020,2022,부산,,"사업체수,종사자수",산업종사자규모별
INH_1K52D03_22,"대구광역시·산업·종사자규모별 사업체수, 종사자수(’20~ )",101037,101,년,2020,2022,대구,,"사업체수,종사자수",산업종사자규모별
INH_1K52D03_23,"인천광역시·산업·종사자규모별 사업체수, 종사자수(’20~ )",101037,101,년,2020,2022,인천,,"사업체수,종사자수",산업종사자규모별
INH_1K52D03_24,"광주광역시·산업·종사자규모별 사업체수, 종사자수(’20~ )",101037,101,년,2020,2022,광주,,"사업체수,종사자수",산업종사자규모별
INH_1K52D03_25,"대전광역시·산업·종사자규모별 사업체수, 종사자수(’20~ )",101037,101,년,2020,2022,대전,,"사업체수,종사자수",산업종사자규모별
INH_1K52D03_26,"울산광역시·산업·종사자규모별 사업체수, 종사자수(’20~ )",101037,101,년,2020,2022,울산,,"사업체수,종사자수",산업종사자규모별
INH_1K52D03_29,"세종특별자치시·산업·종사자규모별 사업체수, 종사자수(’20~ )",101037,101,년,2020,2022,세종,,"사업체수,종사자수",산업종사자규모별
INH_1K52D03_32,"강원도·산업·종사자규모별 사업체수, 종사자수(’20~ )",101037,101,년,2020,2022,강원,,"사업체수,종사자수",산업종사자규모별
INH_1K52D03_33,"충청북도·산업·종사자규모별 사업체수, 종사자수(’20~ )",101037,101,년,2020,2022,충북,,"사업체수,종사자수",산업종사자규모별
INH_1K52D03_34,"충청남도·산업·종사자규모별 사업체수, 종사자수(’20~ )",101037,101,년,2020,2022,충남,,"사업체수,종사자수",산업종사자규모별
INH_1K52D03_35,"전라북도·산업·종사자규모별 사업체수, 종사자수(’20~ )",101037,101,년,2020,2022,전북,,"사업체수,종사자수",산업종사자규모별
INH_1K52D03_36,"전라남도·산업·종사자규모별 사업체수, 종사자수(’20~ )",101037,101,년,2020,2022,전남,,"사업체수,종사자수",산업종사자규모별
INH_1K52D03_39,"제주특별자치도·산업·종사자규모별 사업체수, 종사자수(’20~ )",101037,101,년,2020,2022,제주,,"사업체수,종사자수",산업종사자규모별
INH_1K52D04_11,서울특별시·산업·종사상지위별 종사자수(’20~ ),101037,101,년,2020,2022,서울특별시,,종사자수,"산업별,종사상지위별"
INH_1K52D04_21,부산광역시·산업·종사상지위별 종사자수(’20~ ),101037,101,년,2020,2022,부산,,종사자수,"산업별,종사상지위별"
INH_1K52D04_22,대구광역시·산업·종사상지위별 종사자수(’20~ ),101037,101,년,2020,2022,대구,,종사자수,"산업별,종사상지위별"
INH_1K52D04_23,인천광역시·산업·종사상지위별 종사자수(’20~ ),101037,101,년,2020,2022,인천,,종사자수,"산업별,종사상지위별"
INH_1K52D04_24,광주광역시·산업·종사상지위별 종사자수(’20~ ),101037,101,년,2020,2022,광주,,종사자수,"산업별,종사상지위별"
INH_1K52D04_25,대전광역시·산업·종사상지위별 종사자수(’20~ ),101037,101,년,2020,2022,대전,,종사자수,"산업별,종사상지위별"
INH_1K52D04_26,울산광역시·산업·종사상지위별 종사자수(’20~ ),101037,101,년,2020,2022,울산,,종사자수,"산업별,종사상지위별"
INH_1K52D04_29,세종특별자치시·산업·종사상지위별 종사자수(’20~ ),101037,101,년,2020,2022,세종,,종사자수,"산업별,종사상지위별"
INH_1K52D04_32,강원도·산업·종사상지위별 종사자수(’20~ ),101037,101,년,2020,2022,강원,,종사자수,"산업별,종사상지위별"
INH_1K52D04_33,충청북도·산업·종사상지위별 종사자수(’20~ ),101037,101,년,2020,2022,충북,,종사자수,"산업별,종사상지위별"
INH_1K52D04_34,충청남도·산업·종사상지위별 종사자수(’20~ ),101037,101,년,2020,2022,충남,,종사자수,"산업별,종사상지위별"
INH_1K52D04_35,전라북도·산업·종사상지위별 종사자수(’20~ ),101037,101,년,2020,2022,전북,,종사자수,"산업별,종사상지위별"
INH_1K52D04_36,전라남도·산업·종사상지위별 종사자수(’20~ ),101037,101,년,2020,2022,전남,,종사자수,"산업별,종사상지위별"
INH_1K52D04_39,제주특별자치도·산업·종사상지위별 종사자수(’20~ ),101037,101,년,2020,2022,제주,,종사자수,"산업별,종사상지위별"
INH_1K52D05_11,서울특별시·산업·대표자성별 사업체수(’20~ ),101037,101,년,2020,2022,서울특별시,,사업체수,"산업별,대표자성별별"
INH_1K52D05_21,부산광역시·산업·대표자성별 사업체수(’20~ ),101037,101,년,2020,2022,부산,,사업체수,"산업별,대표자성별"
INH_1K52D05_22,대구광역시·산업·대표자성별 사업체수(’20~ ),101037,101,년,2020,2022,대구,,사업체수,"산업별,대표자성별"
INH_1K52D05_23,인천광역시·산업·대표자성별 사업체수(’20~ ),101037,101,년,2020,2022,인천,,사업체수,"산업별,대표자성별별"
INH_1K52D05_24,광주광역시·산업·대표자성별 사업체수(’20~ ),101037,101,년,2020,2022,광주,,사업체수,"산업별,대표자성별"
INH_1K52D05_25,대전광역시·산업·대표자성별 사업체수(’20~ ),101037,101,년,2020,2022,대전,,사업체수,"산업별,대표자성별별"
INH_1K52D05_26,울산광역시·산업·대표자성별 사업체수(’20~ ),101037,101,년,2020,2022,울산,,사업체수,"산업별,대표자성별별"
INH_1K52D05_29,세종특별자치시·산업·대표자성별 사업체수(’20~ ),101037,101,년,2020,2022,세종,,사업체수,"산업별,대표자성별별"
INH_1K52D05_32,강원도·산업·대표자성별 사업체수(’20~ ),101037,101,년,2020,2022,강원,,사업체수,"산업별,대표자성별별"
INH_1K52D05_33,충청북도·산업·대표자성별 사업체수(’20~ ),101037,101,년,2020,2022,충북,,사업체수,"산업별,대표자성별별"
INH_1K52D05_34,충청남도·산업·대표자성별 사업체수(’20~ ),101037,101,년,2020,2022,충남,,사업체수,"산업별,대표자성별별"
INH_1K52D05_35,전라북도·산업·대표자성별 사업체수(’20~ ),101037,101,년,2020,2022,전북,,사업체수,"산업별,대표자성별"
INH_1K52D05_36,전라남도·산업·대표자성별 사업체수(’20~ ),101037,101,년,2020,2022,전남,,사업체수,"산업별,대표자성별별"
INH_1K52D05_39,제주특별자치도·산업·대표자성별 사업체수(’20~ ),101037,101,년,2020,2022,제주,,사업체수,"산업별,대표자성별별"
INH_1K52D06_11,서울특별시·산업·종사자성별 사업체수(’20~ ),101037,101,년,2020,2022,서울특별시,,사업체수,"산업별,성별"
INH_1K52D06_21,부산광역시·산업·종사자성별 사업체수(’20~ ),101037,101,년,2020,2022,부산,,사업체수,"산업별,성별"
INH_1K52D06_22,대구광역시·산업·종사자성별 사업체수(’20~ ),101037,101,년,2020,2022,대구,,사업체수,"산업별,성별"
INH_1K52D06_23,인천광역시·산업·종사자성별 사업체수(’20~ ),101037,101,년,2020,2022,인천,,사업체수,"산업별,성별"
INH_1K52D06_24,광주광역시·산업·종사자성별 사업체수(’20~ ),101037,101,년,2020,2022,광주,,사업체수,"산업별,성별"
INH_1K52D06_25,대전광역시·산업·종사자성별 사업체수(’20~ ),101037,101,년,2020,2022,대전,,사업체수,"산업별,성별"
INH_1K52D06_26,울산광역시·산업·종사자성별 사업체수(’20~ ),101037,101,년,2020,2022,울산,,사업체수,"산업별,성별"
INH_1K52D06_29,세종특별자치시·산업·종사자성별 종사자수(’20~ ),101037,101,년,2020,2022,세종,,종사자수,"산업별,성별"
INH_1K52D06_32,강원도·산업·종사자성별 사업체수(’20~ ),101037,101,년,2020,2022,강원,,사업체수,"산업별,성별"
INH_1K52D06_33,충청북도·산업·종사자성별 사업체수(’20~ ),101037,101,년,2020,2022,충북,,사업체수,"산업별,성별"
INH_1K52D06_34,충청남도·산업·종사자성별 사업체수(’20~ ),101037,101,년,2020,2022,충남,,사업체수,"산업별,성별"
INH_1K52D06_35,전라북도·산업·종사자성별 사업체수(’20~ ),101037,101,년,2020,2022,전북,,사업체수,"산업별,성별"
INH_1K52D06_36,전라남도·산업·종사자성별 사업체수(’20~ ),101037,101,년,2020,2022,전남,,사업체수,"산업별,성별"
INH_1K52D06_39,제주특별자치도·산업·종사자성별 사업체수(’20~ ),101037,101,년,2020,2022,제주,,사업체수,"산업별,성별"
INH_1K52D07_11,서울특별시·산업·대표자연령대별 사업체수(’20~ ),101037,101,년,2020,2022,서울특별시,,사업체수,산업대표자연령대별
INH_1K52D07_21,부산광역시·산업·대표자연령대별 사업체수(’20~ ),101037,101,년,2020,2022,부산,,사업체수,산업대표자연령대별
INH_1K52D07_22,대구광역시·산업·대표자연령대별 사업체수(’20~ ),101037,101,년,2020,2022,대구,,사업체수,산업대표자연령대별
INH_1K52D07_23,인천광역시·산업·대표자연령대별 사업체수(’20~ ),101037,101,년,2020,2022,인천,,사업체수,산업대표자연령대별
INH_1K52D07_24,광주광역시·산업·대표자연령대별 사업체수(’20~ ),101037,101,년,2020,2022,광주,,사업체수,산업대표자연령대별
INH_1K52D07_25,대전광역시·산업·대표자연령대별 사업체수(’20~ ),101037,101,년,2020,2022,대전,,사업체수,산업별대표자연령대별
INH_1K52D07_26,울산광역시·산업·대표자연령대별 사업체수(’20~ ),101037,101,년,2020,2022,울산,,사업체수,산업대표자연령대별
INH_1K52D07_29,세종특별자치시·산업·대표자연령대별 사업체수(’20~ ),101037,101,년,2020,2022,세종,,사업체수,산업대표자연령대별
INH_1K52D07_32,강원도·산업·대표자연령대별 사업체수(’20~ ),101037,101,년,2020,2022,강원,,사업체수,산업대표자연령대별
INH_1K52D07_33,충청북도·산업·대표자연령대별 사업체수(’20~ ),101037,101,년,2020,2022,충북,,사업체수,산업대표자연령대별
INH_1K52D07_34,충청남도·산업·대표자연령대별 사업체수(’20~ ),101037,101,년,2020,2022,충남,,사업체수,산업별대표자연령대별
INH_1K52D07_35,전라북도·산업·대표자연령대별 사업체수(’20~ ),101037,101,년,2020,2022,전북,,사업체수,산업대표자연령대별
INH_1K52D07_36,전라남도·산업·대표자연령대별 사업체수(’20~ ),101037,101,년,2020,2022,전남,,사업체수,산업대표자연령대별
INH_1K52D07_39,제주특별자치도·산업·대표자연령대별 사업체수(’20~ ),101037,101,년,2020,2022,제주,,사업체수,산업대표자연령대별
INH_1K52D08_11,"서울특별시·산업별 사업체수, 종사자수 및 매출액(’20~ )",101037,101,년,2020,2022,서울특별시,,"사업체수,종사자수,매출액",산업별
INH_1K52D08_21,"부산광역시·산업별 사업체수, 종사자수 및 매출액(’20~ )",101037,101,년,2020,2022,부산,,"사업체수,종사자수,매출액",산업별
INH_1K52D08_22,"대구광역시·산업별 사업체수, 종사자수 및 매출액(’20~ )",101037,101,년,2020,2022,대구,,"사업체수,종사자수,매출액",산업별
INH_1K52D08_23,"인천광역시·산업별 사업체수, 종사자수 및 매출액(’20~ )",101037,101,년,2020,2022,인천,,"사업체수,종사자수,매출액",산업별
INH_1K52D08_24,"광주광역시·산업별 사업체수, 종사자수 및 매출액(’20~ )",101037,101,년,2020,2022,광주,,"사업체수,종사자수,매출액",산업별
INH_1K52D08_25,"대전광역시·산업별 사업체수, 종사자수 및 매출액(’20~ )",101037,101,년,2020,2022,대전,,"사업체수,종사자수,매출액",산업별
INH_1K52D08_26,"울산광역시·산업별 사업체수, 종사자수 및 매출액(’20~ )",101037,101,년,2020,2022,울산,,"사업체수,종사자수,매출액",산업별
INH_1K52D08_29,"세종특별자치시·산업별 사업체수, 종사자수 및 매출액(’20~ )",101037,101,년,2020,2022,세종,,"사업체수,종사자수,매출액",산업별
INH_1K52D08_32,"강원도·산업별 사업체수, 종사자수 및 매출액(’20~ )",101037,101,년,2020,2022,강원,,"사업체수,종사자수,매출액",산업별
INH_1K52D08_33,"충청북도·산업별 사업체수, 종사자수 및 매출액(’20~ )",101037,101,년,2020,2022,충북,,"사업체수,종사자수,매출액",산업별
INH_1K52D08_34,"충청남도·산업별 사업체수, 종사자수 및 매출액(’20~ )",101037,101,년,2020,2022,충남,,"사업체수,종사자수,매출액",산업별
INH_1K52D08_35,"전라북도·산업별 사업체수, 종사자수 및 매출액(’20~ )",101037,101,년,2020,2022,전북,,"사업체수,종사자수,매출액",산업별
INH_1K52D08_36,"전라남도·산업별 사업체수, 종사자수 및 매출액(’20~ )",101037,101,년,2020,2022,전남,,"사업체수,종사자수,매출액",산업별
INH_1K52D08_39,"제주특별자치도·산업별 사업체수, 종사자수 및 매출액(’20~ )",101037,101,년,2020,2022,제주,,"사업체수,종사자수,매출액",산업별
DT_1F70011,설비투자지수,101040,101,"월,분기,년",1995,2024,,,설비투자지수,
DT_1F70012,설비투자지수(특수분류),101040,101,"월,분기,년",1995,2024,,,설비투자지수,
DT_1F70013,설비투자지수(국산/수입),101040,101,"월,분기,년",2020,2024,,,설비투자지수,국산수입별
DT_1AG101,경지규모별 농가 및 경지면적,101041,101,5년,2010,2010,,,"농가,경지면적",경지규모별
DT_1AG1011,논면적규모별 농가 및 논면적,101041,101,5년,2010,2010,,,"농가,논면적",논면적규모별
DT_1AG1012,경지면적에 대한 논면적 비율별 농가,101041,101,5년,2010,2010,,,논면적비율별농가,논면적비율별
DT_1AG1013,밭면적규모별 농가 및 밭면적,101041,101,5년,2010,2010,,,"농가,밭면적",밭면적규모별
DT_1AG1014,경지면적에 대한 밭면적비율별 농가,101041,101,5년,2010,2010,,,농가,밭면적비율별
DT_1AG1015,과수원면적규모별 농가 및 과수원면적,101041,101,5년,2010,2010,,,"농가,과수원면적",과수원면적규모별
DT_1AG1016,시설면적 규모별 농가 및 시설면적,101041,101,5년,2010,2010,,,"농가,시설면적",시설면적규모별
DT_1AG1017,목초지 규모별 농가 및 목초지면적,101041,101,5년,2010,2010,,,"농가,목초지면적",규모별
DT_1AG102,경영형태별 농가,101041,101,5년,2010,2010,,,농가,경영형태별
DT_1AG1021,"세부 경영형태별(과수, 축산) 농가",101041,101,5년,2010,2010,,,농가,경영형태별
DT_1AG103,전 · 겸업별 농가,101041,101,5년,2010,2010,,,농가,전겸업별
DT_1AG104,가구원수별 농가,101041,101,5년,2010,2010,,,농가,가구원수별
DT_1AG105,세대구성별 농가,101041,101,5년,2010,2010,,,농가,세대구성별
DT_1AG106,경영주 혼인상태 및 성별 농가,101041,101,5년,2010,2010,,,농가,"혼인상태별,성별"
DT_1AG107,경영주 연령 및 교육정도별 농가,101041,101,5년,2010,2010,,,농가,"경영주연령별,교육정도별"
DT_1AG108,경영주 농사 경력기간별 농가,101041,101,5년,2010,2010,,,농가,경력기간별
DT_1AG109,농업 종사경력 5년 이하 경영주의 경영동기별 농가,101041,101,5년,2010,2010,,,농가,경영동기별
DT_1AG110,농업 종사인원별 농가,101041,101,5년,2010,2010,,,농가,농업별
DT_1AG111,고용기간 및 내 · 외국인 고용인수별 농가,101041,101,5년,2010,2010,,,"농가,고용인수","고용기간별,내외국인별"
DT_1AG112,논벼 수확농가의 농사방법별 농가,101041,101,5년,2010,2010,,,논벼수확농가,농사방법별
DT_1AG113,논벼 수확농가의 논벼 성장기 물 관리방법별 농가,101041,101,5년,2010,2010,,,논벼수확농가,물관리방법별
DT_1AG114,논벼 수확농가의 논벼 볏짚 처리방법별 농가,101041,101,5년,2010,2010,,,논벼수확농가,처리방법별
DT_1AG115,논벼 수확농가의 논벼 유기비료 사용면적 규모별 농가 및 면적,101041,101,5년,2010,2010,,,"논벼수확농가,유기비료사용면적,농가,면적",규모별
DT_1AG116,농기계 보유농가 및 보유 대수,101041,101,5년,2010,2010,,,"보유농가,보유대수",행정구역별
DT_1AG1161,논벼 수확농가의 농기계 보유현황,101041,101,5년,2010,2010,,,"논벼수확농가,농기계",논벼수확농가별
DT_1AG1162,과수 재배농가의 농기계 보유현황,101041,101,5년,2010,2010,,,"과수재배농가,농기계",과수종류별
DT_1AG117,농축산물 판매금액별 농가,101041,101,5년,2010,2010,,,농가,판매금액별
DT_1AG118,농축산물 판매처별 농가,101041,101,5년,2010,2010,,,농가,판매처별
DT_1AG119,농업 관련 사업별 경영 농가,101041,101,5년,2010,2010,,,경영농가,사업별
DT_1AG120,주요 과수 재배시설별 농가,101041,101,5년,2010,2010,,,농가,과수재배시설별
DT_1AG121,친환경농업 실천 농가,101041,101,5년,2010,2010,,,친환경농업실천농가,
DT_1AG1211,친환경재배 논벼의 수확면적 규모별 농가 및 면적,101041,101,5년,2010,2010,,,"농가,면적",규모별
DT_1AG1212,친환경재배 채소의 수확면적 규모별 농가 및 면적,101041,101,5년,2010,2010,,,"농가,면적",규모별
DT_1AG1213,친환경재배 기타작물의 수확면적 규모별 농가 및 면적,101041,101,5년,2010,2010,,,"농가,면적",규모별
DT_1AG122,친환경 가축사육 실천 농가 및 마리수,101041,101,5년,2010,2010,,,"농가,마리수",친환경축산농법별
DT_1AG123,가축 분뇨 처리방법별 농가,101041,101,5년,2010,2010,,,농가,처리방법별
DT_1AG124,생산자조직 참여여부 및 현황별 농가,101041,101,5년,2010,2010,,,농가,"참여여부별,현황별"
DT_1AG125,정보화현황 및 자동차보유현황별 농가,101041,101,5년,2010,2010,,,농가,자동차보유현황별
DT_1AG126,거처형태별 농가,101041,101,5년,2010,2010,,,농가,거처형태별
DT_1AG127,난방시설별 농가,101041,101,5년,2010,2010,,,농가,난방시설별
DT_1AG128,주거시설 형태별 농가,101041,101,5년,2010,2010,,,농가,주거시설형태별
DT_1AG15101,경지규모별 농가 및 경지면적,101041,101,5년,2015,2015,,,"농가,경지면적",경지규모별
DT_1AG151011,논면적 규모별 농가 및 논면적,101041,101,5년,2015,2015,,,"농가,논면적",규모별
DT_1AG151012,경지면적에 대한 논면적 비율별 농가,101041,101,5년,2015,2015,,,농가,논면적비율별
DT_1AG151013,밭면적 규모별 농가 및 밭면적,101041,101,5년,2015,2015,,,"농가,밭면적",규모별
DT_1AG151014,경지면적에 대한 밭면적 비율별 농가,101041,101,5년,2015,2015,,,농가,밭면적비율별
DT_1AG151015,과수원면적 규모별 농가 및 과수원면적,101041,101,5년,2015,2015,,,"농가,과수원면적",규모별
DT_1AG151016,시설면적 규모별 농가 및 시설면적,101041,101,5년,2015,2015,,,"농가,시설면적",시설면적규모별
DT_1AG151017,목초지 규모별 농가 및 목초지면적,101041,101,5년,2015,2015,,,"농가,목초지면적",규모별
DT_1AG15102,경영형태별 농가,101041,101,5년,2015,2015,,,농가,경영형태별
DT_1AG151021,"세부 경영형태별(과수, 축산) 농가",101041,101,5년,2015,2015,,,농가,경영형태별
DT_1AG15103,전 · 겸업별 농가,101041,101,5년,2015,2015,,,농가,전겸업별
DT_1AG15104,가구원수별 농가,101041,101,5년,2015,2015,,,"농가,가구원수",가구원수별
DT_1AG15105,세대구성별 농가,101041,101,5년,2015,2015,,,농가,세대구성별
DT_1AG15106,경영주 혼인상태 및 성별 농가,101041,101,5년,2015,2015,,,농가,"혼인상태별,성별"
DT_1AG15107,경영주 연령 및 교육정도별 농가,101041,101,5년,2015,2015,,,농가,"경영주연령별,교육정도별"
DT_1AG15108,경영주 농사 경력기간별 농가,101041,101,5년,2015,2015,,,농가,경력기간별
DT_1AG15109,경영주 5년 전 주종사분야별 농가,101041,101,5년,2015,2015,,,농가,경영주5년전주종사분야별
DT_1AG15110,경영주 5년 전 거주지별 농가,101041,101,5년,2015,2015,,,농가,거주지별
DT_1AG15111,경영주 5년 전 거주지별 이동 농가,101041,101,5년,2015,2015,,,농가,거주지별
DT_1AG15112,농업 종사인원별 농가,101041,101,5년,2015,2015,,,농가,농업별
DT_1AG15113,고용기간 및 내 · 외국인 성별·고용인수별 농가,101041,101,5년,2015,2015,,,농가,"고용기간별,내외국인별,성별,농가별"
DT_1AG15114,논벼 수확농가의 농사방법별 농가,101041,101,5년,2015,2015,,,논벼수확농가,농사방법별
DT_1AG15115,논벼 수확농가의 논벼 유기비료 사용면적 규모별 농가 및 면적,101041,101,5년,2015,2015,,,"논벼수확농가,논벼유기비료사용면적,농가,면적",규모별
DT_1AG15116,농기계 보유농가 및 보유 대수,101041,101,5년,2015,2015,,,"보유농가,보유대수",행정구역별
DT_1AG151161,논벼 수확농가의 농기계 보유현황,101041,101,5년,2015,2015,,,"논벼수확농가,농기계",농기계종류별
DT_1AG151162,과수 재배농가의 농기계 보유현황,101041,101,5년,2015,2015,,,"과수재배농가,농기계",과실류별
DT_1AG15117,농축산물 판매금액별 농가,101041,101,5년,2015,2015,,,농가,판매금액별
DT_1AG15118,농축산물 판매처별 농가,101041,101,5년,2015,2015,,,농가,판매처별
DT_1AG15119,농업 관련 사업별 경영 농가,101041,101,5년,2015,2015,,,경영농가,사업별
DT_1AG15120,주요 과수 재배시설별 농가,101041,101,5년,2015,2015,,,농가,과수재배시설별
DT_1AG15121,생산자조직 참여여부 및 현황별 농가,101041,101,5년,2015,2015,,,농가,참여여부별
DT_1AG15122,정보화현황별 농가,101041,101,5년,2015,2015,,,농가,정보화현황별
DT_1AG15123,교통수단 보유 현황별 농가,101041,101,5년,2015,2015,,,"농가,교통수단",교통수단별
DT_1AG15124,거처형태별 농가,101041,101,5년,2015,2015,,,농가,거처형태별
DT_1AG15125,난방시설별 농가,101041,101,5년,2015,2015,,,농가,난방시설별
DT_1AG15126,주거시설 형태별 농가,101041,101,5년,2015,2015,,,농가,주거시설형태별
DT_1AG15201,연령 및 성별 농가인구/성비,101041,101,5년,2015,2015,,,농가인구,성별
DT_1AG15202,연령계층 및 성별 농가인구,101041,101,5년,2015,2015,,,농가인구,"성별,연령계층별"
DT_1AG15203,6세 이상 교육정도별 농가인구,101041,101,5년,2015,2015,,6세 이상,농가인구,교육정도별
DT_1AG15204,15세 이상 혼인상태 및 성별 농가인구,101041,101,5년,2015,2015,,15세 이상,농가인구,"혼인상태별,성별"
DT_1AG15205,15세 이상 주 종사분야 및 성별 농가인구,101041,101,5년,2015,2015,,15세 이상,농가인구,"성별,종사분야별"
DT_1AG15206,15세 이상 농업 종사기간 및 성별 농가인구,101041,101,5년,2015,2015,,15세 이상,"농업종사기간,성별농가인구","종사기간별,성별"
DT_1AG15207,15세 이상 농업 종사형태 및 성별 농가인구,101041,101,5년,2015,2015,,15세 이상,"농업종사자,농가인구",성별
DT_1AG15208,15세 이상 농업 외 종사기간 및 성별 농가인구,101041,101,5년,2015,2015,,15세 이상,"농업외종사기간,성별농가인구","종사기간별,성별"
DT_1AG15301,연령 및 성별 농업 종사 가구원,101041,101,5년,2015,2015,,,농업종사가구원,성별
DT_1AG15302,혼인상태 및 성별 농업 종사 가구원,101041,101,5년,2015,2015,,,"혼인상태,성별,농업종사가구원","혼인상태별,성별"
DT_1AG15303,교육정도별 농업 종사 가구원,101041,101,5년,2015,2015,,,농업종사가구원,교육정도별
DT_1AG15304,농업 종사기간 및 성별 농업 종사 가구원,101041,101,5년,2015,2015,,,"농업종사기간,성별,농업종사가구원",성별
DT_1AG15305,농업 종사형태 및 성별 농업 종사 가구원,101041,101,5년,2015,2015,,,농업종사가구원,"종사형태별,성별"
DT_1AG15306,주 종사분야 및 성별 농업 종사 가구원,101041,101,5년,2015,2015,,,농업종사가구원,성별
DT_1AG15307,농업 외 종사기간 및 성별 농업 종사 가구원,101041,101,5년,2015,2015,,,농업종사가구원,성별
DT_1AG15401,논벼 수확면적 규모별 농가 및 면적,101041,101,5년,2015,2015,,,"논벼수확면적,농가",규모별
DT_1AG15402,식량작물(논벼 제외) 수확 농가 및 면적,101041,101,5년,2015,2015,,,"농가,면적",품목별
DT_1AG154021,겉보리 · 쌀보리 수확면적 규모별 농가 및 면적,101041,101,5년,2015,2015,,,"농가,면적",규모별
DT_1AG154022,옥수수 수확면적 규모별 농가 및 면적,101041,101,5년,2015,2015,,,"농가,면적",규모별
DT_1AG154023,콩 수확면적 규모별 농가 및 면적,101041,101,5년,2015,2015,,,"농가,면적",규모별
DT_1AG154024,팥 수확면적 규모별 농가 및 면적,101041,101,5년,2015,2015,,,"농가,면적",규모별
DT_1AG154025,감자 수확면적 규모별 농가 및 면적,101041,101,5년,2015,2015,,,"농가,면적",규모별
DT_1AG154026,고구마 수확면적 규모별 농가 및 면적,101041,101,5년,2015,2015,,,"농가,면적",규모별
DT_1AG15403,"채소, 특용작물, 화초작물, 기타작물 수확 농가 및 면적",101041,101,5년,2015,2015,,,"농가,면적",품목별
DT_1AG154031,배추 수확면적 규모별 농가 및 면적,101041,101,5년,2015,2015,,,"농가,면적",규모별
DT_1AG154032,무 수확면적 규모별 농가 및 면적,101041,101,5년,2015,2015,,,"농가,면적",규모별
DT_1AG154033,고추 수확면적 규모별 농가 및 면적,101041,101,5년,2015,2015,,,"농가,면적",규모별
DT_1AG154034,양파 수확면적 규모별 농가 및 면적,101041,101,5년,2015,2015,,,"농가,면적",규모별
DT_1AG154035,대파 수확면적 규모별 농가 및 면적,101041,101,5년,2015,2015,,,"농가,면적",규모별
DT_1AG154036,마늘 수확면적 규모별 농가 및 면적,101041,101,5년,2015,2015,,,"농가,면적",규모별
DT_1AG154037,인삼 재배면적 규모별 농가 및 면적,101041,101,5년,2015,2015,,,"농가,면적",규모별
DT_1AG154038,참깨 수확면적 규모별 농가 및 면적,101041,101,5년,2015,2015,,,"농가,면적",규모별
DT_1AG154039,들깨 수확면적 규모별 농가 및 면적,101041,101,5년,2015,2015,,,"들깨수확면적,농가",규모별
DT_1AG15404,산나물 재배면적 규모별 농가 및 면적,101041,101,5년,2015,2015,,,"농가,면적",규모별
DT_1AG15405,약용작물 재배면적 규모별 농가 및 면적,101041,101,5년,2015,2015,,,"농가,면적",규모별
DT_1AG15406,관상작물 재배면적 규모별 농가 및 면적,101041,101,5년,2015,2015,,,"농가,면적",규모별
DT_1AG15407,표고버섯 재배본(봉)수별 농가 및 본(봉)수,101041,101,5년,2015,2015,,,"농가,본수",재배본수별
DT_1AG15408,시설작물 수확 농가 및 면적,101041,101,5년,2015,2015,,,"농가,면적",시설작물별
DT_1AG154081,시설 배추 수확면적 규모별 농가 및 면적,101041,101,5년,2015,2015,,,"농가,면적",규모별
DT_1AG154082,시설 무 수확면적 규모별 농가 및 면적,101041,101,5년,2015,2015,,,"농가,면적",규모별
DT_1AG154083,시설 고추 수확면적 규모별 농가 및 면적,101041,101,5년,2015,2015,,,"농가,면적",규모별
DT_1AG154084,시설 상추 수확면적 규모별 농가 및 면적,101041,101,5년,2015,2015,,,"농가,면적",규모별
DT_1AG154085,시설 오이 수확면적 규모별 농가 및 면적,101041,101,5년,2015,2015,,,"농가,면적",규모별
DT_1AG154086,시설 수박 수확면적 규모별 농가 및 면적,101041,101,5년,2015,2015,,,"시설수박수확면적,농가",규모별
DT_1AG154087,시설 토마토 수확면적 규모별 농가 및 면적,101041,101,5년,2015,2015,,,"농가,면적",규모별
DT_1AG154088,시설 딸기 수확면적 규모별 농가 및 면적,101041,101,5년,2015,2015,,,"농가,면적",규모별
DT_1AG15409,과수 재배 농가 및 면적,101041,101,5년,2015,2015,,,"농가,면적",품목별
DT_1AG154091,사과 재배면적 및 수확면적 규모별 농가 및 면적,101041,101,5년,2015,2015,,,"재배면적,수확면적,농가",규모별
DT_1AG154092,배 재배면적 및 수확면적 규모별 농가 및 면적,101041,101,5년,2015,2015,,,"배재배면적,수확면적,농가",규모별
DT_1AG154093,복숭아 재배면적 및 수확면적 규모별 농가 및 면적,101041,101,5년,2015,2015,,,"재배면적,수확면적,농가",규모별
DT_1AG154094,단감 재배면적 및 수확면적 규모별 농가 및 면적,101041,101,5년,2015,2015,,,"재배면적,수확면적,농가",규모별
DT_1AG154095,노지 포도 재배면적 및 수확면적 규모별 농가 및 면적,101041,101,5년,2015,2015,,,"재배면적,수확면적,농가",규모별
DT_1AG154096,떫은감 재배면적 및 수확면적 규모별 농가 및 면적,101041,101,5년,2015,2015,,,"재배면적,수확면적,농가",규모별
DT_1AG154097,지역별 작물별 재배구분별 수확 농가 및 면적,101041,101,5년,2015,2015,,,"농가,면적","지역별,작물별,재배구분별"
DT_1AG15410,주요 과수 재배농가의 주된 재배 품종별 농가,101041,101,5년,2015,2015,,,과수재배농가,품종별
DT_1AG154101,사과 재배농가의 주된 재배 품종 현황,101041,101,5년,2015,2015,,,재배농가,품종별
DT_1AG154102,배 재배농가의 주된 재배 품종 현황,101041,101,5년,2015,2015,,,배재배농가,품종별
DT_1AG154103,복숭아 재배농가의 주된 재배 품종 현황,101041,101,5년,2015,2015,,,재배농가,품종별
DT_1AG154104,단감 재배농가의 주된 재배 품종 현황,101041,101,5년,2015,2015,,,재배농가,품종별
DT_1AG154105,노지 포도 재배농가의 주된 재배 품종 현황,101041,101,5년,2015,2015,,,재배농가,품종별
DT_1AG154106,떫은감 재배농가의 주된 재배 품종 현황,101041,101,5년,2015,2015,,,재배농가,품종별
DT_1AG15411,시군구 작물의 수확면적규모별 농가 및 면적,101041,101,5년,2015,2015,,,"농가,면적",행정구역별
DT_1AG15501,가축사육 농가 및 마리 수,101041,101,5년,2015,2015,,,"가축사육농가,마리수",가축별
DT_1AG15502,한우 사육 규모별 농가 및 마리 수,101041,101,5년,2015,2015,,,"농가,마리수",규모별
DT_1AG15503,육우(젖소수컷 포함) 사육 규모별 농가 및 마리 수,101041,101,5년,2015,2015,,,"농가,마리수",사육규모별
DT_1AG15504,젖소암컷 사육 규모별 농가 및 마리 수,101041,101,5년,2015,2015,,,"농가,마리수",규모별
DT_1AG15505,돼지 사육 규모별 농가 및 마리 수,101041,101,5년,2015,2015,,,"농가,마리수",규모별
DT_1AG15506,산란계 사육 규모별 농가 및 마리 수,101041,101,5년,2015,2015,,,"농가,마리수",규모별
DT_1AG15507,육계 사육 규모별 농가 및 마리 수,101041,101,5년,2015,2015,,,"육계사육농가,육계",규모별
DT_1AG15508,오리 사육 규모별 농가 및 마리 수,101041,101,5년,2015,2015,,,"농가,오리",규모별
DT_1AG15509,축사형태별 농가,101041,101,5년,2015,2015,,,농가,축사형태별
DT_1AG15510,가축 분뇨 처리방법별 농가,101041,101,5년,2015,2015,,,농가,처리방법별
DT_1AG201,연령 및 성별 농가인구/성비,101041,101,5년,2010,2010,,,농가인구,성별
DT_1AG20101,경지규모별 농가 및 경지면적,101041,101,5년,2020,2020,,,"농가,경지면적",경지규모별
DT_1AG201011,논면적 규모별 농가 및 논면적,101041,101,5년,2020,2020,,,"농가,논면적",규모별
DT_1AG201012,경지면적에 대한 논면적 비율별 농가,101041,101,5년,2020,2020,,,농가,논면적비율별
DT_1AG201013,밭면적 규모별 농가 및 밭면적,101041,101,5년,2020,2020,,,"농가,밭면적",규모별
DT_1AG201014,경지면적에 대한 밭면적 비율별 농가,101041,101,5년,2020,2020,,,농가,밭면적비율별
DT_1AG201015,과수원면적 규모별 농가 및 과수원면적,101041,101,5년,2020,2020,,,"농가,과수원면적",규모별
DT_1AG201016,시설면적 규모별 농가 및 시설면적,101041,101,5년,2020,2020,,,"농가,시설면적",시설면적규모별
DT_1AG201017,목초지 규모별 농가 및 목초지면적,101041,101,5년,2020,2020,,,"농가,목초지면적",규모별
DT_1AG20102,전 · 겸업별 농가,101041,101,5년,2020,2020,,,농가,전겸업별
DT_1AG20103,주된 농업 경영형태별 농가,101041,101,5년,2020,2020,,,농가,농업경영형태별
DT_1AG201031,과수 및 축산 농가,101041,101,5년,2020,2020,,,농가,
DT_1AG20104,가구원수별 농가,101041,101,5년,2020,2020,,,농가,가구원수별
DT_1AG20105,세대구성별 농가,101041,101,5년,2020,2020,,,농가,세대구성별
DT_1AG20106,경영주 혼인상태 및 성별 농가,101041,101,5년,2020,2020,,,농가,"혼인상태별,성별"
DT_1AG20107,경영주 연령 및 교육정도별 농가,101041,101,5년,2020,2020,,,농가,"경영주연령별,교육정도별"
DT_1AG20108,경영주 농업 경력기간별 농가,101041,101,5년,2020,2020,,,농가,경력기간별
DT_1AG20109,경영주 농업 주 종사부문 및 농업 종사기간별 농가,101041,101,5년,2020,2020,,,농가,"농업주종사부문별,농업종사기간별"
DT_1AG20110,농업 종사인원별 농가,101041,101,5년,2020,2020,,,농가,농업종사인원별
DT_1AG20111,농축산물 판매금액별 농가,101041,101,5년,2020,2020,,,농가,판매금액별
DT_1AG20112,농축산물 판매처별 농가,101041,101,5년,2020,2020,,,농가,판매처별
DT_1AG20113,고용기간 및 내 · 외국인 성별·고용인수별 농가,101041,101,5년,2020,2020,,,농가,"고용기간별,내외국인별,성별,농가별"
DT_1AG20114,논벼 재배농가의 농사방법별 농가,101041,101,5년,2020,2020,,,논벼재배농가,농사방법별
DT_1AG20115,논벼 유기비료 사용면적 규모별 농가 및 면적,101041,101,5년,2020,2020,,,"논벼유기비료사용면적,농가",규모별
DT_1AG20116,논벼 재배농가의 재배단계 및 물 관리형태별 농가,101041,101,5년,2020,2020,,,논벼재배농가,"재배단계별,물관리형태별"
DT_1AG20117,논벼 재배 농가의 논벼 볏짚 처리방법별 농가,101041,101,5년,2020,2020,,,논벼재배농가,볏짚처리방법별
DT_1AG20118,주요 과수 재배시설별 농가,101041,101,5년,2020,2020,,,농가,과수재배시설별
DT_1AG20119,농기계 보유농가 및 보유 대수,101041,101,5년,2020,2020,,,"보유농가,보유대수",행정구역별
DT_1AG201191,논벼 재배농가의 농기계 보유현황,101041,101,5년,2020,2020,,,"논벼재배농가,농기계",논벼재배농가별
DT_1AG201192,과수 재배농가의 농기계 보유현황,101041,101,5년,2020,2020,,,"과수재배농가,농기계",과수종류별
DT_1AG20120,생산자조직 참여여부 및 현황별 농가,101041,101,5년,2020,2020,,,농가,"참여여부별,현황별"
DT_1AG20121,농업 관련 사업별 경영 농가,101041,101,5년,2020,2020,,,경영농가,사업별
DT_1AG20122,정보화현황별 농가,101041,101,5년,2020,2020,,,농가,정보화현황별
DT_1AG20123,교통수단 보유 현황별 농가,101041,101,5년,2020,2020,,,"농가,교통수단",교통수단별
DT_1AG20124,거처형태별 농가,101041,101,5년,2020,2020,,,농가,거처형태별
DT_1AG20125,주거시설 형태별 농가,101041,101,5년,2020,2020,,,농가,주거시설형태별
DT_1AG202,연령계층 및 성별 농가인구,101041,101,5년,2010,2010,,,농가인구,"성별,연령계층별"
DT_1AG20201,연령 및 성별 농가인구/성비,101041,101,5년,2020,2020,,,농가인구,성별
DT_1AG20202,연령계층 및 성별 농가인구,101041,101,5년,2020,2020,,,농가인구,"성별,연령계층별"
DT_1AG20203,15세 이상 주 종사분야 및 성별 농가인구,101041,101,5년,2020,2020,,15세 이상,농가인구,"성별,종사분야별"
DT_1AG20204,15세 이상 농업 종사기간 및 성별 농가인구,101041,101,5년,2020,2020,,15세 이상,"농업종사기간,성별농가인구","종사기간별,성별"
DT_1AG20205,15세 이상 농업 외 종사기간 및 성별 농가인구,101041,101,5년,2020,2020,,15세 이상,"농업외종사기간,성별농가인구","종사기간별,성별"
DT_1AG203,6세 이상 교육정도별 농가인구,101041,101,5년,2010,2010,,6세 이상,농가인구,교육정도별
DT_1AG20301,연령 및 성별 농업 종사 가구원,101041,101,5년,2020,2020,,,농업종사가구원,성별
DT_1AG20302,농업 종사기간 및 성별 농업 종사 가구원,101041,101,5년,2020,2020,,,"농업종사기간,성별,농업종사가구원",성별
DT_1AG20303,농업 종사형태 및 성별 농업 종사 가구원,101041,101,5년,2020,2020,,,농업종사가구원,"종사형태별,성별"
DT_1AG20304,농업 주 종사부문 및 성별 농업 종사 가구원,101041,101,5년,2020,2020,,,농업종사가구원,"종사부문별,성별"
DT_1AG20305,주 종사분야 및 성별 농업 종사 가구원,101041,101,5년,2020,2020,,,농업종사가구원,성별
DT_1AG20306,농업 외 종사기간 및 성별 농업 종사 가구원,101041,101,5년,2020,2020,,,"종사기간,성별,농업종사가구원","종사기간별,성별"
DT_1AG204,15세 이상 혼인상태 및 성별 농가인구,101041,101,5년,2010,2010,,15세 이상,농가인구,"혼인상태별,성별"
DT_1AG20401,논벼 재배면적 규모별 농가 및 면적,101041,101,5년,2020,2020,,,"논벼재배면적,농가",규모별
DT_1AG20402,식량작물(논벼 제외) 재배 농가 및 면적,101041,101,5년,2020,2020,,,"농가,면적",품목별
DT_1AG204021,겉보리 · 쌀보리 재배면적 규모별 농가 및 면적,101041,101,5년,2020,2020,,,"재배면적,농가",규모별
DT_1AG204022,옥수수 재배면적 규모별 농가 및 면적,101041,101,5년,2020,2020,,,"농가,면적",규모별
DT_1AG204023,콩 재배면적 규모별 농가 및 면적,101041,101,5년,2020,2020,,,"농가,면적",규모별
DT_1AG204024,팥 재배면적 규모별 농가 및 면적,101041,101,5년,2020,2020,,,"농가,면적",규모별
DT_1AG204025,감자 재배면적 규모별 농가 및 면적,101041,101,5년,2020,2020,,,"농가,면적",규모별
DT_1AG204026,고구마 재배면적 규모별 농가 및 면적,101041,101,5년,2020,2020,,,"농가,면적",규모별
DT_1AG20403,"채소, 특용작물, 화초작물, 기타작물 재배 농가 및 면적",101041,101,5년,2020,2020,,,농가,품목별
DT_1AG204031,배추 재배면적 규모별 농가 및 면적,101041,101,5년,2020,2020,,,"농가,면적",규모별
DT_1AG204032,무 재배면적 규모별 농가 및 면적,101041,101,5년,2020,2020,,,"농가,면적",규모별
DT_1AG204033,고추 재배면적 규모별 농가 및 면적,101041,101,5년,2020,2020,,,"농가,면적",규모별
DT_1AG204034,양파 재배면적 규모별 농가 및 면적,101041,101,5년,2020,2020,,,"양파재배면적,농가",규모별
DT_1AG204035,대파 재배면적 규모별 농가 및 면적,101041,101,5년,2020,2020,,,"농가,면적",규모별
DT_1AG204036,마늘 재배면적 규모별 농가 및 면적,101041,101,5년,2020,2020,,,"농가,면적",규모별
DT_1AG204037,인삼 재배면적 규모별 농가 및 면적,101041,101,5년,2020,2020,,,"농가,면적",규모별
DT_1AG204038,참깨 재배면적 규모별 농가 및 면적,101041,101,5년,2020,2020,,,"농가,면적",규모별
DT_1AG204039,들깨 재배면적 규모별 농가 및 면적,101041,101,5년,2020,2020,,,"들깨재배면적,농가",규모별
DT_1AG20404,산나물 재배면적 규모별 농가 및 면적,101041,101,5년,2020,2020,,,"농가,면적",규모별
DT_1AG20405,약용작물 재배면적 규모별 농가 및 면적,101041,101,5년,2020,2020,,,"농가,면적",규모별
DT_1AG20406,관상작물 재배면적 규모별 농가 및 면적,101041,101,5년,2020,2020,,,"농가,면적",규모별
DT_1AG20407,표고버섯 재배본(봉)수별 농가 및 본(봉)수,101041,101,5년,2020,2020,,,"농가,본수",재배본수별
DT_1AG20408,시설작물 재배 농가 및 면적,101041,101,5년,2020,2020,,,"농가,면적",시설별
DT_1AG204081,시설 배추 재배면적 규모별 농가 및 면적,101041,101,5년,2020,2020,,,"농가,면적",규모별
DT_1AG204082,시설 무 재배면적 규모별 농가 및 면적,101041,101,5년,2020,2020,,,"농가,면적",규모별
DT_1AG204083,시설 고추 재배면적 규모별 농가 및 면적,101041,101,5년,2020,2020,,,"농가,면적",규모별
DT_1AG204084,시설 상추 재배면적 규모별 농가 및 면적,101041,101,5년,2020,2020,,,"농가,면적",규모별
DT_1AG204085,시설 오이 재배면적 규모별 농가 및 면적,101041,101,5년,2020,2020,,,"농가,면적",규모별
DT_1AG204086,시설 수박 재배면적 규모별 농가 및 면적,101041,101,5년,2020,2020,,,"재배면적,농가",규모별
DT_1AG204087,시설 토마토 재배면적 규모별 농가 및 면적,101041,101,5년,2020,2020,,,"재배면적,농가",규모별
DT_1AG204088,시설 딸기 재배면적 규모별 농가 및 면적,101041,101,5년,2020,2020,,,"재배면적,농가",규모별
DT_1AG20409,수경시설작물 재배 농가 및 면적,101041,101,5년,2020,2020,,,"농가,면적",품목별
DT_1AG20410,"주요 채소(노지, 시설) 재배 농가 및 면적",101041,101,5년,2020,2020,,,"농가,면적",재배형태별
DT_1AG20411,과수 재배 농가 및 면적,101041,101,5년,2020,2020,,,"농가,면적",과수별
DT_1AG204111,사과 재배면적 규모별 농가 및 면적,101041,101,5년,2020,2020,,,"농가,면적",규모별
DT_1AG204112,배 재배면적 규모별 농가 및 면적,101041,101,5년,2020,2020,,,"농가,면적",규모별
DT_1AG204113,복숭아 재배면적 규모별 농가 및 면적,101041,101,5년,2020,2020,,,"농가,면적",규모별
DT_1AG204114,단감 재배면적 규모별 농가 및 면적,101041,101,5년,2020,2020,,,"농가,면적",규모별
DT_1AG204115,노지 포도 재배면적 규모별 농가 및 면적,101041,101,5년,2020,2020,,,"농가,면적",규모별
DT_1AG20412,주요 과수 재배농가의 주된 재배 품종별 농가,101041,101,5년,2020,2020,,,과수재배농가,재배품종별
DT_1AG204121,사과 재배농가의 주된 재배 품종 현황,101041,101,5년,2020,2020,,,재배농가,품종별
DT_1AG204122,배 재배농가의 주된 재배 품종 현황,101041,101,5년,2020,2020,,,재배농가,품종별
DT_1AG204123,복숭아 재배농가의 주된 재배 품종 현황,101041,101,5년,2020,2020,,,재배농가,품종별
DT_1AG204124,단감 재배농가의 주된 재배 품종 현황,101041,101,5년,2020,2020,,,재배농가,품종별
DT_1AG204125,노지 포도 재배농가의 주된 재배 품종 현황,101041,101,5년,2020,2020,,,재배농가,품종별
DT_1AG20413,시군구 작물의 재배면적 규모별 농가 및 면적,101041,101,5년,2020,2020,,,"농가,면적",규모별
DT_1AG205,15세 이상 주 종사분야 및 성별 농가인구,101041,101,5년,2010,2010,,15세 이상,농가인구,"성별,종사분야별"
DT_1AG20501,가축사육 농가 및 마리 수,101041,101,5년,2020,2020,,,"농가,가축사육마리수",가축별
DT_1AG20502,한우 사육 규모별 농가 및 마리 수,101041,101,5년,2020,2020,,,"농가,마리수",규모별
DT_1AG20503,육우(젖소수컷 포함) 사육 규모별 농가 및 마리 수,101041,101,5년,2020,2020,,,"농가,마리수",사육규모별
DT_1AG20504,젖소암컷 사육 규모별 농가 및 마리 수,101041,101,5년,2020,2020,,,"농가,마리수",규모별
DT_1AG20505,돼지 사육 규모별 농가 및 마리 수,101041,101,5년,2020,2020,,,"농가,마리수",규모별
DT_1AG20506,산란계 사육 규모별 농가 및 마리 수,101041,101,5년,2020,2020,,,"산란계,농가",규모별
DT_1AG20507,육계 사육 규모별 농가 및 마리 수,101041,101,5년,2020,2020,,,"육계사육농가,육계",규모별
DT_1AG20508,오리 사육규모별 농가 및 마리수,101041,101,5년,2020,2020,,,"농가,마리수",사육규모별
DT_1AG20509,축사형태별 농가,101041,101,5년,2020,2020,,,농가,축사형태별
DT_1AG20510,가축 분뇨 처리방법별 농가,101041,101,5년,2020,2020,,,농가,처리방법별
DT_1AG206,15세 이상 농업 종사기간 및 성별 농가인구,101041,101,5년,2010,2010,,15세 이상,"농업종사기간,성별농가인구","종사기간별,성별"
DT_1AG207,15세 이상 농업 종사형태 및 성별 농가인구,101041,101,5년,2010,2010,,15세 이상,"농업종사자,농가인구","종사형태별,성별"
DT_1AG208,15세 이상 농업 이외 종사기간 및 성별 농가인구,101041,101,5년,2010,2010,,15세 이상,"종사기간,성별농가인구","종사기간별,성별"
DT_1AG301,연령 및 성별 농업 종사 가구원,101041,101,5년,2010,2010,,,농업종사가구원,성별
DT_1AG302,혼인상태 및 성별 농업 종사 가구원,101041,101,5년,2010,2010,,,농업종사가구원,"혼인상태별,성별"
DT_1AG303,교육정도별 농업 종사 가구원,101041,101,5년,2010,2010,,,농업종사가구원,교육정도별
DT_1AG304,농업 종사기간 및 성별 농업 종사 가구원,101041,101,5년,2010,2010,,,"농업종사기간,성별,농업종사가구원",성별
DT_1AG305,농업 종사형태 및 성별 농업 종사 가구원,101041,101,5년,2010,2010,,,농업종사가구원,성별
DT_1AG306,주 종사분야 및 성별 농업 종사 가구원,101041,101,5년,2010,2010,,,농업종사가구원,성별
DT_1AG307,농업 이외 종사기간 및 성별 농업 종사 가구원,101041,101,5년,2010,2010,,,"종사기간,성별,농업종사가구원","종사기간별,성별"
DT_1AG401,논벼 수확면적 규모별 농가 및 면적,101041,101,5년,2010,2010,,,"논벼,농가",규모별
DT_1AG402,식량작물(논벼 제외) 수확 농가 및 면적,101041,101,5년,2010,2010,,,"농가,면적",품목별
DT_1AG4021,겉보리 · 쌀보리 수확면적 규모별 농가 및 면적,101041,101,5년,2010,2010,,,"농가,면적",규모별
DT_1AG4022,옥수수 수확면적 규모별 농가 및 면적,101041,101,5년,2010,2010,,,"농가,면적",규모별
DT_1AG4023,콩 수확면적 규모별 농가 및 면적,101041,101,5년,2010,2010,,,"농가,면적",규모별
DT_1AG4024,팥 수확면적 규모별 농가 및 면적,101041,101,5년,2010,2010,,,"농가,면적",규모별
DT_1AG4025,감자 수확면적 규모별 농가 및 면적,101041,101,5년,2010,2010,,,"농가,면적",규모별
DT_1AG4026,고구마 수확면적 규모별 농가 및 면적,101041,101,5년,2010,2010,,,"농가,면적",규모별
DT_1AG403,"채소, 특용작물, 화초작물, 기타작물 수확 농가 및 면적",101041,101,5년,2010,2010,,,"농가,면적",품목별
DT_1AG4031,배추 수확면적 규모별 농가 및 면적,101041,101,5년,2010,2010,,,"농가,면적",규모별
DT_1AG4032,무 수확면적 규모별 농가 및 면적,101041,101,5년,2010,2010,,,"농가,면적",규모별
DT_1AG4033,고추 수확면적 규모별 농가 및 면적,101041,101,5년,2010,2010,,,"농가,면적",규모별
DT_1AG4034,양파 수확면적 규모별 농가 및 면적,101041,101,5년,2010,2010,,,"농가,면적",규모별
DT_1AG4035,대파 수확면적 규모별 농가 및 면적,101041,101,5년,2010,2010,,,"농가,면적",규모별
DT_1AG4036,마늘 수확면적 규모별 농가 및 면적,101041,101,5년,2010,2010,,,"농가,면적",규모별
DT_1AG4037,인삼 재배면적 규모별 농가 및 면적,101041,101,5년,2010,2010,,,"농가,면적",규모별
DT_1AG4038,참깨 수확면적 규모별 농가 및 면적,101041,101,5년,2010,2010,,,"참깨수확면적,농가",규모별
DT_1AG404,산나물 재배면적 규모별 농가 및 면적,101041,101,5년,2010,2010,,,"농가,면적",규모별
DT_1AG405,약용작물 재배면적 규모별 농가 및 면적,101041,101,5년,2010,2010,,,"농가,면적",규모별
DT_1AG406,관상작물 재배면적 규모별 농가 및 면적,101041,101,5년,2010,2010,,,"농가,면적",규모별
DT_1AG407,표고버섯 재배본(봉)수별 농가 및 본(봉)수,101041,101,5년,2010,2010,,,"농가,본수",재배본수별
DT_1AG408,시설작물 수확 농가 및 면적,101041,101,5년,2010,2010,,,"농가,면적",시설작물별
DT_1AG4081,시설 배추 수확면적 규모별 농가 및 면적,101041,101,5년,2010,2010,,,"배추,농가",규모별
DT_1AG4082,시설 무 수확면적 규모별 농가 및 면적,101041,101,5년,2010,2010,,,"농가,면적",규모별
DT_1AG4083,시설 고추 수확면적 규모별 농가 및 면적,101041,101,5년,2010,2010,,,"농가,면적",규모별
DT_1AG4084,시설 상추 수확면적 규모별 농가 및 면적,101041,101,5년,2010,2010,,,"농가,면적",규모별
DT_1AG4085,시설 오이 수확면적 규모별 농가 및 면적,101041,101,5년,2010,2010,,,"농가,면적",규모별
DT_1AG4086,시설 수박 수확면적 규모별 농가 및 면적,101041,101,5년,2010,2010,,,"농가,면적",규모별
DT_1AG4087,시설 토마토 수확면적 규모별 농가 및 면적,101041,101,5년,2010,2010,,,"농가,면적",규모별
DT_1AG4088,시설 딸기 수확면적 규모별 농가 및 면적,101041,101,5년,2010,2010,,,"농가,면적",규모별
DT_1AG409,과수 재배 농가 및 면적,101041,101,5년,2010,2010,,,"농가,면적",과수별
DT_1AG4091,사과 재배면적 및 수확면적 규모별 농가 및 면적,101041,101,5년,2010,2010,,,"재배면적,수확면적,농가",규모별
DT_1AG4092,배 재배면적 및 수확면적 규모별 농가 및 면적,101041,101,5년,2010,2010,,,"농가,면적",규모별
DT_1AG4093,복숭아 재배면적 및 수확면적 규모별 농가 및 면적,101041,101,5년,2010,2010,,,"재배면적,수확면적,농가",규모별
DT_1AG4094,단감 재배면적 및 수확면적 규모별 농가 및 면적,101041,101,5년,2010,2010,,,"재배면적,수확면적,농가",규모별
DT_1AG4095,노지 포도 재배면적 및 수확면적 규모별 농가 및 면적,101041,101,5년,2010,2010,,,"재배면적,수확면적,농가",규모별
DT_1AG4096,떫은감 재배면적 및 수확면적 규모별 농가 및 면적,101041,101,5년,2010,2010,,,"재배면적,수확면적,농가",규모별
DT_1AG410,주요 과수 재배농가의 주된 재배 품종별 농가,101041,101,5년,2010,2010,,,과수재배농가,품종별
DT_1AG4101,사과 재배농가의 주된 재배 품종 현황,101041,101,5년,2010,2010,,,재배농가,품종별
DT_1AG4102,배 재배농가의 주된 재배 품종 현황,101041,101,5년,2010,2010,,,"재배농가,재배품종",품종별
DT_1AG4103,복숭아 재배농가의 주된 재배 품종 현황,101041,101,5년,2010,2010,,,재배농가,품종별
DT_1AG4104,단감 재배농가의 주된 재배 품종 현황,101041,101,5년,2010,2010,,,재배농가,품종별
DT_1AG4105,노지 포도 재배농가의 주된 재배 품종 현황,101041,101,5년,2010,2010,,,재배농가,품종별
DT_1AG4106,떫은감 재배농가의 주된 재배 품종 현황,101041,101,5년,2010,2010,,,재배농가,품종별
DT_1AG411,시군구 작물의 수확면적규모별 농가 및 면적,101041,101,5년,2010,2010,,,"농가,면적","행정구역별,규모별"
DT_1AG501,가축사육 농가 및 마리 수,101041,101,5년,2010,2010,,,"가축사육농가,마리수",행정구역별
DT_1AG502,한우 사육 규모별 농가 및 마리 수,101041,101,5년,2010,2010,,,"농가,마리수",규모별
DT_1AG503,육우(젖소수컷 포함) 사육 규모별 농가 및 마리 수,101041,101,5년,2010,2010,,,"육우농가,젖소수컷농가,육우,젖소수컷",규모별
DT_1AG504,젖소암컷 사육 규모별 농가 및 마리 수,101041,101,5년,2010,2010,,,"농가,마리수",규모별
DT_1AG505,돼지 사육 규모별 농가 및 마리 수,101041,101,5년,2010,2010,,,"농가,마리수",규모별
DT_1AG506,산란계 사육 규모별 농가 및 마리 수,101041,101,5년,2010,2010,,,"농가,마리수",사육규모별
DT_1AG507,육계 사육 규모별 농가 및 마리 수,101041,101,5년,2010,2010,,,"농가,마리수",규모별
DT_1AR101,총가구수별 행정리 수,101041,101,5년,2010,2010,,,"행정리,총가구수",총가구수별
DT_1AR102,농가수별 행정리 수,101041,101,5년,2010,2010,,,"농가수,행정리",행정리별
DT_1AR103,임가수별 행정리 수,101041,101,5년,2010,2010,,,행정리,임가수별
DT_1AR104,어가수별 행정리 수,101041,101,5년,2010,2010,,,행정리,어가수별
DT_1AR105,농가비율별 행정리 수,101041,101,5년,2010,2010,,,"행정리,농가",농가비율별
DT_1AR106,임가비율별 행정리 수,101041,101,5년,2010,2010,,,행정리,"임가비율별,행정리별"
DT_1AR107,어가비율별 행정리 수,101041,101,5년,2010,2010,,,행정리,"어가비율별,행정리별"
DT_1AR111,읍(면)사무소 소재지 소요시간별 행정리 수,101041,101,5년,2010,2010,,,행정리,"읍사무소소재지별,소요시간별"
DT_1AR112,자연마을 개수별 행정리 수,101041,101,5년,2010,2010,,,행정리,자연마을별행정리수
DT_1AR113,대중교통 운행횟수별 행정리 수,101041,101,5년,2010,2010,,,행정리,운행횟수별
DT_1AR114,논벼 재배 단계별 물 관리 형태별 행정리 수,101041,101,5년,2010,2010,,,"논벼,행정리","재배단계별,물관리형태별"
DT_1AR115,교육시설 소요시간별 행정리 수,101041,101,5년,2010,2010,,,행정리,소요시간별
DT_1AR116,학원시설 소요시간별 행정리 수,101041,101,5년,2010,2010,,,행정리,소요시간별
DT_1AR117,의료시설 소요시간별 행정리 수,101041,101,5년,2010,2010,,,행정리,소요시간별
DT_1AR118,문화 · 복지시설 소요시간별 행정리 수,101041,101,5년,2010,2010,,,행정리,소요시간별
DT_1AR119,금융시설 소요시간별 행정리 수,101041,101,5년,2010,2010,,,행정리,"금융시설,행정리"
DT_1AR120,기타 생활 편의시설 소요시간별 행정리 수,101041,101,5년,2010,2010,,,행정리,소요시간별
DT_1AR121,유통시설 소요시간별 행정리 수,101041,101,5년,2010,2010,,,행정리,소요시간별
DT_1AR122,생산 기반시설 소요시간별 행정리 수,101041,101,5년,2010,2010,,,행정리,소요시간별
DT_1AR123,농업 경영형태별 행정리 수,101041,101,5년,2010,2010,,,행정리,경영형태별
DT_1AR125,어업(해수면) 경영형태별 행정리 수,101041,101,5년,2010,2010,,,행정리,경영형태별
DT_1AR1251,어업(내수면) 경영형태별 행정리 수,101041,101,5년,2010,2010,,,행정리,경영형태별
DT_1AR126,도농교류 사업활동별 행정리 수,101041,101,5년,2010,2010,,,행정리,사업활동별
DT_1AR127,홈페이지 운영현황별 행정리 수,101041,101,5년,2010,2010,,,행정리,"홈페이지별,행정리별"
DT_1AR128,농어업 법인 조직 현황별 행정리 수,101041,101,5년,2010,2010,,,행정리,조직형태별
DT_1AR129,작목반 조직 현황별 행정리 수,101041,101,5년,2010,2010,,,행정리,조직현황별
DT_1AR130,어촌계 및 산림계 조직 현황별 행정리 수,101041,101,5년,2010,2010,,,행정리,조직형태별
DT_1AR131,쓰레기 종류 및 처리방법별 행정리 수,101041,101,5년,2010,2010,,,행정리,"쓰레기종류별,행정리별"
DT_1AR15101,총가구수별 행정리 수,101041,101,5년,2015,2015,,,"행정리,총가구수",총가구수별
DT_1AR15102,농가수별 행정리 수,101041,101,5년,2015,2015,,,"행정리,농가수",행정리별
DT_1AR15103,임가수별 행정리 수,101041,101,5년,2015,2015,,,행정리,임가수별
DT_1AR15104,어가수별 행정리 수,101041,101,5년,2015,2015,,,행정리,어가수별
DT_1AR15105,농가비율별 행정리 수,101041,101,5년,2015,2015,,,"행정리,농가",농가비율별
DT_1AR15106,임가비율별 행정리 수,101041,101,5년,2015,2015,,,행정리,"임가비율별,행정리별"
DT_1AR15107,어가비율별 행정리 수,101041,101,5년,2015,2015,,,행정리,"어가비율별,행정리별"
DT_1AR15108,인구수별 행정리 수,101041,101,5년,2015,2015,,,"인구수,행정리",인구수별
DT_1AR15109,읍(면)사무소 소재지 소요시간별 행정리 수,101041,101,5년,2015,2015,,,행정리,"읍사무소소재지별,소요시간별"
DT_1AR15110,자연마을 개수별 행정리 수,101041,101,5년,2015,2015,,,행정리,자연마을별행정리수
DT_1AR15111,대중교통 운행횟수별 행정리 수,101041,101,5년,2015,2015,,,행정리,운행횟수별
DT_1AR15113,폐교 활용 현황별 행정리수,101041,101,5년,2015,2015,,,"폐교,행정리",현황별
DT_1AR15114,논벼 재배 단계별 물 관리 형태별 행정리 수,101041,101,5년,2015,2015,,,"논벼,행정리","재배단계별,물관리형태별"
DT_1AR15115,논벼 볏짚 처리 방법별 행정리수,101041,101,5년,2015,2015,,,"볏짚,행정리수",처리방법별
DT_1AR15116,교육시설 소요시간별 행정리 수,101041,101,5년,2015,2015,,,행정리,소요시간별
DT_1AR15117,학원시설 소요시간별 행정리 수,101041,101,5년,2015,2015,,,행정리,"소요시간별,행정리별"
DT_1AR15118,의료시설 소요시간별 행정리 수,101041,101,5년,2015,2015,,,행정리,소요시간별
DT_1AR15119,문화 · 복지시설 소요시간별 행정리 수,101041,101,5년,2015,2015,,,행정리,소요시간별
DT_1AR15120,금융시설 소요시간별 행정리 수,101041,101,5년,2015,2015,,,행정리,"금융시설,행정리수별"
DT_1AR15121,생활용품시설 소요시간별 행정리수,101041,101,5년,2015,2015,,,행정리수,소요시간별
DT_1AR15122,기타 생활 편의시설 소요시간별 행정리 수,101041,101,5년,2015,2015,,,행정리,소요시간별
DT_1AR15123,유통시설 소요시간별 행정리 수,101041,101,5년,2015,2015,,,행정리,소요시간별
DT_1AR15124,생산 기반시설 소요시간별 행정리 수,101041,101,5년,2015,2015,,,행정리,소요시간별
DT_1AR15125,생활 기반 시설 형태별 행정리수,101041,101,5년,2015,2015,,,행정리수,생활기반시설형태별
DT_1AR15126,농업 경영형태별 행정리 수,101041,101,5년,2015,2015,,,행정리,경영형태별
DT_1AR15127,어업(해수면) 경영형태별 행정리 수,101041,101,5년,2015,2015,,,행정리,경영형태별
DT_1AR15128,어업(내수면) 경영형태별 행정리수,101041,101,5년,2015,2015,,,행정리수,경영형태별
DT_1AR15129,도농교류 사업활동별 행정리 수,101041,101,5년,2015,2015,,,행정리,사업활동별
DT_1AR15130,홈페이지 운영현황별 행정리 수,101041,101,5년,2015,2015,,,행정리,"홈페이지별,행정리별"
DT_1AR15131,경제활동 조직현황별 행정리수,101041,101,5년,2015,2015,,,행정리수,"경제활동조직형태별,행정리별"
DT_1AR15132,쓰레기 종류 및 처리방법별 행정리 수,101041,101,5년,2015,2015,,,행정리,"쓰레기종류별,행정리별"
DT_1AR20102,농가수별 행정리 수,101041,101,5년,2020,2020,,,"농가수,행정리",농가수별
DT_1AR20103,임가수별 행정리 수,101041,101,5년,2020,2020,,,행정리,임가수별
DT_1AR20104,어가수별 행정리 수,101041,101,5년,2020,2020,,,행정리,어가수별
DT_1AR20109,읍(면)사무소 소재지 소요시간별 행정리 수,101041,101,5년,2020,2020,,,행정리,"읍사무소소재지별,소요시간별"
DT_1AR20110,자연마을 개수별 행정리 수,101041,101,5년,2020,2020,,,행정리,자연마을별행정리
DT_1AR20111,대중교통 운행횟수별 행정리 수,101041,101,5년,2020,2020,,,행정리,운행횟수별
DT_1AR20112,시내버스 정류장과의 거리별 행정리,101041,101,5년,2020,2020,,,행정리,"거리별,행정구역별"
DT_1AR20113,폐교 활용 현황별 행정리수,101041,101,5년,2020,2020,,,"폐교,행정리",활용현황별
DT_1AR20114,교육시설 소재지 및 소요시간별 행정리,101041,101,5년,2020,2020,,,행정리,행정리별
DT_1AR20115,학원시설 소재지 및 소요시간별 행정리,101041,101,5년,2020,2020,,,행정리,"소재지별,소요시간별"
DT_1AR20116,의료시설 소재지 및 소요시간별 행정리,101041,101,5년,2020,2020,,,행정리,"소재지별,소요시간별"
DT_1AR20117,문화 · 복지시설 소재지 및 소요시간별 행정리,101041,101,5년,2020,2020,,,행정리,"소재지별,소요시간별"
DT_1AR20118,금융시설 소재지 및 소요시간별 행정리,101041,101,5년,2020,2020,,,행정리,"금융시설별,행정리별"
DT_1AR20119,판매?서비스시설 소재지 및 소요시간별 행정리,101041,101,5년,2020,2020,,,행정리,"소재지별,소요시간별"
DT_1AR20120,교통?안전시설 소재지 및 소요시간별 행정리,101041,101,5년,2020,2020,,,행정리,"소재지별,소요시간별"
DT_1AR20121,생활 기반 시설 형태별 행정리,101041,101,5년,2020,2020,,,행정리,기반시설형태별
DT_1AR20122,농림업 관련 시설 유형별 행정리,101041,101,5년,2020,2020,,,행정리,"유형별,행정구역별"
DT_1AR20123,어업 관련 시설 유형별 행정리,101041,101,5년,2020,2020,,,행정리,"시설유형별,행정구역별"
DT_1AR20124,농어업 법인 및 사회적 경제 조직유형별 행정리,101041,101,5년,2020,2020,,,행정리,조직유형별
DT_1AR20125,생산자 조직유형별 행정리,101041,101,5년,2020,2020,,,행정리,조직유형별
DT_1AR20126,도농교류 사업활동별 행정리 수,101041,101,5년,2020,2020,,,행정리,사업활동별
DT_1AR20127,마을공동체 활동별 행정리,101041,101,5년,2020,2020,,,행정리,활동별
DT_1AR20128,쓰레기 종류 및 처리방법별 행정리 수,101041,101,5년,2020,2020,,,행정리,"쓰레기종류별,행정리별"
DT_1AR20129,농림어가수별 행정리,101041,101,5년,2020,2020,,,행정리,"농림어가수별,행정구역별"
DT_1AR20130,농업 경영형태별 행정리,101041,101,5년,2020,2020,,,행정리,경영형태별
DT_1AR20131,임업 경영형태별 행정리,101041,101,5년,2020,2020,,,행정리,경영형태별
DT_1AR20132,어업(해수면) 경영형태별 행정리,101041,101,5년,2020,2020,,,행정리,경영형태별
DT_1AR20133,어업(내수면) 경영형태별 행정리,101041,101,5년,2020,2020,,,행정리,경영형태별
DT_1EG0501,농가수별 마을수,101041,101,5년,2005,2005,,,"농가수,마을수",농가수별
DT_1EG0502,임가수별 마을수,101041,101,5년,2005,2005,,,마을,임가수별
DT_1EG0503,어가수별 마을수,101041,101,5년,2005,2005,,,"마을수,어가수",어가수별
DT_1EG0504,주된 대중교통수단별 마을수,101041,101,5년,2005,2005,,,마을수,주된대중교통수단별
DT_1EG0505,대중교통 운행횟수별 마을수,101041,101,5년,2005,2005,,,마을수,운행횟수별
DT_1EG0506,교육시설 거리별 마을수,101041,101,5년,2005,2005,,,마을수,거리별
DT_1EG0507,사설학원 거리별 마을수,101041,101,5년,2005,2005,,,마을수,거리별
DT_1EG0508,의료시설 거리별 마을수,101041,101,5년,2005,2005,,,마을수,거리별
DT_1EG0509,농업관련시설 거리별 마을수,101041,101,5년,2005,2005,,,마을수,거리별
DT_1EG0510,임업관련시설 거리별 마을수,101041,101,5년,2005,2005,,,마을수,거리별
DT_1EG0511,어업관련시설 거리별 마을수,101041,101,5년,2005,2005,,,마을수,거리별
DT_1EG0512,저장·가공시설 거리별 마을수,101041,101,5년,2005,2005,,,마을수,거리별
DT_1EG0514,농업형태별 마을수,101041,101,5년,2005,2005,,,마을,농업형태별
DT_1EG0515,임업형태별 마을수,101041,101,5년,2005,2005,,,마을수,임업형태별
DT_1EG0516,어업형태별 마을수,101041,101,5년,2005,2005,,,마을수,어업형태별
DT_1EG0517,농어촌관광 운영현황별 마을수,101041,101,5년,2005,2005,,,마을수,운영현황별
DT_1EG0518,홈페이지 운영현황별 마을수,101041,101,5년,2005,2005,,,마을수,홈페이지운영현황별
DT_1EG0519,법인 조직 현황별 마을수,101041,101,5년,2005,2005,,,마을수,조직형태별
DT_1EG0520,작목반 조직현황별 마을수,101041,101,5년,2005,2005,,,마을수,작목반조직현황별
DT_1EG0521,어촌계 및 산림계 조직 현황별 마을수,101041,101,5년,2005,2005,,,마을수,조직형태별
DT_1EG0522,농림어업쓰레기 처리현황별 마을수,101041,101,5년,2005,2005,,,마을수,처리현황별
DT_1EJ1141,양식품종별 어가,101041,101,5년,2005,2005,,,어가,양식하는품목별로나누어조사한결과
DT_1FI000,내수면 어가 및 어가인구 추이,101041,101,5년,1980,2020,,,"내수면어가,어가인구",행정구역별
DT_1FI101,전 · 겸업별 어가,101041,101,5년,2010,2010,,,어가,전겸업별
DT_1FI102,주된 어업 경영형태별 어가,101041,101,5년,2010,2010,,,어가,어업경영형태별
DT_1FI103,가구원수별 어가,101041,101,5년,2010,2010,,,어가,가구원수별
DT_1FI104,세대구성별 어가,101041,101,5년,2010,2010,,,어가,세대구성별
DT_1FI105,경영주 혼인상태 및 성별 어가,101041,101,5년,2010,2010,,,"경영주,어가","혼인상태별,성별"
DT_1FI106,경영주 연령별 어가,101041,101,5년,2010,2010,,,어가,경영주연령별
DT_1FI107,경영주 교육정도별 어가,101041,101,5년,2010,2010,,,어가,교육정도별
DT_1FI108,경영주 주 종사분야별 어가,101041,101,5년,2010,2010,,,어가,종사분야별
DT_1FI109,경영주 어업 주 종사부문 및 어업 종사기간별 어가,101041,101,5년,2010,2010,,,어가,"어업주종사부문별,어업종사기간별"
DT_1FI110,경영주 어업 경력기간별 어가,101041,101,5년,2010,2010,,,어가,경력기간별
DT_1FI111,어업 종사경력 5년 이하 경영주의 경영동기별 어가,101041,101,5년,2010,2010,,,어가,경영동기별
DT_1FI112,어업 종사인원별 어가,101041,101,5년,2010,2010,,,"어업종사인원,어가",어업종사자별
DT_1FI113,고용기간 및 내 · 외국인 고용인수별 어가,101041,101,5년,2010,2010,,,고용인수,"고용기간별,내외국인별"
DT_1FI114,주된 어로어업 방법별 어가,101041,101,5년,2010,2010,,,어가,어로어업방법별
DT_1FI115,어로어업 방법별 어가,101041,101,5년,2010,2010,,,어가,어로어업방법별
DT_1FI116,주된 어획품종별 어가,101041,101,5년,2010,2010,,,어가,어획품종별
DT_1FI117,어획품종별 어가,101041,101,5년,2010,2010,,,어가,어획품종별
DT_1FI118,주된 어획장소별 어가,101041,101,5년,2010,2010,,,어가,어획장소별
DT_1FI119,주된 양식품종별 어가,101041,101,5년,2010,2010,,,어가,양식품종별
DT_1FI120,양식품종별 어가 및 양식면적,101041,101,5년,2010,2010,,,"어가,양식면적",양식품종별
DT_1FI121,양식방법별 어가 및 양식면적,101041,101,5년,2010,2010,,,"어가,양식면적",양식방법별
DT_1FI122,양식장 면적규모별 어가,101041,101,5년,2010,2010,,,"어가,양식장면적규모",면적규모별
DT_1FI123,동력선 톤수규모별 어가,101041,101,5년,2010,2010,,,어가,톤수규모별
DT_1FI124,수산물 판매처별 어가,101041,101,5년,2010,2010,,,어가,판매처별
DT_1FI125,수산물 판매형태별 어가,101041,101,5년,2010,2010,,,어가,판매형태별
DT_1FI126,수산물 판매금액별 어가,101041,101,5년,2010,2010,,,"어가,수산물",판매금액별
DT_1FI127,양식 수산물 판매금액별 어가,101041,101,5년,2010,2010,,,"어가,양식수산물",판매금액별
DT_1FI128,생산자조직 참여 여부 및 현황별 어가,101041,101,5년,2010,2010,,,어가,생산자조직참여여부별
DT_1FI129,어업 관련 사업별 어가,101041,101,5년,2010,2010,,,어가,사업별
DT_1FI130,정보화 현황별 어가,101041,101,5년,2010,2010,,,어가,정보화현황별
DT_1FI131,자동차 보유 현황별 어가,101041,101,5년,2010,2010,,,"어가,자동차",어가별
DT_1FI132,거처형태별 어가,101041,101,5년,2010,2010,,,어가,거처형태별
DT_1FI133,난방시설별 어가,101041,101,5년,2010,2010,,,어가,난방시설별
DT_1FI134,주거시설 형태별 어가,101041,101,5년,2010,2010,,,어가,주거시설형태별
DT_1FI15101,전 · 겸업별 어가,101041,101,5년,2015,2015,,,어가,전겸업별
DT_1FI15102,주된 어업 경영형태별 어가,101041,101,5년,2015,2015,,,어가,어업경영형태별
DT_1FI15103,가구원수별 어가,101041,101,5년,2015,2015,,,어가,가구원수별
DT_1FI15104,세대구성별 어가,101041,101,5년,2015,2015,,,어가,세대구성별
DT_1FI15105,경영주 혼인상태 및 성별 어가,101041,101,5년,2015,2015,,,"경영주,어가","혼인상태별,성별"
DT_1FI15106,경영주 연령별 어가,101041,101,5년,2015,2015,,,어가,경영주연령별
DT_1FI15107,경영주 교육정도별 어가,101041,101,5년,2015,2015,,,어가,교육정도별
DT_1FI15108,경영주 주 종사분야별 어가,101041,101,5년,2015,2015,,,어가,종사분야별
DT_1FI15109,경영주 어업 주 종사부문 및 어업 종사기간별 어가,101041,101,5년,2015,2015,,,어가,"어업주종사부문별,어업종사기간별"
DT_1FI15110,경영주 어업 경력기간별 어가,101041,101,5년,2015,2015,,,어가,경력기간별
DT_1FI15111,경영주 5년 전 주종사분야별 어가,101041,101,5년,2015,2015,,,어가,"경영주별,5년전주종사분야별"
DT_1FI15112,경영주 5년 전 거주지별 어가,101041,101,5년,2015,2015,,,어가,거주지별
DT_1FI15113,어업 종사인원별 어가,101041,101,5년,2015,2015,,,"어가,어업종사인원",어업종사인원별
DT_1FI15114,고용기간 및 내 · 외국인 성별 ·고용인수별 어가,101041,101,5년,2015,2015,,,고용인수,"고용기간별,내외국인별,성별별"
DT_1FI15115,주된 어로어업 방법별 어가,101041,101,5년,2015,2015,,,어가,어로어업방법별
DT_1FI15116,어로어업 방법별 어가,101041,101,5년,2015,2015,,,어가,어로어업방법별
DT_1FI15117,주된 어획품종별 어가,101041,101,5년,2015,2015,,,어가,어획품종별
DT_1FI15118,어획품종별 어가,101041,101,5년,2015,2015,,,어가,어획품종별
DT_1FI15119,주된 어획장소별 어가,101041,101,5년,2015,2015,,,어가,어획장소별
DT_1FI15120,주된 양식품종별 어가,101041,101,5년,2015,2015,,,어가,양식품종별
DT_1FI15121,양식품종별 어가 및 양식장면적,101041,101,5년,2015,2015,,,"어가,양식장면적",양식품종별
DT_1FI15122,양식방법별 어가 및 양식장면적,101041,101,5년,2015,2015,,,"어가,양식장면적",양식방법별
DT_1FI15123,양식장 면적규모별 어가,101041,101,5년,2015,2015,,,"양식장,어가",면적규모별
DT_1FI15124,동력선 톤수규모별 어가,101041,101,5년,2015,2015,,,어가,톤수규모별
DT_1FI15125,수산물 판매처별 어가,101041,101,5년,2015,2015,,,어가,판매처별
DT_1FI15126,수산물 판매형태별 어가,101041,101,5년,2015,2015,,,어가,판매형태별
DT_1FI15127,수산물 판매금액별 어가,101041,101,5년,2015,2015,,,어가,판매금액별
DT_1FI15128,양식 수산물 판매금액별 어가,101041,101,5년,2015,2015,,,어가,판매금액별
DT_1FI15129,생산자조직 참여 여부 및 현황별 어가,101041,101,5년,2015,2015,,,어가,"생산자조직참여여부별,현황별"
DT_1FI15130,어업 관련 사업별 어가,101041,101,5년,2015,2015,,,어가,사업별
DT_1FI15131,정보화 현황별 어가,101041,101,5년,2015,2015,,,어가,정보화현황별
DT_1FI15132,교통수단 보유 현황별 어가,101041,101,5년,2015,2015,,,어가,교통수단보유현황별
DT_1FI15133,거처형태별 어가,101041,101,5년,2015,2015,,,어가,거처형태별
DT_1FI15134,난방시설별 어가,101041,101,5년,2015,2015,,,어가,난방시설별
DT_1FI15135,주거시설 형태별 어가,101041,101,5년,2015,2015,,,어가,주거시설형태별
DT_1FI15201,연령 및 성별 어가인구/성비,101041,101,5년,2015,2015,,,어가인구,"연령별,성별"
DT_1FI15202,연령계층 및 성별 어가인구,101041,101,5년,2015,2015,,,어가인구,"성별,연령계층별"
DT_1FI15203,6세 이상 교육정도별 어가인구,101041,101,5년,2015,2015,,6세 이상,어가인구,교육정도별
DT_1FI15204,15세 이상 혼인상태 및 성별 어가인구,101041,101,5년,2015,2015,,15세 이상,"혼인상태,성별,어가인구","혼인상태별,성별"
DT_1FI15205,15세 이상 주종사분야 및 성별 어가인구,101041,101,5년,2015,2015,,15세 이상,어가인구,"주종사분야별,성별"
DT_1FI15206,15세 이상 전 · 겸업 및 성별 어가인구,101041,101,5년,2015,2015,,15세 이상,어가인구,"전겸업별,성별"
DT_1FI15207,15세 이상 어업 종사기간 및 성별 어가인구,101041,101,5년,2015,2015,,15세 이상,"어업종사기간,성별어가인구",성별
DT_1FI15208,15세 이상 어업 종사형태 및 성별 어가인구,101041,101,5년,2015,2015,,15세 이상,"어업종사자,어가인구","종류별,성별"
DT_1FI15209,15세 이상 어업 주 종사부문 및 성별 어가인구,101041,101,5년,2015,2015,,15세 이상,"어업주종사부문,성별어가인구","주종사부문별,성별"
DT_1FI15210,15세 이상 어업 외 종사기간 및 성별 어가인구,101041,101,5년,2015,2015,,15세 이상,"종사기간,성별어가인구","종류별,성별"
DT_1FI15301,연령 및 성별 어업 종사 가구원,101041,101,5년,2015,2015,,,어업종사가구원,성별
DT_1FI15302,혼인상태 및 성별 어업 종사 가구원,101041,101,5년,2015,2015,,,"혼인상태,성별,가구원","혼인상태별,성별"
DT_1FI15303,교육정도별 어업 종사 가구원,101041,101,5년,2015,2015,,,어업종사가구원,교육정도별
DT_1FI15304,어업 종사기간 및 성별 어업 종사 가구원,101041,101,5년,2015,2015,,,"어업종사기간,성별,어업종사가구원",성별
DT_1FI15305,어업 종사형태 및 성별 어업 종사 가구원,101041,101,5년,2015,2015,,,어업종사가구원,"종류별,성별"
DT_1FI15306,어업 주 종사부문 및 성별 어업 종사 가구원,101041,101,5년,2015,2015,,,어업종사가구원,"주종사부문별,성별"
DT_1FI15307,주 종사분야 및 성별 어업 종사 가구원,101041,101,5년,2015,2015,,,어업종사가구원,성별
DT_1FI15308,어업 외 종사기간 및 성별 어업 종사 가구원,101041,101,5년,2015,2015,,,"종사기간,성별,어업종사가구원","종류별,성별"
DT_1FI15401,보유어선 및 동력선 톤수 규모별 어선 척수,101041,101,5년,2015,2015,,,어선,톤수규모별
DT_1FI15402,선질별 동력선 척수,101041,101,5년,2015,2015,,,동력선,선질별
DT_1FI15403,출어일수별 동력선 척수,101041,101,5년,2015,2015,,,동력선,출어일수별
DT_1FI201,연령 및 성별 어가인구/성비,101041,101,5년,2010,2010,,,어가인구,"연령별,성별"
DT_1FI20101,전 · 겸업별 어가,101041,101,5년,2020,2020,,,어가,전겸업별
DT_1FI20102,주된 어업 경영형태별 어가,101041,101,5년,2020,2020,,,어가,어업경영형태별
DT_1FI20103,가구원수별 어가,101041,101,5년,2020,2020,,,어가,가구원수별
DT_1FI20104,세대구성별 어가,101041,101,5년,2020,2020,,,어가,세대구성별
DT_1FI20105,경영주 혼인상태 및 성별 어가,101041,101,5년,2020,2020,,,"경영주,어가","혼인상태별,성별"
DT_1FI20106,경영주 연령 및 교육정도별 어가,101041,101,5년,2020,2020,,,어가,연령및교육정도별
DT_1FI20107,경영주 어업경력기간별 어가,101041,101,5년,2020,2020,,,어가,어업경력기간별
DT_1FI20108,경영주 어업 주 종사부문 및 어업종사기간별 어가,101041,101,5년,2020,2020,,,어가,"어업주종사부문별,어업종사기간별"
DT_1FI20109,경영주 주 종사분야별 어가,101041,101,5년,2020,2020,,,어가,종사분야별
DT_1FI20110,어업 종사인원별 어가,101041,101,5년,2020,2020,,,"어가,어업종사인원",어업종사인원별
DT_1FI20111,고용기간 및 내 · 외국인 성별 ·고용인수별 어가,101041,101,5년,2020,2020,,,"고용인수,어가","고용기간별,내외국인별,성별"
DT_1FI20112,주된 어로어업 방법별 어가,101041,101,5년,2020,2020,,,어가,어로어업방법별
DT_1FI20113,어로어업 방법별 어가,101041,101,5년,2020,2020,,,어가,어로어업방법별
DT_1FI20114,주된 어획품종별 어가,101041,101,5년,2020,2020,,,어가,어획품종별
DT_1FI20115,어획품종별 어가,101041,101,5년,2020,2020,,,어가,어획품종별
DT_1FI20116,주된 양식품종별 어가,101041,101,4년,2020,2020,,,어가,양식품종별
DT_1FI20117,양식품종별 어가 및 양식장 면적,101041,101,5년,2020,2020,,,"어가,양식장면적",양식품종별
DT_1FI20118,양식방법별 어가 및 양식장면적,101041,101,5년,2020,2020,,,"어가,양식장면적",양식방법별
DT_1FI20119,양식장 면적규모별 어가,101041,101,5년,2020,2020,,,"양식장,어가",면적규모별
DT_1FI20120,주된 어획장소별 어가,101041,101,5년,2020,2020,,,어가,어획장소별
DT_1FI20121,동력선 톤수규모별 어가,101041,101,5년,2020,2020,,,어가,톤수규모별
DT_1FI20122,수산물 판매금액별 어가,101041,101,4년,2020,2020,,,어가,판매금액별
DT_1FI20123,양식 수산물 판매금액별 어가,101041,101,5년,2020,2020,,,어가,판매금액별
DT_1FI20124,수산물 판매처별 어가,101041,101,5년,2020,2020,,,어가,판매처별
DT_1FI20125,수산물 판매형태별 어가,101041,101,5년,2020,2020,,,어가,판매형태별
DT_1FI20126,생산자조직 참여 여부 및 현황별 어가,101041,101,5년,2020,2020,,,어가,"생산자조직참여여부별,현황별"
DT_1FI20127,어업 관련 사업별 어가,101041,101,5년,2020,2020,,,어가,사업별
DT_1FI20128,정보화 현황별 어가,101041,101,5년,2020,2020,,,어가,정보화현황별
DT_1FI20129,교통수단 보유 현황별 어가,101041,101,5년,2020,2020,,,"어가,교통수단",교통수단보유현황별
DT_1FI20130,거처형태별 어가,101041,101,5년,2020,2020,,,어가,거처형태별
DT_1FI20131,주거시설 형태별 어가,101041,101,5년,2020,2020,,,어가,주거시설형태별
DT_1FI202,연령계층 및 성별 어가인구,101041,101,5년,2010,2010,,,어가인구,"성별,연령계층별"
DT_1FI20201,연령 및 성별 어가인구/성비,101041,101,5년,2020,2020,,,어가인구,"연령별,성별"
DT_1FI20202,연령계층 및 성별 어가인구,101041,101,5년,2020,2020,,,어가인구,"성별,연령계층별"
DT_1FI20203,15세 이상 주 종사분야 및 성별 어가인구,101041,101,5년,2020,2020,,15세 이상,어가인구,성별
DT_1FI20204,15세 이상 어업 종사기간 및 성별 어가인구,101041,101,5년,2020,2020,,15세 이상,"어업종사기간,성별어가인구",성별
DT_1FI20205,15세 이상 전 · 겸업 및 성별 어가인구,101041,101,5년,2020,2020,,15세 이상,어가인구,"전겸업별,성별"
DT_1FI20206,15세 이상 어업 외 종사기간 및 성별 어가인구,101041,101,5년,2020,2020,,15세 이상,"종사기간,성별어가인구","종류별,성별"
DT_1FI203,6세 이상 교육정도별 어가인구,101041,101,5년,2010,2010,,6세 이상,어가인구,교육정도별
DT_1FI20301,연령 및 성별 어업 종사 가구원,101041,101,5년,2020,2020,,,어업종사가구원,성별
DT_1FI20302,어업 종사기간 및 성별 어업 종사 가구원,101041,101,5년,2020,2020,,,"어업종사기간,성별,어업종사가구원",성별
DT_1FI20303,어업 종사형태 및 성별 어업 종사 가구원,101041,101,5년,2020,2020,,,"어업종사자,가구원",성별
DT_1FI20304,어업 주 종사부문 및 성별 어업 종사 가구원,101041,101,5년,2020,2020,,,어업종사가구원,"주종사부문별,성별"
DT_1FI20305,주 종사분야 및 성별 어업 종사 가구원,101041,101,5년,2020,2020,,,어업종사가구원,성별
DT_1FI20306,어업 외 종사기간 및 성별 어업 종사 가구원,101041,101,5년,2020,2020,,,"종사기간,성별,가구원","종류별,성별"
DT_1FI204,15세 이상 혼인상태 및 성별 어가인구,101041,101,5년,2010,2010,,15세 이상,"혼인상태,성별,어가인구","혼인상태별,성별"
DT_1FI20401,보유어선 및 동력선 톤수 규모별 어선 수,101041,101,5년,2020,2020,,,어선수,톤수규모별
DT_1FI20402,출어일수별 동력선 수,101041,101,5년,2020,2020,,,동력선수,출어일수별
DT_1FI205,15세 이상 주종사분야 및 성별 어가인구,101041,101,5년,2010,2010,,15세 이상,어가인구,"주종사분야별,성별"
DT_1FI206,15세 이상 전 · 겸업 및 성별 어가인구,101041,101,5년,2010,2010,,15세 이상,어가인구,성별
DT_1FI207,15세 이상 어업 종사기간 및 성별 어가인구,101041,101,5년,2010,2010,,15세 이상,"어업종사기간,성별어가인구",성별
DT_1FI208,15세 이상 어업 종사형태 및 성별 어가인구,101041,101,5년,2010,2010,,15세 이상,"어업종사자,어가인구","종류별,성별"
DT_1FI209,15세 이상 어업 주 종사부문 및 성별 어가인구,101041,101,5년,2010,2010,,15세 이상,"어업주종사부문,성별어가인구","주종사부문별,성별"
DT_1FI210,15세 이상 어업 이외 종사기간 및 성별 어가인구,101041,101,5년,2010,2010,,15세 이상,"종사기간,성별어가인구","종류별,성별"
DT_1FI301,연령 및 성별 어업 종사 가구원,101041,101,5년,2010,2010,,,어업종사가구원,성별
DT_1FI302,혼인상태 및 성별 어업 종사 가구원,101041,101,5년,2010,2010,,,가구원,"혼인상태별,성별"
DT_1FI303,교육정도별 어업 종사 가구원,101041,101,5년,2010,2010,,,어업종사가구원,교육정도별
DT_1FI304,어업 종사기간 및 성별 어업 종사 가구원,101041,101,5년,2010,2010,,,"어업종사기간,성별,어업종사가구원",성별
DT_1FI305,어업 종사형태 및 성별 어업 종사 가구원,101041,101,5년,2010,2010,,,어업종사가구원,"종류별,성별"
DT_1FI306,어업 주 종사부문 및 성별 어업 종사 가구원,101041,101,5년,2010,2010,,,어업종사가구원,"주종사부문별,성별"
DT_1FI307,주 종사분야 및 성별 어업 종사 가구원,101041,101,5년,2010,2010,,,어업종사가구원,성별
DT_1FI308,어업 이외 종사기간 및 성별 어업 종사 가구원,101041,101,5년,2010,2010,,,"종사기간,성별,어업종사가구원",성별
DT_1FI401,보유어선 및 동력선 톤수 규모별 어선 척수,101041,101,5년,2010,2010,,,어선,톤수규모별
DT_1FI402,선질별 동력선 척수,101041,101,5년,2010,2010,,,동력선,선질별
DT_1FI403,출어일수별 동력선 척수,101041,101,5년,2010,2010,,,동력선,출어일수별
DT_1FO000,임가 및 임가 인구 추이,101041,101,5년,2005,2020,,,"임가,임가인구",시기별
DT_1FO101,산림보유 면적 규모별 임가 및 산림면적,101041,101,5년,2010,2010,,,"임가,산림면적",규모별
DT_1FO1011,경영산림 면적규모별 임가 및 경영산림 면적,101041,101,5년,2010,2010,,,"임가,경영산림면적",면적규모별
DT_1FO1012,산림 보유 면적에 대한 경영산림 면적비율별 임가,101041,101,5년,2010,2010,,,임가,경영산림면적비율별
DT_1FO102,전 · 겸업별 임가,101041,101,5년,2010,2010,,,임가,전겸업별
DT_1FO103,임업 경영형태별 임가,101041,101,5년,2010,2010,,,임가,경영형태별
DT_1FO104,"육림업, 벌목업, 양묘업, 채취업 생산부문별 임가",101041,101,5년,2010,2010,,,임가,생산부문별
DT_1FO1041,육림 작업 종류별 임가,101041,101,5년,2010,2010,,,임가,종류별
DT_1FO1042,벌목면적 규모별 임가 및 벌목면적,101041,101,5년,2010,2010,,,"임가,벌목면적",규모별
DT_1FO1043,양묘면적 규모별 임가 및 양묘면적,101041,101,5년,2010,2010,,,"임가,양묘면적",규모별
DT_1FO1044,임산물 채취품목별 임가,101041,101,5년,2010,2010,,,임가,채취품목별
DT_1FO105,가구원수별 임가,101041,101,5년,2010,2010,,,"가구원수,임가",가구원수별
DT_1FO106,세대구성별 임가,101041,101,5년,2010,2010,,,임가,세대구성별
DT_1FO107,경영주 혼인상태 및 성별 임가,101041,101,5년,2010,2010,,,"혼인상태,성별,임가","혼인상태별,성별"
DT_1FO108,경영주 연령 및 교육정도별 임가,101041,101,5년,2010,2010,,,임가,"경영주연령별,교육정도별"
DT_1FO109,정보화현황 및 자동차 보유현황별 임가,101041,101,5년,2010,2010,,,임가,자동차보유현황별
DT_1FO110,거처형태별 임가,101041,101,5년,2010,2010,,,임가,거처형태별
DT_1FO111,난방시설별 임가,101041,101,5년,2010,2010,,,임가,난방시설별
DT_1FO112,주거시설형태별 임가,101041,101,5년,2010,2010,,,임가,주거시설형태별
DT_1FO15101,산림보유 면적 규모별 임가 및 산림면적,101041,101,5년,2015,2015,,,"임가,산림면적",규모별
DT_1FO151011,경영산림 면적규모별 임가 및 경영산림 면적,101041,101,5년,2015,2015,,,"임가,경영산림면적",면적규모별
DT_1FO151012,산림 보유 면적에 대한 경영산림 면적비율별 임가,101041,101,5년,2015,2015,,,임가,경영산림면적비율별
DT_1FO15102,전 · 겸업별 임가,101041,101,5년,2015,2015,,,임가,전겸업별
DT_1FO15103,임업 경영형태별 임가,101041,101,5년,2015,2015,,,임가,경영형태별
DT_1FO15104,"육림업, 벌목업, 양묘업, 채취업 생산부문별 임가",101041,101,5년,2015,2015,,,임가,생산부문별
DT_1FO151041,육림 작업 종류별 임가,101041,101,5년,2015,2015,,,임가,작업종류별
DT_1FO151042,벌목면적 규모별 임가 및 벌목면적,101041,101,5년,2015,2015,,,"임가,벌목면적",규모별
DT_1FO151043,양묘면적 규모별 임가 및 양묘면적,101041,101,5년,2015,2015,,,"임가,양묘면적",규모별
DT_1FO151044,임산물 채취품목별 임가,101041,101,5년,2015,2015,,,임가,채취품목별
DT_1FO15105,가구원수별 임가,101041,101,5년,2015,2015,,,"가구원수별,임가",가구원수별
DT_1FO15106,세대구성별 임가,101041,101,5년,2015,2015,,,임가,세대구성별
DT_1FO15107,경영주 혼인상태 및 성별 임가,101041,101,5년,2015,2015,,,"경영주,성별","혼인상태별,성별"
DT_1FO15108,경영주 연령 및 교육정도별 임가,101041,101,5년,2015,2015,,,임가,"경영주연령별,경영주교육정도별"
DT_1FO15109,정보화현황별 임가,101041,101,5년,2015,2015,,,임가,정보화현황별
DT_1FO15110,교통수단 보유 현황별 임가,101041,101,5년,2015,2015,,,임가,교통수단별
DT_1FO15111,거처형태별 임가,101041,101,5년,2015,2015,,,임가,거처형태별
DT_1FO15112,난방시설별 임가,101041,101,5년,2015,2015,,,임가,난방시설별
DT_1FO15113,주거시설형태별 임가,101041,101,5년,2015,2015,,,임가,주거시설형태별
DT_1FO15201,임업 종사 인원별 임가,101041,101,5년,2015,2015,,,"임업종사인원,임가",임업종사인원별
DT_1FO15202,경영주 임업종사기간별 임가,101041,101,5년,2015,2015,,,임가,임업종사기간별
DT_1FO15203,경영주 임업경력기간별 임가,101041,101,5년,2015,2015,,,임가,임업경력기간별
DT_1FO15204,경영주 5년 전 주종사분야별 임가,101041,101,5년,2015,2015,,,임가,"경영주별,주종사분야별"
DT_1FO15205,경영주 5년 전 거주지별 임가,101041,101,5년,2015,2015,,,임가,거주지별
DT_1FO15206,임산물 판매금액별 임가,101041,101,5년,2015,2015,,,임가,판매금액별
DT_1FO15207,임산물 판매처별 임가,101041,101,5년,2015,2015,,,임가,판매처별
DT_1FO15301,연령 및 성별 임가인구/성비,101041,101,5년,2015,2015,,,임가인구,성별
DT_1FO15302,연령계층 및 성별 임가인구,101041,101,5년,2015,2015,,,임가인구,"성별,연령계층별"
DT_1FO15303,6세 이상 교육정도별 임가인구,101041,101,5년,2015,2015,,6세 이상,임가인구,교육정도별
DT_1FO15304,15세 이상 혼인상태 및 성별 임가인구,101041,101,5년,2015,2015,,15세 이상,임가인구,"혼인상태별,성별"
DT_1FO15401,임업 종사기간 및 성별 임업 종사 가구원,101041,101,5년,2015,2015,,,"종사기간,성별,임업종사가구원","종사기간별,성별"
DT_1FO15402,연령 및 성별 임업 종사 가구원,101041,101,5년,2015,2015,,,임업종사가구원,성별
DT_1FO15403,임업 종사형태 및 성별 임업 종사 가구원,101041,101,5년,2015,2015,,,임업종사가구원,"종류별,성별"
DT_1FO15404,임업 외 종사기간 및 성별 임업 종사 가구원,101041,101,5년,2015,2015,,,"종사기간,성별,임업종사가구원","종사기간별,성별"
DT_1FO15405,주 종사분야별 임업 종사 가구원,101041,101,5년,2015,2015,,,임업종사가구원,종사분야별
DT_1FO15501,임산물 재배작물별 임가 및 재배면적,101041,101,5년,2015,2015,,,"임가,재배면적",재배작물별
DT_1FO15502,산나물 재배면적규모별 임가 및 면적,101041,101,5년,2015,2015,,,"임가,면적",재배면적규모별
DT_1FO15503,약용작물 재배면적규모별 임가 및 면적,101041,101,5년,2015,2015,,,"임가,면적",재배면적규모별
DT_1FO15504,관상작물 재배면적규모별 임가 및 면적,101041,101,5년,2015,2015,,,"임가,면적",재배면적규모별
DT_1FO15505,표고버섯 재배본(봉)수규모별 임가 및 본(봉)수,101041,101,5년,2015,2015,,,"임가,본수",재배본수규모별
DT_1FO15506,떫은감 재배면적규모별 임가 및 면적,101041,101,5년,2015,2015,,,"재배면적,임가",재배면적규모별
DT_1FO15507,밤나무 재배면적규모별 임가 및 면적,101041,101,5년,2015,2015,,,"임가,면적",재배면적규모별
DT_1FO15508,호두나무 재배면적규모별 임가 및 면적,101041,101,5년,2015,2015,,,"임가,면적",재배면적규모별
DT_1FO15509,대추나무 재배면적규모별 임가 및 면적,101041,101,5년,2015,2015,,,"임가,면적",재배면적규모별
DT_1FO15510,잣나무 재배면적규모별 임가 및 면적,101041,101,5년,2015,2015,,,"임가,면적",재배면적규모별
DT_1FO15511,은행나무 재배면적규모별 임가 및 면적,101041,101,5년,2015,2015,,,"임가,면적",재배면적규모별
DT_1FO15512,복분자 재배면적규모별 임가 및 면적,101041,101,5년,2015,2015,,,"재배면적,임가",재배면적규모별
DT_1FO201,임업 종사 인원별 임가,101041,101,5년,2010,2010,,,임가,임업종사인원별
DT_1FO20101,산림 보유면적 규모별 임가 및 산림면적,101041,101,5년,2020,2020,,,"임가,산림면적",규모별
DT_1FO201011,경영산림 면적규모별 임가 및 경영 산림면적,101041,101,5년,2020,2020,,,"임가,경영산림면적",면적규모별
DT_1FO201012,산림 보유 면적에 대한 경영산림 면적비율별 임가,101041,101,5년,2020,2020,,,임가,경영산림면적비율별
DT_1FO20102,전 · 겸업별 임가,101041,101,5년,2020,2020,,,임가,전겸업별
DT_1FO20103,임업 경영형태별 임가,101041,101,5년,2020,2020,,,임가,경영형태별
DT_1FO20104,가구원수별 임가,101041,101,5년,2020,2020,,,"가구원수,임가",가구원수별
DT_1FO20105,세대구성별 임가,101041,101,5년,2020,2020,,,임가,세대구성별
DT_1FO20106,경영주 혼인상태 및 성별 임가,101041,101,5년,2020,2020,,,"경영주,성별","혼인상태별,성별"
DT_1FO20107,경영주 연령 및 교육정도별 임가,101041,101,5년,2020,2020,,,임가,"경영주연령별,경영주교육정도별"
DT_1FO20108,정보화현황별 임가,101041,101,5년,2020,2020,,,임가,정보화현황별
DT_1FO20109,교통수단 보유 현황별 임가,101041,101,5년,2020,2020,,,"임가,교통수단",교통수단별
DT_1FO20110,거처형태별 임가,101041,101,5년,2020,2020,,,임가,거처형태별
DT_1FO20111,주거시설 형태별 임가,101041,101,5년,2020,2020,,,임가,주거시설형태별
DT_1FO20112,연령 및 성별 임가인구/성비,101041,101,5년,2020,2020,,,임가인구,성별
DT_1FO20113,연령계층 및 성별 임가인구,101041,101,5년,2020,2020,,,임가인구,"성별,연령계층별"
DT_1FO202,경영주 임업종사기간별 임가,101041,101,5년,2010,2010,,,임가,임업종사기간별
DT_1FO20201,비재배 임업 생산부문별 임가,101041,101,5년,2020,2020,,,임가,생산부문별
DT_1FO202011,육림 작업 종류별 임가,101041,101,5년,2020,2020,,,임가,작업종류별
DT_1FO202012,벌목 면적규모별 임가 및 벌목면적,101041,101,5년,2020,2020,,,"임가,벌목면적",면적규모별
DT_1FO202013,양묘 면적규모별 임가 및 양묘면적,101041,101,5년,2020,2020,,,"임가,양묘면적",면적규모별
DT_1FO202014,임산물 채취 품목별 임가,101041,101,5년,2020,2020,,,임가,품목별
DT_1FO20202,임업 종사인원별 임가,101041,101,5년,2020,2020,,,임가,임업종사인원별
DT_1FO20203,경영주 임업 경력기간별 임가,101041,101,5년,2020,2020,,,임가,경력기간별
DT_1FO20204,경영주 임업 종사기간별 임가,101041,101,5년,2020,2020,,,임가,종류별
DT_1FO20205,임업 생산물 판매금액별 임가,101041,101,5년,2020,2020,,,임가,판매금액별
DT_1FO20206,임업 생산물 판매처별 임가,101041,101,5년,2020,2020,,,임가,판매처별
DT_1FO20207,생산자조직 참여 여부 및 현황별 임가,101041,101,5년,2020,2020,,,임가,생산자조직참여여부및현황별
DT_1FO203,경영주 임업경력기간별 임가,101041,101,5년,2010,2010,,,임가,임업경력기간별
DT_1FO20301,연령 및 성별 비재배 임가인구/성비,101041,101,5년,2020,2020,,,임가인구,성별
DT_1FO20302,연령계층 및 성별 비재배 임가인구,101041,101,5년,2020,2020,,,임가인구,"성별,연령계층별"
DT_1FO20303,연령 및 성별 임업 종사 가구원,101041,101,5년,2020,2020,,,임업종사가구원,성별
DT_1FO20304,임업 종사기간 및 성별 임업 종사 가구원,101041,101,5년,2020,2020,,,"종사기간,성별,임업종사가구원",성별
DT_1FO20305,임업 종사형태 및 성별 임업 종사 가구원,101041,101,5년,2020,2020,,,임업종사가구원,"종류별,성별"
DT_1FO20306,주 종사분야 및 성별 임업 종사 가구원,101041,101,5년,2020,2020,,,임업종사가구원,성별
DT_1FO20307,임업 외 종사기간 및 성별 임업 종사 가구원,101041,101,5년,2020,2020,,,"종사기간,성별,임업종사가구원","종사기간별,성별"
DT_1FO204,신규 경영주의 경영동기별 임가,101041,101,5년,2010,2010,,,경영주,경영동기별
DT_1FO20401,임산물 재배작물별 임가 및 재배면적,101041,101,5년,2020,2020,,,"임가,재배면적",재배작물별
DT_1FO20402,산나물 재배면적 규모별 임가 및 면적,101041,101,5년,2020,2020,,,"임가,면적",규모별
DT_1FO20403,약용작물 재배면적 규모별 임가 및 면적,101041,101,5년,2020,2020,,,"임가,면적",규모별
DT_1FO20404,관상작물 재배면적 규모별 임가 및 면적,101041,101,5년,2020,2020,,,"관상작물,임가,면적",규모별
DT_1FO20405,표고버섯 재배본(봉)수 규모별 임가 및 본(봉)수,101041,101,5년,2020,2020,,,"임가,본수",규모별
DT_1FO20406,떫은감 재배면적 규모별 임가 및 면적,101041,101,5년,2020,2020,,,"재배면적,임가",규모별
DT_1FO20407,밤나무 재배면적 규모별 임가 및 면적,101041,101,5년,2020,2020,,,"임가,면적",규모별
DT_1FO20408,호두나무 재배면적 규모별 임가 및 면적,101041,101,5년,2020,2020,,,"임가,면적",규모별
DT_1FO20409,대추나무 재배면적 규모별 임가 및 면적,101041,101,5년,2020,2020,,,"재배면적,임가",규모별
DT_1FO20410,잣나무 재배면적 규모별 임가 및 면적,101041,101,5년,2020,2020,,,"임가,면적",규모별
DT_1FO20411,은행나무 재배면적 규모별 임가 및 면적,101041,101,5년,2020,2020,,,"임가,면적",규모별
DT_1FO20412,복분자?산딸기 재배면적 규모별 임가 및 면적,101041,101,5년,2020,2020,,,"재배면적,임가",규모별
DT_1FO20413,재배 임산물 판매금액별 임가,101041,101,5년,2020,2020,,,임가,판매금액별
DT_1FO205,임산물 판매금액별 임가,101041,101,5년,2010,2010,,,임가,판매금액별
DT_1FO206,임산물 판매처별 임가,101041,101,5년,2010,2010,,,임가,판매처별
DT_1FO301,연령 및 성별 임가인구/성비,101041,101,5년,2010,2010,,,임가인구,성별
DT_1FO302,연령계층 및 성별 임가인구,101041,101,5년,2010,2010,,,임가인구,"성별,연령계층별"
DT_1FO303,6세 이상 교육정도별 임가인구,101041,101,5년,2010,2010,,6세 이상,임가인구,교육정도별
DT_1FO304,15세 이상 혼인상태 및 성별 임가인구,101041,101,5년,2010,2010,,15세 이상,"혼인상태,성별,임가인구","혼인상태별,성별"
DT_1FO401,임업 종사기간 및 성별 임업 종사 가구원,101041,101,5년,2010,2010,,,"종사기간,성별,임업종사가구원",성별
DT_1FO402,연령 및 성별 임업 종사 가구원,101041,101,5년,2010,2010,,,임업종사가구원,성별
DT_1FO403,임업 종사형태 및 성별 임업 종사 가구원,101041,101,5년,2010,2010,,,임업종사가구원,성별
DT_1FO404,임업 이외 종사기간 및 성별 임업 종사 가구원,101041,101,5년,2010,2010,,,"종사기간,성별,임업종사가구원","종사기간별,성별"
DT_1FO405,주 종사분야별 임업 종사 가구원,101041,101,5년,2010,2010,,,임업종사가구원,종사분야별
DT_1FO501,임산물 재배품목별 임가 및 재배면적,101041,101,5년,2010,2010,,,"임산물,임가,재배면적",재배품목별
DT_1FO502,산나물 재배면적규모별 임가 및 면적,101041,101,5년,2010,2010,,,"임가,면적",재배면적규모별
DT_1FO503,약용작물 재배면적규모별 임가 및 면적,101041,101,5년,2010,2010,,,"임가,면적",재배면적규모별
DT_1FO504,관상작물 재배면적규모별 임가 및 면적,101041,101,5년,2010,2010,,,"임가,면적",재배면적규모별
DT_1FO505,표고버섯 재배본수 규모별 임가 및 본(봉)수,101041,101,5년,2010,2010,,,"임가,본수",규모별
DT_1FO506,떫은감 재배면적규모별 임가 및 면적,101041,101,5년,2010,2010,,,"재배면적,임가,면적",재배면적규모별
DT_1FO507,밤나무 재배면적규모별 임가 및 면적,101041,101,5년,2010,2010,,,"임가,면적",재배면적규모별
DT_1FO508,호두나무 재배면적규모별 임가 및 면적,101041,101,5년,2010,2010,,,"임가,면적",재배면적규모별
DT_1FO509,대추나무 재배면적규모별 임가 및 면적,101041,101,5년,2010,2010,,,"임가,면적",재배면적규모별
DT_1FO510,잣나무 재배면적규모별 임가 및 면적,101041,101,5년,2010,2010,,,"임가,면적",재배면적규모별
DT_1FO511,은행나무 재배면적규모별 임가 및 면적,101041,101,5년,2010,2010,,,"임가,면적",재배면적규모별
DT_1FO512,복분자 재배면적규모별 임가 및 면적,101041,101,5년,2010,2010,,,"재배면적,임가",재배면적규모별
DT_1FS000,해수면 어가 및 어가인구 추이,101041,101,5년,1970,2020,,,"어가,어가인구",
DT_1FS101,전 · 겸업별 어가,101041,101,5년,2010,2010,,,어가,전겸업별
DT_1FS102,주된 어업 경영형태별 어가,101041,101,5년,2010,2010,,,어가,어업경영형태별
DT_1FS103,가구원수별 어가,101041,101,5년,2010,2010,,,어가,가구원수별
DT_1FS104,세대구성별 어가,101041,101,5년,2010,2010,,,어가,세대구성별
DT_1FS105,경영주 혼인상태 및 성별 어가,101041,101,5년,2010,2010,,,"경영주,어가","혼인상태별,성별"
DT_1FS106,경영주 연령별 어가,101041,101,5년,2010,2010,,,어가,경영주연령별
DT_1FS107,경영주 교육정도별 어가,101041,101,5년,2010,2010,,,어가,교육정도별
DT_1FS108,경영주 주 종사분야별 어가,101041,101,5년,2010,2010,,,어가,종사분야별
DT_1FS109,경영주 어업 주 종사부문 및 어업종사기간별 어가,101041,101,5년,2010,2010,,,어가,"어업주종사부문별,어업종사기간별"
DT_1FS110,경영주 어업경력기간별 어가,101041,101,5년,2010,2010,,,어가,어업경력기간별
DT_1FS111,어업 종사경력 5년 이하 경영주의 경영동기별 어가,101041,101,5년,2010,2010,,,어가,경영동기별
DT_1FS112,어업 종사인원별 어가,101041,101,5년,2010,2010,,,"어가,어업종사인원",어업종사인원별
DT_1FS113,고용기간 및 내 · 외국인 고용인수별 어가,101041,101,5년,2010,2010,,,"고용인수,어가","고용기간별,내외국인별"
DT_1FS114,주된 어로어업 방법별 어가,101041,101,5년,2010,2010,,,어가,어로어업방법별
DT_1FS115,어로어업 방법별 어가,101041,101,5년,2010,2010,,,어가,어가별
DT_1FS116,주된 어획품종별 어가,101041,101,5년,2010,2010,,,어가,어획품종별
DT_1FS117,어획품종별 어가,101041,101,5년,2010,2010,,,어가,어획품종별
DT_1FS118,주된 양식품종별 어가,101041,101,5년,2010,2010,,,어가,양식품종별
DT_1FS119,양식품종별 어가 및 양식면적,101041,101,5년,2010,2010,,,"어가,양식면적",양식품종별
DT_1FS120,양식방법별 어가 및 양식면적,101041,101,5년,2010,2010,,,"어가,양식면적",양식방법별
DT_1FS121,양식장 면적규모별 어가,101041,101,5년,2010,2010,,,"양식장,어가",면적규모별
DT_1FS122,동력선 톤수규모별 어가,101041,101,5년,2010,2010,,,어가,톤수규모별
DT_1FS123,보유어선 척수별 어가,101041,101,5년,2010,2010,,,어가,척수별
DT_1FS124,수산물 판매처별 어가,101041,101,5년,2010,2010,,,어가,판매처별
DT_1FS125,수산물 판매형태별 어가,101041,101,5년,2010,2010,,,어가,판매형태별
DT_1FS126,수산물 판매금액별 어가,101041,101,5년,2010,2010,,,어가,판매금액별
DT_1FS127,양식 수산물 판매금액별 어가,101041,101,5년,2010,2010,,,어가,판매금액별
DT_1FS128,생산자조직 참여 여부 및 현황별 어가,101041,101,5년,2010,2010,,,어가,생산자조직참여여부별
DT_1FS129,어업 관련 사업별 어가,101041,101,5년,2010,2010,,,어가,사업별
DT_1FS130,정보화 현황별 어가,101041,101,5년,2010,2010,,,어가,정보화현황별
DT_1FS131,자동차 보유 현황별 어가,101041,101,5년,2010,2010,,,"어가,자동차",어가별
DT_1FS132,거처형태별 어가,101041,101,5년,2010,2010,,,어가,거처형태별
DT_1FS133,난방시설별 어가,101041,101,5년,2010,2010,,,어가,난방시설별
DT_1FS134,주거시설 형태별 어가,101041,101,5년,2010,2010,,,어가,주거시설형태별
DT_1FS15101,전 · 겸업별 어가,101041,101,5년,2015,2015,,,어가,전겸업별
DT_1FS15102,주된 어업 경영형태별 어가,101041,101,5년,2015,2015,,,어가,어업경영형태별
DT_1FS15103,가구원수별 어가,101041,101,5년,2015,2015,,,어가,가구원수별
DT_1FS15104,세대구성별 어가,101041,101,5년,2015,2015,,,어가,세대구성별
DT_1FS15105,경영주 혼인상태 및 성별 어가,101041,101,5년,2015,2015,,,"경영주,어가","혼인상태별,성별"
DT_1FS15106,경영주 연령별 어가,101041,101,5년,2015,2015,,,어가,경영주연령별
DT_1FS15107,경영주 교육정도별 어가,101041,101,5년,2015,2015,,,어가,교육정도별
DT_1FS15108,경영주 주 종사분야별 어가,101041,101,5년,2015,2015,,,어가,종사분야별
DT_1FS15109,경영주 어업 주 종사부문 및 어업종사기간별 어가,101041,101,5년,2015,2015,,,어가,"어업주종사부문별,어업종사기간별"
DT_1FS15110,경영주 어업경력기간별 어가,101041,101,5년,2015,2015,,,어가,어업경력기간별
DT_1FS15111,경영주 5년 전 주종사분야별 어가,101041,101,5년,2015,2015,,,"경영주,어가","경영주별,5년전주종사분야별"
DT_1FS15112,경영주 5년 전 거주지별 어가,101041,101,5년,2015,2015,,,어가,거주지별
DT_1FS15113,어업 종사인원별 어가,101041,101,5년,2015,2015,,,"어가,어업종사인원",어업별
DT_1FS15114,고용기간 및 내 · 외국인 성별 ·고용인수별 어가,101041,101,5년,2015,2015,,,고용인수,"고용기간별,내외국인별,성별별"
DT_1FS15115,주된 어로어업 방법별 어가,101041,101,5년,2015,2015,,,어가,어로어업방법별
DT_1FS15116,어로어업 방법별 어가,101041,101,5년,2015,2015,,,어가,어로어업방법별
DT_1FS15117,주된 어획품종별 어가,101041,101,5년,2015,2015,,,어가,어획품종별
DT_1FS15118,어획품종별 어가,101041,101,5년,2015,2015,,,어가,어획품종별
DT_1FS15119,주된 양식품종별 어가,101041,101,5년,2015,2015,,,어가,양식품종별
DT_1FS15120,양식품종별 어가 및 양식장면적,101041,101,5년,2015,2015,,,"어가,양식장면적",양식품종별
DT_1FS15121,양식방법별 어가 및 양식장면적,101041,101,5년,2015,2015,,,"어가,양식장면적",양식방법별
DT_1FS15122,양식장 면적규모별 어가,101041,101,5년,2015,2015,,,어가,면적규모별
DT_1FS15123,동력선 톤수규모별 어가,101041,101,5년,2015,2015,,,어가,톤수규모별
DT_1FS15124,보유어선 척수별 어가,101041,101,5년,2015,2015,,,어가,어가별
DT_1FS15125,수산물 판매처별 어가,101041,101,5년,2015,2015,,,어가,판매처별
DT_1FS15126,수산물 판매형태별 어가,101041,101,5년,2015,2015,,,어가,판매형태별
DT_1FS15127,수산물 판매금액별 어가,101041,101,5년,2015,2015,,,어가,판매금액별
DT_1FS15128,양식 수산물 판매금액별 어가,101041,101,5년,2015,2015,,,어가,판매금액별
DT_1FS15129,생산자조직 참여 여부 및 현황별 어가,101041,101,5년,2015,2015,,,어가,생산자조직참여여부별
DT_1FS15130,어업 관련 사업별 어가,101041,101,5년,2015,2015,,,어가,사업별
DT_1FS15131,정보화 현황별 어가,101041,101,5년,2015,2015,,,어가,정보화현황별
DT_1FS15132,교통수단 보유 현황별 어가,101041,101,5년,2015,2015,,,"어가,교통수단",교통수단별
DT_1FS15133,거처형태별 어가,101041,101,5년,2015,2015,,,어가,거처형태별
DT_1FS15134,난방시설별 어가,101041,101,5년,2015,2015,,,어가,난방시설별
DT_1FS15135,주거시설 형태별 어가,101041,101,5년,2015,2015,,,어가,주거시설형태별
DT_1FS15201,연령 및 성별 어가인구/성비,101041,101,5년,2015,2015,,,어가인구,성별
DT_1FS15202,연령계층 및 성별 어가인구,101041,101,5년,2015,2015,,,어가인구,"성별,연령계층별"
DT_1FS15203,6세 이상 교육정도별 어가인구,101041,101,5년,2015,2015,,6세 이상,어가인구,교육정도별
DT_1FS15204,15세 이상 혼인상태 및 성별 어가인구,101041,101,5년,2015,2015,,15세 이상,"혼인상태,성별,어가인구","혼인상태별,성별"
DT_1FS15205,15세 이상 주 종사분야 및 성별 어가인구,101041,101,5년,2015,2015,,15세 이상,어가인구,성별
DT_1FS15206,15세 이상 전 · 겸업 및 성별 어가인구,101041,101,5년,2015,2015,,15세 이상,어가인구,성별
DT_1FS15207,15세 이상 어업 종사기간 및 성별 어가인구,101041,101,5년,2015,2015,,15세 이상,"어업종사기간,성별어가인구","성별,어업종사기간별"
DT_1FS15208,15세 이상 어업 종사형태 및 성별 어가인구,101041,101,5년,2015,2015,,15세 이상,"어업종사자,어가인구","종류별,성별"
DT_1FS15209,15세 이상 어업 주 종사부문 및 성별 어가인구,101041,101,5년,2015,2015,,15세 이상,"어업주종사부문,성별어가인구","종사부문별,성별"
DT_1FS15210,15세 이상 어업 외 종사기간 및 성별 어가인구,101041,101,5년,2015,2015,,15세 이상,"종사기간,성별어가인구","종류별,성별"
DT_1FS15301,연령 및 성별 어업 종사 가구원,101041,101,5년,2015,2015,,,어업종사가구원,성별
DT_1FS15302,혼인상태 및 성별 어업 종사 가구원,101041,101,5년,2015,2015,,,가구원,성별
DT_1FS15303,교육정도별 어업 종사 가구원,101041,101,5년,2015,2015,,,어업종사가구원,교육정도별
DT_1FS15304,어업 종사기간 및 성별 어업 종사 가구원,101041,101,5년,2015,2015,,,"어업종사기간,성별,어업종사가구원",성별
DT_1FS15305,어업 종사형태 및 성별 어업 종사 가구원,101041,101,5년,2015,2015,,,어업종사가구원,"종류별,성별"
DT_1FS15306,어업 주종사부문 및 성별 어업 종사 가구원,101041,101,5년,2015,2015,,,어업종사가구원,"주종사부문별,성별"
DT_1FS15307,주 종사분야 및 성별 어업 종사 가구원,101041,101,5년,2015,2015,,,어업종사가구원,성별
DT_1FS15308,어업 외 종사기간 및 성별 어업 종사 가구원,101041,101,5년,2015,2015,,,"종사기간,성별,가구원","종류별,성별"
DT_1FS15401,보유어선 및 동력선 톤수 규모별 어선 척수,101041,101,5년,2015,2015,,,어선척수,톤수규모별
DT_1FS15402,선질별 동력선 척수,101041,101,5년,2015,2015,,,동력선,선질별
DT_1FS15403,출어일수별 동력선 척수,101041,101,5년,2015,2015,,,동력선,출어일수별
DT_1FS15404,평균 승선원수별 동력선 척수,101041,101,5년,2015,2015,,,동력선,평균승선원수별
DT_1FS15405,어법별 동력선 척수,101041,101,5년,2015,2015,,,동력선,어법별
DT_1FS201,연령 및 성별 어가인구/성비,101041,101,5년,2010,2010,,,어가인구,"연령별,성별"
DT_1FS20101,전 · 겸업별 어가,101041,101,5년,2020,2020,,,어가,전겸업별
DT_1FS20102,주된 어업 경영형태별 어가,101041,101,5년,2020,2020,,,어가,어업경영형태별
DT_1FS20103,가구원수별 어가,101041,101,5년,2020,2020,,,"어가,가구원수",가구원수별
DT_1FS20104,세대구성별 어가,101041,101,5년,2020,2020,,,어가,세대구성별
DT_1FS20105,경영주 혼인상태 및 성별 어가,101041,101,5년,2020,2020,,,"경영주,어가","혼인상태별,성별"
DT_1FS20106,경영주 연령 및 교육정도별 어가,101041,101,5년,2020,2020,,,어가,"경영주연령별,교육정도별"
DT_1FS20107,경영주 어업경력기간별 어가,101041,101,5년,2020,2020,,,어가,어업경력기간별
DT_1FS20108,경영주 어업 주 종사부문 및 어업종사기간별 어가,101041,101,5년,2020,2020,,,어가,"어업주종사부문별,어업종사기간별"
DT_1FS20109,경영주 주 종사분야별 어가,101041,101,5년,2020,2020,,,어가,종사분야별
DT_1FS20110,어업 종사인원별 어가,101041,101,5년,2020,2020,,,"어가,어업종사인원",어업종사인원별
DT_1FS20111,고용기간 및 내 · 외국인 성별 ·고용인수별 어가,101041,101,5년,2020,2020,,,"고용인수,어가","고용기간별,내외국인별,성별"
DT_1FS20112,주된 어로어업 방법별 어가,101041,101,5년,2020,2020,,,어가,어로어업방법별
DT_1FS20113,어로어업 방법별 어가,101041,101,5년,2020,2020,,,어가,어가별
DT_1FS20114,주된 어획품종별 어가,101041,101,5년,2020,2020,,,어가,어획품종별
DT_1FS20115,어획품종별 어가,101041,101,5년,2020,2020,,,어가,어획품종별
DT_1FS20116,주된 양식품종별 어가,101041,101,5년,2020,2020,,,어가,양식품종별
DT_1FS20117,양식품종별 어가 및 양식장 면적,101041,101,4년,2020,2020,,,"어가,양식장면적",양식품종별
DT_1FS20118,양식방법별 어가 및 양식장면적,101041,101,5년,2020,2020,,,"어가,양식장면적",양식방법별
DT_1FS20119,양식장 면적규모별 어가,101041,101,5년,2020,2020,,,"어가,양식장면적규모",면적규모별
DT_1FS20120,보유어선 척수별 어가,101041,101,5년,2020,2020,,,어가,어가별
DT_1FS20121,동력선 톤수규모별 어가,101041,101,5년,2020,2020,,,어가,톤수규모별
DT_1FS20122,수산물 판매금액별 어가,101041,101,5년,2020,2020,,,"어가,수산물판매금액",판매금액별
DT_1FS20123,양식 수산물 판매금액별 어가,101041,101,5년,2020,2020,,,어가,판매금액별
DT_1FS20124,수산물 판매처별 어가,101041,101,5년,2020,2020,,,어가,판매처별
DT_1FS20125,수산물 판매형태별 어가,101041,101,5년,2020,2020,,,어가,판매형태별
DT_1FS20126,생산자조직 참여 여부 및 현황별 어가,101041,101,5년,2020,2020,,,어가,생산자조직참여여부별
DT_1FS20127,어업 관련 사업별 어가,101041,101,5년,2020,2020,,,어가,사업별
DT_1FS20128,정보화 현황별 어가,101041,101,5년,2020,2020,,,어가,정보화현황별
DT_1FS20129,교통수단 보유 현황별 어가,101041,101,5년,2020,2020,,,"어가,교통수단",교통수단보유현황별
DT_1FS20130,거처형태별 어가,101041,101,5년,2020,2020,,,어가,거처형태별
DT_1FS20131,주거시설 형태별 어가,101041,101,5년,2020,2020,,,어가,주거시설형태별
DT_1FS202,연령계층 및 성별 어가인구,101041,101,5년,2010,2010,,,어가인구,"성별,연령계층별"
DT_1FS20201,연령 및 성별 어가인구/성비,101041,101,5년,2020,2020,,,어가인구,"연령별,성별"
DT_1FS20202,연령계층 및 성별 어가인구,101041,101,5년,2020,2020,,,어가인구,"성별,연령계층별"
DT_1FS20203,15세 이상 주 종사분야 및 성별 어가인구,101041,101,5년,2020,2020,,15세 이상,어가인구,성별
DT_1FS20204,15세 이상 어업 종사기간 및 성별 어가인구,101041,101,5년,2020,2020,,15세 이상,"어업종사기간,성별어가인구","성별,어업종사기간별"
DT_1FS20205,15세 이상 전 · 겸업 및 성별 어가인구,101041,101,5년,2020,2020,,15세 이상,어가인구,성별
DT_1FS20206,15세 이상 어업 외 종사기간 및 성별 어가인구,101041,101,5년,2020,2020,,15세 이상,"종사기간,성별어가인구","종류별,성별"
DT_1FS203,6세 이상 교육정도별 어가인구,101041,101,5년,2010,2010,,6세 이상,어가인구,교육정도별
DT_1FS20301,연령 및 성별 어업 종사 가구원,101041,101,5년,2020,2020,,,어업종사가구원,성별
DT_1FS20302,어업 종사기간 및 성별 어업 종사 가구원,101041,101,5년,2020,2020,,,"어업종사기간,성별,어업종사가구원",성별
DT_1FS20303,어업 종사형태 및 성별 어업 종사 가구원,101041,101,5년,2020,2020,,,어업종사가구원,"종류별,성별"
DT_1FS20304,어업 주종사부문 및 성별 어업 종사 가구원,101041,101,5년,2020,2020,,,어업종사가구원,"주종사부문별,성별"
DT_1FS20305,주 종사분야 및 성별 어업 종사 가구원,101041,101,5년,2020,2020,,,어업종사가구원,성별
DT_1FS20306,어업 외 종사기간 및 성별 어업 종사 가구원,101041,101,5년,2020,2020,,,"종사기간,성별,가구원",성별
DT_1FS204,15세 이상 혼인상태 및 성별 어가인구,101041,101,5년,2010,2010,,15세 이상,"혼인상태,성별,어가인구","혼인상태별,성별"
DT_1FS20401,보유어선 및 동력선 톤수 규모별 어선 수,101041,101,5년,2020,2020,,,어선수,톤수규모별
DT_1FS20402,어법별 동력선 수,101041,101,5년,2020,2020,,,동력선,어법별
DT_1FS20403,출어일수별 동력선 수,101041,101,5년,2020,2020,,,동력선수,출어일수별
DT_1FS20404,평균 승선원수별 동력선 수,101041,101,5년,2020,2020,,,동력선,평균승선원수별
DT_1FS205,15세 이상 주 종사분야 및 성별 어가인구,101041,101,5년,2010,2010,,15세 이상,어가인구,성별
DT_1FS206,15세 이상 전 · 겸업 및 성별 어가인구,101041,101,5년,2010,2010,,15세 이상,어가인구,성별
DT_1FS207,15세 이상 어업 종사기간 및 성별 어가인구,101041,101,5년,2010,2010,,15세 이상,"어업종사기간,성별어가인구",성별
DT_1FS208,15세 이상 어업 종사형태 및 성별 어가인구,101041,101,5년,2010,2010,,15세 이상,"어업종사자,어가인구","종류별,성별"
DT_1FS209,15세 이상 어업 주 종사부문 및 성별 어가인구,101041,101,5년,2010,2010,,15세 이상,"어업주종사부문,성별어가인구","종사부문별,성별"
DT_1FS210,15세 이상 어업 이외 종사기간 및 성별 어가인구,101041,101,5년,2010,2010,,15세 이상,"종사기간,성별어가인구","종사기간별,성별"
DT_1FS301,연령 및 성별 어업 종사 가구원,101041,101,5년,2010,2010,,,어업종사가구원,성별
DT_1FS302,혼인상태 및 성별 어업 종사 가구원,101041,101,5년,2010,2010,,,가구원,"혼인상태별,성별"
DT_1FS303,교육정도별 어업 종사 가구원,101041,101,5년,2010,2010,,,어업종사가구원,교육정도별
DT_1FS304,어업 종사기간 및 성별 어업 종사 가구원,101041,101,5년,2010,2010,,,"어업종사기간,성별,어업종사가구원",성별
DT_1FS305,어업 종사형태 및 성별 어업 종사 가구원,101041,101,5년,2010,2010,,,어업종사가구원,"종류별,성별"
DT_1FS306,어업 주종사부문 및 성별 어업 종사 가구원,101041,101,5년,2010,2010,,,어업종사가구원,"주종사부문별,성별"
DT_1FS307,주 종사분야 및 성별 어업 종사 가구원,101041,101,5년,2010,2010,,,어업종사가구원,성별
DT_1FS308,어업 이외 종사기간 및 성별 어업 종사 가구원,101041,101,5년,2010,2010,,,"종사기간,성별,어업종사가구원",성별
DT_1FS401,보유어선 및 동력선 톤수 규모별 어선 척수,101041,101,5년,2010,2010,,,어선,톤수규모별
DT_1FS402,선질별 동력선 척수,101041,101,5년,2010,2010,,,동력선,선질별
DT_1FS403,출어일수별 동력선 척수,101041,101,5년,2010,2010,,,동력선,출어일수별
DT_1FS404,평균 승선원수별 동력선 척수,101041,101,5년,2010,2010,,,동력선,평균승선원수별
DT_1NG0001,농가 및 농가인구 추이,101041,101,5년,1960,2020,,,"농가,농가인구",
DT_1NG101,영농주체 및 경지규모별 농가(총농가),101041,101,5년,1995,1995,,,농가,"영농주체별,경지규모별"
DT_1NG102,경지 및 목초지면적(총농가),101041,101,5년,1995,1995,,,"경지및목초지면적,총농가",
DT_1NG103,논 경영규모별 농가 및 면적(총농가),101041,101,5년,1995,1995,,,"농가,면적",경영규모별
DT_1NG104,밭 경영규모별 농가 및 면적(총농가),101041,101,5년,1995,1995,,,농가,경영규모별
DT_1NG105,수원지 경영규모별 농가 및 면적(총농가),101041,101,5년,1995,1995,,,"농가,면적",경영규모별
DT_1NG106,목초지규모별 농가 및 면적(총농가),101041,101,5년,1995,1995,,,농가,목초지규모별
DT_1NG107,한육우 사육규모별 농가 및 마리(총농가),101041,101,5년,1995,1995,,,농가,사육규모별
DT_1NG108,젖소 사육규모별 농가 및 마리(총농가),101041,101,5년,1995,1995,,,"젖소사육규모별농가,마리",사육규모별
DT_1NG109,돼지 사육규모별 농가 및 마리(총농가),101041,101,5년,1995,1995,,,"농가,마리",사육규모별
DT_1NG112,기타가축사육 농가 및 마리(총농가),101041,101,5년,1995,1995,,,농가,
DT_1NG113,농기계 보유농가 및 보유대수(총농가),101041,101,5년,1995,1995,,,"농가,보유농가,보유대수",
DT_1NG114,영농주체별 및 경지규모별 농가(총농가),101041,101,5년,1990,1990,,,농가,"영농주체별,경지규모별"
DT_1NG115,경지 및 목초지면적(총농가),101041,101,5년,1990,1990,,,"경지및목초지면적,총농가",
DT_1NG116,논 경영규모별 농가 및 면적(총농가),101041,101,5년,1990,1990,,,"농가,면적",경영규모별
DT_1NG117,밭 경영규모별 농가 및 면적(총농가),101041,101,5년,1990,1990,,,농가,경영규모별
DT_1NG118,수원지 경영규모별 농가 및 면적(총농가),101041,101,5년,1990,1990,,,농가,경영규모별
DT_1NG119,목초지규모별 농가 및 용도별 면적(총농가),101041,101,5년,1990,1990,,,"농가,면적","목초지규모별,용도별"
DT_1NG11A,"닭 사육규모별, 용도별 농가 및 마리수(총농가)",101041,101,5년,1995,1995,,,"농가,마리수","사육규모별,용도별"
DT_1NG120,한육우 사육규모별 농가 및 마리(총농가),101041,101,5년,1990,1990,,,농가,사육규모별
DT_1NG121,젖소 사육규모별 농가 및 마리(총농가),101041,101,5년,1990,1990,,,"젖소,농가",사육규모별
DT_1NG122,돼지 사육규모별 농가 및 마리(총농가),101041,101,5년,1990,1990,,,농가,사육규모별
DT_1NG123,닭 사육규모별 농가 및 마리(총농가),101041,101,5년,1990,1990,,,농가,사육규모별
DT_1NG124,닭 용도별 마리(총농가),101041,101,5년,1990,1990,,,"마리,총농가",용도별
DT_1NG126,농기계 보유농가 및 보유대수(총농가),101041,101,5년,1990,1990,,,"보유농가,보유대수,총농가",보유농가별
DT_1NG127,"한육우, 젖소, 돼지 연령별 · 성별마리(총농가)",101041,101,5년,1990,1990,,,"한육우,젖소,돼지,총농가","연령별,성별"
DT_1NG128,누에고치 생산규모별 농가 및 산견량(총농가),101041,101,5년,1990,1990,,,"누에고치,농가",생산규모별
DT_1NG12A,경지규모별 총농가(총농가),101041,101,5년,1980,1980,,,총농가,경지규모별
DT_1NG139,고기소 사육규모별 농가 및 연령별 성별마리(총농가),101041,101,5년,1980,1980,,,"고기소,농가,성별마리","사육규모별,연령별,성별"
DT_1NG13A,경지 및 목초지면적(총농가),101041,101,5년,1980,1980,,,"경지및목초지면적,총농가",
DT_1NG140,한우 사육규모별 농가 및 연령별 성별마리(총농가),101041,101,5년,1980,1980,,,"한우농가,성별마리","사육규모별,연령별,성별"
DT_1NG141,젖소 사육규모별 농가 및 연령별 성별마리(총농가),101041,101,5년,1980,1980,,,"젖소,농가","사육규모별,연령별,성별"
DT_1NG142,돼지 사육규모별 농가 및 연령별 성별마리(총농가),101041,101,5년,1980,1980,,,"농가,성별마리","사육규모별,연령별,성별"
DT_1NG143,기타가축 사육농가 및 마리(총농가),101041,101,5년,1990,1990,,,"기타가축사육농가,마리",
DT_1NG14A,닭 사육규모별 농가 및 연령별 용도별 마리(총농가),101041,101,5년,1980,1980,,,"농가,마리","사육규모별,연령별,용도별"
DT_1NG201,경지규모별 농가(개인농가),101041,101,5년,1995,1995,,,농가,경지규모별
DT_1NG202,영농형태별 농가(개인농가),101041,101,5년,1995,1995,,,농가,영농형태별
DT_1NG203,"영농형태별 농가(과수,채소,축산)(개인농가)",101041,101,5년,1995,1995,,,농가,영농형태별
DT_1NG204,전·겸업별 농가(개인농가),101041,101,5년,1995,1995,,,농가,전겸업별
DT_1NG205,가구원수별 농가(개인농가),101041,101,5년,1995,1995,,,"가구원수,농가",가구원수별
DT_1NG206,경영주 연령별 학력별 농가(개인농가),101041,101,5년,1995,1995,,,농가,"경영주연령별,경영주학력별"
DT_1NG207,"영농승계자 거주지별 , 연령별 농가(개인농가)",101041,101,5년,1995,1995,,,"거주지별,연령별농가,개인농가","거주지별,연령별"
DT_1NG208,농업종사인원별 농가(개인농가),101041,101,5년,1995,1995,,,"농업종사인원,농가",농업종사인원별
DT_1NG209,경지면적에 대한 논면적 비율별 농가(개인농가),101041,101,5년,1995,1995,,,논면적비율별농가,논면적비율별
DT_1NG210,경지면적에 대한 밭면적 비율별 농가(개인농가),101041,101,5년,1995,1995,,,밭면적비율별농가,밭면적비율별
DT_1NG211,벼농사 작업의 자가영농 및 위탁영농 비율별 농가(개인농가),101041,101,5년,1995,1995,,,농가,자가영농및위탁영농비율별
DT_1NG212,문화용품 및 시설별 농가(개인농가),101041,101,5년,1995,1995,,,농가,"문화용품별,시설별"
DT_1NG213,경지규모별 농가(개인농가),101041,101,5년,1990,1990,,,농가,경지규모별
DT_1NG214,영농형태별 농가(개인농가),101041,101,5년,1990,1990,,,농가,영농형태별
DT_1NG215,"영농형태별 농가(과수,채소,축산)(개인농가)",101041,101,5년,1990,1990,,,농가,영농형태별
DT_1NG216,전 · 겸업별 농가(개인농가),101041,101,5년,1990,1990,,,농가,전겸업별
DT_1NG217,가구원수별 농가(개인농가),101041,101,5년,1990,1990,,,"가구원수,농가",가구원수별
DT_1NG218,"경영주 연령별, 학력별 농가(개인농가)",101041,101,5년,1990,1990,,,농가,"경영주연령별,학력별"
DT_1NG219,"영농승계자 거주지별, 연령별 농가(개인농가)",101041,101,5년,1990,1990,,,농가,"거주지별,연령별"
DT_1NG220,농업종사 인원별 농가(개인농가),101041,101,5년,1990,1990,,,농가,농업종사인원별
DT_1NG221,경지면적에 대한 논면적 비율별 농가(개인농가),101041,101,5년,1990,1990,,,논면적비율별농가,논면적비율별
DT_1NG222,경지면적에 대한 밭면적 비율별 농가(개인농가),101041,101,5년,1990,1990,,,밭면적비율별농가,밭면적비율별
DT_1NG223,벼농사 작업의 자가영농 및 위탁영농별 농가(개인농가),101041,101,5년,1990,1990,,,농가,"자가영농별,위탁영농별"
DT_1NG224,문화용품 보유 및 난방형태별 농가(개인농가),101041,101,5년,1990,1990,,,농가,"난방형태별,문화용품보유여부별"
DT_1NG225,경지면적에 대한 차용경지 비율별 농가(개인농가),101041,101,5년,1990,1990,,,차용경지비율별농가,차용경지비율별
DT_1NG227,전·겸업별 농가(개인농가),101041,101,5년,1980,1980,,,농가,전겸업별
DT_1NG229,경영주 연령 및 학력별 농가(개인농가),101041,101,5년,1980,1980,,,농가,경영주연령및학력별
DT_1NG22A,경지규모별 농가(개인농가),101041,101,5년,1980,1980,,,농가,경지규모별
DT_1NG231,논 비율별 농가(개인농가),101041,101,5년,1980,1980,,,농가,논비율별
DT_1NG232,밭(수원지포함) 비율별 농가(개인농가),101041,101,5년,1980,1980,,,농가,비율별
DT_1NG233,문화용품 보유농가(개인농가),101041,101,5년,1980,1980,,,"문화용품,농가","문화용품별,농가별"
DT_1NG234,영농후계자 연령별 농가(개인농가),101041,101,5년,1980,1980,,,농가,연령별
DT_1NG235,영농후계자 학력별 농가(개인농가),101041,101,5년,1980,1980,,,농가,학력별
DT_1NG236,영농후계자 종사분야 및 거주지별 농가(개인농가),101041,101,5년,1980,1980,,,"영농후계자,농가","종사지역별,영농후계자종사분야별"
DT_1NG237,가구원수 및 농업종사 인원수별 농가(개인농가),101041,101,5년,1980,1980,,,"가구원수,농업종사인원수,농가","가구원수별,농업종사인원수별,농가,개인농가별"
DT_1NG301,성별 농가인구 및 구성비(개인농가),101041,101,5년,1995,1995,,,농가인구,성별
DT_1NG302,"연령별, 성별 농가인구(개인농가)",101041,101,5년,1995,1995,,,농가인구,"연령별,성별"
DT_1NG303,"15세이상 학력별, 성별 농가인구(개인농가)",101041,101,5년,1995,1995,,15세이상,농가인구,"학력별,성별"
DT_1NG304,"15세이상 취업별, 성별 농가인구(개인농가)",101041,101,5년,1995,1995,,15세이상,농가인구,"취업별,성별"
DT_1NG305,전·겸업별 농가인구(개인농가),101041,101,5년,1995,1995,,,농가인구,전겸업별
DT_1NG306,연령별 농업종사기간별 농가인구(개인농가),101041,101,5년,1995,1995,,,농가인구,"연령별,농업종사기간별"
DT_1NG307,15세이상 농업종사기간별 농가인구(개인농가),101041,101,5년,1995,1995,,15세이상,농가인구,농업종사기간별
DT_1NG308,15세이상 겸업종사기간별 농가인구(개인농가),101041,101,5년,1995,1995,,15세이상,농가인구,겸업종사기간별
DT_1NG309,"성별, 학력별, 종사분야별 영농승계자(개인농가)",101041,101,5년,1995,1995,,,영농승계자,"성별,학력별,종사분야별"
DT_1NG310,성별 농가인구 및 구성비(개인농가),101041,101,5년,1990,1990,,,농가인구,성별
DT_1NG311,"연령별, 성별 농가인구(개인농가)",101041,101,5년,1990,1990,,,농가인구,"연령별,성별"
DT_1NG312,"15세이상 학력별, 성별 농가인구(개인농가)",101041,101,5년,1990,1990,,15세이상,농가인구,"학력별,성별"
DT_1NG313,15세이상 취업별 농가인구(개인농가),101041,101,5년,1990,1990,,15세이상,농가인구,취업별
DT_1NG314,전 · 겸업 농가별 농가인구(개인농가),101041,101,5년,1990,1990,,,농가인구,농가형태별
DT_1NG315,연령별 농업종사 기간별 농가인구(개인농가),101041,101,5년,1990,1990,,,"농업종사,농가인구","연령별,농업종사기간별"
DT_1NG316,15세이상 농업종사 기간별 농가인구(개인농가),101041,101,5년,1990,1990,,15세이상,농가인구,농업종사기간별
DT_1NG317,15세이상 겸업종사 기간별 농가인구(개인농가),101041,101,5년,1990,1990,,15세이상,농가인구,겸업종사기간별
DT_1NG318,"성별, 학력별, 종사분야별 영농승계자(개인농가)",101041,101,5년,1990,1990,,,영농승계자,"성별,학력별,종사분야별"
DT_1NG319,연령별 성별 농가인구(개인농가),101041,101,5년,1980,1980,,,농가인구,"연령별,성별"
DT_1NG320,전·겸업별 농가인구(개인농가),101041,101,5년,1980,1980,,,농가인구,전겸업별
DT_1NG321,14세이상 취업별 농가인구(개인농가),101041,101,5년,1980,1980,,14세이상,농가인구,취업별
DT_1NG322,전업농가 14세이상 성별 취업별 인구(개인농가),101041,101,5년,1980,1980,,14세이상,"전업농가,인구","성별,취업별"
DT_1NG323,겸업농가 14세이상 취업별 인구(개인농가),101041,101,5년,1980,1980,,14세이상,"겸업농가,인구",취업별
DT_1NG324,14세이상 학력별 성별 인구(개인농가),101041,101,5년,1980,1980,,14세이상,"성별인구,개인농가","학력별,성별"
DT_1NG325,농업종사 기간별 성별 14세이상 농가인구(개인농가),101041,101,5년,1980,1980,,14세이상,농가인구,"기간별,성별"
DT_1NG326,겸업농가 겸업종사 기간별 성별 14세이상 농가인구(개인농가),101041,101,5년,1980,1980,,14세이상,"겸업농가,농가인구","기간별,성별"
DT_1NG327,제1종겸업농가 겸업종사 기간별 성별 14세이상 농가인구(개인농가),101041,101,5년,1980,1980,,14세이상,농가인구,"기간별,성별"
DT_1NG328,제2종겸업농가 겸업종사 기간별 성별 14세이상 농가인구(개인농가),101041,101,5년,1980,1980,,14세이상,농가인구,"기간별,성별"
DT_1NG401,경지 및 목초지 면적(개인농가),101041,101,5년,1995,1995,,,"경지및목초지면적,개인농가",개인농가별
DT_1NG402,논 경영규모별 농가 및 면적(개인농가),101041,101,5년,1995,1995,,,"농가,면적",경영규모별
DT_1NG403,밭 경영규모별 농가 및 면적(개인농가),101041,101,5년,1995,1995,,,"농가,면적",경영규모별
DT_1NG404,수원지 경영규모별 농가 및 면적(개인농가),101041,101,5년,1995,1995,,,"경영규모별농가,면적",경영규모별
DT_1NG405,경지정리규모별 농가 및 면적(개인농가),101041,101,5년,1995,1995,,,"농가,면적",경지정리규모별
DT_1NG406,수리안전답규모별 농가 및 면적(개인농가),101041,101,5년,1995,1995,,,"수리안전답규모별개인농가,수리안전답면적",규모별
DT_1NG407,수리불안전답규모별 농가 및 면적(개인농가),101041,101,5년,1995,1995,,,"농가,면적",수리불안전답규모별
DT_1NG408,목초지규모별 농가 및 용도별 면적(개인농가),101041,101,5년,1995,1995,,,"농가,면적","목초지규모별,용도별"
DT_1NG409,경지 및 목초지 면적(개인농가),101041,101,5년,1990,1990,,,"경지및목초지면적,개인농가",
DT_1NG410,논 경영규모별 농가 및 면적(개인농가),101041,101,5년,1990,1990,,,"농가,면적",경영규모별
DT_1NG411,밭 경영규모별 농가 및 면적(개인농가),101041,101,5년,1990,1990,,,"밭경영규모별농가,밭면적",경영규모별
DT_1NG412,수원지 경영규모별 농가 및 면적(개인농가),101041,101,5년,1990,1990,,,"경영규모별농가,면적",경영규모별
DT_1NG413,경지정리 논면적규모별 농가 및 면적(개인농가),101041,101,5년,1990,1990,,,"논면적규모별농가,개인농가",논면적규모별
DT_1NG414,수리안전답규모별 농가 및 면적(개인농가),101041,101,5년,1990,1990,,,"농가,면적",규모별
DT_1NG415,수리불안전답규모별 농가 및 면적(개인농가),101041,101,5년,1990,1990,,,"농가,면적",수리불안전답규모별
DT_1NG416,목초지규모별 농가 및 용도별 면적(개인농가),101041,101,5년,1990,1990,,,"농가,면적","목초지규모별,용도별"
DT_1NG417,경지보유 형태별 농가 및 면적(개인농가),101041,101,5년,1990,1990,,,"농가,면적",경지보유형태별
DT_1NG418,논보유 형태별 농가 및 면적(개인농가),101041,101,5년,1990,1990,,,"농가,면적",형태별
DT_1NG419,밭보유 형태별 농가 및 면적(개인농가),101041,101,5년,1990,1990,,,"농가,면적",밭보유형태별
DT_1NG420,경지 차용처별 농가 및 면적(개인농가),101041,101,5년,1990,1990,,,"농가,면적",차용처별
DT_1NG421,차용경지규모별 농가 및 면적(개인농가),101041,101,5년,1990,1990,,,"농가,면적",차용경지규모별
DT_1NG422,논차용규모별 농가 및 면적(개인농가),101041,101,5년,1990,1990,,,"농가,면적",규모별
DT_1NG423,밭차용규모별 농가 및 면적(개인농가),101041,101,5년,1990,1990,,,"농가,면적",규모별
DT_1NG424,수리안전 및 불안전답 농가 및 면적(개인농가),101041,101,5년,1990,1990,,,"농가,면적",수리안전및불안전답별
DT_1NG425,논면적 규모별 농가 및 면적(개인농가),101041,101,5년,1980,1980,,,"논,농가",규모별
DT_1NG426,밭면적 규모별 농가 및 면적(개인농가),101041,101,5년,1980,1980,,,"밭면적,농가",규모별
DT_1NG427,수원지면적 규모별 농가 및 면적(개인농가),101041,101,5년,1980,1980,,,"농가,면적",규모별
DT_1NG428,경지정리 논면적 규모별 농가 및 면적(개인농가),101041,101,5년,1980,1980,,,"논면적,농가",규모별
DT_1NG429,경지 및 목초지 면적(개인농가),101041,101,5년,1980,1980,,,"경지및목초지면적,개인농가",
DT_1NG430,일모작논 규모별 농가 및 면적(개인농가),101041,101,5년,1980,1980,,,"규모별농가,면적",규모별
DT_1NG431,이모작논 규모별 농가 및 면적(개인농가),101041,101,5년,1980,1980,,,"농가,면적",규모별
DT_1NG432,목초지 규모별 농가 및 면적(개인농가),101041,101,5년,1980,1980,,,"농가,면적",규모별
DT_1NG501,논벼수확면적 규모별 농가 및 면적(개인농가),101041,101,5년,1995,1995,,,"논벼수확면적,농가",규모별
DT_1NG502,보리 수확면적 규모별 농가 및 면적(개인농가),101041,101,5년,1995,1995,,,"보리수확면적,농가",규모별
DT_1NG503,감자 수확면적 규모별 농가 및 면적(개인농가),101041,101,5년,1995,1995,,,"감자수확면적,농가",규모별
DT_1NG504,콩 수확면적 규모별 농가 및 면적(개인농가),101041,101,5년,1995,1995,,,"콩수확면적,농가",규모별
DT_1NG505,팥 수확면적 규모별 농가 및 면적(개인농가),101041,101,5년,1995,1995,,,"팥수확면적,농가",규모별
DT_1NG506,김장무 수확면적 규모별 농가 및 면적(개인농가),101041,101,5년,1995,1995,,,"김장무,농가",규모별
DT_1NG507,김장배추 수확면적 규모별 농가 및 면적(개인농가),101041,101,5년,1995,1995,,,"김장배추수확면적,농가",규모별
DT_1NG508,고추 수확면적 규모별 농가 및 면적(개인농가),101041,101,5년,1995,1995,,,"고추수확면적,농가",규모별
DT_1NG509,마늘 수확면적 규모별 농가 및 면적(개인농가),101041,101,5년,1995,1995,,,"농가,면적",규모별
DT_1NG510,양파 수확면적 규모별 농가 및 면적(개인농가),101041,101,5년,1995,1995,,,"양파수확면적,농가",규모별
DT_1NG511,대파 수확면적 규모별 농가 및 면적(개인농가),101041,101,5년,1995,1995,,,"농가,면적",규모별
DT_1NG512,수박 수확면적 규모별 농가 및 면적(개인농가),101041,101,5년,1995,1995,,,"수박수확면적,농가",규모별
DT_1NG513,참외 수확면적 규모별 농가 및 면적(개인농가),101041,101,5년,1995,1995,,,"참외수확면적,농가",규모별
DT_1NG514,인삼 수확면적 규모별 농가 및 면적(개인농가),101041,101,5년,1995,1995,,,"인삼수확면적,농가",규모별
DT_1NG517,시설면적 규모별 농가 및 면적(개인농가),101041,101,5년,1995,1995,,,"시설면적,농가",시설면적규모별
DT_1NG518,시설작물 재배농가 및 면적(개인농가),101041,101,5년,1995,1995,,,"재배농가,면적",시설별
DT_1NG519,과수 재배면적규모별 농가 및 면적(개인농가),101041,101,5년,1995,1995,,,"농가,면적",재배면적규모별
DT_1NG520,사과 재배면적규모별 농가 및 면적(개인농가),101041,101,5년,1995,1995,,,"재배면적규모별농가,면적",재배면적규모별
DT_1NG521,배 재배면적규모별 농가 및 면적(개인농가),101041,101,5년,1995,1995,,,"배재배면적규모별농가,개인농가",재배면적규모별
DT_1NG522,복숭아 재배면적규모별 농가 및 면적(개인농가),101041,101,5년,1995,1995,,,"복숭아재배농가,복숭아재배면적",재배면적규모별
DT_1NG523,포도 재배면적규모별 농가 및 면적(개인농가),101041,101,5년,1995,1995,,,"농가,면적",재배면적규모별
DT_1NG524,단감 재배면적규모별 농가 및 면적(개인농가),101041,101,5년,1995,1995,,,"단감재배농가,개인농가",재배면적규모별
DT_1NG525,떫은감 재배면적규모별 농가 및 면적(개인농가),101041,101,5년,1995,1995,,,"재배면적규모별농가,개인농가",재배면적규모별
DT_1NG526,감귤 재배면적규모별 농가 및 면적(개인농가),101041,101,5년,1995,1995,,,"농가,면적",재배면적규모별
DT_1NG527,참다래 재배면적규모별 농가 및 면적(개인농가),101041,101,5년,1995,1995,,,"재배면적규모별농가,면적",재배면적규모별
DT_1NG528,자두 재배면적규모별 농가 및 면적(개인농가),101041,101,5년,1995,1995,,,"재배면적규모별자두농가,개인농가",재배면적규모별
DT_1NG529,대추 재배면적규모별 농가 및 면적(개인농가),101041,101,5년,1995,1995,,,"재배면적규모별농가,면적",재배면적규모별
DT_1NG530,매실 재배면적규모별 농가 및 면적(개인농가),101041,101,5년,1995,1995,,,"재배면적규모별농가,면적",재배면적규모별
DT_1NG531,논벼 수확면적규모별 농가 및 면적(개인농가),101041,101,5년,1990,1990,,,"논벼수확면적규모별농가,개인농가",수확면적규모별
DT_1NG532,콩 수확면적규모별 농가 및 면적(개인농가),101041,101,5년,1990,1990,,,"콩수확면적규모별농가및면적,개인농가에서측정의대상이되는지표는다음과같습니다농가면적",수확면적규모별
DT_1NG533,팥 수확면적규모별 농가 및 면적(개인농가),101041,101,5년,1990,1990,,,"팥수확면적규모별농가,면적",수확면적규모별
DT_1NG534,김장무 수확면적규모별 농가 및 면적(개인농가),101041,101,5년,1990,1990,,,"김장무,농가",수확면적규모별
DT_1NG535,김장배추 수확면적규모별 농가 및 면적(개인농가),101041,101,5년,1990,1990,,,"농가,면적",수확면적규모별
DT_1NG536,고추 수확면적규모별 농가 및 면적(개인농가),101041,101,5년,1990,1990,,,"고추,농가",수확면적규모별
DT_1NG537,마늘 수확면적규모별 농가 및 면적(개인농가),101041,101,5년,1990,1990,,,"농가,면적",수확면적규모별
DT_1NG538,양파 수확면적규모별 농가 및 면적(개인농가),101041,101,5년,1990,1990,,,"양파농가,양파면적",수확면적규모별
DT_1NG539,수박 수확면적규모별 농가 및 면적(개인농가),101041,101,5년,1990,1990,,,"수박농가,면적",수확면적규모별
DT_1NG540,참외 수확면적규모별 농가 및 면적(개인농가),101041,101,5년,1990,1990,,,"참외수확면적규모별농가,면적",수확면적규모별
DT_1NG543,시설원예 면적규모별 농가 및 면적(개인농가),101041,101,5년,1990,1990,,,"농가,면적",면적규모별
DT_1NG544,시설원예작물 재배농가 및 면적(개인농가),101041,101,5년,1990,1990,,,"재배농가,면적",시설별
DT_1NG545,과수 재배면적규모별 농가 및 면적(개인농가),101041,101,5년,1990,1990,,,"농가,면적",재배면적규모별
DT_1NG546,사과 재배면적규모별 농가 및 면적(개인농가),101041,101,5년,1990,1990,,,"재배면적규모별농가,면적",재배면적규모별
DT_1NG547,배 재배면적규모별 농가 및 면적(개인농가),101041,101,5년,1990,1990,,,"배재배면적규모별농가,개인농가",재배면적규모별
DT_1NG548,복숭아 재배면적규모별 농가 및 면적(개인농가),101041,101,5년,1990,1990,,,"복숭아재배농가,복숭아재배면적",재배면적규모별
DT_1NG549,포도 재배면적규모별 농가 및 면적(개인농가),101041,101,5년,1990,1990,,,"포도재배농가,포도재배면적",재배면적규모별
DT_1NG550,단감 재배면적규모별 농가 및 면적(개인농가),101041,101,5년,1990,1990,,,"재배면적규모별농가,면적",재배면적규모별
DT_1NG551,감귤 재배면적규모별 농가 및 면적(개인농가),101041,101,5년,1990,1990,,,"농가,면적",재배면적규모별
DT_1NG552,양다래 재배면적규모별 농가 및 면적(개인농가),101041,101,5년,1990,1990,,,"양다래재배농가,면적",재배면적규모별
DT_1NG553,자두 재배면적규모별 농가 및 면적(개인농가),101041,101,5년,1990,1990,,,"재배면적규모별농가,면적",재배면적규모별
DT_1NG554,겉보리 수확면적규모별 농가 및 면적(개인농가),101041,101,5년,1990,1990,,,"겉보리수확면적규모별농가,개인농가",수확면적규모별
DT_1NG555,쌀보리 수확면적규모별 농가 및 면적(개인농가),101041,101,5년,1990,1990,,,"쌀보리수확면적규모별농가,개인농가",수확면적규모별
DT_1NG556,파 수확면적규모별 농가 및 면적(개인농가),101041,101,5년,1990,1990,,,"파농가,파면적",수확면적규모별
DT_1NG557,기타과수 재배면적규모별 농가 및 면적(개인농가),101041,101,5년,1990,1990,,,"농가,면적",재배면적규모별
DT_1NG558,논벼 수확면적 규모별 농가 및 면적(개인농가),101041,101,5년,1980,1980,,,"논벼수확면적,농가",규모별
DT_1NG559,과수재배면적 규모별 농가 및 면적(개인농가),101041,101,5년,1980,1980,,,"과수재배면적,농가",규모별
DT_1NG560,기타과수 재배면적 규모별 농가 및 면적(개인농가),101041,101,5년,1980,1980,,,"농가,면적",규모별
DT_1NG561,보리 수확면적 규모별 농가 및 면적(개인농가),101041,101,5년,1980,1980,,,"보리수확면적,농가",규모별
DT_1NG562,쌀보리 수확면적 규모별 농가 및 면적(개인농가),101041,101,5년,1980,1980,,,"쌀보리수확면적,농가",규모별
DT_1NG563,콩 수확면적 규모별 농가 및 면적(개인농가),101041,101,5년,1980,1980,,,"콩수확면적,농가",규모별
DT_1NG564,팥 수확면적 규모별 농가 및 면적(개인농가),101041,101,5년,1980,1980,,,"팥수확면적,농가",규모별
DT_1NG565,감자 수확면적 규모별 농가 및 면적(개인농가),101041,101,5년,1980,1980,,,"감자수확면적,농가",규모별
DT_1NG566,고구마 수확면적 규모별 농가 및 면적(개인농가),101041,101,5년,1980,1980,,,"고구마수확면적,농가",규모별
DT_1NG567,김장무우 수확면적 규모별 농가 및 면적(개인농가),101041,101,5년,1980,1980,,,"김장무우수확면적,농가",규모별
DT_1NG568,김장배추 수확면적 규모별 농가 및 면적(개인농가),101041,101,5년,1980,1980,,,"김장배추수확면적,농가",규모별
DT_1NG569,고추 수확면적 규모별 농가 및 면적(개인농가),101041,101,5년,1980,1980,,,"고추수확면적,농가",규모별
DT_1NG570,양파 수확면적 규모별 농가 및 면적(개인농가),101041,101,5년,1980,1980,,,"양파,농가",규모별
DT_1NG571,마늘 수확면적 규모별 농가 및 면적(개인농가),101041,101,5년,1980,1980,,,"마늘수확면적,농가",규모별
DT_1NG572,기타식량작물 수확농가 및 면적(개인농가),101041,101,5년,1980,1980,,,"수확농가,면적",기타식량작물별
DT_1NG574,시설면적규모별 농가 및 면적(개인농가),101041,101,5년,1980,1980,,,"농가,면적",시설면적규모별
DT_1NG575,시설작물 재배농가 및 면적(개인농가),101041,101,5년,1980,1980,,,"재배농가,면적",시설별
DT_1NG576,사과 수목수 규모별 농가와 면적 및 수목수(개인농가),101041,101,5년,1980,1980,,,농가,규모별
DT_1NG577,배 수목수 규모별 농가와 면적 및 수목수(개인농가),101041,101,5년,1980,1980,,,농가,규모별
DT_1NG578,복숭아 수목수 규모별 농가와 면적 및 수목수(개인농가),101041,101,5년,1980,1980,,,"복숭아수목수,농가",규모별
DT_1NG579,포도 수목수 규모별 농가와 면적 및 수목수(개인농가),101041,101,5년,1980,1980,,,농가,규모별
DT_1NG580,감 수목수 규모별 농가와 면적 및 수목수(개인농가),101041,101,5년,1980,1980,,,농가,규모별
DT_1NG581,감귤 수목수 규모별 농가와 면적 및 수목수(개인농가),101041,101,5년,1980,1980,,,"농가,면적,수목수",규모별
DT_1NG582,기타채소 수확농가 및 면적(개인농가),101041,101,5년,1980,1980,,,"기타채소수확농가,면적",행정구역별
DT_1NG583,기타 채소·특용작용 수확농가 및 면적(개인농가),101041,101,5년,1980,1980,,,"수확농가,면적",채소특용작물별
DT_1NG584,특용·사료작물 수확농가 및 면적(개인농가),101041,101,5년,1980,1980,,,"특용사료작물수확농가,면적",특용사료작물별
DT_1NG585,기타주요작물 수확농가수 및 면적(개인농가),101041,101,5년,1995,1995,,,"수확농가수,면적",기타주요작물별
DT_1NG586,기타주요작물 수확농가 및 면적(개인농가),101041,101,5년,1990,1990,,,"수확농가,면적",
DT_1NG587,기타작물 수확농가(개인농가),101041,101,5년,1995,1995,,,"기타작물,농가",기타작물별
DT_1NG588,기타작물 수확농가(개인농가),101041,101,5년,1990,1990,,,"기타작물,농가",품목별
DT_1NG601,한육우 사육규모별 농가 및 마리(개인농가),101041,101,5년,1995,1995,,,"농가,마리",사육규모별
DT_1NG602,젖소 사육규모별 농가 및 마리(개인농가),101041,101,5년,1995,1995,,,"젖소,농가",사육규모별
DT_1NG603,돼지 사육규모별 농가 및 마리(개인농가),101041,101,5년,1995,1995,,,"농가,돼지",사육규모별
DT_1NG606,기타가축 사육농가 및 마리(개인농가),101041,101,5년,1995,1995,,,"기타가축사육농가,마리",
DT_1NG607,한육우 사육규모별 농가 및 마리(개인농가),101041,101,5년,1990,1990,,,"한육우,농가",사육규모별
DT_1NG608,젖소 사육규모별 농가 및 마리(개인농가),101041,101,5년,1990,1990,,,"젖소,농가",사육규모별
DT_1NG609,돼지 사육규모별 농가 및 마리(개인농가),101041,101,5년,1990,1990,,,"농가,돼지",사육규모별
DT_1NG60A,"닭 사육규모별, 용도별 농가 및 마리수(개인농가)",101041,101,5년,1995,1995,,,"농가,마리수","사육규모별,용도별"
DT_1NG610,닭 사육규모별 농가 및 마리(개인농가),101041,101,5년,1990,1990,,,농가,사육규모별
DT_1NG611,닭 용도별 마리(개인농가),101041,101,5년,1990,1990,,,마리,용도별
DT_1NG613,"한육우, 젖소, 돼지 연령별 성별 마리(개인농가)",101041,101,5년,1990,1990,,,"한육우,젖소,돼지","연령별,성별"
DT_1NG614,누에고치 생산규모별 농가 및 산견량(개인농가),101041,101,5년,1990,1990,,,"누에고치,농가",생산규모별
DT_1NG61A,닭 사육규모별 농가 및 연령별 용도별 마리(개인농가),101041,101,5년,1980,1980,,,"농가,개인농가,마리","사육규모별,연령별,용도별"
DT_1NG622,누에 산견량 규모별 농가와 소잠량 및 산견량(개인농가),101041,101,5년,1980,1980,,,"농가,개인농가",규모별
DT_1NG625,한우 사육규모별 농가 및 연령별 성별 마리(개인농가),101041,101,5년,1980,1980,,,"한우농가,개인농가,마리","사육규모별,연령별,성별"
DT_1NG626,젖소 사육규모별 농가 및 연령별 성별 마리(개인농가),101041,101,5년,1980,1980,,,"젖소,농가","사육규모별,연령별,성별"
DT_1NG627,돼지 사육규모별 농가 및 연령별 성별 마리(개인농가),101041,101,5년,1980,1980,,,"농가,개인농가,돼지","사육규모별,연령별,성별"
DT_1NG628,고기소 사육규모별 농가 및 연령별 성별 마리(개인농가),101041,101,5년,1980,1980,,,"고기소농가,개인농가","사육규모별,연령별,성별"
DT_1NG629,기타가축 사육농가 및 마리(개인농가),101041,101,5년,1990,1990,,,"기타가축사육농가,기타가축",
DT_1NG630,기타가축 사육농가 및 마리(개인농가),101041,101,5년,1980,1980,,,"기타가축사육농가,마리",
DT_1NG701,농기계 보유농가 및 보유대수(개인농가),101041,101,5년,1995,1995,,,"보유농가,보유대수",보유형태별
DT_1NG702,논벼수확농가의 농기계 보유현황(개인농가),101041,101,5년,1995,1995,,,"논벼수확농가,농기계",농기계보유현황별
DT_1NG703,농기계 보유농가 및 보유대수(개인농가),101041,101,5년,1990,1990,,,"보유농가,보유대수",보유농가별
DT_1NG704,농기계 보유농가 및 보유대수(개인농가),101041,101,5년,1980,1980,,,"보유농가,보유대수",보유형태별
DT_1NG801,농축산물 판매금액규모별  농가(개인농가),101041,101,5년,1995,1995,,,농가,판매금액규모별
DT_1NG802,농축산물 판매방법별  농가(개인농가),101041,101,5년,1995,1995,,,농가,판매방법별
DT_1NG901,경지 및 목초지면적(준농가),101041,101,5년,1995,1995,,,"경지및목초지면적,준농가",
DT_1NG902,한육우 사육규모별 농가 및 마리(준농가),101041,101,5년,1995,1995,,,"농가,마리",사육규모별
DT_1NG903,젖소 사육규모별 농가 및 마리(준농가),101041,101,5년,1995,1995,,,"젖소,농가",사육규모별
DT_1NG904,돼지 사육규모별 농가 및 마리(준농가),101041,101,5년,1995,1995,,,"농가,준농가,돼지",사육규모별
DT_1NG907,기타가축 사육농가 및 마리(준농가),101041,101,5년,1995,1995,,,"기타가축사육농가,기타가축",
DT_1NG908,농기계 보유농가 및 보유대수(준농가),101041,101,5년,1995,1995,,,"농기계,보유농가,보유대수",행정구역별
DT_1NG909,경지 및 목초지면적(준농가),101041,101,5년,1990,1990,,,"경지및목초지면적,준농가",
DT_1NG90A,"닭 사육규모별, 용도별 농가 및 마리수(준농가)",101041,101,5년,1995,1995,,,"농가,마리수","사육규모별,용도별"
DT_1NG910,한육우 사육규모별 농가 및 마리(준농가),101041,101,5년,1990,1990,,,"한육우,농가",사육규모별
DT_1NG911,젖소 사육규모별 농가 및 마리(준농가),101041,101,5년,1990,1990,,,"젖소,농가",사육규모별
DT_1NG912,돼지 사육규모별 농가 및 마리(준농가),101041,101,5년,1990,1990,,,"농가,준농가,돼지",사육규모별
DT_1NG913,닭 사육규모별 농가 및 마리(준농가),101041,101,5년,1990,1990,,,농가,사육규모별
DT_1NG914,닭 용도별 마리(준농가),101041,101,5년,1990,1990,,,마리,용도별
DT_1NG916,농기계 보유농가 및 보유대수(준농가),101041,101,5년,1990,1990,,,"보유농가,보유대수",행정구역별
DT_1NG917,"한육우,젖소,돼지 연령별 성별 마리(준농가)",101041,101,5년,1990,1990,,,마리,"연령별,성별"
DT_1NG918,기타가축 사육농가 및 마리(준농가),101041,101,5년,1990,1990,,,"기타가축사육농가,기타가축",기타가축별
DT_1NGA101,시도별 농가 및 농가인구,101041,101,5년,1985,1985,,,"농가,농가인구",행정구역별
DT_1NGA102,"시도/전,겸업별 농가",101041,101,5년,1985,1985,,,농가,"시도별,전겸업별"
DT_1NGA103,시도/경지규모별 농가,101041,101,5년,1985,1985,,,농가,"시도별,경지규모별"
DT_1NGA104,"시도/경영주성,연령별 농가",101041,101,5년,1985,1985,,,농가,"경영주성별,연령별"
DT_1NGA105,시도/경영주 학력별 농가,101041,101,5년,1985,1985,,,농가,경영주학력별
DT_1NGA106,시도/영농후계자 연령별 농가,101041,101,5년,1985,1985,,,농가,연령별
DT_1NGA107,시도/영농후계자 학력별 농가,101041,101,5년,1985,1985,,,농가,학력별
DT_1NGA108,시도/영농후계자 종사분야 및 거주지별 농가,101041,101,5년,1985,1985,,,"영농후계자,농가","종사지역별,영농후계자거주지별"
DT_1NGA109,시도/영농형태별 농가,101041,101,5년,1985,1985,,,농가,"시도별,영농형태별"
DT_1NGA201,시도/연령/성별 농가인구,101041,101,5년,1985,1985,,,농가인구,"시도별,연령별,성별"
DT_1NGA202,"시도/전,겸업별 농가인구",101041,101,5년,1985,1985,,,농가인구,"시도별,전,겸업별"
DT_1NGA203,시도/취업별 14세 이상 농가인구,101041,101,5년,1985,1985,,14세 이상,농가인구,"시도별,취업별"
DT_1NGA204,시도/취업별 전업농가 14세이상 인구,101041,101,5년,1985,1985,,14세이상,"전업농가,인구","시도별,취업별"
DT_1NGA205,시도/취업별 겸업농가 14세이상 인구,101041,101,5년,1985,1985,,14세이상,"겸업농가,인구","시도별,취업별"
DT_1NGA206,시도(연령)/농업종사기간별 14세 이상 농가인구,101041,101,5년,1985,1985,,14세 이상,농가인구,"행정구역별,연령별,농업종사기간별"
DT_1NGA207,시도(연령)/겸업종사기간별 14세 이상 농가인구,101041,101,5년,1985,1985,,14세 이상,농가인구,"행정구역별,연령별,겸업종사기간별"
DT_1NGA208,시도/학력별 14세 이상 인구,101041,101,5년,1985,1985,,14세 이상,인구,"시도별,학력별"
DT_1NGA301,"시도/면적규모별 논,일모작,이모작 농가",101041,101,5년,1985,1985,,,"논농가,일모작농가,이모작농가","시도별,면적규모별"
DT_1NGA302,"시도/면적규모별 밭,수원지,농지개량조합답,수리안전답·불안전답,과수원",101041,101,5년,1985,1985,,,"밭,수원지,농지개량조합답,수리안전답불안전답,과수원","행정구역별,면적규모별"
DT_1NGA303,"시도/면적규모별 뽕밭,관상수,묘포 농가",101041,101,5년,1985,1985,,,농가,"행정구역별,면적규모별"
DT_1NGA304,시도/면적규모별 시설농가,101041,101,5년,1985,1985,,,시설농가,"시도별,면적규모별"
DT_1NGA401,"시도/면적규모별 논벼,밭벼,겉보리,쌀보리,맥주보리 수확농가",101041,101,5년,1985,1985,,,"논벼,밭벼,겉보리,쌀보리,맥주보리수확농가","행정구역별,작물별"
DT_1NGA402,시도/면적규모별 콩 수확농가,101041,101,5년,1985,1985,,,콩수확농가,"시도별,면적규모별"
DT_1NGA403,시도별 기타식량작물 수확농가,101041,101,5년,1985,1985,,,기타식량작물수확농가,행정구역별
DT_1NGA404,"시도/면적규모별 감자,고구마,김장무우,김장배추,고추,양파,마늘",101041,101,5년,1985,1985,,,"감자,고구마,김장무우,김장배추,고추,양파,마늘","행정구역별,작물별"
DT_1NGA405,시도별 기타채소 수확농가,101041,101,5년,1985,1985,,,기타채소수확농가,행정구역별
DT_1NGA406,시도별 특용·약용사료작물 수확 농가,101041,101,5년,1985,1985,,,특용약용사료작물수확농가,행정구역별
DT_1NGA407,"시도/수목수 규모별 사과,배,복숭아,포도,단감,떫은감 농가",101041,101,5년,1985,1985,,,농가,규모별
DT_1NGA501,"시도/사육규모별 한육우,젖소 농가 및 마리수",101041,101,5년,1985,1985,,,"한육우농가,젖소농가,한육우,젖소","시도별,사육규모별"
DT_1NGA502,시도/연령/성별 한육우 마리수,101041,101,5년,1985,1985,,,한육우,"시도별,연령별,성별"
DT_1NGA503,"시도,두수/연령별  젖소 마리수",101041,101,5년,1985,1985,,,젖소,연령별
DT_1NGA504,시도/사육규모별 돼지농가 및 마리수,101041,101,5년,1985,1985,,,"돼지농가,마리수","시도별,사육규모별"
DT_1NGA505,"시도/월령,성별 돼지 마리수",101041,101,5년,1985,1985,,,돼지,"행정구역별,성별"
DT_1NGA506,시도/사육규모별 닭 농가 및 마리수,101041,101,5년,1985,1985,,,"닭농가,마리수","행정구역별,사육규모별"
DT_1NGA507,"시도/월령,용도별 마리수",101041,101,5년,1985,1985,,,마리수,"시도별,월령용도별"
DT_1NGA601,시도별 문화용품보유농가,101041,101,5년,1985,1985,,,문화용품보유농가,행정구역별
DT_1NGA602,시도별 문화용품보유현황,101041,101,5년,1985,1985,,,문화용품보유현황,행정구역별
DT_1NGA701,시도별 동력농기계 보유농가 및 보유대수,101041,101,5년,1985,1985,,,"동력농기계,보유농가",시도별
DT_1NGB101,"행정구역(경지규모,영농형태,전·겸업)/가구원수별 농가",101041,101,5년,1975,1975,,,농가,"행정구역별,경지규모별,영농형태별,전겸업별,가구원수별"
DT_1NGB102,"행정구역(영농형태,전·겸업)/경지규모별 농가",101041,101,5년,1975,1975,,,농가,"행정구역별,영농형태별,경지규모별"
DT_1NGB103,"행정구역(경지규모)/전겸업,영농형태별 농가",101041,101,5년,1975,1975,,,농가,"행정구역별,전겸업영농형태별"
DT_1NGB104,"행정구역(경지규모,영농형태,전·겸업)/경영주연령별 농가",101041,101,5년,1975,1975,,,농가,"행정구역별,경영주연령별"
DT_1NGB105,"행정구역(경지규모,영농형태,전·겸업)/경지차용비율 농가",101041,101,5년,1975,1975,,,행정구역농가,행정구역별
DT_1NGB106,시도/지붕개량 및 연료종류별 사용농가,101041,101,5년,1975,1975,,,사용농가,"시도별,지붕개량및연료종류별"
DT_1NGB107,"행정구역(경지규모,영농형태,전·겸업)별 문화시설 보유농가",101041,101,5년,1975,1975,,,문화시설보유농가,행정구역별
DT_1NGB201,연령/성별 농가인구,101041,101,5년,1975,1975,,,농가인구,"연령별,성별"
DT_1NGB202,"행정구역(경지규모,영농형태,전·겸업)/연령별 농가인구",101041,101,5년,1975,1975,,,"행정구역,경지규모,영농형태,전겸업,농가인구","행정구역별,연령별"
DT_1NGB203,"행정구역(경지규모,영농형태)/전,겸업별 농가인구",101041,101,5년,1975,1975,,,농가인구,"행정구역별,전겸업별"
DT_1NGB204,"행정구역(경지규모,영농형태,전·겸업,연령)/취업별 14세이상 농",101041,101,5년,1975,1975,,14세이상,농가,"행정구역별,취업별"
DT_1NGB205,"행정구역(경지규모,영농형태,전·겸업,연령)/농업종사기간별 농가인구(14세",101041,101,5년,1975,1975,,,농가인구,"행정구역별,경지규모별,영농형태별,전겸업별,연령별,농업종사기간별"
DT_1NGB206,"행정구역(경지규모,영농형태,전·겸업,연령)/겸업종사기간별 농가인구(14세",101041,101,5년,1975,1975,,,농가인구,"행정구역별,겸업종사기간별"
DT_1NGB301,"행정구역(경지규모,영농형태,전·겸업)별 경지면적 및 경지보유 농가",101041,101,5년,1975,1975,,,"경지면적,농가","행정구역별,경지규모별,영농형태별,전겸업별"
DT_1NGB302,"행정구역(영농형태,전·겸업)/면적규모별 경지면적",101041,101,5년,1975,1975,,,경지면적,"행정구역별,영농형태별,면적규모별"
DT_1NGB303,"행정구역/면적규모별 논,밭,수원지 농가",101041,101,5년,1975,1975,,,농가,"행정구역별,면적규모별"
DT_1NGB304,"시도(경지규모,영농형태)/경지보유형태별 농가 및 면적",101041,101,5년,1975,1975,,,"농가,경지면적","행정구역별,경지보유형태별"
DT_1NGB305,시도(영농형태)/논보유형태별 농가 및 면적,101041,101,5년,1975,1975,,,"농가,면적","행정구역별,영농형태별,논보유형태별"
DT_1NGB306,시도(영농형태)/밭보유형태별 농가 및 면적,101041,101,5년,1975,1975,,,"농가,밭면적","행정구역별,영농형태별,밭보유형태별"
DT_1NGB307,"시도(경지규모,영농형태)/수원지 보유형태별 농가 및 면적",101041,101,5년,1975,1975,,,"농가,면적",수원과보유형태별
DT_1NGB308,"시도(경지규모,영농형태)/경지규모별 차용농가 및 면적",101041,101,5년,1975,1975,,,"차용농가,면적","행정구역별,경지규모별"
DT_1NGB309,"시도(경지규모,영농형태)/경지규모별 소유농가 및 면적",101041,101,5년,1975,1975,,,"소유농가,면적","행정구역별,경지규모별"
DT_1NGB401,시도/면적규모별 논벼수확농가 및 수확면적,101041,101,5년,1975,1975,,,"논벼수확농가,수확면적","시도별,면적규모별"
DT_1NGB402,시도/면적규모별 밭벼수확농가 및 수확면적,101041,101,5년,1975,1975,,,"밭벼수확농가,수확면적","시도별,면적규모별"
DT_1NGB403,시도/면적규모별 보리수확농가 및 수확면적,101041,101,5년,1975,1975,,,"보리수확농가,수확면적","행정구역별,면적규모별"
DT_1NGB404,시도/면적규모별 쌀보리수확농가 및 수확면적,101041,101,5년,1975,1975,,,"쌀보리수확농가,수확면적","시도별,면적규모별"
DT_1NGB405,시도/면적규모별 밀수확농가 및 수확면적,101041,101,5년,1975,1975,,,"밀수확농가,수확면적","행정구역별,면적규모별"
DT_1NGB406,시도/면적규모별 조수확농가 및 수확면적,101041,101,5년,1975,1975,,,"조수확농가,수확면적","시도별,면적규모별"
DT_1NGB407,시도/면적규모별 옥수수수확농가 및 수확면적,101041,101,5년,1975,1975,,,"옥수수수확농가,수확면적","시도별,면적규모별"
DT_1NGB408,시도/면적규모별 콩수확농가 및 수확면적,101041,101,5년,1975,1975,,,"콩수확농가,수확면적","시도별,면적규모별"
DT_1NGB409,시도/면적규모별 고구마수확농가 및 수확면적,101041,101,5년,1975,1975,,,"고구마수확농가,수확면적","시도별,면적규모별"
DT_1NGB410,시도/면적규모별 감자수확농가 및 수확면적,101041,101,5년,1975,1975,,,"감자수확농가,수확면적","시도별,면적규모별"
DT_1NGB411,시도별 기타식량작물수확농가 및 면적,101041,101,5년,1975,1975,,,"기타식량작물수확농가,면적",행정구역별
DT_1NGB412,"시도별 특용작물,채소수확농가 및 면적",101041,101,5년,1975,1975,,,"특용작물채소수확농가,면적",행정구역별
DT_1NGB501,"행정구역/사육규모별 한우,젖소,고기소 농가 및 마리수",101041,101,5년,1975,1975,,,"한우농가,젖소농가,고기소농가,한우,젖소,고기소","행정구역별,사육규모별"
DT_1NGB502,"행정구역/연령/성별 한우,젖소,고기소 마리수",101041,101,5년,1975,1975,,,"한우,젖소,고기소","행정구역별,연령별,성별"
DT_1NGB503,"행정구역/품종별 젖소,고기소 마리수",101041,101,5년,1975,1975,,,"젖소,고기소","행정구역별,품종별"
DT_1NGB504,행정구역/사육규모별 돼지농가 및 마리수,101041,101,5년,1975,1975,,,"돼지농가,돼지","행정구역별,사육규모별"
DT_1NGB505,"행정구역/연령,성,품종별 마리수",101041,101,5년,1975,1975,,,마리수,"행정구역별,연령별,성별,품종별"
DT_1NGB506,행정구역/사육규모별 닭 농가 및 마리수,101041,101,5년,1975,1975,,,"닭농가,마리수","행정구역별,사육규모별"
DT_1NGB507,"행정구역/연령,성,용도별 마리수",101041,101,5년,1975,1975,,,마리수,"행정구역별,연령별,성별,용도별"
DT_1NGC101,법적형태별 및 경지규모별 농가,101041,101,5년,1970,1970,,,농가,"법적형태별,경지규모별"
DT_1NGC102,전·겸업별 농가,101041,101,5년,1970,1970,,,농가,전겸업별
DT_1NGC103,제1종겸업종류별 농가,101041,101,5년,1970,1970,,,농가,제1종겸업종류별
DT_1NGC104,제2종겸업종류별 농가,101041,101,5년,1970,1970,,,농가,제2종겸업종류별
DT_1NGC105,영농형태별 농가,101041,101,5년,1970,1970,,,농가,영농형태별
DT_1NGC106,가구원수별 농가,101041,101,5년,1970,1970,,,농가,가구원수별
DT_1NGC107,경영주연령별 농가,101041,101,5년,1970,1970,,,농가,경영주연령별
DT_1NGC108,농산물 판매액별 농가,101041,101,5년,1970,1970,,,"농가,농산물판매액",판매액별
DT_1NGC109,쌀판매액별 농가,101041,101,5년,1970,1970,,,농가,쌀판매액별
DT_1NGC110,맥류판매액별 농가,101041,101,5년,1970,1970,,,농가,맥류판매액별
DT_1NGC111,기타곡류판매액별 농가,101041,101,5년,1970,1970,,,농가,기타곡류판매액별
DT_1NGC112,채소판매액별 농가,101041,101,5년,1970,1970,,,농가,채소판매액별
DT_1NGC113,축산물판매액별 농가,101041,101,5년,1970,1970,,,농가,축산물판매액별
DT_1NGC114,잠견판매액별 농가,101041,101,5년,1970,1970,,,농가,잠견판매액별
DT_1NGC115,과실판매액별 농가,101041,101,5년,1970,1970,,,농가,과실별
DT_1NGC116,특용작물판매액별 농가,101041,101,5년,1970,1970,,,농가,특용작물별
DT_1NGC117,시설작물판매액별 농가,101041,101,5년,1970,1970,,,농가,시설작물판매액별
DT_1NGC118,경영주학력별 농가,101041,101,5년,1970,1970,,,농가,경영주학력별
DT_1NGC119,농업종사인원별 농가,101041,101,5년,1970,1970,,,농가,농업종사인원별
DT_1NGC120,논 비율별 농가,101041,101,5년,1970,1970,,,농가,논비율별
DT_1NGC121,밭 비율별 농가,101041,101,5년,1970,1970,,,농가,밭비율별
DT_1NGC122,경지차용비율별 농가,101041,101,5년,1970,1970,,,농가,경지차용비율별
DT_1NGC201,연령 및 성별 농가인구,101041,101,5년,1970,1970,,,농가인구,"성별,연령별"
DT_1NGC202,14세이상 취업별 성별 농가인구,101041,101,5년,1970,1970,,14세이상,"농가인구,성별","취업별,성별"
DT_1NGC205,전업농가 14세이상 취업별 성별 인구,101041,101,5년,1970,1970,,14세이상,"전업농가,인구","취업별,성별"
DT_1NGC206,제1종겸업농가 14세이상 취업별 성별 인구,101041,101,5년,1970,1970,,14세이상,"제1종겸업농가,인구,성별","취업별,성별"
DT_1NGC209,제2종겸업농가 14세이상 취업별 성별 인구,101041,101,5년,1970,1970,,14세이상,"제2종겸업농가,성별인구","취업별,성별"
DT_1NGC212,연령별 성별 농업종사일별 농업인구,101041,101,5년,1970,1970,,,농업인구,"연령별,성별,농업종사자별"
DT_1NGC215,교육정도 및 성별 14세이상인구,101041,101,5년,1970,1970,,14세이상,"교육정도,성별인구",성별
DT_1NGC216,겸업농가 겸업종사기간별 성별 14세이상인구,101041,101,5년,1970,1970,,14세이상,"겸업농가,성별인구","겸업종사기간별,성별"
DT_1NGC219,제1종겸업농가 겸업종사기간별 성별 14세이상인구,101041,101,5년,1970,1970,,14세이상,"제1종겸업농가,성별인구","겸업종사기간별,성별"
DT_1NGC222,제2종겸업농가 겸업종사기간별 성별 14세이상인구,101041,101,5년,1970,1970,,14세이상,"제2종겸업농가,성별인구","겸업종사기간별,성별"
DT_1NGC301,경지면적 및 목초지,101041,101,5년,1970,1970,,,"경지면적,목초지",
DT_1NGC302,논 이용형태별 농가 및 면적,101041,101,5년,1970,1970,,,"농가,면적",이용형태별
DT_1NGC303,밭 이용형태별 농가 및 면적,101041,101,5년,1970,1970,,,"농가,면적",밭이용형태별
DT_1NGC304,수원지 이용형태별 농가 및 면적,101041,101,5년,1970,1970,,,"농가,면적",이용형태별
DT_1NGC305,논 면적규모별 농가 및 면적,101041,101,5년,1970,1970,,,"농가,면적",면적규모별
DT_1NGC306,밭 면적규모별 농가 및 면적,101041,101,5년,1970,1970,,,"농가,밭면적",면적규모별
DT_1NGC307,수원지 면적규모별 농가 및 면적,101041,101,5년,1970,1970,,,"농가,면적",면적규모별
DT_1NGC308,경지 보유형태별 농가 및 면적,101041,101,5년,1970,1970,,,"농가,면적",경지보유형태별
DT_1NGC309,논 보유형태별 농가 및 면적,101041,101,5년,1970,1970,,,"농가,면적",보유형태별
DT_1NGC310,밭 보유형태별 농가 및 면적,101041,101,5년,1970,1970,,,"농가,밭면적",보유형태별
DT_1NGC311,수원지 보유형태별 농가 및 면적,101041,101,5년,1970,1970,,,"농가,면적",보유형태별
DT_1NGC312,차용경지 형태별 농가 및 면적,101041,101,5년,1970,1970,,,"농가,면적",형태별
DT_1NGC313,경지정리 논 면적규모별 농가 및 면적,101041,101,5년,1970,1970,,,"농가,면적",면적규모별
DT_1NGC314,목초지 면적규모별 농가 및 면적,101041,101,5년,1970,1970,,,"농가,면적",면적규모별
DT_1NGC401,논벼 수확면적규모별 농가 및 판매농가와 수확면적,101041,101,5년,1970,1970,,,"논벼,농가,수확면적",수확면적규모별
DT_1NGC402,밭벼 수확면적규모별 농가 및 판매농가와 수확면적,101041,101,5년,1970,1970,,,"농가,판매농가,수확면적",수확면적규모별
DT_1NGC403,보리 수확면적규모별 농가 및 판매농가와 수확면적,101041,101,5년,1970,1970,,,"보리,농가,수확면적",수확면적규모별
DT_1NGC404,쌀보리 수확면적규모별 농가 및 판매농가와 수확면적,101041,101,5년,1970,1970,,,"쌀보리수확면적,농가",수확면적규모별
DT_1NGC405,밀 수확면적규모별 농가 및 판매농가와 수확면적,101041,101,5년,1970,1970,,,"농가,판매농가,수확면적",수확면적규모별
DT_1NGC406,조 수확면적규모별 농가 및 판매농가와 수확면적,101041,101,5년,1970,1970,,,"농가,판매농가,수확면적",수확면적규모별
DT_1NGC407,옥수수 수확면적규모별 농가 및 판매농가와 수확면적,101041,101,5년,1970,1970,,,"옥수수수확면적,농가",수확면적규모별
DT_1NGC408,콩 수확면적규모별 농가 및 판매농가와 수확면적,101041,101,5년,1970,1970,,,"콩수확면적규모별농가,판매농가,수확면적",수확면적규모별
DT_1NGC409,팥 수확면적규모별 농가 및 판매농가와 수확면적,101041,101,5년,1970,1970,,,"농가,판매농가,수확면적",수확면적규모별
DT_1NGC410,고구마 수확면적규모별 농가 및 판매농가와 수확면적,101041,101,5년,1970,1970,,,"농가,판매농가,수확면적",수확면적규모별
DT_1NGC411,감자 수확면적규모별 농가 및 판매농가와 수확면적,101041,101,5년,1970,1970,,,"감자수확면적,농가",수확면적규모별
DT_1NGC415,배추 수확면적규모별 농가 및 판매농가와 수확면적,101041,101,5년,1970,1970,,,"배추,농가,판매농가",수확면적규모별
DT_1NGC416,무우 수확면적규모별 농가 및 판매농가와 수확면적,101041,101,5년,1970,1970,,,"무우수확면적,농가",수확면적규모별
DT_1NGC417,양배추 수확면적규모별 농가 및 판매농가와 수확면적,101041,101,5년,1970,1970,,,"양배추,농가",수확면적규모별
DT_1NGC418,고추 수확면적규모별 농가 및 판매농가와 수확면적,101041,101,5년,1970,1970,,,"농가,판매농가,수확면적",수확면적규모별
DT_1NGC419,마늘 수확면적규모별 농가 및 판매농가와 수확면적,101041,101,5년,1970,1970,,,"농가,판매농가,수확면적",수확면적규모별
DT_1NGC420,파 수확면적규모별 농가 및 판매농가와 수확면적,101041,101,5년,1970,1970,,,"농가,판매농가,수확면적",수확면적규모별
DT_1NGC421,양파 수확면적규모별 농가 및 판매농가와 수확면적,101041,101,5년,1970,1970,,,"양파,농가",수확면적규모별
DT_1NGC422,과수 재배면적규모별 농가 및 면적,101041,101,5년,1970,1970,,,"농가,면적",재배면적규모별
DT_1NGC423,사과 재배농가 및 면적과 수목수,101041,101,5년,1970,1970,,,"재배농가,면적,수목수",
DT_1NGC424,배 재배농가 및 면적과 수목수,101041,101,5년,1970,1970,,,"배재배농가,면적,수목수",
DT_1NGC425,복숭아 재배농가 및 면적과 수목수,101041,101,5년,1970,1970,,,"재배농가,면적,수목수",행정구역별
DT_1NGC426,포도 재배농가 및 면적과 수목수,101041,101,5년,1970,1970,,,"재배농가,면적,수목수",행정구역별
DT_1NGC427,감 재배농가 및 면적과 수목수,101041,101,5년,1970,1970,,,"재배농가,면적,수목수",
DT_1NGC428,밤 재배농가 및 면적과 수목수,101041,101,5년,1970,1970,,,"재배농가,면적,수목수",
DT_1NGC429,귤 재배농가 및 면적과 수목수,101041,101,5년,1970,1970,,,"재배농가,면적,수목수",행정구역별
DT_1NGC430,기타과수 재배농가와 재배면적,101041,101,5년,1970,1970,,,"재배농가,재배면적",
DT_1NGC431,시설작물 재배농가와 시설면적,101041,101,5년,1970,1970,,,"재배농가,시설면적",시설작물별
DT_1NGC432,시설작물 수확농가와 수확면적,101041,101,5년,1970,1970,,,"시설작물,수확농가,수확면적",시설작물별
DT_1NGC433,기타곡류 수확농가 및 판매농가와 수확면적,101041,101,5년,1970,1970,,,"수확농가,판매농가,수확면적",
DT_1NGC434,특용작물과 사료작물 수확농가 및 판매농가와 수확면적,101041,101,5년,1970,1970,,,"수확농가,판매농가,수확면적","수확농가별,판매농가별,수확면적별"
DT_1NGC501,한우 사육농가와 연령별 성별 마리,101041,101,5년,1970,1970,,,"한우사육농가,성별,마리","연령별,성별"
DT_1NGC502,젖소 사육농가와 연령별 성별 마리,101041,101,5년,1970,1970,,,"젖소사육농가,성별,마리","연령별,성별"
DT_1NGC503,고기소 사육농가와 연령별 성별 마리,101041,101,5년,1970,1970,,,"고기소,사육농가,마리","연령별,성별"
DT_1NGC504,돼지 사육농가와 연령별 성별 마리,101041,101,5년,1970,1970,,,"돼지사육농가,성별,마리","사육농가별,연령별,성별"
DT_1NGC505,토끼 사육농가와 품종별 마리,101041,101,5년,1970,1970,,,"토끼사육농가,품종별마리",품종별
DT_1NGC506,산양 사육농가와 품종별 마리,101041,101,5년,1970,1970,,,"산양,사육농가,품종별마리",품종별
DT_1NGC507,닭 사육농가와 규모별 사육마리,101041,101,5년,1970,1970,,,"닭사육농가,사육마리",규모별
DT_1NGC508,닭 사육농가 및 마리와 산란량,101041,101,5년,1970,1970,,,"닭사육농가,마리,산란량",
DT_1NGC509,육계 판매농가와 마리,101041,101,5년,1970,1970,,,"육계판매농가,마리",
DT_1NGC510,면양 사육농가와 마리,101041,101,5년,1970,1970,,,"면양,사육농가",사육농가별
DT_1NGC511,양봉 사양농가와 통수,101041,101,5년,1970,1970,,,"양봉사양농가,통수",
DT_1NGC512,누에 사양농가와 소잠량 및 산견량,101041,101,5년,1970,1970,,,"누에사양농가,소잠량,산견량",누에사육농가별
DT_1NGC601,논 관개시설별 면적,101041,101,5년,1970,1970,,,면적,관개시설별
DT_1NGC602,관개안전답면적과 규모별 농가,101041,101,5년,1970,1970,,,"관개안전답면적,농가",규모별
DT_1NGC603,관개불안전답면적과 규모별 농가,101041,101,5년,1970,1970,,,농가,규모별
DT_1NGC604,농지개량조합답 면적과 규모별 농가,101041,101,5년,1970,1970,,,농가,규모별
DT_1NGC605,수리안전답 면적과 규모별 농가,101041,101,5년,1970,1970,,,농가,규모별
DT_1NGC606,수리불안전답 면적과 규모별 농가,101041,101,5년,1970,1970,,,농가,규모별
DT_1NGC607,천수답 면적과 규모별 농가,101041,101,5년,1970,1970,,,농가,규모별
DT_1NGC707,분무기·살분기 보유상황 및 차용농가,101041,101,5년,1970,1970,,,"분무기살분기,농가",분류기준없음
DT_1NGC708,탈곡기·양수기 보유상황 및 차용농가,101041,101,5년,1970,1970,,,"탈곡기,양수기,차용농가",
DT_1NGC709,경운기·우마차·손수레·새끼기계 보유상황 및 차용농가,101041,101,5년,1970,1970,,,"경운기,우마차,손수레,새끼기계,차용농가","보유상황별,차용농가별"
DT_1NGC710,가마니기계·제초기·절단기 보유상황 및 차용농가,101041,101,5년,1970,1970,,,"가마니기계제초기절단기,차용농가",
DT_1NGC711,원동기 보유상황 및 마력,101041,101,5년,1970,1970,,,원동기,원동기보유상황및마력별
DT_1NGD101,법적형태별 농가수(총농가),101041,101,5년,1960,1960,,,농가수,법적형태별
DT_1NGD102,경지규모별 농가수(총농가),101041,101,5년,1960,1960,,,농가수,경지규모별
DT_1NGD103,"영농형태별,보유형태별 농가수(총농가)",101041,101,5년,1960,1960,,,농가수,"영농형태별,보유형태별"
DT_1NGD104,단지수별 농가수(총농가),101041,101,5년,1960,1960,,,농가수,단지수별
DT_1NGD105,경영지 면적 및 농가수(총농가),101041,101,5년,1960,1960,,,"경영지면적,농가수",
DT_1NGD106,논 이용종별 면적 및 농가수(총농가),101041,101,5년,1960,1960,,,"면적,농가수",이용종별
DT_1NGD107,밭 이용종별 면적 및 농가수(총농가),101041,101,5년,1960,1960,,,"밭,농가",이용종별
DT_1NGD108,수원지 이용종별 면적 및 농가수(총농가),101041,101,5년,1960,1960,,,"면적,농가수",이용종별
DT_1NGD109,논 관개시설별 면적 및 농가수(총농가),101041,101,5년,1960,1960,,,"면적,농가수",관개시설별
DT_1NGD110,소유별 경지면적 및 농가수(총농가),101041,101,5년,1960,1960,,,"경지면적,농가수",소유별
DT_1NGD111,"미곡,대맥,나맥 수확면적, 수확량 및 농가수(총농가)",101041,101,5년,1960,1960,,,"미곡,대맥,나맥수확면적,수확량,농가수",품목별
DT_1NGD112,"소맥,밤,대두,소두 수확면적 수확량 및 농가수(총농가)",101041,101,5년,1960,1960,,,"소맥,밤,대두,소두수확면적,수확량,농가수",품목별
DT_1NGD113,"서류,특용작물,채소,녹비작물 수확면적 및 농가수(총농가)",101041,101,5년,1960,1960,,,"수확면적,농가수",품목별
DT_1NGD114,"사과,배,복숭아 재배면적 및 수목수(총농가)",101041,101,5년,1960,1960,,,"재배면적,수목수,총농가",품목별
DT_1NGD115,"포도,감,기타과수 재배면적 및 수목수(총농가)",101041,101,5년,1960,1960,,,"재배면적,수목수,총농가",품목별
DT_1NGD116,묘포 재배면적과 농가수(총농가),101041,101,5년,1960,1960,,,"재배면적,농가수",
DT_1NGD117,"양봉,양잠 생산량 및 사양농가수(총농가)",101041,101,5년,1960,1960,,,"양봉생산량,양잠생산량,사양농가수,총농가",사육종류별
DT_1NGD118,"소,돼지 사육농가수와 연령별 및 성별 마리(총농가)",101041,101,5년,1960,1960,,,"소,돼지사육농가수,총농가","연령별,성별"
DT_1NGD119,"닭,오리,양,토끼 사육농가수와 마리(총농가)",101041,101,5년,1960,1960,,,"사육농가수,마리",가축종류별
DT_1NGD120,"자급비료,금비,토양개량재 시비농가수와 시비량(총농가)",101041,101,5년,1960,1960,,,"자급비료,금비,토양개량재시비농가수,시비량,총농가",품목별
DT_1NGD121,농기구 보유농가수와 보유대수(총농가),101041,101,5년,1960,1960,,,"농가,농기구","보유농가수별,보유대수별"
DT_1NGD201,경지규모별 농가수(개인농가),101041,101,5년,1960,1960,,,농가수,경지규모별
DT_1NGD202,영농형태별 농가수(개인농가),101041,101,5년,1960,1960,,,농가수,영농형태별
DT_1NGD203,단지수별 농가수(개인농가),101041,101,5년,1960,1960,,,농가수,단지수별
DT_1NGD204,보유형태별 농가수(개인농가),101041,101,5년,1960,1960,,,농가수,보유형태별
DT_1NGD205,경영자 연령별 농가수(개인농가),101041,101,5년,1960,1960,,,농가수,경영자연령별
DT_1NGD206,전·겸업별 농가수(개인농가),101041,101,5년,1960,1960,,,농가수,전겸업별
DT_1NGD207,경영지 면적 및 농가수(개인농가),101041,101,5년,1960,1960,,,"경영지면적,농가수",
DT_1NGD208,논 이용종별 면적 및 농가수(개인농가),101041,101,5년,1960,1960,,,"면적,농가수",이용종별
DT_1NGD209,밭 이용종별 면적 및 농가수(개인농가),101041,101,5년,1960,1960,,,"밭,농가수",이용종별
DT_1NGD210,수원지 이용종별 면적 및 농가수(개인농가),101041,101,5년,1960,1960,,,"면적,농가수",이용종별
DT_1NGD211,논 면적규모별 농가수 및 면적(개인농가),101041,101,5년,1960,1960,,,"농가수,면적",면적규모별
DT_1NGD212,밭 면적규모별 농가수 및 면적(개인농가),101041,101,5년,1960,1960,,,"밭면적규모별농가수및면적,개인농가에서측정의대상이되는지표는농가,면적입니다",면적규모별
DT_1NGD213,수원지 면적규모별 농가수 및 면적(개인농가),101041,101,5년,1960,1960,,,"농가수,면적",수원지면적규모별
DT_1NGD214,비소유경지 이용종별 및 규모별 농가(개인농가),101041,101,5년,1960,1960,,,농가,"이용종별별,규모별,개인농가별"
DT_1NGD215,소유경지 면적 및 농가수(개인농가),101041,101,5년,1960,1960,,,"소유경지면적,농가수","소유경지별,농가수별"
DT_1NGD216,논 관개시설별 면적 및 농가수(개인농가),101041,101,5년,1960,1960,,,"면적,농가수",관개시설별
DT_1NGD217,"미곡, 밤 수확면적별 농가수, 수확면적 및 수확량(개인농가)",101041,101,5년,1960,1960,,,"농가수,수확면적,수확량",수확면적별
DT_1NGD218,"대맥 수확면적별 농가수, 수확면적 및 수확량(개인농가)",101041,101,5년,1960,1960,,,"농가수,수확면적,수확량",대맥수확면적별
DT_1NGD219,"나맥 수확면적별 농가수, 수확면적 및 수확량(개인농가)",101041,101,5년,1960,1960,,,"나맥수확면적,농가수,수확면적,수확량,개인농가",수확면적별
DT_1NGD220,"소맥 수확면적별 농가수, 수확면적 및 수확량(개인농가)",101041,101,5년,1960,1960,,,"소맥농가수,수확면적,수확량",소맥수확면적별
DT_1NGD221,"대두 수확면적별 농가수, 수확면적 및 수확량(개인농가)",101041,101,5년,1960,1960,,,"농가수,수확면적,수확량",대두수확면적별
DT_1NGD222,"채소 수확면적별 농가수, 수확면적 및 수확량(개인농가)",101041,101,5년,1960,1960,,,"채소수확면적별농가수,개인농가",채소수확면적별
DT_1NGD223,"서류,특용작물 수확면적 및 농가수(개인농가)",101041,101,5년,1960,1960,,,"서류,특용작물수확면적,농가수",품목별
DT_1NGD224,녹비 재배면적별 면적 및 농가수(개인농가),101041,101,5년,1960,1960,,,"녹비,농가",녹비재배면적별
DT_1NGD225,"사과 수목수별 농가수, 면적 및 수목수(개인농가)",101041,101,5년,1960,1960,,,"농가수,면적,수목수",수목수별
DT_1NGD226,"배 수목수별 농가수, 면적 및 수목수(개인농가)",101041,101,5년,1960,1960,,,"농가수,면적,수목수",수목수별
DT_1NGD227,"복숭아 수목수별 농가수, 면적 및 수목수(개인농가)",101041,101,5년,1960,1960,,,"농가수,면적,수목수",수목수별
DT_1NGD228,"포도 수목수별 농가수, 면적 및 수목수(개인농가)",101041,101,5년,1960,1960,,,"농가수,면적,수목수",수목수별
DT_1NGD229,"감 수목수별 농가수, 면적 및 수목수(개인농가)",101041,101,5년,1960,1960,,,농가수,수목수별
DT_1NGD230,"기타과수,묘포 재배면적 및 농가수(개인농가)",101041,101,5년,1960,1960,,,"기타과수,묘포,농가",
DT_1NGD231,"뽕나무 재배면적별 농가수, 면적 및 수목수(개인농가)",101041,101,5년,1960,1960,,,"농가수,면적,수목수",재배면적별
DT_1NGD232,"양봉,양잠의 사양 농가수 및 생산량(개인농가)",101041,101,5년,1960,1960,,,"양봉농가,양잠농가",사육방식별
DT_1NGD233,"소 사육규모별 농가수 및 연령별,성별 마리수(개인농가)",101041,101,5년,1960,1960,,,"농가수,마리수","사육규모별,연령별,성별"
DT_1NGD234,"돼지, 산양, 토끼 사육농가수 및 마리수(개인농가)",101041,101,5년,1960,1960,,,"사육농가수,마리수",가축종류별
DT_1NGD235,"닭, 오리 사육농가수 및 마리수(개인농가)",101041,101,5년,1960,1960,,,"닭,오리사육농가수,마리수","사육농가수별,마리수별"
DT_1NGD236,"닭, 오리 사육농가수 및 마리수(개인농가)",101041,101,5년,1960,1960,,,"닭,오리사육농가수,마리수","사육농가수별,마리수별"
DT_1NGD237,금비와 토양개량재 시비농가수 및 시비량(개인농가),101041,101,5년,1960,1960,,,"농가수,시비량",
DT_1NGD238,농기구 보유 농가수 및 보유대수(개인농가),101041,101,5년,1960,1960,,,"농가수,보유대수",보유대수별
DT_1NGD239,가구원수별 농가수 및 농가인구(개인농가),101041,101,5년,1960,1960,,,"가구원수,농가수,농가인구,개인농가",가구원수별
DT_1NGD240,"성별,연령별 자가농업노동과 고용노동(개인농가)",101041,101,5년,1960,1960,,,"자가농업노동,고용노동,개인농가","성별,연령별"
DT_1NH101,경지규모별 농가수 및 경지면적,101041,101,5년,2000,2000,,,"농가수,경지면적",경지규모별
DT_1NH1011,논면적규모별 농가수 및 논면적,101041,101,5년,2000,2000,,,"농가수,논면적",논면적규모별
DT_1NH1012,경지면적에 대한 논면적비율별 농가수,101041,101,5년,2000,2000,,,논면적비율별농가수,논면적비율별
DT_1NH1013,밭면적규모별 농가수 및 밭면적,101041,101,5년,2000,2000,,,"농가수,밭면적",밭면적규모별
DT_1NH1014,경지면적에 대한 밭면적비율별 농가수,101041,101,5년,2000,2000,,,농가수,밭면적비율별
DT_1NH1015,과수원면적 규모별 농가수 및 과수원면적,101041,101,5년,2000,2000,,,"농가수,과수원면적",규모별
DT_1NH1016,시설면적 규모별 농가수 및 시설면적,101041,101,5년,2000,2000,,,"농가수,시설면적",시설면적규모별
DT_1NH1017,목초지규모별 농가수 및 목초지면적,101041,101,5년,2000,2000,,,"농가수,목초지면적",목초지규모별
DT_1NH102,영농형태별 농가수,101041,101,5년,2000,2000,,,농가수,영농형태별
DT_1NH1021,"영농형태별(과수,채소,축산) 농가수",101041,101,5년,2000,2000,,,농가수,영농형태별
DT_1NH103,전·겸업별 농가수,101041,101,5년,2000,2000,,,농가수,전겸업별
DT_1NH104,가구원수별 농가수,101041,101,5년,2000,2000,,,"농가수,가구원수",가구원수별
DT_1NH105,세대구성별 농가수,101041,101,5년,2000,2000,,,농가수,세대구성별
DT_1NH106,경영주 연령 및 교육정도별 농가수,101041,101,5년,2000,2000,,,농가수,경영주연령및교육정도별
DT_1NH107,영농승계자 동거여부 및 연령별 농가수,101041,101,5년,2000,2000,,,"영농승계자,농가수","동거여부별,연령별"
DT_1NH108,농업종사인원별 농가수,101041,101,5년,2000,2000,,,농가수,농업종사인원별
DT_1NH109,벼농사작업의 자가영농 및 위탁영농별 농가수,101041,101,5년,2000,2000,,,자가영농및위탁영농별농가수,"자가영농별,위탁영농별"
DT_1NH110,농기계 보유농가 및 대수,101041,101,5년,2000,2000,,,"보유농가,대수",행정구역별
DT_1NH1101,논벼수확농가의 농기계 보유 현황,101041,101,5년,2000,2000,,,"논벼수확농가,농기계",논벼수확농가별
DT_1NH111,농축산물 판매금액별 농가수,101041,101,5년,2000,2000,,,농가수,판매금액별
DT_1NH1111,농축산물 판매방법별 농가수,101041,101,5년,2000,2000,,,농가수,판매방법별
DT_1NH112,친환경농업 실천 및 재배방법별 농가수,101041,101,5년,2000,2000,,,농가수,재배방법별
DT_1NH1121,친환경작물의 수확면적별 농가수,101041,101,5년,2000,2000,,,농가수,친환경작물별
DT_1NH1122,친환경작물의 판매방법별 농가수,101041,101,5년,2000,2000,,,농가수,판매방법별
DT_1NH113,생산자조직 참여여부 및 현황별 농가수,101041,101,5년,2000,2000,,,농가수,생산자조직참여여부별
DT_1NH114,정보화현황별 농가수,101041,101,5년,2000,2000,,,농가수,정보화현황별
DT_1NH115,주거 및 생활환경별 농가수,101041,101,5년,2000,2000,,,농가수,주거및생활환경별
DT_1NH201,성별 농가인구 및 연령계층별 구성비,101041,101,5년,2000,2000,,,"농가인구,구성비","성별,연령계층별"
DT_1NH202,연령 및 성별 농가인구,101041,101,5년,2000,2000,,,농가인구,"성별,연령별"
DT_1NH203,15세이상 교육정도 및 성별 농가인구,101041,101,5년,2000,2000,,15세이상,"교육정도,성별,농가인구",성별
DT_1NH204,15세이상 주종사분야별 성별 농가인구,101041,101,5년,2000,2000,,15세이상,농가인구,"주종사분야별,성별"
DT_1NH206,연령 및 농업종사기간별 농가인구,101041,101,5년,2000,2000,,,농가인구,"연령별,농업종사기간별"
DT_1NH207,"성, 교육정도 및 주종사분야별 영농승계자",101041,101,5년,2000,2000,,,영농승계자,"성별,교육정도별,주종사분야별"
DT_1NH301,논벼 수확면적규모별 농가수 및 면적,101041,101,5년,2000,2000,,,"논벼수확면적규모별농가수,논벼수확면적",규모별
DT_1NH302,보리 수확면적규모별 농가 및 면적,101041,101,5년,2000,2000,,,"농가,면적",수확면적규모별
DT_1NH303,옥수수 수확면적규모별 농가 및 면적,101041,101,5년,2000,2000,,,"농가,면적",수확면적규모별
DT_1NH304,콩 수확면적규모별 농가 및 면적,101041,101,5년,2000,2000,,,"농가,면적",수확면적규모별
DT_1NH305,팥 수확면적규모별 농가 및 면적,101041,101,5년,2000,2000,,,"농가,면적",수확면적규모별
DT_1NH306,감자 수확면적규모별 농가 및 면적,101041,101,5년,2000,2000,,,"농가,면적",수확면적규모별
DT_1NH307,고구마 수확면적규모별 농가 및 면적,101041,101,5년,2000,2000,,,"농가,면적",수확면적규모별
DT_1NH308,김장무 수확면적규모별 농가 및 면적,101041,101,5년,2000,2000,,,"농가,면적",수확면적규모별
DT_1NH309,김장배추 수확면적규모별 농가 및 면적,101041,101,5년,2000,2000,,,"농가,면적",수확면적규모별
DT_1NH310,고추 수확면적규모별 농가 및 면적,101041,101,5년,2000,2000,,,"농가,면적",수확면적규모별
DT_1NH311,양파 수확면적규모별 농가 및 면적,101041,101,5년,2000,2000,,,"농가,면적",수확면적규모별
DT_1NH312,대파 수확면적규모별 농가 및 면적,101041,101,5년,2000,2000,,,"농가,면적",수확면적규모별
DT_1NH313,마늘 수확면적규모별 농가 및 면적,101041,101,5년,2000,2000,,,"농가,면적",수확면적규모별
DT_1NH314,참깨 수확면적규모별 농가 및 면적,101041,101,5년,2000,2000,,,"농가,면적",수확면적규모별
DT_1NH315,인삼 수확면적규모별 농가 및 면적,101041,101,5년,2000,2000,,,"농가,면적",수확면적규모별
DT_1NH316,기타작물 수확 및 판매농가,101041,101,5년,2000,2000,,,"기타작물,농가",품목별
DT_1NH317,시설작물별 수확 농가수 및 면적,101041,101,5년,2000,2000,,,"농가수,면적",시설작물별
DT_1NH3171,시설재배 무 수확면적규모별 농가수 및 면적,101041,101,5년,2000,2000,,,"농가수,면적",수확면적규모별
DT_1NH3172,시설재배 배추 수확면적규모별 농가수 및 면적,101041,101,5년,2000,2000,,,"농가수,면적",수확면적규모별
DT_1NH3173,시설재배 토마토 수확면적규모별 농가수 및 면적,101041,101,5년,2000,2000,,,"농가수,면적",수확면적규모별
DT_1NH3174,시설재배 딸기 수확면적규모별 농가수 및 면적,101041,101,5년,2000,2000,,,"농가수,면적",수확면적규모별
DT_1NH3175,시설재배 수박 수확면적규모별 농가수 및 면적,101041,101,5년,2000,2000,,,"농가수,면적",수확면적규모별
DT_1NH3176,시설재배 풋고추 수확면적규모별 농가수 및 면적,101041,101,5년,2000,2000,,,"농가수,면적",수확면적규모별
DT_1NH318,사과 재배면적규모별 농가 및 면적,101041,101,5년,2000,2000,,,"농가,면적",재배면적규모별
DT_1NH319,배 재배면적규모별 농가 및 면적,101041,101,5년,2000,2000,,,"농가,면적",재배면적규모별
DT_1NH320,복숭아 재배면적규모별 농가 및 면적,101041,101,5년,2000,2000,,,"농가,면적",재배면적규모별
DT_1NH321,포도 재배면적규모별 농가 및 면적,101041,101,5년,2000,2000,,,"농가,면적",재배면적규모별
DT_1NH322,단감 재배면적규모별 농가 및 면적,101041,101,5년,2000,2000,,,"농가,면적",재배면적규모별
DT_1NH323,떫은감 재배면적규모별 농가 및 면적,101041,101,5년,2000,2000,,,"농가,면적",재배면적규모별
DT_1NH324,감귤 재배면적규모별 농가 및 면적,101041,101,5년,2000,2000,,,"농가,면적",재배면적규모별
DT_1NH325,참다래 재배면적규모별 농가 및 면적,101041,101,5년,2000,2000,,,"농가,면적",재배면적규모별
DT_1NH326,자두 재배면적규모별 농가 및 면적,101041,101,5년,2000,2000,,,"농가,면적",재배면적규모별
DT_1NH327,대추 재배면적규모별 농가 및 면적,101041,101,5년,2000,2000,,,"농가,면적",재배면적규모별
DT_1NH328,매실 재배면적규모별 농가 및 면적,101041,101,5년,2000,2000,,,"농가,면적",재배면적규모별
DT_1NH329,기타과수 재배면적규모별 농가 및 면적,101041,101,5년,2000,2000,,,"농가,면적",재배면적규모별
DT_1NH401,한육우 사육규모별 농가수 및 마리수,101041,101,5년,2000,2000,,,"농가수,마리수",사육규모별
DT_1NH402,젖소 사육규모별 농가수 및 마리수,101041,101,5년,2000,2000,,,"농가수,마리수",사육규모별
DT_1NH403,돼지 사육규모별 농가수 및 마리수,101041,101,5년,2000,2000,,,"농가수,마리수",사육규모별
DT_1NH404,닭 사육규모별 농가수 및 마리수,101041,101,5년,2000,2000,,,"농가수,마리수",사육규모별
DT_1NH405,기타가축 사육농가수 및 마리수,101041,101,5년,2000,2000,,,"기타가축사육농가수,기타가축마리수",가축종류별
DT_1NJ101,경지규모별 농가 및 경지면적,101041,101,5년,2005,2005,,,"농가,경지면적",경지규모별
DT_1NJ1011,논면적규모별 농가 및 논면적,101041,101,5년,2005,2005,,,"농가,논면적",논면적규모별
DT_1NJ1012,경지면적에 대한 논면적비율별 농가,101041,101,5년,2005,2005,,,농가,논면적비율별
DT_1NJ1013,밭면적규모별 농가 및 밭면적,101041,101,5년,2005,2005,,,"농가,밭면적",밭면적규모별
DT_1NJ1014,경지면적에 대한 밭면적비율별 농가,101041,101,5년,2005,2005,,,농가,밭면적비율별
DT_1NJ1015,과수원면적규모별 농가 및 과수원면적,101041,101,5년,2005,2005,,,"농가,과수원면적",과수원면적규모별
DT_1NJ1016,시설면적규모별 농가 및 시설면적,101041,101,5년,2005,2005,,,"농가,시설면적",시설면적규모별
DT_1NJ1017,목초지규모별 농가 및 목초지면적,101041,101,5년,2005,2005,,,"농가,목초지면적",목초지규모별
DT_1NJ102,영농형태별 농가(동읍면별),101041,101,5년,2005,2005,,,농가,"영농형태별,행정구역별"
DT_1NJ1021,"세부 영농형태별(과수, 채소, 축산) 농가",101041,101,5년,2005,2005,,,농가,영농형태별
DT_1NJ103,전ㆍ겸업별 농가(동읍면별),101041,101,5년,2005,2005,,,농가,"전겸업별,동읍면별"
DT_1NJ104,가구원수별 농가,101041,101,5년,2005,2005,,,"농가,가구원수",가구원수별
DT_1NJ105,세대구성별 농가,101041,101,5년,2005,2005,,,농가,세대구성별
DT_1NJ106,경영주 혼인상태별 농가,101041,101,5년,2005,2005,,,농가,혼인상태별
DT_1NJ107,경영주 연령 및 교육정도별 농가(동읍면별),101041,101,5년,2005,2005,,,농가,"경영주연령및교육정도별,동읍면별"
DT_1NJ108,경영주 농사경력기간별 농가,101041,101,5년,2005,2005,,,농가,농사경력기간별
DT_1NJ109,영농승계자 동거여부 및 연령별 농가,101041,101,5년,2005,2005,,,농가,"동거여부별,연령별"
DT_1NJ110,농업종사인원별 농가,101041,101,5년,2005,2005,,,농가,농업종사인원별
DT_1NJ111,벼농사작업의 위탁여부별 농가,101041,101,5년,2005,2005,,,농가,위탁여부별
DT_1NJ112,농기계 보유농가 및 대수,101041,101,5년,2005,2005,,,"보유농가,대수",행정구역별
DT_1NJ1121,논벼수확농가의 농기계보유 현황,101041,101,5년,2005,2005,,,"논벼수확농가,농기계",행정구역별
DT_1NJ113,농축산물 판매금액별 농가,101041,101,5년,2005,2005,,,농가,판매금액별
DT_1NJ1131,농축산물 판매처별 농가,101041,101,5년,2005,2005,,,농가,판매처별
DT_1NJ1132,농업관련사업별 경영 농가,101041,101,5년,2005,2005,,,경영농가,농업관련사업별
DT_1NJ114,친환경농업 실천 농가,101041,101,5년,2005,2005,,,농가,
DT_1NJ1141,친환경재배 논벼의 수확면적규모별 농가 및 면적,101041,101,5년,2005,2005,,,"농가,면적",수확면적규모별
DT_1NJ1142,친환경재배 과수의 수확면적규모별 농가 및 면적,101041,101,5년,2005,2005,,,"농가,면적",수확면적규모별
DT_1NJ1143,친환경재배 채소의 수확면적규모별 농가 및 면적,101041,101,5년,2005,2005,,,"농가,면적",수확면적규모별
DT_1NJ1144,친환경재배 특용작물의 수확면적규모별 농가 및 면적,101041,101,5년,2005,2005,,,"농가,면적",수확면적규모별
DT_1NJ1145,친환경재배 기타작물의 수확면적규모별 농가 및 면적,101041,101,5년,2005,2005,,,"농가,면적",수확면적규모별
DT_1NJ1146,친환경농산물의 판매처별 농가,101041,101,5년,2005,2005,,,농가,판매처별
DT_1NJ115,생산자조직 참여여부 및 현황별 농가,101041,101,5년,2005,2005,,,농가,참여여부별
DT_1NJ116,정보화현황 및 자동차보유현황별 농가,101041,101,5년,2005,2005,,,농가,"정보화현황별,자동차보유현황별"
DT_1NJ118,거처형태별 농가,101041,101,5년,2005,2005,,,농가,거처형태별
DT_1NJ119,난방시설별 농가,101041,101,5년,2005,2005,,,농가,난방시설별
DT_1NJ120,주거시설형태별 농가,101041,101,5년,2005,2005,,,농가,주거시설형태별
DT_1NJ201,연령 및 성별 농가인구/성비(각세별),101041,101,5년,2005,2005,,,농가인구,성별
DT_1NJ2012,연령계층 및 성별 농가인구(읍면동별),101041,101,5년,2005,2005,,,농가인구,"성별,연령계층별,행정구역별"
DT_1NJ202,6세이상 교육정도별 농가인구,101041,101,5년,2005,2005,,6세이상,농가인구,교육정도별
DT_1NJ203,15세이상 혼인상태 및 성별 농가인구,101041,101,5년,2005,2005,,15세이상,농가인구,"혼인상태별,성별"
DT_1NJ204,15세이상 주종사분야별 농가인구,101041,101,5년,2005,2005,,15세이상,농가인구,주종사분야별
DT_1NJ205,15세이상 농업종사기간 및 성별 농가인구,101041,101,5년,2005,2005,,15세이상,"농업종사기간,성별농가인구","성별,농업종사기간별"
DT_1NJ206,15세이상 농업이외종사기간 및 성별 농가인구,101041,101,5년,2005,2005,,15세이상,"농업이외종사기간,성별,농가인구",성별
DT_1NJ207,교육정도 및 주종사분야별 영농승계자,101041,101,5년,2005,2005,,,"교육정도,주종사분야별영농승계자","교육정도별,주종사분야별"
DT_1NJ300,노지작물의 수확농가 및 면적(동읍면별),101041,101,5년,2005,2005,,,"수확농가,면적",동읍면별
DT_1NJ301,논벼 수확면적규모별 농가 및 면적,101041,101,5년,2005,2005,,,"논벼,농가",수확면적규모별
DT_1NJ302,보리 수확면적규모별 농가 및 면적,101041,101,5년,2005,2005,,,"농가,면적",수확면적규모별
DT_1NJ303,옥수수 수확면적규모별 농가 및 면적,101041,101,5년,2005,2005,,,"농가,면적",수확면적규모별
DT_1NJ304,콩 수확면적규모별 농가 및 면적,101041,101,5년,2005,2005,,,"농가,면적",수확면적규모별
DT_1NJ305,팥 수확면적규모별 농가 및 면적,101041,101,5년,2005,2005,,,"농가,면적",수확면적규모별
DT_1NJ306,감자 수확면적규모별 농가 및 면적,101041,101,5년,2005,2005,,,"농가,면적",수확면적규모별
DT_1NJ307,고구마 수확면적규모별 농가 및 면적,101041,101,5년,2005,2005,,,"농가,면적",수확면적규모별
DT_1NJ308,김장무 수확면적규모별 농가 및 면적,101041,101,5년,2005,2005,,,"농가,면적",수확면적규모별
DT_1NJ309,김장배추 수확면적규모별 농가 및 면적,101041,101,5년,2005,2005,,,"농가,면적",수확면적규모별
DT_1NJ310,고추 수확면적규모별 농가 및 면적,101041,101,5년,2005,2005,,,"농가,면적",수확면적규모별
DT_1NJ311,양파 수확면적규모별 농가 및 면적,101041,101,5년,2005,2005,,,"농가,면적",수확면적규모별
DT_1NJ312,대파 수확면적규모별 농가 및 면적,101041,101,5년,2005,2005,,,"농가,면적",수확면적규모별
DT_1NJ313,마늘 수확면적규모별 농가 및 면적,101041,101,5년,2005,2005,,,"농가,면적",수확면적규모별
DT_1NJ314,참깨 수확면적규모별 농가 및 면적,101041,101,5년,2005,2005,,,"농가,면적",수확면적규모별
DT_1NJ315,인삼 재배면적규모별 농가 및 면적,101041,101,5년,2005,2005,,,"농가,면적",재배면적규모별
DT_1NJ316,판매목적용 노지작물의 수확 농가 및 면적(동읍면별),101041,101,5년,2005,2005,,,"농가,면적",동읍면별
DT_1NJ317,시설작물 재배농가 및 면적(동읍면별),101041,101,5년,2005,2005,,,"재배농가,면적",동읍면별
DT_1NJ3171,시설 무 수확면적규모별 농가 및 면적,101041,101,5년,2005,2005,,,"농가,면적",수확면적규모별
DT_1NJ3172,시설 배추 수확면적규모별 농가 및 면적,101041,101,5년,2005,2005,,,"농가,면적",수확면적규모별
DT_1NJ3174,시설 상추 수확면적규모별 농가 및 면적,101041,101,5년,2005,2005,,,"농가,면적",수확면적규모별
DT_1NJ3175,시설 토마토 수확면적규모별 농가 및 면적,101041,101,5년,2005,2005,,,"농가,면적",수확면적규모별
DT_1NJ3176,시설 오이 수확면적규모별 농가 및 면적,101041,101,5년,2005,2005,,,"농가,면적",수확면적규모별
DT_1NJ3177,시설 딸기 수확면적규모별 농가 및 면적,101041,101,5년,2005,2005,,,"농가,면적",수확면적규모별
DT_1NJ3178,시설 수박 수확면적규모별 농가 및 면적,101041,101,5년,2005,2005,,,"농가,면적",수확면적규모별
DT_1NJ317B,시설 고추 수확면적규모별 농가 및 면적,101041,101,5년,2005,2005,,,"농가,면적",수확면적규모별
DT_1NJ318,사과 재배면적규모별 농가 및 면적,101041,101,5년,2005,2005,,,"농가,면적",재배면적규모별
DT_1NJ319,배 재배면적규모별 농가 및 면적,101041,101,5년,2005,2005,,,"농가,면적",재배면적규모별
DT_1NJ320,복숭아 재배면적규모별 농가 및 면적,101041,101,5년,2005,2005,,,"농가,면적",재배면적규모별
DT_1NJ321,포도 재배면적규모별 농가 및 면적,101041,101,5년,2005,2005,,,"농가,면적",재배면적규모별
DT_1NJ322,단감 재배면적규모별 농가 및 면적,101041,101,5년,2005,2005,,,"농가,면적",재배면적규모별
DT_1NJ323,떫은감 재배면적규모별 농가 및 면적,101041,101,5년,2005,2005,,,"재배면적규모별농가,면적",재배면적규모별
DT_1NJ3301,과수 종류별 재배 농가 및 면적(동읍면별),101041,101,5년,2005,2005,,,"재배농가,면적","과수별,행정구역별"
DT_1NJ400,가축사육 농가 및 마리수(동읍면별),101041,101,5년,2005,2005,,,"농가,마리수",행정구역별
DT_1NJ401,한우 사육규모별 농가 및 마리수,101041,101,5년,2005,2005,,,"농가,마리수",사육규모별
DT_1NJ402,육우 사육규모별 농가 및 마리수,101041,101,5년,2005,2005,,,"육우농가,육우",사육규모별
DT_1NJ403,젖소 사육규모별 농가 및 마리수,101041,101,5년,2005,2005,,,"농가,마리수",사육규모별
DT_1NJ404,돼지 사육규모별 농가 및 마리수,101041,101,5년,2005,2005,,,"농가,돼지",사육규모별
DT_1NJ405,산란계 사육규모별 농가 및 마리수,101041,101,5년,2005,2005,,,"농가,마리수",사육규모별
DT_1NJ406,육계 사육규모별 농가 및 마리수,101041,101,5년,2005,2005,,,"농가,마리수",사육규모별
DT_1EA0001,경지규모별 표본농가현황(농가경제),101042,101,"월,년",1962,2002,,,"표본농가,경지규모",경지규모별
DT_1EA0002,지대별 표본농가현황(농가경제),101042,101,년,1962,2002,,,표본농가,지대별
DT_1EA0003,도별 표본농가현황(농가경제),101042,101,년,1962,2002,,,"도별표본농가현황,농가경제에서측정의대상이되는주요명사는농가입니다",도별
DT_1EA0004,"전,겸업별 표본농가현황(농가경제)",101042,101,년,1993,2002,,,표본농가,"전,겸업별"
DT_1EA0005,영농형태별 표본농가현황(농가경제),101042,101,년,1962,2002,,,표본농가,영농형태별
DT_1EA0011,연령/성/경지규모별 가구원수(농가경제),101042,101,년,1962,2002,,,가구원수,"연령별,성별,경지규모별"
DT_1EA0012,연령/성/지대별 가구원수(농가경제),101042,101,년,1983,2002,,,가구원수,"연령별,성별,지대별"
DT_1EA0013,교육수준/경지규모별 가구원수(농가경제),101042,101,년,1962,2002,,,가구원수,"교육수준별,경지규모별"
DT_1EA0014,교육수준/지대별 가구원수(농가경제),101042,101,년,1983,2002,,,가구원수,"교육수준별,지대별"
DT_1EA0015,취업상태/경지규모별 가구원수(농가경제),101042,101,년,1962,2002,,,가구원수,"취업상태별,경지규모별"
DT_1EA0016,취업상태/지대별 가구원수(농가경제),101042,101,년,1983,2002,,,"가구원수,가구",지대별
DT_1EA0021,경지규모별 경지면적(농가경제),101042,101,"분기,년",1962,2002,,,"경지면적,농가",경지규모별
DT_1EA0022,지대별 경지면적(농가경제),101042,101,년,1962,2002,,,"경지면적,농가",지대별
DT_1EA0031,경지규모/현금별 농가경제주요지표(농가경제),101042,101,년,1962,2002,,,"경지규모,현금,농가","경지규모별,현금별"
DT_1EA0032,지대/현금별 농가경제주요지표(농가경제),101042,101,년,1983,2002,,,농가,지대현금별
DT_1EA0033,도별 농가경제주요지표(농가경제),101042,101,년,1993,2002,,,농가,도별
DT_1EA0034,"전,겸업별 농가경제주요지표(농가경제)",101042,101,년,1992,2002,,,농가,"전,겸업별"
DT_1EA0035,영농형태별 농가경제주요지표(농가경제),101042,101,년,1993,2002,,,농가,영농형태별
DT_1EA0041,경지규모별 농업조수입(농가경제),101042,101,년,1962,2002,,,"농업조수입,농가",경지규모별
DT_1EA0042,지대별 농업조수입(농가경제),101042,101,년,1983,2002,,,"농업조수입,농가",지대별
DT_1EA0043,도별 농업조수입(농가경제),101042,101,년,1993,2002,,,"농업조수입,농가",도별
DT_1EA0044,"전,겸업별 농업조수입(농가경제)",101042,101,년,1992,2002,,,"농업조수입,농가","전,겸업별"
DT_1EA0045,영농형태별 농업조수입(농가경제),101042,101,년,1998,2002,,,"농업조수입,농가",영농형태별
DT_1EA0046,경지규모별 농업경영비(농가경제),101042,101,년,1962,2002,,,"농업경영비,농가경제",경지규모별
DT_1EA0047,지대별 농업경영비(농가경제),101042,101,년,1983,2002,,,"농업경영비,농가",지대별
DT_1EA0048,도별 농업경영비(농가경제),101042,101,년,1993,2002,,,"농업경영비,농가",도별
DT_1EA0049,"전,겸업별 농업경영비(농가경제)",101042,101,년,1992,2002,,,"농업경영비,농가","전,겸업별"
DT_1EA0050,영농형태별 농업경영비(농가경제),101042,101,년,1998,2002,,,"농업경영비,농가",영농형태별
DT_1EA0051,경지규모별 농업수지(농가경제),101042,101,년,1962,2002,,,"농업수지,농가경제",경지규모별
DT_1EA0052,지대별 농업수지(농가경제),101042,101,년,1981,2002,,,"농업수지,농가",지대별
DT_1EA0061,경지규모별 농외소득(농가경제),101042,101,년,1962,2002,,,"농외소득,농가",경지규모별
DT_1EA0062,지대별 농외소득(농가경제),101042,101,년,1983,2002,,,"농가,농외소득",지대별
DT_1EA0063,도별 농외소득(농가경제),101042,101,년,1993,2002,,,"농가,소득",도별
DT_1EA0064,"전,겸업별 농외소득(농가경제)",101042,101,년,1992,2002,,,"농가,소득","전,겸업별"
DT_1EA0065,영농형태별 농외소득(농가경제),101042,101,년,1998,2002,,,"농가,농외소득",영농형태별
DT_1EA0071,경지규모별 이전수입(농가경제),101042,101,년,1983,2002,,,"경지규모별이전수입,농가",경지규모별
DT_1EA0072,지대별 이전수입(농가경제),101042,101,년,1983,2002,,,"이전수입,농가",지대별
DT_1EA0073,도별 이전수입(농가경제),101042,101,년,1993,2002,,,"이전수입,농가",도별
DT_1EA0074,"전,겸업별 이전수입(농가경제)",101042,101,년,1992,2002,,,"이전수입,농가","전,겸업별"
DT_1EA0075,영농형태별 이전수입(농가경제),101042,101,년,1998,2002,,,"영농형태별이전수입,농가경제",영농형태별
DT_1EA0081,경지규모별 농가 가계비(농가경제),101042,101,년,1962,2002,,,"농가,가계비",경지규모별
DT_1EA0082,지대별 가계비(농가경제),101042,101,년,1983,2002,,,"농가,가계비",지대별
DT_1EA0083,도별 농가가계비(농가경제),101042,101,년,1993,2002,,,"농가,가계비",도별
DT_1EA0084,"전,겸업별 가계비(농가경제)",101042,101,년,1992,2002,,,가계비,"전,겸업별"
DT_1EA0085,영농형태별 가계비(농가경제),101042,101,년,1998,2002,,,"가계비,농가",영농형태별
DT_1EA0093,용도/도별 농가부채(농가경제),101042,101,년,1993,2002,,,"농가부채,농가경제","용도별,도별"
DT_1EA0094,"용도/전,겸업별 농가부채(농가경제)",101042,101,년,1992,2002,,,농가부채,"용도별,전겸업별"
DT_1EA0095,용도/영농형태별 농가부채(농가경제),101042,101,년,1998,2002,,,"농가부채,농가","용도별,영농형태별"
DT_1EA0098,차입처/도별 농가부채(농가경제),101042,101,년,1993,2002,,,"농가부채,농가","차입처별,도별"
DT_1EA0099,"차입처/전,겸업별 농가부채(농가경제)",101042,101,년,1992,2002,,,농가부채,"차입처별,전겸업별"
DT_1EA0100,차입처/영농형태별 농가부채(농가경제),101042,101,년,1998,2002,,,농가부채,"차입처별,영농형태별"
DT_1EA0111,경지규모별 농업생산성지표(농가경제),101042,101,년,1962,2002,,,"농업생산성지표,농가경제",경지규모별
DT_1EA0112,지대별 농업생산성지표(농가경제),101042,101,년,1983,2002,,,"농업생산성,농가",지대별
DT_1EA0121,노동형태/경지규모별 노동투하량(농가경제),101042,101,년,1962,2002,,,"노동투하량,농가경제","노동형태별,경지규모별"
DT_1EA0122,노동형태/지대별 노동투하량(농가경제),101042,101,년,1975,2002,,,노동투하량,"노동형태별,지대별"
DT_1EA0123,작물/경지규모별 노동투하량(농가경제),101042,101,년,1962,2002,,,"노동투하량,농가",경지규모별
DT_1EA0124,작물/지대별 노동투하량(농가경제),101042,101,년,1975,2002,,,"노동투하량,농가","작물별,지대별"
DT_1EA0131,경지규모별 재산적 수입(농가경제),101042,101,년,1964,2002,,,"재산적수입,농가",경지규모별
DT_1EA0132,지대별 재산적수입(농가경제),101042,101,년,1983,2002,,,"재산적수입,농가",지대별
DT_1EA0133,경지규모별 재산적지출(농가경제),101042,101,년,1964,2002,,,"재산적지출,농가",경지규모별
DT_1EA0134,지대별 재산적지출(농가경제),101042,101,년,1983,2002,,,"재산적지출,농가",지대별
DT_1EA1101,표본농가현황-일반현황,101042,101,년,2003,2023,,,농가,
DT_1EA1102,표본농가현황- 성별 가구원수,101042,101,년,2003,2023,,,"농가,가구원수",성별
DT_1EA1103,"표본농가현황-교육수준,농업종사여부,취업상태별 가구원수",101042,101,년,2003,2023,,,"농가,가구원수","교육수준별,농업종사여부별,취업상태별"
DT_1EA1201,주요지표(농가경제),101042,101,년,2003,2023,,,농가,
DT_1EA1401,수익성·생산성·안정성지표(농가경제),101042,101,년,2003,2023,,,"수익성,생산성,안정성지표,농가경제",
DT_1EA1501,농가소득,101042,101,년,2003,2023,,,농가소득,"품목별,지역별"
DT_1EA1502,농업총수입,101042,101,년,2003,2023,,,농업총수입,품목별
DT_1EA1503,농업경영비,101042,101,년,2003,2023,,,농업경영비,"품목별,항목별"
DT_1EA1506,사업외수입(농가경제),101042,101,년,2003,2023,,,"사업외수입,농가",
DT_1EA1508,이전소득(농가경제),101042,101,년,2003,2023,,,농가,
DT_1EA1509,비경상소득(농가경제),101042,101,년,2003,2023,,,농가,
DT_1EA1511,가계지출(농가경제),101042,101,년,2003,2023,,,"농가,지출",
DT_1EA1601,자산(농가경제),101042,101,년,2003,2023,,,농가,자산별
DT_1EA1602,자산-유동자산(농가경제),101042,101,년,2003,2023,,,"자산,유동자산,농가",유동자산별
DT_1EA1604,용도별 농가자산(고정자산),101042,101,년,2003,2023,,,농가자산,용도별
DT_1EA1611,부채(농가경제),101042,101,년,2003,2023,,,농가,부채별
DT_1EA1701,노동력형태별 농업노동 투하량,101042,101,년,2003,2023,,,농업노동투하량,노동력형태별
DT_1EA1702,작업종류별 농업노동 투하량,101042,101,년,2003,2017,,,농업노동투하량,작업종류별
DT_1EA1703,작물 및 축종별 직접노동 투하량(농가경제),101042,101,년,2003,2017,,,"작물,축종,노동,농가",작물및축종별
DT_1EA1704,작물별 간접노동 투하량(농가경제),101042,101,년,2003,2017,,,"간접노동,농가",작물별
DT_1EAN091,용도/경지규모별 농가부채(농가경제),101042,101,년,1962,2002,,,"농가부채,농가경제","용도별,경지규모별"
DT_1EAN092,용도/지대별 농가부채(농가경제),101042,101,년,1983,2002,,,농가부채,"용도별,지대별"
DT_1EAN096,차입처/경지규모별 농가부채(농가경제),101042,101,년,1962,2002,,,"농가부채,농가","차입처별,경지규모별"
DT_1EAN097,차입처/지대별 농가부채(농가경제),101042,101,년,1983,2002,,,"농가부채,농가","차입처별,지대별"
DT_1EAN141,경지규모별 농가자산(농가경제),101042,101,년,1962,2002,,,"농가자산,농가",경지규모별
DT_1EAN142,지대별 농가자산(농가경제),101042,101,년,1983,2002,,,"농가자산,농가",지대별
DT_1EQ001,농지임대차부문-임차농가 비율,101042,101,년,2004,2023,,,임차농가,행정구역별
DT_1EQ002,농지임대차부문-임차농지 비율 및 임차료율,101042,101,년,2004,2023,,,"농지,임차농지,임차료율",
DT_1EQ003,농지임대차부문-임차료 지불 형태,101042,101,년,2004,2023,,,임차료,지불형태별
INH_1EA1501,농업소득(9도),101042,101,년,2003,2023,,,농업소득,도별
INH_1EA1611,농가부채(9도),101042,101,년,2003,2023,,,농가부채,도별
DT_1EC0001,도별 논벼 생산농가의 경영개황,101043,101,년,1966,2023,,,논벼생산농가,도별
DT_1EC0002,재배규모별 논벼 생산농가의 경영개황,101043,101,년,1963,2023,,,"논벼,생산농가",재배규모별
DT_1EC0004,도별 논벼 생산비,101043,101,년,1966,2023,,,논벼,도별
DT_1EC0005,재배규모별 논벼 생산비,101043,101,년,1990,2023,,,논벼,재배규모별
DT_1EC0007,도별 논벼 주요투입물량 및 시간,101043,101,년,1966,2023,,,"논벼,투입물량,시간",도별
DT_1EC0008,재배규모별 논벼 주요투입물량 및 시간,101043,101,년,1990,2023,,,"논벼,투입물량,시간",재배규모별
DT_1EC0010,도별 논벼 소득분석,101043,101,년,1966,2023,,,논벼소득,도별
DT_1EC0011,재배규모별 논벼 소득분석,101043,101,년,1990,2023,,,논벼소득,재배규모별
DT_1EC0013,도/작업별 논벼 노동력 투입시간,101043,101,년,1989,2017,,,논벼노동력투입시간,도작업별
DT_1EC0014,경영주연령별 논벼 생산농가의 경영개황,101043,101,년,2003,2023,,,논벼생산농가,경영주연령별
DT_1EC0015,경영주연령별 논벼 생산비,101043,101,년,2003,2023,,,논벼,경영주연령별
DT_1EC0016,경영주연령별 논벼 주요투입물량 및 시간,101043,101,년,2003,2023,,,"논벼,투입물량,시간",경영주연령별
DT_1EC0017,경영주연령별 논벼 소득분석,101043,101,년,2003,2023,,,논벼소득,경영주연령별
DT_1EC0018,재배규모별/작업별 논벼 노동력 투입시간,101043,101,년,2000,2017,,,논벼노동력투입시간,"재배규모별,작업별"
DT_1EC0019,경영주연령/작업별 논벼 노동력 투입시간,101043,101,년,2003,2017,,,논벼노동력투입시간,작업별
DT_1EC0021,겉보리 생산농가의 경영개황,101043,101,년,1966,2007,,,겉보리생산농가,생산농가별
DT_1EC0022,겉보리 생산비,101043,101,년,1966,2007,,,겉보리,"생산지역별,재배면적규모별"
DT_1EC0023,겉보리 주요투입물량 및 시간,101043,101,년,1966,2007,,,"겉보리,투입물량,시간",시간별
DT_1EC0024,겉보리 소득분석,101043,101,년,1966,2007,,,소득,
DT_1EC0031,쌀보리 생산농가의 경영개황,101043,101,년,1966,2009,,,쌀보리생산농가,생산농가별
DT_1EC0032,쌀보리 생산비,101043,101,년,1966,2009,,,쌀보리,생산비별
DT_1EC0033,쌀보리 주요투입물량 및 시간,101043,101,년,1966,2009,,,"쌀보리,투입물량,시간",
DT_1EC0034,쌀보리 소득분석,101043,101,년,1966,2009,,,소득,소득별
DT_1EC0041,마늘 생산농가의 경영개황,101043,101,년,1991,2023,,,경영개황,
DT_1EC0042,마늘 생산비,101043,101,년,1991,2023,,,생산비,생산비별
DT_1EC0043,마늘 주요투입물량 및 시간,101043,101,년,1991,2023,,,"마늘,투입물량,시간",
DT_1EC0044,마늘 소득분석,101043,101,년,1991,2023,,,소득,
DT_1EC0051,양파 생산농가의 경영개황,101043,101,년,1991,2023,,,양파생산농가,생산농가별
DT_1EC0052,양파 생산비,101043,101,년,1991,2023,,,양파,생산비별
DT_1EC0053,양파 주요투입물량 및 시간,101043,101,년,1991,2023,,,"양파,투입물량,시간","투입물량별,시간별"
DT_1EC0054,양파 소득분석,101043,101,년,1991,2023,,,소득,"지역별,재배면적별"
DT_1EC0061,고추 생산농가의 경영개황,101043,101,년,1991,2023,,,고추생산농가,
DT_1EC0062,고추 생산비,101043,101,년,1991,2023,,,생산비,생산비별
DT_1EC0063,고추 주요투입물량 및 시간,101043,101,년,1991,2023,,,"고추,투입물량,시간","투입물량별,투입시간별"
DT_1EC0064,고추 소득분석,101043,101,년,1991,2023,,,소득,행정구역별
DT_1EC0071,참깨 생산농가의 경영개황,101043,101,년,1992,2009,,,경영개황,
DT_1EC0072,참깨 생산비,101043,101,년,1992,2009,,,생산비,품목별
DT_1EC0073,참깨 주요투입물량 및 시간,101043,101,년,1992,2009,,,"참깨,투입물량,시간","투입물별,투입시간별"
DT_1EC0074,참깨 소득분석,101043,101,년,1992,2009,,,소득,
DT_1EC0081,콩 생산농가의 경영개황 (경영개황(전국평균)),101043,101,년,2009,2023,,,콩생산농가,
DT_1EC0082,콩 생산비,101043,101,년,2009,2023,,,콩,생산비별
DT_1EC0083,콩 주요투입물량 및 시간,101043,101,년,2009,2023,,,"콩,투입물량,시간","투입물량별,투입시간별"
DT_1EC0084,콩 소득분석,101043,101,년,2009,2023,,,소득,"생산액별,재배면적별"
DT_1EC0113,도/작업별 논벼 노동력 투입시간,101043,101,년,2018,2023,,,논벼노동력투입시간,도작업별
DT_1EC0118,재배규모별/작업별 논벼 노동력 투입시간,101043,101,년,2018,2023,,,논벼노동력투입시간,"재배규모별,작업별"
DT_1EC0119,경영주연령/작업별 논벼 노동력 투입시간,101043,101,년,2018,2023,,,논벼노동력투입시간,작업별
DT_1EE0110,한우 비육우 두당 수익성,101043,101,년,2003,2023,,,한우비육우,수익성별
DT_1EE0111,한우 비육우 두당 사육현황,101043,101,년,2003,2023,,,한우비육우,사육현황별
DT_1EE0112,우유 100ℓ당 생산비,101043,101,년,2003,2007,,,생산비,생산비별
DT_1EE0113,젖소 두당 사육비,101043,101,년,2003,2007,,,젖소,사육비별
DT_1EE0114,젖소 두당 수익성,101043,101,년,2003,2007,,,젖소,수익성별
DT_1EE0115,젖소 두당 사육현황,101043,101,년,2003,2007,,,젖소,사육현황별
DT_1EE0116,비육돈 생체 100kg당 생산비('03년은 생체 10kg당 생산비임),101043,101,년,2003,2007,,,생산비,
DT_1EE0117,비육돈 두당 사육비,101043,101,년,2003,2007,,,"비육돈,사육비",사육비별
DT_1EE0118,비육돈 두당 수익성,101043,101,년,2003,2007,,,비육돈,
DT_1EE0119,비육돈 두당 사육현황,101043,101,년,2003,2007,,,비육돈,사육현황별
DT_1EE0120,계란 100개당 생산비,101043,101,년,2003,2007,,,생산비,
DT_1EE014,송아지 두당 생산비,101043,101,년,2003,2023,,,송아지,생산비별
DT_1EE015,한우 번식우 두당 사육비,101043,101,년,2003,2023,,,한우번식우,사육비별
DT_1EE016,한우 번식우 두당 수익성,101043,101,년,2003,2023,,,한우번식우,수익성별
DT_1EE017,한우 번식우 두당 사육현황,101043,101,년,2003,2023,,,한우번식우,사육규모별
DT_1EE018,한우 비육우 생산비,101043,101,년,2003,2012,,,한우비육우,생산비항목별
DT_1EE019,한우 비육우 두당 사육비,101043,101,년,2003,2023,,,"한우비육우,사육비",사육비별
DT_1EE020,육우 생체 600kg당 생산비,101043,101,년,2008,2012,,,생산비,생산비별
DT_1EE021,육우 두당 사육비,101043,101,년,2008,2022,,,육우,사육비별
DT_1EE021_23,육우 두당 사육비,101043,101,년,2023,2023,,,"육우,사육비",사육비별
DT_1EE022,육우 두당 수익성,101043,101,년,2008,2022,,,육우,수익성별
DT_1EE022_23,육우 두당 수익성,101043,101,년,2023,2023,,,육우,
DT_1EE023,육우 두당 사육현황,101043,101,년,2008,2022,,,육우,사육규모별
DT_1EE023_23,육우 두당 사육현황,101043,101,년,2023,2023,,,육우,사육두수별
DT_1EE024,비목별/사육규모별 육우 생체 100kg당 생산비,101043,101,년,2013,2022,,,육우,"비목별,사육규모별"
DT_1EE024_23,비목별/사육규모별 육우 생체 100kg당 생산비,101043,101,년,2023,2023,,,생산비,"비목별,사육규모별"
DT_1EE118,비목별/사육규모별 한우 비육우 생체 100kg당 생산비,101043,101,년,2013,2023,,,한우비육우,"비목별,사육규모별"
DT_1EE120,번식돈 두당 사육현황,101043,101,년,2003,2007,,,번식돈,사육현황별
DT_1EE121,산란계 수당 사육비,101043,101,년,2003,2007,,,"산란계,사육비",사육비별
DT_1EE122,산란계 수당 수익성,101043,101,년,2003,2007,,,수익성,수익성별
DT_1EE123,산란계 수당 사육현황,101043,101,년,2003,2007,,,"산란계,사육현황",사육현황별
DT_1EE124,육성계 수당 사육현황,101043,101,년,2003,2007,,,"육성계수당,사육현황",품목별
DT_1EE125,육계 생체 10kg당 생산비,101043,101,년,2003,2007,,,생산비,생산비별
DT_1EE126,육계 10수당 사육비,101043,101,년,2003,2007,,,"육계,사육비",사육비별
DT_1EE127,육계 10수당 수익성,101043,101,년,2003,2007,,,수익성,수익성별
DT_1EE128,육계 수당 사육현황,101043,101,년,2003,2007,,,"육계,사육현황",
DT_1EE201,송아지 두당 생산비,101043,101,년,1998,2002,,,송아지,
DT_1EE202,한우 번식우 두당 사육비,101043,101,년,1998,2002,,,한우번식우,사육비별
DT_1EE203,한우 번식우 두당 수익성,101043,101,년,1998,2002,,,한우번식우,수익성별
DT_1EE204,한우 번식우 두당 사육현황,101043,101,년,1998,2002,,,한우번식우,사육규모별
DT_1EE205,한우 비육우 생체 10kg당 생산비,101043,101,년,1998,2002,,,생산비,생산비별
DT_1EE206,한우 비육우 두당 사육비,101043,101,년,1998,2002,,,한우비육우,사육비별
DT_1EE207,한우 비육우 두당 수익성,101043,101,년,1998,2002,,,한우비육우,수익성별
DT_1EE208,한우 비육우 두당 사육현황,101043,101,년,1998,2002,,,한우비육우,사육규모별
DT_1EE209,우유 100kg당 생산비,101043,101,년,1998,2002,,,생산비,
DT_1EE210,젖소 두당 사육비,101043,101,년,1998,2002,,,젖소,사육비별
DT_1EE211,젖소 두당 수익성,101043,101,년,1998,2002,,,수익성,수익성별
DT_1EE212,젖소 두당 사육현황,101043,101,년,1998,2002,,,젖소,사육현황별
DT_1EE213,비육돈 생체 10kg당 생산비,101043,101,년,1998,2002,,,생산비,생산비별
DT_1EE214,비육돈 두당 사육비,101043,101,년,1998,2002,,,"비육돈,사육비",사육비별
DT_1EE215,비육돈 두당 수익성,101043,101,년,1998,2002,,,비육돈,수익성별
DT_1EE216,비육돈 두당 사육현황,101043,101,년,1998,2002,,,비육돈,사육현황별
DT_1EE217,번식돈 두당 사육현황,101043,101,년,1998,2002,,,번식돈,사육현황별
DT_1EE218,번식돈 두당 사육현황,101043,101,년,2008,2023,,,번식돈,
DT_1EE219,계란 100개당 생산비,101043,101,년,1998,2002,,,생산비,
DT_1EE220,산란계 수당 사육비,101043,101,년,1998,2002,,,"산란계,사육비",
DT_1EE221,산란계 수당 수익성,101043,101,년,1998,2002,,,"산란계,수익성",수익성별
DT_1EE222,산란계 수당 사육현황,101043,101,년,1998,2002,,,"산란계,사육현황",사육현황별
DT_1EE223,육성계 수당 사육현황,101043,101,년,1998,2002,,,"육성계수당,사육현황",사육현황별
DT_1EE224,육계 생체 10kg당 생산비,101043,101,년,1998,2002,,,생산비,생산비별
DT_1EE225,육계 10수당 사육비,101043,101,년,1998,2002,,,"육계,사육비",사육비별
DT_1EE226,육계 10수당 수익성,101043,101,년,1998,2002,,,수익성,수익성별
DT_1EE227,육계 수당 사육현황,101043,101,년,1998,2002,,,육계,
DT_1EE301,우유 100ℓ당 생산비,101043,101,년,2008,2017,,,생산비,
DT_1EE302,젖소 두당 사육비,101043,101,년,2008,2017,,,젖소,사육비별
DT_1EE303,젖소 두당 수익성,101043,101,년,2008,2017,,,수익성,
DT_1EE304,젖소 두당 사육현황,101043,101,년,2008,2017,,,젖소,사육현황별
DT_1EE305,비육돈 생체 100kg당 생산비,101043,101,년,2008,2023,,,생산비,
DT_1EE306,비육돈 두당 사육비,101043,101,년,2008,2023,,,"비육돈,사육비",사육비별
DT_1EE307,비육돈 두당 수익성,101043,101,년,2008,2023,,,비육돈,수익성별
DT_1EE308,비육돈 두당 사육현황,101043,101,년,2008,2023,,,비육돈,사육현황별
DT_1EE309,계란 100개당 생산비,101043,101,년,2008,2017,,,생산비,
DT_1EE310,산란계 수당 사육비,101043,101,년,2008,2017,,,"산란계,사육비",사육비별
DT_1EE311,산란계 수당 수익성,101043,101,년,2008,2017,,,"산란계,수익성",수익성별
DT_1EE312,산란계 100수당 사육현황,101043,101,년,2008,2017,,,"산란계,사육현황",사육현황별
DT_1EE313,육성계 100수당 사육현황,101043,101,년,2008,2017,,,육성계,사육현황별
DT_1EE314,육계 생체 10kg당 생산비,101043,101,년,2008,2017,,,생산비,생산비별
DT_1EE315,육계 10수당 사육비,101043,101,년,2008,2017,,,"육계,사육비",사육비별
DT_1EE316,육계 10수당 수익성,101043,101,년,2008,2017,,,수익성,
DT_1EE317,육계 100수당 사육현황,101043,101,년,2008,2017,,,"육계,사육현황",사육규모별
DT_2EE301,우유 100ℓ당 생산비,101043,101,년,2018,2023,,,생산비,생산비별
DT_2EE302,젖소 두당 사육비,101043,101,년,2018,2023,,,젖소,사육비별
DT_2EE303,젖소 두당 수익성,101043,101,년,2018,2023,,,수익성,수익성별
DT_2EE304,젖소 두당 사육현황,101043,101,년,2018,2023,,,젖소,사육현황별
DT_2EE309,계란 100개당 생산비,101043,101,년,2018,2022,,,생산비,
DT_2EE309_23,계란 100개당 생산비,101043,101,년,2023,2023,,,생산비,
DT_2EE310,산란계 수당 사육비,101043,101,년,2018,2022,,,"산란계,사육비",사육비별
DT_2EE310_23,산란계 수당 사육비,101043,101,년,2023,2023,,,사육비,사육비별
DT_2EE311,산란계 수당 수익성,101043,101,년,2018,2022,,,수익성,수익성별
DT_2EE311_23,산란계 수당 수익성,101043,101,년,2023,2023,,,수익성,수익성별
DT_2EE312,산란계 100수당 사육현황,101043,101,년,2018,2022,,,사육현황,사육현황별
DT_2EE312_23,산란계 100수당 사육현황,101043,101,년,2023,2023,,,사육현황,사육현황별
DT_2EE313,육성계 100수당 사육현황,101043,101,년,2018,2022,,,육성계,사육현황별
DT_2EE313_23,육성계 100수당 사육현황,101043,101,년,2023,2023,,,"육성계,사육현황",
DT_2EE314,육계 생체 10kg당 생산비,101043,101,년,2018,2023,,,생산비,생산비별
DT_2EE315,육계 10수당 사육비,101043,101,년,2018,2023,,,"육계,사육비",사육비별
DT_2EE316,육계 10수당 수익성,101043,101,년,2018,2023,,,수익성,
DT_2EE317,육계 100수당 사육현황,101043,101,년,2018,2023,,,"육계,사육현황",사육현황별
DT_1E4B001,어가경제주요지표(총괄),101044,101,년,1980,2002,,,"어가경제,어민가구,어가소득,어획량,양식업소득,부채규모",
DT_1E4B002,표본어가 개황,101044,101,년,1980,2002,,,표본어,
DT_1E4B003,어업시설현황,101044,101,년,1983,2002,,,어업시설,어업별
DT_1E4B004,어가 편의용품 보유현황,101044,101,년,1981,2000,,,어가편의용품,
DT_1E4B011,어업수입 및 지출,101044,101,년,1980,2002,,,"어업수입,어업지출",
DT_1E4B012,겸업수입 및 지출,101044,101,년,1980,2002,,,"수입,지출",
DT_1E4B013,사업외수입 및 지출,101044,101,년,1980,2002,,,"사업외수입,지출",
DT_1E4B014,이전수입 및 조세공과금,101044,101,년,1980,2002,,,"이전수입,조세공과금",
DT_1E4B021,어가 가계비,101044,101,년,1980,2002,,,"어가,가계비","품목별,지출목적별"
DT_1E4B031,어가자산,101044,101,년,1980,2002,,,자산,
DT_1E4B041,차입처별 어가부채,101044,101,년,1980,2002,,,어가부채,차입처별
DT_1E4B042,용도별 어가부채,101044,101,년,1980,2002,,,어가부채,용도별
DT_1E4B051,성별 가구당 가구원수,101044,101,년,1981,2002,,,"가구원수,가구",성별
DT_1E4B052,연령별 가구당 가구원수,101044,101,년,1983,2002,,,"가구원수,가구",연령별
DT_1E4B053,학력별 가구당 가구원수,101044,101,년,1981,2002,,,"가구원수,가구",학력별
DT_1E4B054,주업별 가구당 가구원수,101044,101,년,1983,2002,,,가구원수,주업별
DT_1E4B055,부업별 가구당 가구원수,101044,101,년,1983,2002,,,가구원수,부업별
DT_1E4B101,표본어가현황,101044,101,년,2003,2023,,,표본어,
DT_1E4B103,"교육수준, 어업종사여부별 가구원수(어가경제)",101044,101,년,2003,2023,,,가구원수,"교육수준별,어업종사여부별"
DT_1E4B104,어가경제 주요지표,101044,101,년,2003,2023,,,"어가경제,어가,경제지표",
DT_1E4B131,어가소득,101044,101,년,2003,2023,,,어가소득,
DT_1E4B132,어업총수입,101044,101,년,2003,2023,,,어업총수입,
DT_1E4B133,어업경영비,101044,101,년,2003,2023,,,어업경영비,
DT_1E4B136,사업외소득(어가경제),101044,101,년,2003,2023,,,소득,
DT_1E4B137,이전소득(어가경제),101044,101,년,2003,2023,,,이전소득,
DT_1E4B139,가계지출-소비지출(어가경제),101044,101,년,2003,2023,,,"가계지출,소비지출",
DT_1E4B140,가계지출-비소비지출(어가경제),101044,101,년,2003,2023,,,비소비지출,
DT_1E4B151,어가자산-고정자산,101044,101,년,2003,2023,,,고정자산,
DT_1E4B152,어가자산-유동자산(재고자산),101044,101,년,2003,2023,,,"어가자산,유동자산,재고자산",
DT_1E4B153,어가자산-유동자산(당좌자산),101044,101,년,2003,2023,,,"어가자산,유동자산",
DT_1E4B154,용도별 어가자산,101044,101,년,2003,2023,,,어가자산,용도별
DT_1E4B155,어가부채,101044,101,년,2003,2023,,,어가부채,어업경영형태별
DT_1E10B01,"행정구역(시군구)별 농가수, 농가인구",101045,101,년,1970,2009,,,"농가수,농가인구",행정구역별
DT_1E10B02,전겸업별 농가수,101045,101,년,1970,2009,,,농가수,전겸업별
DT_1E10B03,경지규모별 농가수,101045,101,년,1970,2009,,,농가수,경지규모별
DT_1E10B04,논경영규모별 농가수,101045,101,년,1990,2009,,,농가수,경영규모별
DT_1E10B05,밭경영규모별 농가수,101045,101,년,1990,2009,,,농가수,밭경영규모별
DT_1E10B06,영농형태별 농가수,101045,101,년,1985,2009,,,농가수,영농형태별
DT_1E10B07,경영주 연령별 농가수,101045,101,년,1990,2009,,,농가수,경영주연령별
DT_1E10B08,가구원수별 농가수,101045,101,년,1970,2009,,,"농가수,가구원수",가구원수별
DT_1E10B09,농업종사가구원수별 농가수,101045,101,년,1991,2009,,,농가수,농업종사가구원수별
DT_1E10B10,농축산물 판매규모별 농가수,101045,101,년,2002,2009,,,농가수,판매규모별
DT_1E10B11,농축산물 판매방법별 농가수,101045,101,년,2002,2009,,,농가수,판매방법별
DT_1E10B12,정보화현황별 농가수,101045,101,년,2002,2009,,,농가수,정보화현황별
DT_1E10B13,연령/성별 농가인구,101045,101,년,1970,2009,,,농가인구,"연령별,성별"
DT_1E10B15,연령별 및 농업종사 기간별 농가인구(15세이상),101045,101,년,1990,2009,,15세이상,농가인구,"연령별,농업종사기간별"
DT_1E10B18,연령 및 농업이외 종사기간별 농가인구,101045,101,년,2003,2009,,,농가인구,"연령별,농업이외종사기간별"
DT_1E10B19,주종사분야별 농가인구(15세이상),101045,101,년,2003,2009,,15세이상,농가인구,주종사분야별
DT_1E10B20,"농가유형별(주업농,부업농,자급농) 농가수",101045,101,년,2003,2009,,,농가수,농가유형별
DT_1E10B21,연금수급액 규모별 농가수,101045,101,년,2006,2009,,,농가수,규모별
DT_1E10B29,시설면적규모별 농가수,101045,101,년,2003,2007,,,농가수,시설면적규모별
DT_1E10B33,혼인상태별 농가인구(15세이상),101045,101,년,2005,2009,,15세이상,농가인구,혼인상태별
DT_1E10B34,경영주 농업경력별,101045,101,년,2005,2009,,,농업경력,농업경력별
DT_1E10B35,친환경농업,101045,101,년,2005,2007,,,농가,"지역별,품목별"
DT_1E10B36,시설면적 규모별 농가수(2005~),101045,101,년,2005,2009,,,농가수,시설면적규모별
DT_1EA1011,"행정구역(시군구)별 농가, 농가인구",101045,101,년,2010,2023,,,"농가,농가인구",행정구역별
DT_1EA1012,다문화 농가 및 농가인구,101045,101,년,2011,2023,,,"농가,농가인구",
DT_1EA1013,전겸업별 농가,101045,101,년,2010,2023,,,농가,전겸업별
DT_1EA1014,전겸업별 농가(시군구),101045,101,년,2010,2023,,,농가,전겸업별
DT_1EA1015,경지규모별 농가,101045,101,년,2010,2023,,,농가,경지규모별
DT_1EA1016,논경영규모별 농가,101045,101,년,2010,2023,,,농가,경영규모별
DT_1EA1017,밭경영규모별 농가,101045,101,년,2010,2023,,,농가,밭경영규모별
DT_1EA1018,영농형태별 농가,101045,101,년,2010,2023,,,농가,영농형태별
DT_1EA1019,경영주 연령별 농가,101045,101,년,2010,2023,,,농가,경영주연령별
DT_1EA1020,가구원수별 농가,101045,101,년,2010,2023,,,"농가,가구원수",가구원수별
DT_1EA1021,농업종사가구원수별 농가,101045,101,년,2010,2023,,,농가,농업종사가구원수별
DT_1EA1022,농축산물 판매규모별 농가,101045,101,년,2010,2023,,,농가,판매규모별
DT_1EA1023,농축산물 판매처별 농가,101045,101,년,2010,2023,,,농가,판매처별
DT_1EA1024,정보화현황별 농가,101045,101,년,2010,2014,,,농가,정보화현황별
DT_1EA1025,시설면적규모별 농가,101045,101,년,2010,2023,,,농가,시설면적규모별
DT_1EA1026,경영주 농업경력별 농가,101045,101,년,2010,2023,,,농가,농업경력별
DT_1EA1027,고용인 고용기간별 농가,101045,101,년,2010,2023,,,"고용인,농가",고용기간별
DT_1EA1028,농업 관련 사업별 경영 농가,101045,101,년,2010,2023,,,경영농가,사업별
DT_1EA1029,유기농?무농약 실천농가,101045,101,년,2010,2012,,,실천농가,
DT_1EA1030,가축사육 농가,101045,101,년,2010,2023,,,농가,
DT_1EA1031,친환경가축사육 실천 농가,101045,101,년,2010,2012,,,농가,
DT_1EA1032,가축 분뇨 처리방법별 농가,101045,101,년,2011,2023,,,농가,처리방법별
DT_1EA1033,가축 분뇨 수거방법별 농가,101045,101,년,2011,2023,,,농가,수거방법별
DT_1EA1034,영농교육일수별 농가,101045,101,년,2011,2014,,,농가,영농교육일수별
DT_1EA1035,영농승계자별 농가,101045,101,년,2011,2014,,,농가,영농승계자별
DT_1EA1036,"수확작물별 농가(논벼, 쌀보리, 콩, 고추, 마늘, 양파, 참깨)",101045,101,년,2010,2023,,,농가,수확작물별
DT_1EA1037,"산나물, 약용작물, 관상작물, 표고버섯 재배작물별 농가",101045,101,년,2010,2011,,,농가,재배작물별
DT_1EA1038,과수 재배 작물별 농가,101045,101,년,2010,2023,,,농가,작물별
DT_1EA1040,연령 및 성별 농가인구,101045,101,년,2010,2023,,,농가인구,성별
DT_1EA1041,연령 및 농업종사 기간별 농가인구(15세 이상),101045,101,년,2010,2023,,15세 이상,농가인구,"연령별,농업종사기간별"
DT_1EA1042,연령 및 농림업이외 종사기간별 농가인구(15세 이상),101045,101,년,2010,2023,,15세 이상,농가인구,"연령별,농림업이외종사기간별"
DT_1EA1043,주종사산업별 농가인구(15세 이상),101045,101,년,2010,2023,,15세 이상,농가인구,주종사산업별
DT_1EA1044,혼인상태별 농가인구(15세 이상),101045,101,년,2010,2019,,15세 이상,농가인구,혼인상태별
DT_1EA1045,영농형태별 농가수(시군구),101045,101,년,2010,2023,,,농가수,행정구역별
DT_1EA1046,주부업별 농가,101045,101,년,2010,2023,,,농가,주업별
DT_1EA1047,60세 이상 생활비원천별 농가,101045,101,년,2012,2014,,60세 이상,농가,생활비원천별
DT_1EA1048,시설종류별 농가수,101045,101,년,2012,2023,,,농가수,시설종류별
DT_1EA1050,정보화현황별 농가,101045,101,년,2015,2019,,,농가,정보화현황별
DT_1EA1051,시설가온방식별 농가수,101045,101,년,2021,2023,,,농가수,시설가온방식별
DT_1EA1052,에너지절감시설별 농가수,101045,101,년,2021,2023,,,농가수,에너지절감시설별
DT_1EA1053,정보화현황별 농가,101045,101,년,2021,2023,,,농가,정보화현황별
DT_1EA1054,경영주 혼인상태별 농가수,101045,101,년,2020,2023,,,농가수,혼인상태별
DT_1FA7001,시도별 임가수 및 임가인구,101045,101,년,2010,2023,,,"임가수,임가인구",행정구역별
DT_1FA7002,임업형태별 임가,101045,101,년,2010,2023,,,임가,임업형태별
DT_1FA7004,"육림업, 벌목업, 양묘업, 채취업 생산부문별 임가",101045,101,년,2010,2023,,,임가,생산부문별
DT_1FA7005,경영주 성 및 연령별 임가,101045,101,년,2010,2023,,,임가,"경영주성별,연령별"
DT_1FA7006,가구원수별 임가,101045,101,년,2010,2023,,,"가구원수,임가",가구원수별
DT_1FA7007,정보화현황별 임가,101045,101,년,2012,2014,,,임가,정보화현황별
DT_1FA7008,임산물 재배작물별 임가,101045,101,년,2010,2023,,,임가,재배작물별
DT_1FA7009,연령 및 성별  임가인구,101045,101,년,2010,2023,,,임가인구,"성별,연령별"
DT_1FA7010,15세 이상 혼인상태 및 성별 임가인구,101045,101,년,2010,2019,,15세 이상,임가인구,"혼인상태별,성별"
DT_1FA7011,임업종사 가구원수별 임가(비재배업),101045,101,년,2010,2023,,,"가구원수,임가",가구원수별
DT_1FA7012,경영주 임업종사기간별 임가(비재배업),101045,101,년,2010,2023,,,임가,임업종사기간별
DT_1FA7013,경영주 임업종사경력별 임가(비재배업),101045,101,년,2010,2023,,,임가,임업종사경력별
DT_1FA7014,임산물 판매금액별 임가(비재배업),101045,101,년,2010,2023,,,"임산물,임가",판매금액별
DT_1FA7015,임산물 판매처별 임가,101045,101,년,2010,2023,,,임가,판매처별
DT_1FA7016,15세 이상 임업종사기간별 임가인구(비재배업),101045,101,년,2010,2023,,15세 이상,임가인구,임업종사기간별
DT_1FA7017,15세 이상 주종사산업별 임가인구(비재배업),101045,101,년,2010,2023,,15세 이상,임가인구,주종사산업별
DT_1FA7018,연령별 임업종사가구원(비재배업),101045,101,년,2010,2023,,,임업종사가구원,연령별
DT_1FA7019,채취 품목별 임가,101045,101,년,2010,2023,,,임가,품목별
DT_1FA7021,60세 이상 생활비원천별 임가,101045,101,년,2012,2014,,60세 이상,임가,생활비원천별
DT_1FA7022,정보화현황별 임가,101045,101,년,2015,2019,,,임가,정보화현황별
DT_1FA7023,정보화현황별 임가,101045,101,년,2021,2023,,,임가,정보화현황별
DT_1FA7024,경영주 혼인상태별 임가수,101045,101,년,2020,2023,,,임가,혼인상태별
DT_1ZA7001,"어가, 어가인구, 어업종사가구원",101045,101,년,2017,2023,,,"어가,어가인구,어업종사가구원",
DT_1ZA7002,"전겸업별 어가, 어가인구, 어업종사가구원",101045,101,년,2017,2023,,,"어가,어가인구,어업종사가구원",전겸업별
DT_1ZA7003,"어업형태별 어가, 어업종사가구원",101045,101,년,2017,2023,,,"어가,어업종사가구원",어업형태별
DT_1ZA7004,가구원수별 어가,101045,101,년,2017,2023,,,어가,가구원수별
DT_1ZA7005,어업종사가구원수별 어가,101045,101,년,2017,2023,,,어가,어업종사가구원수별
DT_1ZA7006,양식품종별 어가,101045,101,년,2017,2023,,,어가,양식하는품목별로어가를분류한통계표를말합니다따라서이통계표에서의분류기준은품종별입니다
DT_1ZA7007,양식수산물 판매금액별 어가,101045,101,년,2017,2023,,,어가,판매금액별
DT_1ZA7008,어획품종별 어가,101045,101,년,2017,2023,,,어가,어획품종별
DT_1ZA7009,판매금액 규모별 어가,101045,101,년,2017,2023,,,"어가,판매금액",규모별
DT_1ZA7010,"연령 및 성별 어가인구, 어업종사가구원, 어업경영주",101045,101,년,2017,2023,,,"어가인구,어업종사가구원,어업경영주","성별,연령별"
DT_1ZA7011,"어업 주종사 부문별 어업종사가구원, 어업경영주",101045,101,년,2017,2023,,,"어업종사가구원,어업경영주",부문별
DT_1ZA7012,경영주 어업경력기간별 어가,101045,101,년,2017,2023,,,어가,어업경력기간별
DT_1ZB7001,"시도별 어가, 어가인구, 어업종사가구원",101045,101,년,2010,2023,,,"어가,어가인구,어업종사가구원",행정구역별
DT_1ZB7002,"전겸업별 어가, 어가인구, 어업종사가구원",101045,101,년,2010,2023,,,"어가,어가인구,어업종사가구원",전겸업별
DT_1ZB7003,"어업형태별 어가, 어가인구",101045,101,년,2010,2023,,,"어가,어가인구",어업형태별
DT_1ZB7004,가구원수별 어가,101045,101,년,2010,2023,,,어가,가구원수별
DT_1ZB7005,어업종사가구원수별 어가,101045,101,년,2010,2023,,,어가,어업종사가구원수별
DT_1ZB7006,다문화 어가 및 어가인구,101045,101,년,2011,2023,,,"다가구,다문화어가인구",
DT_1ZB7007,어선보유톤수별 어가,101045,101,년,2010,2023,,,어가,어선보유톤수별
DT_1ZB7008,양식품종별 어가,101045,101,년,2010,2023,,,어가,양식하는품목별로분류한어가
DT_1ZB7009,양식장면적별 어가,101045,101,년,2010,2023,,,"양식장면적,어가",양식장면적별
DT_1ZB7011,양식수산물 판매금액별 어가,101045,101,년,2010,2023,,,어가,판매금액별
DT_1ZB7013,어획품종별 어가,101045,101,년,2010,2023,,,어가,어획품종별
DT_1ZB7014,판매금액 규모별 어가,101045,101,년,2010,2023,,,어가,규모별
DT_1ZB7015,판매처별 어가,101045,101,년,2010,2023,,,어가,판매처별
DT_1ZB7016,정보화현황별 어가,101045,101,년,2010,2014,,,어가,정보화현황별
DT_1ZB7017,주된 양식품종별 어가,101045,101,년,2010,2023,,,어가,양식품종별
DT_1ZB7021,어업 관련사업별 어가,101045,101,년,2010,2023,,,어가,어업관련사업별
DT_1ZB7023,주종사 산업 및 성별 어가인구(15세 이상),101045,101,년,2010,2023,,15세 이상,어가인구,"산업별,성별"
DT_1ZB7024,"연령 및 성별 어가인구, 어업종사가구원, 어업경영주",101045,101,년,2010,2023,,,"어가인구,어업종사가구원,어업경영주",성별
DT_1ZB7025,"혼인상태별 어가인구, 어업종사가구원, 어업경영주(15세 이상)",101045,101,년,2010,2023,,15세 이상,"어가인구,어업종사가구원,어업경영주",혼인상태별
DT_1ZB7026,"어업종사기간별 어가인구, 어업종사가구원, 어업경영주(15세 이상)",101045,101,년,2010,2023,,15세 이상,"어가인구,어업종사가구원,어업경영주",어업종사기간별
DT_1ZB7027,"어업 주종사 부문별 어업종사가구원, 어업경영주",101045,101,년,2010,2023,,,"어업종사가구원,어업경영주",부문별
DT_1ZB7028,어업종사형태별 어업종사가구원,101045,101,년,2010,2023,,,어업종사가구원,어업종사형태별
DT_1ZB7029,주부업별 어가,101045,101,년,2010,2023,,,어가,주업별
DT_1ZB7030,경영주 어업경력기간별 어가,101045,101,년,2010,2023,,,어가,어업경력기간별
DT_1ZB7031,60세 이상 생활비원천별 어가,101045,101,년,2012,2014,,60세 이상,어가,생활비원천별
DT_1ZB7032,정보화현황별 어가,101045,101,년,2015,2019,,,어가,정보화현황별
DT_1ZB7033,정보화현황별 어가,101045,101,년,2021,2023,,,어가,정보화현황별
INH_1EA1011_01,농가인구(시도/시/군/구),101045,101,년,2010,2023,,,농가인구,행정구역별
INH_1EA1045,농가수(시도/시/군/구),101045,101,년,2010,2023,,,농가수,행정구역별
INH_1ZB7001,어가수(시도),101045,101,년,2010,2023,,,어가수,행정구역별
INH_1ZB7024,어가인구(시도),101045,101,년,2010,2023,,,어가인구,행정구역별
DT_1EF001A,해면어업총괄(사업체수)(해수면어업),101046,101,5년,1970,1995,,,사업체수,행정구역별
DT_1EF002A,"행정구역별/어업형태별 어가, 어가인구, 어업종사자)(해수면어업)",101046,101,5년,1970,1995,,,"어가,어가인구,어업종사자","행정구역별,어업형태별"
DT_1EF011A,주된어업 종류별 사업체수(해수면어업),101046,101,5년,1970,1995,,,사업체수,주어진통계표에서명시적으로표현된분류기준은주된어업종류별입니다따라서이통계표는주된어업의종류를기준으로사업체의수를나타내고있습니다
DT_1EF012A,어업종류별 실사업체수(해수면어업),101046,101,5년,1970,1995,,,실사업체수,어업종류별
DT_1EF014A,최성어기의 종사자수별 사업체수(해수면어업),101046,101,5년,1970,1995,,,"종사자수,사업체수",종사자수별
DT_1EF015A,해상작업 종사일수별 사업체수(해수면어업),101046,101,5년,1990,1995,,,사업체수,해상작업종사일수별
DT_1EF016A,주된 조업수역별 사업체수(해수면어업),101046,101,5년,1995,1995,,,사업체수,주된조업수역별
DT_1EF016B,주된 조업수역별 사업체수(해수면어업),101046,101,5년,1980,1990,,,사업체수,주된조업수역별
DT_1EF021A,전·겸업별 어가수(해수면어업),101046,101,5년,1970,1995,,,어가수,전겸업별
DT_1EF021B,전·겸업별/주된겸업내용별 어가수(해수면어업),101046,101,5년,1980,1990,,,어가수,"전겸업별,겸업내용별"
DT_1EF022A,가구원수별 어가수(해수면어업),101046,101,5년,1990,1995,,,어가수,가구원수별
DT_1EF023A,어업종사자수별 어가수(해수면어업),101046,101,5년,1990,1995,,,"어업종사자수,어가수",어업종사자수별
DT_1EF024A,경영주 주종사분야별 어가수(해수면어업),101046,101,5년,1990,1995,,,어가수,주종사분야별
DT_1EF025A,경영주 어업종사분야별/종사기간별 어가수(해수면어업),101046,101,5년,1990,1995,,,어가수,"어업종사분야별,종사기간별"
DT_1EF026A,경영주 연령별/성별 어가수(해수면어업),101046,101,5년,1990,1995,,,어가수,"경영주연령별,성별"
DT_1EF027A,경영주 학력별/성별 어가수(해수면어업),101046,101,5년,1990,1995,,,어가수,"경영주학력별,성별"
DT_1EF031A,연령별/성별 어가인구(해수면어업),101046,101,5년,1970,1995,,,어가인구,"연령별,성별"
DT_1EF032A,전·겸업별/성별 어가인구(해수면어업),101046,101,5년,1990,1995,,,어가인구,"전겸업별,성별"
DT_1EF033A,주종사분야별/성별 어가인구(해수면어업),101046,101,5년,1990,1995,,,어가인구,"주종사분야별,성별"
DT_1EF034A,학력별/성별 어가인구(해수면어업),101046,101,5년,1990,1995,,,어가인구,"학력별,성별"
DT_1EF041A,연령별/성별 어업종사자수(해수면어업),101046,101,5년,1970,1995,,,어업종사자수,"연령별,성별"
DT_1EF042A,학력별/성별 어업종사자수(해수면어업),101046,101,5년,1990,1995,,,어업종사자수,"학력별,성별"
DT_1EF043A,전·겸업별/어업종사기간별 어업종사자수(해수면어업),101046,101,5년,1990,1995,,,어업종사자수,"전겸업별,어업종사기간별"
DT_1EF044A,전·겸업별/성별 어업종사자수(해수면어업),101046,101,5년,1990,1995,,,어업종사자수,"전겸업별,성별"
DT_1EF045A,어업이외의 주종사분야별 종사자수(해수면어업),101046,101,5년,1990,1995,,,주종사분야별종사자수,주종사분야별
DT_1EF046A,전·겸업별/어업종사형태별 어업종사자수(해수면어업),101046,101,5년,1990,1995,,,어업종사자수,"전겸업별,어업종사형태별"
DT_1EF047A,전·겸업별/어업종사분야별 어업종사자수(해수면어업),101046,101,5년,1990,1995,,,어업종사자수,"전겸업별,어업종사분야별"
DT_1EF051A,회사경영체 경영상황(해수면어업),101046,101,5년,1990,1995,,,회사경영체,"경영형태별,어선규모별"
DT_1EF052A,공동경영체 경영상황(해수면어업),101046,101,5년,1980,1995,,,공동경영체,"공동경영체경영상황,해수면어업에대한명시적인분류기준이주어진문장에는없습니다따라서이경우에는기준없음이출력됩니다"
DT_1EF053A,업종별/면적별 공동경영체수(해수면어업),101046,101,5년,1990,1995,,,공동경영체수,"업종별,면적별"
DT_1EF054A,단체연구기관 경영상황(해수면어업),101046,101,5년,1990,1995,,,경영상황,경영상황별
DT_1EF061A,어선규모별 어가수(해수면어업),101046,101,5년,1990,1995,,,어가수,어선규모별
DT_1EF062A,양식장 면적별 사업체수(해수면어업),101046,101,5년,1990,1995,,,사업체수,면적별
DT_1EF063A,문화용품 및 자재보유현황(해수면어업),101046,101,5년,1990,1995,,,"문화용품,자재",품목별
DT_1EF101A,내수면어업 총괄(내수면어업),101046,101,5년,1980,1995,,,내수면어업,
DT_1EF111,주된어업 종류별 사업체수(내수면어업),101046,101,5년,1980,1995,,,사업체수,주된어업별
DT_1EF112,어업종류별 실사업체수(내수면어업),101046,101,5년,1980,1995,,,실사업체수,어업종류별
DT_1EF113,품종별/어획장소별 어로어업 사업체수(내수면어업),101046,101,5년,1990,1995,,,어로어업사업체수,"품종별,어획장소별"
DT_1EF114,양식장시설 면적별 사업체수(내수면어업),101046,101,5년,1990,1995,,,사업체수,면적별
DT_1EF115,양식방법별 실사업체수 및 사육지면적(내수면어업),101046,101,5년,1995,1995,,,"실사업체수,사육지면적",양식방법별
DT_1EF116,양식어업 어류 품종별 실사업체수 및 사육지면적(내수면어업),101046,101,5년,1995,1995,,,"실사업체수,사육지면적",품종별
DT_1EF117,양식어업의 판매처 및 종묘조달 방법별 사업체수(내수면어업),101046,101,5년,1990,1995,,,사업체수,"판매처별,종묘조달방법별"
DT_1EF118,양어장 용수이용방법(내수면어업),101046,101,5년,1995,1995,,,양어장,용수이용방법별
DT_1EF121,전·겸업(주된겸업내용)별 어가수(내수면어업),101046,101,5년,1980,1995,,,어가수,"전겸업,주된겸업내용별"
DT_1EF122A,가구원수별 어가수(내수면어업),101046,101,5년,1990,1995,,,어가수,가구원수별
DT_1EF123A,어업종사자수별 어가수(내수면어업),101046,101,5년,1990,1995,,,"어업종사자수,어가수",어업종사자수별
DT_1EF124,경영주 연령별/성별 어가수(내수면어업),101046,101,5년,1990,1995,,,어가수,"경영주연령별,성별"
DT_1EF125,경영주 학력별/성별 어가수(내수면어업),101046,101,5년,1990,1995,,,어가수,"경영주학력별,성별"
DT_1EF131,연령별/성별 어가인구(내수면어업),101046,101,5년,1980,1995,,,어가인구,"연령별,성별"
DT_1EF132,전·겸업별/성별 어가인구(내수면어업),101046,101,5년,1990,1995,,,어가인구,"전겸업별,성별"
DT_1EF133,주종사분야별/성별 어가인구(내수면어업),101046,101,5년,1990,1995,,,어가인구,"주종사분야별,성별"
DT_1EF134,학력별/성별 어가인구(내수면어업),101046,101,5년,1990,1995,,,어가인구,"학력별,성별"
DT_1EF141,연령별/성별 어업종사자수(내수면어업),101046,101,5년,1980,1995,,,어업종사자수,"연령별,성별"
DT_1EF142,학력별/성별 어업종사자수(내수면어업),101046,101,5년,1990,1995,,,어업종사자수,"학력별,성별"
DT_1EF143,어업종사기간별/성별 어업종사자수(내수면어업),101046,101,5년,1990,1995,,,어업종사자수,"어업종사기간별,성별"
DT_1EF144,전·겸업별 어업종사자수(내수면어업),101046,101,5년,1990,1995,,,어업종사자수,전겸업별
DT_1EF145,전·겸업별/어업종사형태별 어업종사자수(내수면어업),101046,101,5년,1990,1995,,,어업종사자수,"전겸업별,어업종사형태별"
DT_1EF146,전·겸업별/어업종사분야별 어업종사자수(내수면어업),101046,101,5년,1990,1995,,,어업종사자수,"전겸업별,어업종사분야별"
DT_1EF147,겸업어가의 어업이외 주종사분야별 종사자수(내수면어업),101046,101,5년,1990,1995,,,주종사분야별종사자수,주종사분야별
DT_1EF151,회사경영체 경영상황(내수면어업),101046,101,5년,1990,1995,,,회사경영체,"경영형태별,어업규모별"
DT_1EF152,공동경영체 경영상황(내수면어업),101046,101,5년,1995,1995,,,공동경영체,경영형태별
DT_1EF153,단체연구기관 경영상황(내수면어업),101046,101,5년,1990,1995,,,경영상황,경영상황별
DT_1EF161,어선현황(내수면어업),101046,101,5년,1995,1995,,,어선,분류기준없음
DT_1EF162,어선규모별 어가수(12. 1일 현재)(내수면어업),101046,101,5년,1990,1995,,,어가수,어선규모별
DT_1EF163A,문화용품 및 자재보유현황(내수면어업),101046,101,5년,1990,1995,,,"문화용품,자재",품목별
DT_1EF2011,항종별 어항시설,101046,101,5년,1980,1995,,,어항시설,항종별
DT_1EF2020,제1종 어항시설(1995년),101046,101,5년,1995,1995,,,어항시설,
DT_1EF2021,제1종 어항시설(1990년),101046,101,5년,1990,1990,,,어항시설,
DT_1EF2022,제2종 어항시설(1990년),101046,101,5년,1990,1990,,,어항시설,
DT_1EF2023,제3종 어항시설(1990년),101046,101,5년,1990,1990,,,어항시설,
DT_1EF2024,제1종 어항시설(1980년),101046,101,5년,1980,1980,,,어항시설,
DT_1EF2025,제2종 어항시설(1980년),101046,101,5년,1980,1980,,,어항시설,
DT_1EF2026,제3종 어항시설(1980년),101046,101,5년,1980,1980,,,어항시설,
DT_1EF203,제2종 어항시설(1995년),101046,101,5년,1995,1995,,,어항시설,
DT_1EF204,제3종 어항시설(1995년),101046,101,5년,1995,1995,,,어항시설,
DT_1EF205,소규모 어항시설,101046,101,5년,1980,1995,,,어항시설,
DT_1EF211,수산물유통 및 냉동(제빙)·냉장시설규모,101046,101,5년,1980,1995,,,"수산물유통,냉동냉장시설규모",
DT_1EF212,수산물 보급시설규모,101046,101,5년,1980,1995,,,수산물보급시설,
DT_1EF221,수산제조가공시설 종업원 및 총부지면적,101046,101,5년,1990,1995,,,"종업원,총부지면적",
DT_1EF222,수산제조가공 업종별 경영상황,101046,101,5년,1990,1995,,,경영상황,업종별
DT_1EF223,연간 가동일수별/업종별 경영상황,101046,101,5년,1990,1995,,,경영상황,"가동일수별,업종별"
DT_1EF7002,사업체총괄(해수면어업),101046,101,5년,1970,1970,,,사업체,행정구역별
DT_1EF7003,주된어업 종류별 사업체수/실사업체수(해수면어업),101046,101,5년,1970,1970,,,사업체수,주어진통계표에서는주된어업이라는분류기준을명시하고있습니다따라서이통계표를분석할때사용할수있는분류기준은주된어업별입니다
DT_1EF7005,경영조직별 사업체수(해수면어업),101046,101,5년,1970,1970,,,사업체수,경영조직별
DT_1EF7006,최성기의 종사자수별 사업체수(해수면어업),101046,101,5년,1970,1970,,,"종사자수,사업체수",종사자수별
DT_1EF7007,종사일수별 어업경영자 가구수(해수면어업),101046,101,5년,1970,1970,,,어업경영자가구수,종사일수별
DT_1EF7008,전·겸업별 어업경영자 가구수(해수면어업),101046,101,5년,1970,1970,,,어업경영자가구수,전겸업별
DT_1EF7009,주된 수입원별 어업경영자 가구수(해수면어업),101046,101,5년,1970,1970,,,어업경영자가구수,주된수입원별
DT_1EF7010,어업경영자가구의 겸업상황(해수면어업),101046,101,5년,1970,1970,,,어업경영자가구,어업경영자가구별
DT_1EF7011,가구원수별 어업경영자 가구수(해수면어업),101046,101,5년,1970,1970,,,가구원수별어업경영자가구수,가구원수별
DT_1EF7012,주된 수입원별 어업고용자 가구수(해수면어업),101046,101,5년,1970,1970,,,어업고용자가구수,주된수입원별
DT_1EF7013,어업 고용자 가구의 겸업상황(해수면어업),101046,101,5년,1970,1970,,,어업고용자가구,행정구역별
DT_1EF7014,가구원수별 어업고용자 가구수(해수면어업),101046,101,5년,1970,1970,,,가구원수별어업고용자가구수,가구원수별
DT_1EF7015,전겸업별 어업고용자 가구수(해수면어업),101046,101,5년,1970,1970,,,어업고용자가구수,전겸업별
DT_1EF7016,경영규모별/성별/연령별 가구원수(해수면어업),101046,101,5년,1970,1970,,,가구원수,"경영규모별,성별,연령별"
DT_1EF7017,가구형태별/성별/연령별 어업종사자수(해수면어업),101046,101,5년,1970,1970,,,어업종사자수,"가구형태별,성별,연령별"
DT_1EF7018,경영규모별/연령별 어업종사자수(해수면어업),101046,101,5년,1970,1970,,,어업종사자수,"경영규모별,연령별"
DT_1EF7019,어업의존도별/연령별 어업종사자수(해수면어업),101046,101,5년,1970,1970,,,어업종사자수,"어업의존도별,연령별"
DT_1EF7020,자영·고용정도별/성별 어업종사자수(해수면어업),101046,101,5년,1970,1970,,,어업종사자수,"자영고용정도별,성별"
DT_1EF7021,주로 종사한 어업별/연령별 어업종사자수(해수면어업),101046,101,5년,1970,1970,,,어업종사자수,"어업별,연령별"
DT_1EF7022,종사일수별/성별 어업종사자수(해수면어업),101046,101,5년,1970,1970,,,어업종사자수,"종사일수별,성별"
DT_1EF7023,전·겸업별/어업의존도별 어업종사자수(해수면어업),101046,101,5년,1970,1970,,,어업종사자수,"전겸업별,어업의존도별"
DT_1EF7024,어업의 신규종사자 및 이탈자수(해수면어업),101046,101,5년,1970,1970,,,"신규종사자,이탈자",해수면어업별
DT_1EF7026,김양식규모별 사업체수 및 방법별 면적(해수면어업),101046,101,5년,1970,1970,,,"사업체수,면적","김양식규모별,방법별"
DT_1EF7027,굴양식규모별 사업체수 및 방법별 면적(해수면어업),101046,101,5년,1970,1970,,,"사업체수,면적","굴양식규모별,방법별"
DT_1EF7028,경영규모별 어업투자(해수면어업),101046,101,5년,1970,1970,,,어업투자,경영규모별
DT_1EF7029,경영규모별 차입상황(해수면어업),101046,101,5년,1970,1970,,,차입상황,경영규모별
DT_1EF8001,어업종사일수별 어업경영자가구수(해수면어업),101046,101,5년,1980,1980,,,어업경영자가구수,어업종사일수별
DT_1EF8002,겸업가구별 경지보유현황(해수면어업)(해수면어업),101046,101,5년,1980,1980,,,"경지보유현황,겸업가구",겸업가구별
DT_1EF8003,가구원수별 어업경영자가구수(해수면어업),101046,101,5년,1980,1980,,,"가구원수,어업경영자가구수",가구원수별
DT_1EF8004,경영주 연령별 어업경영자 가구수(해수면어업),101046,101,5년,1980,1980,,,어업경영자가구수,경영주연령별
DT_1EF8005,전·겸업가구별 가구원수(해수면어업),101046,101,5년,1980,1980,,,가구원수,전겸업가구별
DT_1EF8006,어업의존도별/연령별 어업종사자수(해수면어업),101046,101,5년,1980,1980,,,어업종사자수,"어업의존도별,연령별"
DT_1EF8007,어업작업성질별 종사자수(해수면어업),101046,101,5년,1980,1980,,,"어업작업성질,종사자수",어업작업성질별
DT_1EF8008,전·겸업가구별 어업종사자수(해수면어업),101046,101,5년,1980,1980,,,어업종사자수,전겸업가구별
DT_1EF8009,성별/어업종사일수별 종사자수(해수면어업),101046,101,5년,1980,1980,,,종사자수,"성별,어업종사일수별"
DT_1EF8010,어업이외의 사업종사자수(해수면어업),101046,101,5년,1980,1980,,,사업종사자수,행정구역별
DT_1EF8012,회사경영체별 경영상황(해수면어업),101046,101,5년,1980,1990,,,경영상황,회사경영체별
DT_1EF8015,단체 연구기관 및 종업원수(해수면어업),101046,101,5년,1980,1980,,,연구기관종업원수,연구기관별
DT_1EF8016,어업별 승선원수(해수면어업),101046,101,5년,1980,1980,,,승선원수,어업별
DT_1EF8017,선원임금상황(해수면어업),101046,101,5년,1980,1980,,,선원임금상황,
DT_1EF8018,생활환경(해수면어업),101046,101,5년,1980,1980,,,어업,
DT_1EF8019,어업규모별/성별/학력별 가구원수(해수면어업),101046,101,5년,1980,1980,,,가구원수,"어업규모별,성별,학력별"
DT_1EF801A,양식업 종류별 시설규모(해수면어업),101046,101,5년,1980,1980,,,시설규모,양식업종류별
DT_1EF8020,성별/학력별 어업종사자수(해수면어업),101046,101,5년,1980,1980,,,어업종사자수,"성별,학력별"
DT_1EF8101,총괄표(내수면어업),101046,101,5년,1980,1980,,,내수면어업,지역별
DT_1EF8102,주된어업종류별 사업체수 및 실사업체수(내수면어업),101046,101,5년,1980,1980,,,사업체수,주된어업종류별
DT_1EF8103,전·겸업별 가구수(내수면어업),101046,101,5년,1980,1980,,,가구수,전겸업별
DT_1EF8104,겸업가구별 경지보유상황(내수면어업),101046,101,5년,1980,1980,,,"경지보유상황,가구",겸업가구별
DT_1EF8105,성별/연령별 가구원수(내수면어업),101046,101,5년,1980,1980,,,가구원수,"성별별,연령별"
DT_1EF8106,전·겸업 가구별 가구원수(내수면어업),101046,101,5년,1980,1980,,,가구원수,"가구원수별,전겸업별"
DT_1EF8107,학력별 가구원수(내수면어업),101046,101,5년,1980,1980,,,가구원수,학력별
DT_1EF8108,어업별/성별/연령별 종사자수(내수면어업),101046,101,5년,1980,1980,,,종사자수,"어업별,성별,연령별"
DT_1EF8109,전·겸업별 어업종사자수(내수면어업),101046,101,5년,1980,1980,,,어업종사자수,전겸업별
DT_1EF8110,어업별/선형별/선질별/톤급별 어선척수(내수면어업),101046,101,5년,1980,1980,,,어선척수,"어업별,선형별,선질별,톤급별"
DT_1EF8111,선형별/선질별/선령별 어선척수(내수면어업),101046,101,5년,1980,1980,,,어선척수,"선형별,선질별,선령별"
DT_1EF8112,회사경영체 경영상황(내수면어업),101046,101,5년,1980,1980,,,회사경영체,경영상황별
DT_1EF8113,공동경영체 경영상황(내수면어업),101046,101,5년,1980,1980,,,공동경영체,경영형태별
DT_1EF8201,경영조직별/업종별 제조가공시설 업체수,101046,101,5년,1980,1980,,,제조가공시설업체수,"경영조직별,업종별"
DT_1EF9001,지역별 종사자수(1990)(해수면어업),101046,101,5년,1990,1990,,,종사자수,지역별
DT_1EF9002,영어승계자 연령별/학력별 어가수(해수면어업),101046,101,5년,1990,1990,,,어가수,"연령별,학력별"
DT_1EF9003,영어승계자 주종사분야별 어가수(해수면어업),101046,101,5년,1990,1990,,,어가수,주종사분야별
DT_1EF9004,경지면적별 겸업어가수(해수면어업),101046,101,5년,1990,1990,,,겸업어가수,경지면적별
DT_1EF9005,수익분배방법별 공동경영체수(해수면어업),101046,101,5년,1990,1990,,,공동경영체수,수익분배방법별
DT_1EF9006,어업별/선원별 승선원수(해수면어업),101046,101,5년,1990,1990,,,승선원수,"어업별,선원별"
DT_1EF9007,어업별/선원별/임금별 어선척수(해수면어업),101046,101,5년,1990,1990,,,어선척수,"어업별,선원별,임금별"
DT_1EF9008,양식품종별 실사업체수 및 면적(해수면어업),101046,101,5년,1990,1990,,,"실사업체수,면적",양식품종별
DT_1EF9009,겸업가구별 경지보유현황(해수면어업),101046,101,5년,1990,1990,,,"경지보유현황,겸업가구",겸업가구별
DT_1EF9102,양식어업 시설방법별 사육지면적(내수면어업),101046,101,5년,1990,1990,,,"양식어업,내수면어업",시설방법별
DT_1EF9103,양식어업어류 품종별 사육지면적(내수면어업),101046,101,5년,1990,1990,,,"양식어업어류,사육지면적",품종별
DT_1EF9104,영어승계자 연령별/학력별 어가수(내수면어업),101046,101,5년,1990,1990,,,어가수,"연령별,학력별"
DT_1EF9105,회사경영체 경영상황(내수면어업),101046,101,5년,1990,1990,,,회사경영체,경영상황별
DT_1EF9106,공동경영체 경영상황(내수면어업),101046,101,5년,1990,1990,,,공동경영체,경영형태별
DT_1EF9107,겸업가구별 경지보유현황(내수면어업),101046,101,5년,1990,1990,,,경지보유현황,겸업가구별
DT_1EF9201,경영조직별 수산제조가공 업체수,101046,101,5년,1990,1990,,,수산제조가공업체수,경영조직별
DT_1EH100,전·겸업별 어가수(해수면어업),101046,101,5년,1970,2000,,,어가수,전겸업별
DT_1EH101,어업형태별 어가수(해수면어업),101046,101,5년,2000,2000,,,어가수,어업형태별
DT_1EH102,가구원수별 어가수(해수면어업),101046,101,5년,1990,2000,,,어가수,가구원수별
DT_1EH103,세대구성별 어가수(해수면어업),101046,101,5년,2000,2000,,,어가수,세대구성별
DT_1EH104,경영주 연령 및 성별 어가수(해수면어업),101046,101,5년,1969,2000,,,"경영주,어가수",성별
DT_1EH105,경영주 교육정도 및 성별 어가수(해수면어업),101046,101,5년,1969,2000,,,"교육정도,성별,어가수","교육정도별,성별"
DT_1EH106,경영주 주종사분야별 어가수(해수면어업),101046,101,5년,2000,2000,,,어가수,주종사분야별
DT_1EH107,경영주 어업종사분야 및 기간별 어가수(해수면어업),101046,101,5년,1990,2000,,,어가수,"어업종사분야별,기간별"
DT_1EH108,어업종사자수별 어가수(해수면어업),101046,101,5년,2000,2000,,,"어업종사자수,어가수",어업종사자수별
DT_1EH109,주된 어로어업 방법별 어가수(해수면어업),101046,101,5년,2000,2000,,,어가수,어로어업방법별
DT_1EH110,어로어업 방법별 어가수(가구중복)(해수면어업),101046,101,5년,2000,2000,,,어가수,어로어업방법별
DT_1EH112,주된 양식어종별 어가수(해수면어업),101046,101,5년,2000,2000,,,어가수,양식어종별
DT_1EH113,양식어종별 어가수(가구중복)(해수면어업),101046,101,5년,2000,2000,,,어가수,양식어종별
DT_1EH114,양식장면적 규모별 어가수(해수면어업),101046,101,5년,2000,2000,,,"양식장면적,어가수",규모별
DT_1EH116,동력선 톤수규모별 어가수(해수면어업),101046,101,5년,2000,2000,,,어가수,동력선톤수규모별
DT_1EH118,수산물 상품형태 및 판매방법별 어가수(해수면어업),101046,101,5년,2000,2000,,,어가수,"상품형태별,판매방법별"
DT_1EH119,수산물 판매금액별 어가수(해수면어업),101046,101,5년,2000,2000,,,어가수,판매금액별
DT_1EH120,생산자조직 참여여부별 어가수(해수면어업),101046,101,5년,2000,2000,,,어가수,생산자조직참여여부별
DT_1EH121,정보화현황별 어가수(해수면어업),101046,101,5년,2000,2000,,,어가수,정보화현황별
DT_1EH122,주거 및 생활환경별 어가수(해수면어업),101046,101,5년,2000,2000,,,어가수,주거및생활환경별
DT_1EH201,성별 어가인구 및 구성비(해수면어업),101046,101,5년,2000,2000,,,어가인구,성별
DT_1EH202,연령 및 성별 어가인구(해수면어업),101046,101,5년,1970,2000,,,어가인구,성별
DT_1EH203,15세이상 교육정도 및 성별 어가인구(해수면어업),101046,101,5년,1969,2000,,15세이상,"교육정도,성별,어가인구",성별
DT_1EH204,15세이상 주종사분야 및 성별 어가인구(해수면어업),101046,101,5년,1969,2000,,15세이상,어가인구,"주종사분야별,성별"
DT_1EH206,연령 및  어업종사기간별 어가인구(해수면어업),101046,101,5년,2000,2000,,,어가인구,"연령별,어업종사기간별"
DT_1EH301,연령 및 성별 어업종사자수(해수면어업),101046,101,5년,1969,2000,,,어업종사자수,성별
DT_1EH302,교육정도 및 성별 어업종사자수(해수면어업),101046,101,5년,1969,2000,,,"교육정도,성별,어업종사자수",성별
DT_1EH303,어업종사기간 및 성별 어업종사자(해수면어업),101046,101,5년,2000,2000,,,"어업종사기간,성별어업종사자",성별
DT_1EH308,주종사분야별 어업종사자수(해수면어업),101046,101,5년,1990,2000,,,어업종사자수,주종사분야별
DT_1EH401,양식어가의 어종별 양식면적(해수면어업),101046,101,5년,2000,2000,,,양식면적,어종별
DT_1EH402,양식어가의 양식방법별 양식면적(해수면어업),101046,101,5년,2000,2000,,,양식면적,양식방법별
DT_1EH501,보유어선 및 동력선톤수 규모별 어선척수(해수면어업),101046,101,5년,2000,2000,,,어선척수,규모별
DT_1EH502,선질 및 선령별 동력선척수(해수면어업),101046,101,5년,2000,2000,,,동력선척수,선질및선령별
DT_1EH503,출어일수별 동력선척수(해수면어업),101046,101,5년,2000,2000,,,동력선척수,출어일수별
DT_1EH504,평균 승선원수별 동력선척수(해수면어업),101046,101,5년,2000,2000,,,동력선척수,평균승선원수별
DT_1EJ102,전·겸업별 어가,101046,101,5년,2005,2005,,,어가,전겸업별
DT_1EJ103,주된 어업형태별 어가,101046,101,5년,2005,2005,,,어가,어업형태별
DT_1EJ104,가구원수별 어가,101046,101,5년,2005,2005,,,어가,가구원수별
DT_1EJ105,세대구성별 어가,101046,101,5년,2005,2005,,,어가,세대구성별
DT_1EJ106,경영주 혼인상태 및 성별 어가,101046,101,5년,2005,2005,,,"경영주,어가","혼인상태별,성별"
DT_1EJ107,경영주 연령 및 교육정도별 어가,101046,101,5년,2005,2005,,,어가,"경영주연령별,교육정도별"
DT_1EJ108,경영주 주종사분야별 어가,101046,101,5년,2005,2005,,,어가,경영주주종사분야별
DT_1EJ109,경영주 어업종사분야 및 어업종사기간별 어가,101046,101,5년,2005,2005,,,어가,"어업종사분야별,어업종사기간별"
DT_1EJ110,경영주 어업경력기간별 어가,101046,101,5년,2005,2005,,,어가,어업경력기간별
DT_1EJ111,어업 종사인원별 어가,101046,101,5년,2005,2005,,,"어업종사인원,어가",어업종사자별
DT_1EJ112,주된 어로어업 방법별 어가,101046,101,5년,2005,2005,,,어가,어로어업방법별
DT_1EJ1121,어로어업 방법별 어가,101046,101,5년,2005,2005,,,어가,어가별
DT_1EJ113,주된 어획품종별 어가,101046,101,5년,2005,2005,,,어가,어획품종별
DT_1EJ1131,어획품종별 어가,101046,101,5년,2005,2005,,,어가,어획품종별
DT_1EJ114,주된 양식품종별 어가,101046,101,5년,2005,2005,,,어가,양식품종별
DT_1EJ115,양식장 면적규모별 어가,101046,101,5년,2005,2005,,,"양식장,어가",면적규모별
DT_1EJ116,동력선 톤수규모별 어가,101046,101,5년,2005,2005,,,어가,톤수규모별
DT_1EJ117,보유어선 척수별 어가,101046,101,5년,2005,2005,,,"어가,보유어선",척수별
DT_1EJ118,수산물 상품형태 및 판매처별 어가,101046,101,5년,2005,2005,,,"어가,수산물","상품형태별,판매처별"
DT_1EJ119,수산물 판매금액별 어가,101046,101,5년,2005,2005,,,어가,판매금액별
DT_1EJ120,생산자조직 참여여부 및 현황별 어가,101046,101,5년,2005,2005,,,어가,"생산자조직참여여부별,현황별"
DT_1EJ121,정보화 및 자동차 보유 현황별 어가,101046,101,5년,2005,2005,,,어가,현황별
DT_1EJ122,생활시설 이동수단 및 소요시간별 어가,101046,101,5년,2005,2005,,,어가,"이동수단별,소요시간별"
DT_1EJ123,거처형태별 어가,101046,101,5년,2005,2005,,,어가,거처형태별
DT_1EJ124,난방시설별 어가,101046,101,5년,2005,2005,,,어가,난방시설별
DT_1EJ125,주거시설 형태별 어가,101046,101,5년,2005,2005,,,어가,주거시설형태별
DT_1EJ201,연령 및 성별 어가인구 / 성비,101046,101,5년,2005,2005,,,어가인구,성별
DT_1EJ2012,연령계층 및 성별 어가인구(읍면동별),101046,101,5년,2005,2005,,,어가인구,"성별,연령계층별"
DT_1EJ203,15세이상 혼인상태 및 성별 어가인구,101046,101,5년,2005,2005,,15세이상,"혼인상태,성별,어가인구","혼인상태별,성별"
DT_1EJ204,15세이상 주종사분야 및 성별 어가인구,101046,101,5년,2005,2005,,15세이상,어가인구,"주종사분야별,성별"
DT_1EJ205,15세이상 전·겸업 및 성별 어가인구,101046,101,5년,2005,2005,,15세이상,어가인구,"전겸업별,성별"
DT_1EJ206,15세이상 어업종사기간 및 성별 어가인구,101046,101,5년,2005,2005,,15세이상,"어업종사기간,성별어가인구","성별,어업종사기간별"
DT_1EJ301,연령 및 성별 어업종사가구원,101046,101,5년,2005,2005,,,어업종사가구원,성별
DT_1EJ302,혼인상태 및 성별 어업종사가구원,101046,101,5년,2005,2005,,,"혼인가구원,비혼인가구원,남성,여성","혼인상태별,성별"
DT_1EJ303,교육정도별 어업종사가구원,101046,101,5년,2005,2005,,,어업종사가구원,교육정도별
DT_1EJ304,어업종사기간 및 성별 어업종사가구원,101046,101,5년,2005,2005,,,"어업종사기간,성별어업종사가구원","성별,어업종사기간별"
DT_1EJ305,어업종사분야 및 성별 어업종사가구원,101046,101,5년,2005,2005,,,어업종사가구원,성별
DT_1EJ306,주종사분야별 어업종사가구원,101046,101,5년,2005,2005,,,어업종사가구원,주종사분야별
DT_1EJ401,양식어가의 품종별 양식면적,101046,101,5년,2005,2005,,,양식면적,품종별
DT_1EJ402,양식어가의 양식방법별 양식면적,101046,101,5년,2005,2005,,,양식면적,양식방법별
DT_1EJ501,보유어선 및 동력선 톤수규모별 어선척수,101046,101,5년,2005,2005,,,어선척수,톤수규모별
DT_1EJ502,선질 및 선령별 동력선 척수,101046,101,5년,2005,2005,,,동력선,선질및선령별
DT_1EJ503,출어일수별 동력선 척수,101046,101,5년,2005,2005,,,동력선,출어일수별
DT_1EJ504,평균 승선원수별 동력선 척수,101046,101,5년,2005,2005,,,동력선,평균승선원수별
DT_1EK102,전·겸업 및 주된 어업형태별 어가,101046,101,5년,2005,2005,,,어가,"전겸업별,주된어업형태별"
DT_1EK103,세대구성별 어가,101046,101,5년,2005,2005,,,어가,세대구성별
DT_1EK104,어업종사 가구원수별 어가,101046,101,5년,2005,2005,,,"어가,가구원수",가구원수별
DT_1EK105,경영주 혼인상태 및 성별 어가,101046,101,5년,2005,2005,,,"경영주,어가","혼인상태별,성별"
DT_1EK106,경영주 연령 및 교육정도별 어가,101046,101,5년,2005,2005,,,어가,"경영주연령별,교육정도별"
DT_1EK107,경영주 주종사분야별 어가,101046,101,5년,2005,2005,,,어가,경영주주종사분야별
DT_1EK108,경영주 어업종사분야 및 어업종사기간별 어가,101046,101,5년,2005,2005,,,어가,"어업종사분야별,어업종사기간별"
DT_1EK109,가구원수별 어가,101046,101,5년,2005,2005,,,어가,가구원수별
DT_1EK110,경영주 어업경력기간별 어가,101046,101,5년,2005,2005,,,어가,어업경력기간별
DT_1EK111,주된 어로어업방법별 어가,101046,101,5년,2005,2005,,,어가,어로어업방법별
DT_1EK1111,어로어업방법별 어가,101046,101,5년,2005,2005,,,어가,어로어업방법별
DT_1EK112,주된 어획품종별 어가,101046,101,5년,2005,2005,,,어가,어획품종별
DT_1EK1121,어획품종별 어가,101046,101,5년,2005,2005,,,어가,어획품종별
DT_1EK113,주된 양식품종별 어가,101046,101,5년,2005,2005,,,어가,양식품종별
DT_1EK1131,양식품종별 어가 및 양식장면적,101046,101,5년,2005,2005,,,"어가,양식장면적",양식품종별
DT_1EK114,양식장 면적규모별 어가,101046,101,5년,2005,2005,,,"양식장,어가",면적규모별
DT_1EK115,동력선 톤수규모별 어가,101046,101,5년,2005,2005,,,어가,톤수규모별
DT_1EK117,수산물 상품형태 및 판매처별 어가,101046,101,5년,2005,2005,,,"수산물,어가","상품형태별,판매처별"
DT_1EK118,수산물 판매금액별 어가,101046,101,5년,2005,2005,,,어가,판매금액별
DT_1EK120,정보화 및 자동차 보유 현황별 어가,101046,101,5년,2005,2005,,,"어가,정보화율,자동차보유율","정보화수준별,자동차보유현황별"
DT_1EK121,생활시설 이동수단 및 소요시간별 어가,101046,101,5년,2005,2005,,,어가,이동수단별
DT_1EK122,거처형태별 어가,101046,101,5년,2005,2005,,,어가,거처형태별
DT_1EK123,난방시설별 어가,101046,101,5년,2005,2005,,,어가,난방시설별
DT_1EK124,주거시설 형태별 어가,101046,101,5년,2005,2005,,,어가,주거시설형태별
DT_1EK201,연령 및 성별 어가인구 / 성비,101046,101,5년,2005,2005,,,어가인구,성별
DT_1EK2012,연령계층 및 성별 어가인구(읍면동별),101046,101,5년,2005,2005,,,어가인구,"성별,연령계층별,행정구역별"
DT_1EK202,6세이상 교육정도별 어가인구,101046,101,5년,2005,2005,,6세이상,어가인구,교육정도별
DT_1EK203,15세이상 혼인상태 및 성별 어가인구,101046,101,5년,2005,2005,,15세이상,"혼인상태,성별,어가인구","혼인상태별,성별"
DT_1EK204,15세이상 주종사분야 및 성별 어가인구,101046,101,5년,2005,2005,,15세이상,어가인구,"주종사분야별,성별"
DT_1EK205,15세이상 전·겸업 및 성별 어가인구,101046,101,5년,2005,2005,,15세이상,어가인구,"전겸업별,성별"
DT_1EK206,15세이상 어업종사기간 및 성별 어가인구,101046,101,5년,2005,2005,,15세이상,"어업종사기간,성별,어가인구",성별
DT_1EK301,연령 및 성별 어업종사가구원,101046,101,5년,2005,2005,,,어업종사가구원,성별
DT_1EK302,교육정도별 어업종사가구원,101046,101,5년,2005,2005,,,어업종사가구원,교육정도별
DT_1EK303,어업종사기간 및 성별 어업종사가구원,101046,101,5년,2005,2005,,,"어업종사기간,성별어업종사가구원","성별,어업종사기간별"
DT_1EK401,보유어선 및 동력선 톤수규모별 어선척수,101046,101,5년,2005,2005,,,어선척수,톤수규모별
DT_1EK402,선질 및 선령별 동력선 척수,101046,101,5년,2005,2005,,,동력선,선질및선령별
DT_1EN101,전·겸업 및 주된 어업형태별 어가수(내수면어업),101046,101,5년,1980,2000,,,어가수,전겸업및주된어업형태별
DT_1EN102,가구원수별 어가수(내수면어업),101046,101,5년,1990,2000,,,"가구원수,어가수",가구원수별
DT_1EN104,경영주 연령 및 성별 어가수(내수면어업),101046,101,5년,1990,2000,,,"경영주,어가수",성별
DT_1EN105,경영주 교육정도 및 성별 어가수(내수면어업),101046,101,5년,1990,2000,,,"교육정도,성별,어가수","교육정도별,성별"
DT_1EN108,어업종사자수별 어가수(내수면어업),101046,101,5년,1990,2000,,,"어업종사자수,어가수",어업종사자수별
DT_1EN109,주된 어로어업방법별 어가수(내수면어업),101046,101,5년,2000,2000,,,어가수,어로어업방법별
DT_1EN110,어로어업방법별 어가수(가구중복)(내수면어업),101046,101,5년,2000,2000,,,어가수,어로어업방법별
DT_1EN112,어획어종 및 어획장소별 어가수(내수면어업),101046,101,5년,2000,2000,,,어가수,"어획어종별,어획장소별"
DT_1EN115,양식장 면적규모별 어가수(내수면어업),101046,101,5년,2000,2000,,,"양식장,어가수",면적규모별
DT_1EN117,보유어선 규모별 어가수(내수면어업),101046,101,5년,1990,2000,,,어가수,규모별
DT_1EN119,수산물 상품형태 및 판매방법별 어가수(내수면어업),101046,101,5년,2000,2000,,,어가수,"상품형태별,판매방법별"
DT_1EN120,수산물 판매금액별 어가수(내수면어업),101046,101,5년,2000,2000,,,어가수,판매금액별
DT_1EN122,정보화현황별 어가수(내수면어업),101046,101,5년,2000,2000,,,어가수,정보화현황별
DT_1EN123,주거 및 생활환경별 어가수(내수면어업),101046,101,5년,2000,2000,,,어가수,주거및생활환경별
DT_1EN201,연령 및 성별 어가인구(내수면어업),101046,101,5년,1980,2000,,,어가인구,성별
DT_1EN202,15세이상 교육정도 및 성별 어가인구(내수면어업),101046,101,5년,1990,2000,,15세이상,"교육정도,성별,어가인구",성별
DT_1EN203,15세이상 주종사분야 및 성별 어가인구(내수면어업),101046,101,5년,2000,2000,,15세이상,어가인구,"주종사분야별,성별"
DT_1EN301,연령 및 성별 어업종사자(내수면어업),101046,101,5년,1980,2000,,,어업종사자,성별
DT_1EN302,교육정도 및 성별 어업종사자(내수면어업),101046,101,5년,1990,2000,,,"교육정도,성별,어업종사자",성별
DT_1EN303,어업종사기간 및 성별 어업종사자수(내수면어업),101046,101,5년,1990,2000,,,"어업종사기간,성별어업종사자수,내수면어업",성별
DT_1EN401,양식어종별 양식면적(내수면어업),101046,101,5년,2000,2000,,,양식면적,양식어종별
DT_1EN501,어선수 및 톤수규모별 동력선수(내수면어업),101046,101,5년,2000,2000,,,"어선수,톤수규모별동력선수","동력선수별,어선규모별"
DT_1EN502,선질 및 선령별 동력선수(내수면어업),101046,101,5년,2000,2000,,,동력선수,선질및선령별
DT_1ZB5301,"시도별 어업가구, 어가인구,어업종사가구원",101048,101,년,1960,2009,,,"어업가구,어가인구,어업종사가구원",행정구역별
DT_1ZB5302,"성별/연령별 어가인구, 어업종사가구원, 어업경영주",101048,101,년,1960,2009,,,"어가인구,어업종사가구원,어업경영주","성별,연령별"
DT_1ZB5303,"시도별/어업형태별 어업가구, 어가인구",101048,101,년,1960,2009,,,"어업가구,어가인구","시도별,어업형태별"
DT_1ZB5304,시도별/주된 어업형태별/어선톤수별 어업가구,101048,101,년,1970,2009,,,어업가구,"시도별,주된어업형태별,어선톤수별"
DT_1ZB5305,어선보유톤수별 어업가구,101048,101,년,1990,2009,,,어업가구,어선보유톤수별
DT_1ZB5306,"시도별/양식종류별 주된양식어업가구, 전체양식어업가구",101048,101,년,1960,2009,,,"주된양식어업가구,전체양식어업가구","시도별,양식종류별"
DT_1ZB5307,"양식장면적별 주된 양식어업가구, 전체양식어업가구",101048,101,년,1998,2009,,,양식어업가구,양식장면적별
DT_1ZB5308,시도별/겸업분야별 어업가구,101048,101,년,1960,2004,,,어업가구,"시도별,겸업분야별"
DT_1ZB5309,어업이외종사자별 어가인구,101048,101,년,1980,2009,,,어가인구,어업이외종사자별
DT_1ZB5310,주종사분야별 어가인구,101048,101,년,1972,2009,,,어가인구,주종사분야별
DT_1ZB5311,"시도별/종사기간별 어업종사가구원, 어업경영주",101048,101,년,1962,2009,,,"어업종사가구원,어업경영주","시도별,종사기간별"
DT_1ZB5312,"시도별/어업종류별 어업종사가구원,어업경영주",101048,101,년,1962,2009,,,"어업종사가구원,어업경영주","시도별,어업종류별"
DT_1ZB5313,시도별/자기 또는 남의 어업종사별 어업종사가구원,101048,101,년,1962,2009,,,어업종사가구원,"행정구역별,어업종사별"
DT_1ZB5315,시도별/정보화현황별 어업가구,101048,101,년,2000,2009,,,어업가구,"시도별,정보화현황별"
DT_1ZB5316,"시도별/전겸업별 어업가구, 어업종사가구원",101048,101,년,1960,2008,,,"어업가구,어업종사가구원","시도별,전겸업별"
DT_1ZB5317,어업형태별 어업종사가구원,101048,101,년,2005,2008,,,어업종사가구원,어업형태별
DT_1ZB5320,판매금액 규모별 어업가구,101048,101,년,2005,2009,,,어업가구,규모별
DT_1ZB5321,판매처별 어업가구,101048,101,년,2005,2009,,,어업가구,판매처별
DT_1ZB5322,시도별/가구원수별 어업가구,101048,101,년,2007,2009,,,어업가구,"시도별,가구원수별"
DT_1ZB5323,시도별/어업종사가구원수별 어업가구,101048,101,년,2007,2009,,,어업가구,"시도별,어업종사가구원수별"
DT_1ZB5324,"시도별/혼인상태별 어가인구, 어업종사가구원, 어업경영주",101048,101,년,2007,2009,,,"어가인구,어업종사가구원,어업경영주","시도별,혼인상태별"
DT_1ZB5325,"전겸업별 어업가구, 어가인구,어업종사가구원",101048,101,년,1960,2009,,,"어업가구,어가인구,어업종사가구원",전겸업별
DT_1ZB5326,"시도별/성별 어가인구, 어업종사가구원, 어업경영주",101048,101,년,1960,2009,,,"어가인구,어업종사가구원,어업경영주","시도별,성별"
DT_1ZB5327,"시도별/연령별 어가인구, 어업종사가구원, 어업경영주",101048,101,년,1960,2009,,,"어가인구,어업종사가구원,어업경영주","시도별,연령별"
DT_1ED0001,1인당 연간 양곡소비량,101049,101,년,1963,2023,,,양곡소비량,행정구역별
DT_1ED0002,1인 1일당 양곡소비량,101049,101,"월,년",1963,2023,,,양곡소비량,양곡별
DT_1ED0004,사업체부문 쌀 소비량,101049,101,년,2011,2018,,,"사업체부문,쌀,소비량",
DT_1ED0006,사업체부문 쌀 소비량(10차 개정),101049,101,년,2019,2023,,,"사업체부문,쌀,소비량",산업별
DT_1K41002,재별 및 상품군별 판매액,101050,101,"월,분기,년",2020,2024,,,판매액,"재별,상품군별"
DT_1K41003,소매업태별 판매액,101050,101,"월,분기,년",2020,2024,,,판매액,소매업태별
DT_1K41005,17개 시도별 대형소매점 판매액,101050,101,"월,분기,년",2020,2024,,,대형소매점판매액,시도별
DT_1K41012,재별 및 상품군별 소매판매액지수(2020=100.0),101050,101,"월,분기,년",1995,2024,,,소매판매액지수,"재별,상품군별"
DT_1K41013,소매업태별 판매액지수(2020=100.0),101050,101,"월,분기,년",1995,2024,,,판매액지수,소매업태별
DT_1K41014,업태별상품군 판매액지수(2020=100.0),101050,101,"월,분기,년",2010,2024,,,판매액지수,업태별
DT_1K41015,17개 시도별 대형소매점 판매액지수(2020=100.0),101050,101,"월,분기,년",2010,2024,,,대형소매점판매액지수,시도별
DT_1K41016,광역경제권 대형소매점 판매액지수(2020=100.0),101050,101,"월,분기,년",2010,2024,,,대형소매점판매액지수,광역경제권별
DT_1K41017,음식점포함 소매판매액지수(2020=100),101050,101,"월,분기,년",2010,2024,,,소매판매액지수,
DT_1K41018,시도별 소매판매액지수(2020=100),101050,101,"분기,년",2010,2024,,,소매판매액지수,행정구역별
DT_1K41031,도소매업 재고액지수(2020=100.0),101050,101,분기,2020,2024,,,재고액지수,산업별
DT_1K41033,도소매업 재고율(2020=100.0),101050,101,분기,2020,2024,,,재고율,산업별
DT_1KC2020,산업별 서비스업생산지수(2020=100.0),101050,101,"월,분기,년",2000,2024,,,서비스업생산지수,산업별
DT_1KC2021,특수분류별 서비스업생산지수(2020=100.0),101050,101,"월,분기,년",2000,2024,,,서비스업생산지수,특수분류별
DT_1KC2022,기업규모별 서비스업생산지수(2020=100.0),101050,101,"월,분기,년",2015,2024,,,서비스업생산지수,기업규모별
DT_1KC2023,시도별 서비스업생산지수(2020=100.0),101050,101,"분기,년",2010,2024,,,서비스업생산지수,행정구역별
INH_1K41005_01,대형소매점판매액(시도),101050,101,"월,분기,년",2020,2024,,,대형소매점판매액,행정구역별
INH_1K41005_02,백화점판매액(시도),101050,101,"월,분기,년",2020,2024,,,"백화점판매액,시도",행정구역별
DT_1I80001,정보통신산업 총괄,101051,101,년,1998,1999,,,정보통신산업,
DT_1I80002,산업/조직형태별 총괄,101051,101,년,1998,1999,,,사업체,산업조직형태별
DT_1I80003,산업/수입규모별 총괄,101051,101,년,1998,1999,,,수입규모,산업별
DT_1I80004,산업/종사자규모별 총괄,101051,101,년,1998,1999,,,종사자규모,"산업별,종사자규모별"
DT_1I80005,산업별/자본금규모별 총괄,101051,101,년,1998,1999,,,자본금규모,"산업별,자본금규모별"
DT_1I80006,산업/사업체당 및 종사자1인당 총괄,101051,101,년,1998,1999,,,"사업체,종사자",산업별
DT_1I80011,산업/조직형태별,101051,101,년,1998,1999,,,사업체수,산업별
DT_1I80012,산업/납입자본금규모별,101051,101,년,1998,1999,,,납입자본금규모,"산업별,납입자본금규모별"
DT_1I80013,산업/종사자규모별,101051,101,년,1998,1999,,,종사자규모,"산업별,종사자규모별"
DT_1I80014,산업/매출액규모별,101051,101,년,1998,1999,,,매출액규모,"산업별,매출액규모별"
DT_1I80015,"산업/사업체수, 종사자수 및 연간급여액",101051,101,년,1998,1999,,,"산업,사업체수,종사자수,연간급여액",산업별
DT_1I80016,산업별 주요생산비,101051,101,년,1998,1999,,,주요생산비,산업별
DT_1I80017,산업별 재고액,101051,101,년,1998,1999,,,재고액,산업별
DT_1I80018,산업/유형고정자산 연말잔액 및 건설중인자산,101051,101,년,1998,1999,,,"산업유형고정자산,건설중인자산",산업별
DT_1I80019,"산업/유형고정자산 연간증가, 감소액 및 감가상각비",101051,101,년,1998,1999,,,산업유형고정자산,"산업별,유형고정자산별"
DT_1I8001A,"품목별 사업체수, 생산액, 출하 및 연말재고액",101051,101,년,1998,1999,,,"사업체수,생산액,출하및연말재고액",품목별
DT_1I8001B,주요품목별 수탁제조 사업체수 및 임가공수입액,101051,101,년,1998,1999,,,"사업체수,임가공수입액",주요품목별
DT_1I8001C,산업/사업체당 및 종사자1인당,101051,101,년,1998,1999,,,"사업체,종사자",산업별
DT_1I80021,산업/조직형태별,101051,101,년,1998,1998,,,사업체,산업별
DT_1I80022,산업/자본금규모별,101051,101,년,1998,1998,,,자본금규모,"산업별,자본금규모별"
DT_1I80023,산업/종사자규모별,101051,101,년,1998,1998,,,종사자규모,"산업별,종사자규모별"
DT_1I80024,산업/공사액규모별,101051,101,년,1998,1998,,,공사액규모,산업별
DT_1I80025,산업/본사소재지별,101051,101,년,1998,1998,,,사업체수,"산업별,행정구역별"
DT_1I80026,조직형태/종사자규모별 사업체수,101051,101,년,1998,1998,,,사업체수,"조직형태별,종사자규모별"
DT_1I80027,산업/종사자규모/직종별 종사자수 및 급여액,101051,101,년,1998,1998,,,"종사자수,급여액","산업별,직종별"
DT_1I80028,산업/종사자규모별 월평균 피고용자수,101051,101,년,1998,1998,,,월평균피고용자수,"산업별,종사자규모별"
DT_1I80029,산업/공사액규모별 월평균 피고용자수,101051,101,년,1998,1998,,,피고용자수,산업별
DT_1I8002A,산업/종사자규모별 공사비용,101051,101,년,1998,1998,,,"공사비용,종사자규모","산업별,종사자규모별"
DT_1I8002B,산업/종사자규모/조직형태/자본금규모별 부가가치,101051,101,년,1998,1998,,,부가가치,"산업별,종사자규모별,조직형태별,자본금규모별"
DT_1I8002C,"산업/종사자규모별 사업체당, 종사자1인당 기성액 및 부가가치",101051,101,년,1998,1998,,,"사업체,종사자","산업별,종사자규모별"
DT_1I8002D,산업/종사자규모별 유형고정자산,101051,101,년,1998,1998,,,유형고정자산,"산업별,종사자규모별"
DT_1I80031,산업/조직형태별,101051,101,년,1998,1999,,,사업체,산업별
DT_1I80032,산업/종사자규모별,101051,101,년,1998,1999,,,종사자규모,"산업별,종사자규모별"
DT_1I80033,산업/매출액규모별,101051,101,년,1998,1999,,,매출액규모,산업별
DT_1I80034,산업/매장면적(건물) 규모별,101051,101,년,1998,1999,,,매장면적,규모별
DT_1I80035,"산업/종사자규모/종사상지위별 종사자수, 인건비",101051,101,년,1998,1999,,,"종사자수,인건비","산업별,종사자규모별,종사상지위별"
DT_1I80041,산업/조직형태별,101051,101,년,1998,1999,,,사업체수,산업별
DT_1I80042,산업/종사자규모별,101051,101,년,1998,1999,,,종사자규모,"산업별,종사자규모별"
DT_1I80043,산업/수입규모별,101051,101,년,1998,1999,,,수입규모,산업별
DT_1I80044,산업/자본금규모별,101051,101,년,1998,1999,,,자본금규모,"산업별,자본금규모별"
DT_1I80045,산업/종사자규모/성/종사상의 지위별 종사자수,101051,101,년,1998,1999,,,종사자수,"산업별,종사자규모별,성별,종사의지위별"
DT_1I80046,산업/종사자규모/직종/학력별 종사자수,101051,101,년,1998,1999,,,종사자수,"산업별,종사자규모별,직종별,학력별"
DT_1I80047,산업/종사자규모/종사자수 및 연간급여액,101051,101,년,1998,1999,,,"종사자수,연간급여액","산업별,종사자규모별"
DT_1I80048,산업/조직형태별 부가가치,101051,101,년,1998,1999,,,부가가치,산업조직형태별
DT_1I80049,산업/조직형태별 유형고정자산,101051,101,년,1998,1999,,,유형고정자산,산업조직형태별
DT_1I80051,산업/조직형태별,101051,101,년,1998,1999,,,조직형태,산업별
DT_1I80052,산업/종사자규모별,101051,101,년,1998,1999,,,종사자규모,"산업별,종사자규모별"
DT_1I80053,산업/수입규모별,101051,101,년,1998,1999,,,수입규모,산업별
DT_1I80054,산업/자본금규모별,101051,101,년,1998,1999,,,자본금규모,"산업별,자본금규모별"
DT_1I80055,산업/종사자규모/성/종사상의 지위별 종사자수,101051,101,년,1998,1999,,,종사자수,"산업별,종사자규모별,성별,종사의지위별"
DT_1I80056,산업/종사자규모/직종/학력별 종사자수,101051,101,년,1998,1999,,,종사자수,"산업별,종사자규모별,직종별,학력별"
DT_1I80057,산업/종사자규모/종사자수 및 연간급여액,101051,101,년,1998,1999,,,"산업,종사자수,연간급여액","산업별,종사자규모별"
DT_1I80058,산업/조직형태별 부가가치,101051,101,년,1998,1999,,,부가가치,산업조직형태별
DT_1I80059,산업/조직형태별 유형고정자산,101051,101,년,1998,1999,,,유형고정자산,산업조직형태별
DT_1I80A21,산업/조직형태별 총괄,101051,101,년,1999,1999,,,사업체수,산업조직형태별
DT_1I80A22,산업/자본금규모별 총괄,101051,101,년,1999,1999,,,자본금규모,"산업별,자본금규모별"
DT_1I80A23,산업/종사자규모별 총괄,101051,101,년,1999,1999,,,종사자규모,"산업별,종사자규모별"
DT_1I80A24,산업/매출액규모별 총괄,101051,101,년,1999,1999,,,매출액규모,"산업별,매출액규모별"
DT_1I80A25,산업/종사자규모/직종별 종사자수 및 급여액,101051,101,년,1999,1999,,,"종사자수,급여액","산업별,직종별"
DT_1I80A26,산업/종사자규모별 공사비용,101051,101,년,1999,1999,,,"공사비용,종사자규모","산업별,종사자규모별"
DT_1I80A27,산업/종사자규모별 부가가치,101051,101,년,1999,1999,,,부가가치,"산업별,종사자규모별"
DT_1I80A28,산업/종사자규모별 유형고정자산,101051,101,년,1999,1999,,,유형고정자산,"산업별,종사자규모별"
DT_1TM1011,10세이상 인구의 평균시간,101052,101,5년,1999,2004,,10세이상,인구,
DT_1TM1011X,10세이상 인구의 행동별 평균시간,101052,101,5년,1999,2014,,10세이상,"인구,시간",행동별
DT_1TM1011Y,10세이상 인구의 행동별 평균시간,101052,101,5년,2014,2014,,10세이상,인구,행동별
DT_1TM1011YC,10세이상 인구의 행동별 평균시간 상대표준오차,101052,101,5년,2014,2014,,10세이상,인구,행동별
DT_1TM1011Z,10세이상 인구의 평균시간,101052,101,5년,1999,2009,,10세이상,인구,
DT_1TM1011ZC,10세이상 인구의 평균시간 상대표준오차,101052,101,5년,2009,2009,,10세이상,인구,
DT_1TM1012,10세이상 인구의 행위자비율,101052,101,5년,1999,2004,,10세이상,인구,성별
DT_1TM1012X,10세이상 인구의 행동별 행위자비율,101052,101,5년,1999,2014,,10세이상,행위자비율,행위자비율별
DT_1TM1012Y,10세이상 인구의 행동별 행위자비율,101052,101,5년,2014,2014,,10세이상,행위자비율,행위자비율별
DT_1TM1012YC,10세이상 인구의 행동별 행위자비율 상대표준오차,101052,101,5년,2014,2014,,10세이상,행위자비율,행동별
DT_1TM1012Z,10세이상 인구의 행위자비율,101052,101,5년,1999,2009,,10세이상,인구,성별
DT_1TM1012ZC,10세이상 인구의 행위자비율 상대표준오차,101052,101,5년,2009,2009,,10세이상,인구,행정구역별
DT_1TM1013,10세이상 인구의 행위자평균시간,101052,101,5년,1999,2004,,10세이상,인구,
DT_1TM1013X,10세이상 인구의 행동별 행위자평균시간,101052,101,5년,1999,2014,,10세이상,행위자평균시간,행동별
DT_1TM1013Y,10세이상 인구의 행동별 행위자평균시간,101052,101,5년,2014,2014,,10세이상,행위자평균시간,행동별
DT_1TM1013YC,10세이상 인구의 행동별 행위자평균시간 상대표준오차,101052,101,5년,2014,2014,,10세이상,인구,행위별
DT_1TM1013Z,10세이상 인구의 행위자평균시간,101052,101,5년,1999,2009,,10세이상,인구,행위별
DT_1TM1013ZC,10세이상 인구의 행위자 평균시간 상대표준오차,101052,101,5년,2009,2009,,10세이상,인구,행위자별
DT_1TM1021,연령별 평균시간,101052,101,5년,1999,2004,,,평균시간,연령별
DT_1TM1021X,연령별 평균시간,101052,101,5년,1999,2014,,,평균시간,연령별
DT_1TM1021Y,연령별 평균시간,101052,101,5년,2014,2014,,,평균시간,연령별
DT_1TM1021YC,연령별 평균시간 상대표준오차,101052,101,5년,2014,2014,,,"평균시간,상대표준오차",연령별
DT_1TM1021Z,연령별 평균시간,101052,101,5년,1999,2009,,,평균시간,연령별
DT_1TM1021ZC,연령별 평균시간 상대표준오차,101052,101,5년,2009,2009,,,"평균시간,상대표준오차",연령별
DT_1TM1022,연령별 행위자비율,101052,101,5년,1999,2004,,,행위자비율,연령별
DT_1TM1022X,연령별 행위자비율,101052,101,5년,1999,2014,,,행위자비율,연령별
DT_1TM1022Y,연령별 행위자비율,101052,101,5년,2014,2014,,,행위자비율,연령별
DT_1TM1022YC,연령별 행위자비율 상대표준오차,101052,101,5년,2014,2014,,,행위자비율,연령별
DT_1TM1022Z,연령별 행위자비율,101052,101,5년,1999,2009,,,행위자비율,연령별
DT_1TM1022ZC,연령별 행위자비율 상대표준오차,101052,101,5년,2009,2009,,,행위자비율,연령별
DT_1TM1023,연령별 행위자평균시간,101052,101,5년,1999,2004,,,행위자평균시간,연령별
DT_1TM1023X,연령별 행위자평균시간,101052,101,5년,1999,2014,,,행위자평균시간,연령별
DT_1TM1023Y,연령별 행위자평균시간,101052,101,5년,2014,2014,,,행위자평균시간,연령별
DT_1TM1023YC,연령별 행위자평균시간 상대표준오차,101052,101,5년,2014,2014,,,행위자평균시간,연령별
DT_1TM1023Z,연령별 행위자평균시간,101052,101,5년,1999,2009,,,행위자평균시간,연령별
DT_1TM1023ZC,연령별 행위자 평균시간 상대표준오차,101052,101,5년,2009,2009,,,"행위자,시간",연령별
DT_1TM1031,학생과 학생이외 인구의 평균시간,101052,101,5년,1999,2004,,,"학생,학생이외인구",
DT_1TM1031X,학생과 학생이외 인구의 평균시간,101052,101,5년,1999,2014,,,"학생,학생이외인구",
DT_1TM1031Y,학생과 학생이외 인구의 평균시간,101052,101,5년,2014,2014,,,"학생,학생이외인구",
DT_1TM1031Z,학생과 학생이외 인구의 평균시간,101052,101,5년,1999,2009,,,"학생,학생이외인구",
DT_1TM1032,학생과 학생이외 인구의 행위자비율,101052,101,5년,1999,2004,,,"학생,학생이외인구",행위자비율별
DT_1TM1032X,학생과 학생이외 인구의 행위자비율,101052,101,5년,1999,2014,,,"학생,학생이외인구",행위자비율별
DT_1TM1032Y,학생과 학생이외 인구의 행위자비율,101052,101,5년,2014,2014,,,"학생,학생이외인구",행위자비율별
DT_1TM1032Z,학생과 학생이외 인구의 행위자비율,101052,101,5년,1999,2009,,,"학생,학생이외인구",행위자비율별
DT_1TM1033,학생과 학생이외 인구의 행위자평균시간,101052,101,5년,1999,2004,,,"학생,학생이외인구",행위별
DT_1TM1033X,학생과 학생이외 인구의 행위자평균시간,101052,101,5년,1999,2014,,,"학생,학생이외인구",행위별
DT_1TM1033Y,학생과 학생이외 인구의 행위자평균시간,101052,101,5년,2014,2014,,,"학생,학생이외인구",행위별
DT_1TM1033Z,학생과 학생이외 인구의 행위자평균시간,101052,101,5년,1999,2009,,,"학생,학생이외인구",행위별
DT_1TM1034,학생의 재학정도별 평균시간,101052,101,5년,1999,2004,,,"재학정도,시간",재학정도별
DT_1TM10341Y,학생의 학교급별 평균시간(9월),101052,101,5년,2014,2014,,,평균시간,학교급별
DT_1TM10341YC,학생의 학교급별 평균시간 상대표준오차(9월),101052,101,5년,2014,2014,,,"평균시간,상대표준오차",학교급별
DT_1TM1034X,학생의 학교급별 평균시간,101052,101,5년,1999,2014,,,평균시간,학교급별
DT_1TM1034Y,학생의 학교급별 평균시간,101052,101,5년,2014,2014,,,"학교급별,시간",학교급별
DT_1TM1034YC,학생의 학교급별 평균시간 상대표준오차,101052,101,5년,2014,2014,,,"평균시간,상대표준오차",학교급별
DT_1TM1034Z,학생의 학교급별 평균시간,101052,101,5년,1999,2009,,,평균시간,학교급별
DT_1TM1035,학생의 재학정도별 행위자비율,101052,101,5년,1999,2004,,,행위자비율,재학정도별
DT_1TM10351Y,학생의 학교급별 행위자비율(9월),101052,101,5년,2014,2014,,,"학생,행위자비율",학교급별
DT_1TM10351YC,학생의 학교급별 행위자비율 상대표준오차(9월),101052,101,5년,2014,2014,,,"행위자비율,상대표준오차",학교급별
DT_1TM1035X,학생의 학교급별 행위자비율,101052,101,5년,1999,2014,,,행위자비율,학교급별
DT_1TM1035Y,학생의 학교급별 행위자비율,101052,101,5년,2014,2014,,,"학생,행위자비율",학교급별
DT_1TM1035YC,학생의 학교급별 행위자비율 상대표준오차,101052,101,5년,2014,2014,,,학교급별행위자비율,학교급별
DT_1TM1035Z,학생의 학교급별 행위자비율,101052,101,5년,1999,2009,,,"행위자비율,학생",학교급별
DT_1TM1036,학생의 재학정도별 행위자평균시간,101052,101,5년,1999,2004,,,"행위자,시간",재학정도별
DT_1TM10361Y,학생의 학교급별 행위자평균시간(9월),101052,101,5년,2014,2014,,,행위자평균시간,학교급별
DT_1TM10361YC,학생의 학교급별 행위자평균시간 상대표준오차(9월),101052,101,5년,2014,2014,,,"학생,시간",학교급별
DT_1TM1036X,학생의 학교급별 행위자평균시간,101052,101,5년,1999,2014,,,행위자평균시간,학교급별
DT_1TM1036Y,학생의 학교급별 행위자평균시간,101052,101,5년,2014,2014,,,행위자평균시간,학교급별
DT_1TM1036YC,학생의 학교급별 행위자평균시간 상대표준오차,101052,101,5년,2014,2014,,,행위자평균시간,학교급별
DT_1TM1036Z,학생의 학교급별 행위자평균시간,101052,101,5년,1999,2009,,,"학교급별,행위자평균시간",학교급별
DT_1TM1037,학생이외 인구의 학력별 평균시간,101052,101,5년,1999,2004,,,평균시간,학력별
DT_1TM1037X,학생이외 인구의 학력별 평균시간,101052,101,5년,1999,2014,,,평균시간,학력별
DT_1TM1037Y,학생이외 인구의 학력별 평균시간,101052,101,5년,2014,2014,,,평균시간,학력별
DT_1TM1037Z,학생이외 인구의 학력별 평균시간,101052,101,5년,1999,2009,,,"인구,시간",학력별
DT_1TM1038,학생이외 인구의 학력별 행위자비율,101052,101,5년,1999,2004,,,행위자비율,학력별
DT_1TM1038X,학생이외 인구의 학력별 행위자비율,101052,101,5년,1999,2014,,,행위자비율,학력별
DT_1TM1038Y,학생이외 인구의 학력별 행위자비율,101052,101,5년,2014,2014,,,행위자비율,학력별
DT_1TM1038Z,학생이외 인구의 학력별 행위자비율,101052,101,5년,1999,2009,,,행위자비율,학력별
DT_1TM1039,학생이외 인구의 학력별 행위자평균시간,101052,101,5년,1999,2004,,,행위자평균시간,학력별
DT_1TM1039X,학생이외 인구의 학력별 행위자평균시간,101052,101,5년,1999,2014,,,행위자평균시간,학력별
DT_1TM1039Y,학생이외 인구의 학력별 행위자평균시간,101052,101,5년,2014,2014,,,행위자평균시간,학력별
DT_1TM1039Z,학생이외 인구의 학력별 행위자평균시간,101052,101,5년,1999,2009,,,행위자평균시간,학력별
DT_1TM1041,혼인상태별 평균시간(20세이상),101052,101,5년,1999,2004,,20세이상,평균시간,혼인상태별
DT_1TM1041X,20세이상 인구의 혼인상태별 평균시간,101052,101,5년,1999,2014,,20세이상,혼인상태,혼인상태별
DT_1TM1041Y,20세이상 인구의 혼인상태별 평균시간,101052,101,5년,2014,2014,,20세이상,혼인상태별인구의시간,혼인상태별
DT_1TM1041YC,20세이상 인구의 혼인상태별 평균시간 상대표준오차,101052,101,5년,2014,2014,,20세이상,혼인상태,혼인상태별
DT_1TM1041Z,혼인상태별 평균시간(20세이상),101052,101,5년,1999,2009,,20세이상,평균시간,혼인상태별
DT_1TM1042,혼인상태별 행위자비율(20세이상),101052,101,5년,1999,2004,,20세이상,행위자비율,혼인상태별
DT_1TM1042X,20세이상 인구의 혼인상태별 행위자비율,101052,101,5년,1999,2014,,20세이상,혼인상태별인구의행위자비율,혼인상태별
DT_1TM1042Y,20세이상 인구의 혼인상태별 행위자비율,101052,101,5년,2014,2014,,20세이상,혼인상태,혼인상태별
DT_1TM1042YC,20세이상 인구의 혼인상태별 행위자비율 상대표준오차,101052,101,5년,2014,2014,,20세이상,혼인상태,혼인상태별
DT_1TM1042Z,혼인상태별 행위자비율(20세이상),101052,101,5년,1999,2009,,20세이상,행위자비율,혼인상태별
DT_1TM1043,혼인상태별 행위자평균시간(20세이상),101052,101,5년,1999,2004,,20세이상,행위자,혼인상태별
DT_1TM1043X,20세이상 인구의 혼인상태별 행위자평균시간,101052,101,5년,1999,2014,,20세이상,혼인상태,혼인상태별
DT_1TM1043Y,20세이상 인구의 혼인상태별 행위자평균시간,101052,101,5년,2014,2014,,20세이상,혼인상태,혼인상태별
DT_1TM1043YC,20세이상 인구의 혼인상태별 행위자평균시간 상대표준오차,101052,101,5년,2014,2014,,20세이상,"혼인상태,시간",혼인상태별
DT_1TM1043Z,혼인상태별 행위자평균시간(20세이상),101052,101,5년,1999,2009,,20세이상,행위자,혼인상태별
DT_1TM1051,취업여부별 평균시간(20세이상),101052,101,5년,1999,2004,,20세이상,평균시간,취업여부별
DT_1TM1051X,20세이상 인구의 취업여부별 평균시간,101052,101,5년,1999,2014,,20세이상,취업여부별인구의시간,취업여부별
DT_1TM1051Y,20세이상 인구의 취업여부별 평균시간,101052,101,5년,2014,2014,,20세이상,"취업여부,시간",취업여부별
DT_1TM1051YC,20세이상 인구의 취업여부별 평균시간 상대표준오차,101052,101,5년,2014,2014,,20세이상,"취업여부,시간",취업여부별
DT_1TM1051Z,취업여부별 평균시간(20세이상),101052,101,5년,1999,2009,,20세이상,평균시간,취업여부별
DT_1TM1052,취업여부별 행위자비율(20세이상),101052,101,5년,1999,2004,,20세이상,행위자비율,취업여부별
DT_1TM1052X,20세이상 인구의 취업여부별 행위자비율,101052,101,5년,1999,2014,,20세이상,취업여부별행위자비율,취업여부별
DT_1TM1052Y,20세이상 인구의 취업여부별 행위자비율,101052,101,5년,2014,2014,,20세이상,취업여부별행위자비율,취업여부별
DT_1TM1052YC,20세이상 인구의 취업여부별 행위자비율 상대표준오차,101052,101,5년,2014,2014,,20세이상,"취업여부별행위자비율,상대표준오차",취업여부별
DT_1TM1052Z,취업여부별 행위자비율(20세이상),101052,101,5년,1999,2009,,20세이상,행위자비율,취업여부별
DT_1TM1053,취업여부별 행위자평균시간(20세이상),101052,101,5년,1999,2004,,20세이상,행위자평균시간,취업여부별
DT_1TM1053X,20세이상 인구의 취업여부별 행위자평균시간,101052,101,5년,1999,2014,,20세이상,"취업여부,시간",취업여부별
DT_1TM1053Y,20세이상 인구의 취업여부별 행위자평균시간,101052,101,5년,2014,2014,,20세이상,"취업여부,시간",취업여부별
DT_1TM1053YC,20세이상 인구의 취업여부별 행위자평균시간 상대표준오차,101052,101,5년,2014,2014,,20세이상,"취업여부,시간",취업여부별
DT_1TM1053Z,취업여부별 행위자평균시간(20세이상),101052,101,5년,1999,2009,,20세이상,행위자평균시간,취업여부별
DT_1TM1054Y,15세이상 인구의 취업여부별 평균시간,101052,101,5년,2014,2014,,15세이상,"취업여부,시간",취업여부별
DT_1TM1055Y,15세이상 인구의 취업여부별 행위자비율,101052,101,5년,2014,2014,,15세이상,"취업여부,비율",취업여부별
DT_1TM1056Y,15세이상 인구의 취업여부별 행위자평균시간,101052,101,5년,2014,2014,,15세이상,"취업여부,시간",취업여부별
DT_1TM1061,20세이상 취업자의 취업시간별 평균시간,101052,101,5년,1999,2004,,20세이상,"취업자,시간",취업시간별
DT_1TM1061Y,20세이상 취업자의 취업시간별 평균시간,101052,101,5년,2014,2014,,20세이상,"취업자,시간",취업시간별
DT_1TM1061Z,취업자의 취업시간별 평균시간(20세이상),101052,101,5년,1999,2009,,20세이상,"취업자,시간",취업시간별
DT_1TM1062,20세이상 취업자의 취업시간별 행위자비율,101052,101,5년,1999,2004,,20세이상,"취업자,행위자비율",취업시간별
DT_1TM1062Y,20세이상 취업자의 취업시간별 행위자비율,101052,101,5년,2014,2014,,20세이상,"취업자,행위자비율",취업시간별
DT_1TM1062Z,취업자의 취업시간별 행위자비율(20세이상),101052,101,5년,1999,2009,,20세이상,"취업자,행위자비율",취업시간별
DT_1TM1063,20세이상 취업자의 취업시간별 행위자평균시간,101052,101,5년,1999,2004,,20세이상,"취업자,시간",취업시간별
DT_1TM1063Y,20세이상 취업자의 취업시간별 행위자평균시간,101052,101,5년,2014,2014,,20세이상,"취업자,시간",취업시간별
DT_1TM1063Z,취업자의 취업시간별 행위자평균시간(20세이상),101052,101,5년,1999,2009,,20세이상,"취업자,행위자평균시간",취업시간별
DT_1TM1064,20세이상 취업자의 산업별 평균시간,101052,101,5년,2004,2004,,20세이상,"취업자,산업",산업별
DT_1TM10641,취업자의 산업별 평균시간(20세이상)(2009년),101052,101,5년,2009,2009,,20세이상,"취업자,산업",산업별
DT_1TM1064Y,20세이상 취업자의 산업별 평균시간,101052,101,5년,2014,2014,,20세이상,"취업자,산업",산업별
DT_1TM1065,20세이상 취업자의 산업별 행위자비율,101052,101,5년,2004,2004,,20세이상,"취업자,산업","산업별,행정구역별"
DT_1TM10651,취업자의 산업별 행위자비율(20세이상)(2009년),101052,101,5년,2009,2009,,20세이상,"취업자,산업","산업별,행정구역별"
DT_1TM1065Y,20세이상 취업자의 산업별 행위자비율,101052,101,5년,2014,2014,,20세이상,"취업자,산업","산업별,행정구역별"
DT_1TM1066,20세이상 취업자의 산업별 행위자평균시간,101052,101,5년,2004,2004,,20세이상,"취업자,산업","산업별,행정구역별"
DT_1TM10661,취업자의 산업별 행위자평균시간(20세이상)(2009년),101052,101,5년,2009,2009,,20세이상,"취업자,산업","산업별,행정구역별"
DT_1TM1066Y,20세이상 취업자의 산업별 행위자평균시간,101052,101,5년,2014,2014,,20세이상,"취업자,산업","산업별,행정구역별"
DT_1TM1067,20세이상 취업자의 직업별 평균시간,101052,101,5년,1999,2004,,20세이상,"취업자,직업",직업별
DT_1TM10671,취업자의 직업별 평균시간(20세 이상)(2009년),101052,101,5년,2009,2009,,20세 이상,"취업자,직업",직업별
DT_1TM1067Y,20세이상 취업자의 직업별 평균시간,101052,101,5년,2014,2014,,20세이상,"취업자,직업",직업별
DT_1TM1068,20세이상 취업자의 직업별 행위자비율,101052,101,5년,2004,2004,,20세이상,"취업자,직업별행위자비율",직업별
DT_1TM10681,취업자의 직업별 행위자비율(20세 이상)(2009년),101052,101,5년,2009,2009,,20세 이상,"취업자,직업별행위자비율",직업별
DT_1TM1068Y,20세이상 취업자의 직업별 행위자비율,101052,101,5년,2014,2014,,20세이상,"취업자,직업별행위자비율",직업별
DT_1TM1069,20세이상 취업자의 직업별 행위자평균시간,101052,101,5년,2004,2004,,20세이상,"취업자,직업",직업별
DT_1TM10691,취업자의 직업별 행위자 평균시간(20세 이상)(2009년),101052,101,5년,2009,2009,,20세 이상,"취업자,직업별행위자평균시간",직업별
DT_1TM1069Y,20세이상 취업자의 직업별 행위자평균시간,101052,101,5년,2014,2014,,20세이상,"취업자,직업",직업별
DT_1TM106A,20세이상 취업자의 종사상 지위별 평균시간,101052,101,5년,1999,2004,,20세이상,"취업자,시간",종사상지위별
DT_1TM106AY,20세이상 취업자의 종사상지위별 평균시간,101052,101,5년,2014,2014,,20세이상,취업자,종사상지위별
DT_1TM106AZ,취업자의 종사상 지위별 평균시간(20세이상),101052,101,5년,1999,2009,,20세이상,"취업자,시간",종사상지위별
DT_1TM106B,20세이상 취업자의 종사상 지위별 행위자비율,101052,101,5년,2004,2004,,20세이상,"취업자,종사상지위",종사상지위별
DT_1TM106BY,20세이상 취업자의 종사상지위별 행위자비율,101052,101,5년,2014,2014,,20세이상,"취업자,행위자비율",종사상지위별
DT_1TM106BZ,취업자의 종사상 지위별 행위자비율(20세이상),101052,101,5년,2004,2009,,20세이상,"취업자,종사상지위",종사상지위별
DT_1TM106C,20세이상 취업자의 종사상 지위별 행위자평균시간,101052,101,5년,2004,2004,,20세이상,"취업자,시간",종사상지위별
DT_1TM106CY,20세이상 취업자의 종사상지위별 행위자평균시간,101052,101,5년,2014,2014,,20세이상,"취업자,시간",종사상지위별
DT_1TM106CZ,취업자의 종사상 지위별 행위자평균시간(20세이상),101052,101,5년,2004,2009,,20세이상,"취업자,시간",종사상지위별
DT_1TM106D,20세이상 취업자의 월평균소득별 평균시간,101052,101,5년,2004,2004,,20세이상,"취업자,월평균소득,평균시간",월평균소득별
DT_1TM106DY,20세이상 취업자의 월평균소득별 평균시간,101052,101,5년,2014,2014,,20세이상,"취업자,월평균소득,시간",월평균소득별
DT_1TM106DZ,취업자의 월평균소득별 평균시간(20세이상),101052,101,5년,2004,2009,,20세이상,"취업자,월평균소득,평균시간",월평균소득별
DT_1TM106E,20세이상 취업자의 월평균소득별 행위자비율,101052,101,5년,2004,2004,,20세이상,"취업자,월평균소득,행위자비율",월평균소득별
DT_1TM106EY,20세이상 취업자의 월평균소득별 행위자비율,101052,101,5년,2014,2014,,20세이상,"취업자,월평균소득,행위자비율",월평균소득별
DT_1TM106EZ,취업자의 월평균소득별 행위자비율(20세이상),101052,101,5년,2004,2009,,20세이상,"취업자,월평균소득,행위자비율",월평균소득별
DT_1TM106F,20세이상 취업자의 월평균소득별 행위자평균시간,101052,101,5년,2004,2004,,20세이상,"취업자,월평균소득,행위자,시간",월평균소득별
DT_1TM106FY,20세이상 취업자의 월평균소득별 행위자평균시간,101052,101,5년,2014,2014,,20세이상,"취업자,월평균소득,행위자평균시간",월평균소득별
DT_1TM106FZ,취업자의 월평균소득별 행위자평균시간(20세이상),101052,101,5년,2004,2009,,20세이상,"취업자,월평균소득,행위자평균시간",월평균소득별
DT_1TM1071,20세이상 기혼여자의 취업여부별 평균시간,101052,101,5년,1999,2004,,20세이상,"기혼여자,취업여부,시간",취업여부별
DT_1TM1071X,20세이상 기혼여자의 취업여부별 평균시간,101052,101,5년,1999,2014,,20세이상,"기혼여자,평균시간",취업여부별
DT_1TM1071Y,20세이상 기혼여자의 취업여부별 평균시간,101052,101,5년,2014,2014,,20세이상,"기혼여자,시간",취업여부별
DT_1TM1071Z,기혼여자의 취업여부별 평균시간(20세이상),101052,101,5년,1999,2009,,20세이상,"기혼여자,평균시간",취업여부별
DT_1TM1072,20세이상 기혼여자의 취업시간별 평균시간,101052,101,5년,1999,2004,,20세이상,"취업시간,기혼여자",취업시간별
DT_1TM1072Y,20세이상 기혼여자의 취업시간별 평균시간,101052,101,5년,2014,2014,,20세이상,"기혼여자,취업시간",취업시간별
DT_1TM1072Z,기혼여자의 취업시간별 평균시간(20세이상),101052,101,5년,1999,2009,,20세이상,"기혼여자,취업시간",취업시간별
DT_1TM1073,20세이상 기혼여자의 취업여부별 행위자비율,101052,101,5년,2004,2004,,20세이상,행위자비율,취업여부별
DT_1TM1073X,20세이상 기혼여자의 취업여부별 행위자비율,101052,101,5년,1999,2014,,20세이상,행위자비율,취업여부별
DT_1TM1073Y,20세이상 기혼여자의 취업여부별 행위자비율,101052,101,5년,2014,2014,,20세이상,"기혼여자,행위자비율",취업여부별
DT_1TM1073Z,기혼여자의 취업여부별 행위자비율(20세이상),101052,101,5년,2004,2009,,20세이상,"기혼여자,행위자비율",취업여부별
DT_1TM1074,20세이상 기혼여자의 취업여부별 행위자평균시간,101052,101,5년,2004,2004,,20세이상,"취업여부,시간",취업여부별
DT_1TM1074X,20세이상 기혼여자의 취업여부별 행위자평균시간,101052,101,5년,1999,2014,,20세이상,"취업여부,시간",취업여부별
DT_1TM1074Y,20세이상 기혼여자의 취업여부별 행위자평균시간,101052,101,5년,2014,2014,,20세이상,"취업여부,시간",취업여부별
DT_1TM1074Z,기혼여자의 취업여부별 행위자평균시간(20세이상),101052,101,5년,2004,2009,,20세이상,"취업여부,시간",취업여부별
DT_1TM1075,20세이상 기혼여자의 취업시간별 행위자비율,101052,101,5년,2004,2004,,20세이상,행위자비율,취업시간별
DT_1TM1075Y,20세이상 기혼여자의 취업시간별 행위자비율,101052,101,5년,2014,2014,,20세이상,취업시간별행위자비율,취업시간별
DT_1TM1075Z,기혼여자의 취업시간별 행위자비율(20세이상),101052,101,5년,2004,2009,,20세이상,행위자비율,취업시간별
DT_1TM1076,20세이상 기혼여자의 취업시간별 행위자평균시간,101052,101,5년,2004,2004,,20세이상,"취업시간,행위자평균시간",취업시간별
DT_1TM1076Y,20세이상 기혼여자의 취업시간별 행위자평균시간,101052,101,5년,2014,2014,,20세이상,"취업시간,행위자평균시간",취업시간별
DT_1TM1076Z,기혼여자의 취업시간별 행위자평균시간(20세이상),101052,101,5년,2004,2009,,20세이상,"취업시간,행위자평균시간",취업시간별
DT_1TM1091,"농가, 비농가별 평균시간",101052,101,5년,2004,2004,,,"농가,비농가","농가,비농가별"
DT_1TM1091X,농가·비농가별 평균시간,101052,101,5년,1999,2014,,,평균시간,농가비농가별
DT_1TM1091Y,농가·비농가별 평균시간,101052,101,5년,2014,2014,,,평균시간,농가비농가별
DT_1TM1091Z,"농가, 비농가별 평균시간",101052,101,5년,2004,2009,,,"농가,비농가","농가,비농가별"
DT_1TM1092,"농가, 비농가별 행위자비율",101052,101,5년,2004,2004,,,행위자비율,"농가,비농가별"
DT_1TM1092X,농가·비농가별 행위자비율,101052,101,5년,1999,2014,,,행위자비율,농가비농가별
DT_1TM1092Y,농가·비농가별 행위자비율,101052,101,5년,2014,2014,,,행위자비율,농가비농가별
DT_1TM1092Z,"농가, 비농가별 행위자비율",101052,101,5년,2004,2009,,,행위자비율,"농가,비농가별"
DT_1TM1093,"농가, 비농가별 행위자평균시간",101052,101,5년,2004,2004,,,"농가,비농가","농가,비농가별"
DT_1TM1093X,농가·비농가별 행위자평균시간,101052,101,5년,1999,2014,,,행위자평균시간,농가비농가별
DT_1TM1093Y,농가·비농가별 행위자평균시간,101052,101,5년,2014,2014,,,행위자평균시간,농가비농가별
DT_1TM1093Z,"농가, 비농가별 행위자평균시간",101052,101,5년,2004,2009,,,행위자평균시간,"농가,비농가별"
DT_1TM1101,지역별 평균시간,101052,101,5년,1999,2004,,,평균시간,행정구역별
DT_1TM1101X,지역별 평균시간,101052,101,5년,1999,2014,,,평균시간,행정구역별
DT_1TM1101Y,지역별 평균시간,101052,101,5년,2014,2014,,,평균시간,행정구역별
DT_1TM1101YC,지역별 평균시간 상대표준오차,101052,101,5년,2014,2014,,,"평균시간,상대표준오차",지역별
DT_1TM1101Z,지역별 평균시간,101052,101,5년,1999,2009,,,평균시간,행정구역별
DT_1TM1101ZC,지역별 평균시간 상대표준오차,101052,101,5년,2009,2009,,,"평균시간,상대표준오차",지역별
DT_1TM1102,지역별 행위자비율,101052,101,5년,1999,2004,,,행위자비율,행정구역별
DT_1TM1102X,지역별 행위자비율,101052,101,5년,1999,2014,,,행위자비율,행정구역별
DT_1TM1102Y,지역별 행위자비율,101052,101,5년,2014,2014,,,행위자비율,지역별
DT_1TM1102YC,지역별 행위자비율 상대표준오차,101052,101,5년,2014,2014,,,행위자비율,지역별
DT_1TM1102Z,지역별 행위자비율,101052,101,5년,1999,2009,,,행위자비율,지역별
DT_1TM1102ZC,지역별 행위자비율 상대표준오차,101052,101,5년,2009,2009,,,행위자비율,지역별
DT_1TM1103,지역별 행위자평균시간,101052,101,5년,1999,2004,,,행위자평균시간,지역별
DT_1TM1103X,지역별 행위자평균시간,101052,101,5년,1999,2014,,,행위자평균시간,지역별
DT_1TM1103Y,지역별 행위자평균시간,101052,101,5년,2014,2014,,,행위자평균시간,지역별
DT_1TM1103YC,지역별 행위자평균시간 상대표준오차,101052,101,5년,2014,2014,,,행위자평균시간,지역별
DT_1TM1103Z,지역별 행위자평균시간,101052,101,5년,1999,2009,,,행위자평균시간,지역별
DT_1TM1103ZC,지역별 행위자 평균시간 상대표준오차,101052,101,5년,2009,2009,,,"행위자,시간",지역별
DT_1TM1A81,맞벌이가구·비맞벌이가구별 평균시간,101052,101,5년,2004,2004,,,평균시간,"맞벌이가구,비맞벌이가구별"
DT_1TM1A81Y,"맞벌이가구·외벌이(남편, 아내)가구별 평균시간",101052,101,5년,2014,2014,,,"맞벌이가구,외벌이가구",가구조별
DT_1TM1A81Z,맞벌이가구·비맞벌이가구별 평균시간,101052,101,5년,2004,2009,,,평균시간,"맞벌이가구,비맞벌이가구별"
DT_1TM1A82,맞벌이가구·비맞벌이가구별 행위자비율,101052,101,5년,2004,2004,,,행위자비율,"맞벌이가구,비맞벌이가구별"
DT_1TM1A82Y,"맞벌이가구·외벌이(남편, 아내)별 행위자비율",101052,101,5년,2014,2014,,,"맞벌이가구,외벌이가구",가구형태별
DT_1TM1A82Z,맞벌이가구·비맞벌이가구별 행위자비율,101052,101,5년,2004,2009,,,행위자비율,"맞벌이가구,비맞벌이가구별"
DT_1TM1A83,맞벌이가구·비맞벌이가구별 행위자평균시간,101052,101,5년,2004,2004,,,"맞벌이가구,비맞벌이가구","맞벌이가구,비맞벌이가구별"
DT_1TM1A83Y,"맞벌이가구·외벌이(남편, 아내)별 행위자평균시간",101052,101,5년,2014,2014,,,"맞벌이가구,외벌이가구",가구형태별
DT_1TM1A83Z,맞벌이가구·비맞벌이가구별 행위자평균시간,101052,101,5년,2004,2009,,,"맞벌이가구,비맞벌이가구","맞벌이가구,비맞벌이가구별"
DT_1TM1B81,편부모가구·양부모가구별 평균시간,101052,101,5년,2004,2004,,,"편부모가구,양부모가구",편부모가구의유형별
DT_1TM1B81Y,한부모가구·양부모가구별 평균시간,101052,101,5년,2014,2014,,,평균시간,"한부모가구별,양부모가구별"
DT_1TM1B81Z,한부모가구·양부모가구별 평균시간,101052,101,5년,2004,2009,,,평균시간,"한부모가구조,양부모가구조"
DT_1TM1B82,편부모가구·양부모가구별 행위자비율,101052,101,5년,2004,2004,,,"편부모가구,양부모가구","편부모가구,양부모가구"
DT_1TM1B82Y,한부모가구·양부모가구별 행위자비율,101052,101,5년,2014,2014,,,행위자비율,"한부모가구별,양부모가구별"
DT_1TM1B82Z,한부모가구·양부모가구별 행위자비율,101052,101,5년,2004,2009,,,행위자비율,한부모가구양부모가구별
DT_1TM1B83,편부모가구·양부모가구별 행위자평균시간,101052,101,5년,2004,2004,,,"편부모가구,양부모가구","편부모가구별,양부모가구별"
DT_1TM1B83Y,한부모가구·양부모가구별 행위자평균시간,101052,101,5년,2014,2014,,,"한부모가구,양부모가구",한부모가구양부모가구별
DT_1TM1B83Z,한부모가구·양부모가구별 행위자평균시간,101052,101,5년,2004,2009,,,"한부모가구,양부모가구",가구조별
DT_1TM201,10세이상 인구의 행동별 행위자비율(10분 간격),101052,101,5년,1999,2004,,10세이상,행위자비율,행위자비율별
DT_1TM2011Y,10세이상 인구의 행동분류별 행위자비율,101052,101,5년,2014,2014,,10세이상,행위자비율,행동분류별
DT_1TM201Z,10세이상 인구의 행동별 행위자비율(10분 간격),101052,101,5년,1999,2009,,10세이상,행위자비율,행위자비율별
DT_1TM201ZC,10세이상 인구의 행동별 행위자비율(10분간격) 상대표준오차,101052,101,5년,2009,2009,,10세이상,행위자비율,행위별
DT_1TM202,‘개인유지’ 행동비율 - 10세이상 인구,101052,101,5년,1999,2004,,10세이상,인구,인구별
DT_1TM2021Y,10세이상 인구의 성별 ‘개인유지’ 행동비율,101052,101,5년,2014,2014,,10세이상,"성별,개인유지행동비율",성별
DT_1TM2023,연령별 요일평균 ‘개인유지’ 행동비율,101052,101,5년,1999,2004,,,요일평균개인유지행동비율,연령별
DT_1TM2023Y,연령별 ‘개인유지’ 요일평균 행동비율,101052,101,5년,2014,2014,,,행동비율,연령별
DT_1TM2023Z,"연령별 요일평균 ‘개인유지’ 행동비율-남자,여자",101052,101,5년,1999,2009,,,요일평균개인유지행동비율,연령별
DT_1TM202Z,"‘개인유지’ 행동비율 - 10세이상 남자,여자",101052,101,5년,1999,2009,,10세이상,"남자,여자",성별
DT_1TM2031,‘일’ 행동비율,101052,101,5년,1999,2004,,,행동비율,
DT_1TM2031Y,20세이상 취업자의 성별 ‘일’ 행동비율,101052,101,5년,2014,2014,,20세이상,"취업자,성별,일",성별
DT_1TM2031Z,"‘일’ 행동비율-20세이상취업자, 취업남자, 취업여자, 취업기혼여자",101052,101,5년,1999,2009,,20세이상,"취업자,취업남자,취업여자,취업기혼여자",취업상태별
DT_1TM2034,산업별 요일평균 ‘일’ 행동비율 - 20세이상 취업자,101052,101,5년,2004,2004,,20세이상,취업자,산업별
DT_1TM20341,산업별 요일평균 '일' 행동비율-20세이상 취업자(2009년),101052,101,5년,2009,2009,,20세이상,"요일평균일행동비율,취업자",산업별
DT_1TM2034Y,20세이상 취업자의 산업별 '일' 요일평균 행동비율,101052,101,5년,2014,2014,,20세이상,"취업자,산업별,일요일행동비율",산업별
DT_1TM2035,직업별 요일평균 ‘일’ 행동비율 - 20세이상 취업자,101052,101,5년,1999,2004,,20세이상,취업자,직업별
DT_1TM20351,직업별 요일평균 '일' 행동비율(20세 이상)(2009년),101052,101,5년,2009,2009,,20세 이상,요일평균일행동비율,직업별
DT_1TM2035Y,20세이상 취업자의 직업별 '일' 요일평균 행동비율,101052,101,5년,2014,2014,,20세이상,"취업자,일요일평균행동비율",직업별
DT_1TM2036,종사상 지위별 요일평균 ‘일’ 행동비율 - 20세이상 취업자,101052,101,5년,1999,2004,,20세이상,취업자,종사상지위별
DT_1TM2036Y,20세이상 취업자의 종사상 지위별 ‘일’ 요일평균 행동비율,101052,101,5년,2014,2014,,20세이상,취업자,종사상지위별
DT_1TM2036Z,종사상 지위별 요일평균 ‘일’ 행동비율 - 20세이상 취업자,101052,101,5년,1999,2009,,20세이상,취업자,종사상지위별
DT_1TM2041,재학정도별 ‘학습’ 행동비율 - 학생,101052,101,5년,1999,2004,,,학생,재학정도별
DT_1TM2041Y,학생의 학교급별 ‘학습’ 행동비율,101052,101,5년,2014,2014,,,학생,학교급별
DT_1TM2041Z,"재학정도별 ‘학습’ 행동비율(학생)-요일평균, 평일, 토요일, 일요일",101052,101,5년,1999,2009,,,학생,"재학정도별,요일별"
DT_1TM2051,"‘음식준비·의류관리·청소’ 행동비율 - 20세이상 남자,여자",101052,101,5년,1999,2004,,20세이상,"남자,여자",성별
DT_1TM2051Y,20세이상 성별 '가정관리' 행동비율,101052,101,5년,2014,2014,,20세이상,가정관리행동비율,성별
DT_1TM2051Z,"가정관리 행동비율(20세이상)-남자,여자",101052,101,5년,1999,2009,,20세이상,가정관리행동비율,성별
DT_1TM2053,"‘음식준비·의류관리·청소’ 행동비율 - 20세이상 미혼,기혼자",101052,101,5년,1999,2004,,20세이상,"미혼자,기혼자","미혼,기혼자별"
DT_1TM2053Y,20세이상 혼인상태별 '가정관리' 행동비율,101052,101,5년,2014,2014,,20세이상,가정관리행동비율,혼인상태별
DT_1TM2053Z,"가정관리 행동비율(20세이상)-미혼자,기혼자",101052,101,5년,1999,2009,,20세이상,"미혼자,기혼자",결혼여부별
DT_1TM2055,"‘음식준비·의류관리·청소’ 행동비율 -20세이상 기혼남자,여자",101052,101,5년,1999,2004,,20세이상,"기혼남자,여자",성별
DT_1TM2055Y,20세이상 기혼자의 성별 '가정관리' 행동비율,101052,101,5년,2014,2014,,20세이상,기혼자,성별
DT_1TM2055Z,"가정관리 행동비율(20세이상)-기혼남자, 기혼여자",101052,101,5년,1999,2009,,20세이상,"기혼남자,기혼여자",성별
DT_1TM2061,‘집·가정관리관련 물품구입·가정경영’ 행동비율-20세이상 남녀,101052,101,5년,1999,2004,,20세이상,행동비율,성별
DT_1TM2063,‘집·가정관리관련 물품구입·가정경영’ 행동비율-20세이상미혼기혼자,101052,101,5년,1999,2004,,20세이상,행동비율,기혼여부별
DT_1TM2065,‘집·가정관리관련 물품구입·가정경영’ 행동비율-20세이상기혼남녀,101052,101,5년,1999,2004,,20세이상,행동비율,성별
DT_1TM2071,"‘가족보살피기’ 행동비율 - 20세이상 남자,여자",101052,101,5년,1999,2004,,20세이상,"남자,여자",성별
DT_1TM2071Y,20세이상 성별 ‘가족 및 가구원 돌보기’ 행동비율,101052,101,5년,2014,2014,,20세이상,가족및가구원돌보기,성별
DT_1TM2071Z,"‘가족보살피기’ 행동비율(20세이상)- 남자,여자",101052,101,5년,1999,2009,,20세이상,"남자,여자",성별
DT_1TM2073,"‘가족보살피기’ 행동비율 - 20세이상 미혼자,기혼자",101052,101,5년,1999,2004,,20세이상,"미혼자,기혼자","미혼자,기혼자별"
DT_1TM2073Y,20세이상 혼인상태별 ‘가족 및 가구원 돌보기’ 행동비율,101052,101,5년,2014,2014,,20세이상,"혼인상태,가족및가구원돌보기",혼인상태별
DT_1TM2073Z,"‘가족보살피기’ 행동비율(20세이상)- 미혼자,기혼자",101052,101,5년,1999,2009,,20세이상,"미혼자,기혼자","미혼자,기혼자별"
DT_1TM2075,"‘가족보살피기’ 행동비율 - 20세이상 기혼남자,여자",101052,101,5년,1999,2004,,20세이상,"기혼남자,여자",성별
DT_1TM2075Y,20세이상 기혼자의 성별 ‘가족 및 가구원 돌보기’ 행동비율,101052,101,5년,2014,2014,,20세이상,"기혼자,가족,가구원",성별
DT_1TM2075Z,"‘가족보살피기’ 행동비율(20세이상)- 기혼남자,여자",101052,101,5년,1999,2009,,20세이상,"기혼남자,여자",성별
DT_1TM2081,성별 ‘참여 및 봉사활동’ 행동비율 - 10세이상 인구,101052,101,5년,1999,2004,,10세이상,"성별참여및봉사활동행동비율,인구",성별
DT_1TM2081Y,10세이상 인구의 성별 ‘참여 및 봉사활동’ 행동비율,101052,101,5년,2014,2014,,10세이상,성별인구의참여및봉사활동행동비율,성별
DT_1TM2081Z,성별 ‘참여 및 봉사활동’ 행동비율 - 10세이상 인구,101052,101,5년,1999,2009,,10세이상,"성별참여및봉사활동행동비율,인구",성별
DT_1TM2082,연령 및 취업여부별 요일평균‘참여 및 봉사활동’행동비율-남녀,101052,101,5년,1999,2004,,,"참여및봉사활동,남녀","연령별,성별"
DT_1TM2082Y,연령별 ‘참여 및 봉사활동’ 요일평균 행동비율,101052,101,5년,2014,2014,,,참여및봉사활동비율,연령별
DT_1TM2082Z,연령 및 취업여부별 요일평균‘참여 및 봉사활동’행동비율-남녀,101052,101,5년,1999,2009,,,"참여및봉사활동,남녀","연령별,남녀별,요일별"
DT_1TM2083Y,20세이상 성별/취업여부별 ‘참여 및 봉사활동’ 요일평균 행동비율,101052,101,5년,2014,2014,,20세이상,"참여및봉사활동,성별,취업여부별","성별,취업여부별"
DT_1TM2091,"‘교제 · 일반인의 학습’ 행동비율 - 10세이상 남자·여자, 학생",101052,101,5년,1999,2004,,10세이상,"남자,여자,학생","남자여자별,학생별"
DT_1TM2091Y,10세이상 인구의 성별 '교제 및 여가활동' 행동비율,101052,101,5년,2014,2014,,10세이상,"성별,교제및여가활동",성별
DT_1TM2091Z,"교제및여가활동 행동비율(10세이상)-남자,여자,학생(요일별)",101052,101,5년,1999,2009,,10세이상,"남자,여자,학생",요일별
DT_1TM2094,"‘교제·일반인의 학습’ 행동비율-20세이상 취업자,취업기혼여자",101052,101,5년,1999,2004,,20세이상,"취업자,취업기혼여자","취업자별,취업기혼여자별"
DT_1TM2094Y,20세이상 취업여부별/기혼남녀별 '교제 및 여가활동' 행동비율,101052,101,5년,2014,2014,,20세이상,"교제및여가활동,기혼남녀,취업여부","취업여부별,기혼남녀별"
DT_1TM2094Z,"교제및여가활동 행동비율(20세이상)-취업자, 취업기혼여자(요일별)",101052,101,5년,1999,2009,,20세이상,"취업자,취업기혼여자",요일별
DT_1TM2096,"‘교제·일반인의 학습’ 행동비율-20세이상미취업자,미취업기혼여자",101052,101,5년,1999,2004,,20세이상,행동비율,"미취업자별,미취업기혼여자별"
DT_1TM2096Z,"교제및여가활동 행동비율(20세이상)-미취업자, 미취업기혼여자(요일별)",101052,101,5년,1999,2009,,20세이상,"미취업자,미취업기혼여자",요일별
DT_1TM2101,"‘미디어 이용·종교활동·관람’ 행동비율-10세이상 남녀, 학생",101052,101,5년,1999,2004,,10세이상,"남녀,학생","남녀별,학생별"
DT_1TM2104,‘미디어 이용·종교활동·관람’ 행동비율-20세이상취업자·취업기혼여자,101052,101,5년,1999,2004,,20세이상,"미디어이용,종교활동,관람,취업자,취업기혼여자","취업여부별,결혼여부별"
DT_1TM2106,‘미디어 이용·종교활동·관람’ 행동비율-20세이상미취업자·기혼여자,101052,101,5년,1999,2004,,20세이상,"미디어이용,종교활동,관람,미취업자,기혼여자","미취업자별,기혼여자별"
DT_1TM2111,"‘운동·취미활동·여가관련 물품구입’ 행동비율-10세이상남녀,학생",101052,101,5년,1999,2004,,10세이상,"운동,취미활동,여가관련물품구입,남녀,학생","성별,학력별"
DT_1TM2114,‘운동·취미활동·여가관련물품구입’ 행동비율-20세이상취업·기혼여,101052,101,5년,1999,2004,,20세이상,"운동,취미활동,여가관련물품구입,취업,기혼여","취업여부별,기혼여부별"
DT_1TM2116,‘운동·취미활동·여가 물품구입’ 행동비율-20세이상미취업·기혼여,101052,101,5년,1999,2004,,20세이상,"운동,취미활동,여가,물품구입,미취업,기혼여","상태별,미취업기혼"
DT_1TM2121,‘이동’ 행동비율 - 10세이상 남자·여자,101052,101,5년,1999,2004,,10세이상,"남자,여자",성별
DT_1TM2121Y,10세이상 인구의 성별 ‘이동’ 행동비율,101052,101,5년,2014,2014,,10세이상,인구,성별
DT_1TM2121Z,‘이동’ 행동비율 - 10세이상 남자·여자,101052,101,5년,1999,2009,,10세이상,"남자,여자",성별
DT_1TM2123,‘일관련 이동’ 행동비율,101052,101,5년,1999,2004,,,이동,
DT_1TM2123Y,20세이상 취업자의 성별 '일관련 이동' 행동비율,101052,101,5년,2014,2014,,20세이상,취업자,성별
DT_1TM2123Z,"'출퇴근및 그외일관련 이동'(20세이상)행동비율-남녀별,요일별",101052,101,5년,1999,2009,,20세이상,"남녀,요일","남녀별,요일별"
DT_1TM2124,‘학습관련 이동’ 행동비율,101052,101,5년,1999,2004,,,행동비율,
DT_1TM2124Y,학생의 학교급별 '학습관련 이동' 행동비율,101052,101,5년,2014,2014,,,"학생,학습관련이동",학교급별
DT_1TM2124Z,"통학및학습관련 이동 행동비율-학교급별,요일별",101052,101,5년,1999,2009,,,행동비율,"학교급별,요일별"
DT_1TM2125,‘가정관리 및 가족보살피기 관련 이동’ 행동비율,101052,101,5년,1999,2004,,,행동비율,
DT_1TM2125Y,20세이상 기혼자의 성별/취업여부별 ‘가정관리 및 가족?가구원 돌보기' 관련 이동’ 행동비율,101052,101,5년,2014,2014,,20세이상,"기혼자,가정관리및가족가구원돌보기관련이동행동비율","성별,취업여부별"
DT_1TM2125Z,‘가정관리 및 가족보살피기 관련 이동’ 행동비율,101052,101,5년,1999,2009,,,행동비율,
DT_1TM2126,"‘교제 및 여가관련 이동’ 행동비율-남자,여자,학생",101052,101,5년,1999,2004,,,"남자,여자,학생","성별,교제및여가관련이동행동비율"
DT_1TM2126Y,10세이상 인구의 성별 ‘교제 및 여가관련 이동’ 행동비율,101052,101,5년,2014,2014,,10세이상,"성별,교제및여가관련이동행동비율",성별
DT_1TM2126Z,"‘교제 및 여가관련 이동’ 행동비율-남자,여자,학생",101052,101,5년,1999,2009,,,"남자,여자,학생","성별,학력유형별"
DT_1TM2127,‘교제 및 여가관련 이동’ 행동비율-20세이상 미취업자·취업자,101052,101,5년,1999,2004,,20세이상,"미취업자,취업자",취업여부별
DT_1TM2127Y,20세이상 인구의 취업여부별 ‘교제 및 여가관련 이동’ 행동비율,101052,101,5년,2014,2014,,20세이상,"취업여부,교제및여가관련이동",취업여부별
DT_1TM2127Z,‘교제 및 여가관련 이동’ 행동비율-20세이상 미취업자·취업자,101052,101,5년,1999,2009,,20세이상,"미취업자,취업자",취업여부별
DT_1TM213,10세이상 인구의 지역 및 행동별 요일평균 행동비율(30분간격),101052,101,5년,1999,2004,,10세이상,인구,"지역별,요일별"
DT_1TM2131Y,10세이상 인구의 지역별 요일평균 행동비율,101052,101,5년,2014,2014,,10세이상,인구,지역별
DT_1TM213Z,"10세이상 인구의 지역 및 행동별 요일평균 행동비율(30분간격)-동부,읍면부,~,제주",101052,101,5년,1999,2009,제주,10세이상,인구,"지역별,행동별"
DT_1TM3071,함께한 사람별 행위자비율(10세이상)(2009년),101052,101,5년,2009,2009,,10세이상,행위자비율,사람별
DT_1TM3071C,함께한 사람별 행위자비율 상대표준오차(10세이상),101052,101,5년,2009,2009,,10세이상,행위자비율,사람별
DT_1TM3071Y,10세이상 인구의 함께한 사람별 행위자비율,101052,101,5년,2014,2014,,10세이상,행위자비율,사람별
DT_1TM3072,함께한 사람별 행위자비율(10세이상)-연령별(2009년),101052,101,5년,2009,2009,,10세이상,행위자비율,"사람별,연령별"
DT_1TM3072C,함께한 사람별 행위자비율 상대표준오차(10세이상)-연령별,101052,101,5년,2009,2009,,10세이상,행위자비율,"사람별,연령별"
DT_1TM3072Y,연령별/함께한 사람별 행위자비율,101052,101,5년,2014,2014,,,행위자비율,"연령별,함께한사람별"
DT_1TM3073,함께한 사람별 행위자비율-특성별(2009년),101052,101,5년,2009,2009,,,행위자비율,"사람별,특성별"
DT_1TM3073Y,특성별/함께한 사람별 행위자비율,101052,101,5년,2014,2014,,,행위자비율,"특성별,함께한사람별"
DT_1TM3074,함께한 사람별 행위자비율(10세이상)-지역별(2009년),101052,101,5년,2009,2009,,10세이상,행위자비율,"사람별,지역별"
DT_1TM3074C,함께한 사람별 행위자비율 상대표준오차(10세이상)-지역별,101052,101,5년,2009,2009,,10세이상,행위자비율,"사람별,지역별"
DT_1TM3074Y,지역별/함께한 사람별 행위자비율,101052,101,5년,2014,2014,,,행위자비율,"지역별,함께한사람별"
DT_1TM3075,함께한 사람별 행위자비율(20세이상)-소득별(2009년),101052,101,5년,2009,2009,,20세이상,"행위자비율,소득","사람별,소득별"
DT_1TM3075Y,20세이상 인구의 월평균소득별/함께한 사람별 행위자비율,101052,101,5년,2014,2014,,20세이상,"인구,행위자비율","월평균소득별,함께한사람별"
DT_1TM4011,연령별 행위자 평균시간(주행동)-20세이상 취업인구(2009년),101052,101,5년,2009,2009,,20세이상,취업인구,연령별
DT_1TM4021,미취학자녀 유무별 전업주부와 취업주부의 생활시간(2009년),101052,101,5년,2009,2009,,,"전업주부,취업주부",미취학자녀유무별
DT_1TM4021Y,기혼 가구주(배우자)의 미취학자녀 유무별 평균시간,101052,101,5년,2014,2014,,,"기혼가구주,미취학자녀",미취학자녀유무별
DT_1TM4022Y,기혼 가구주(배우자)의 미취학자녀 유무별 행위자비율,101052,101,5년,2014,2014,,,미취학자녀,미취학자녀유무별
DT_1TM4023Y,기혼 가구주(배우자)의 미취학자녀 유무별 행위자평균시간,101052,101,5년,2014,2014,,,"미취학자녀,시간",미취학자녀유무별
DT_1TM4031,시간부족느끼는 여부에 따른 생활시간사용현황(2009년),101052,101,5년,2009,2009,,,생활시간사용현황,시간부족여부별
DT_1TM4041,"남자는 일, 여자는 가정이라는 의식에 따른 시간사용현황(2009년)",101052,101,5년,2009,2009,,,시간사용현황,성별
DT_1TM4051,월평균소득별 시간사용현황(2009년),101052,101,5년,2009,2009,,,"시간사용현황,월평균소득",월평균소득별
DT_1TM4051Y,10세이상 인구의 월평균소득별 평균시간,101052,101,5년,2014,2014,,10세이상,"월평균소득,시간",월평균소득별
DT_1TM4071,"휴무실태에 따른 평균시간(15세 이상, 2009년)",101052,101,5년,2009,2009,,15세 이상,평균시간,휴무실태별
DT_1TM4071Y,15세이상 취업자의 성별/휴무실태별 평균시간,101052,101,5년,2014,2014,,15세이상,"취업자,휴무실태,시간","성별,휴무실태별"
DT_1TM4072Y,취업자(학생)의 근무(등교)여부별 평균시간,101052,101,5년,2014,2014,,,"취업자,학생,근무시간,등교시간","근무,등교여부별"
DT_1TM4073Y,가구주(배우자) 배우자 분거여부별 평균시간,101052,101,5년,2014,2014,,,"가구주,배우자",배우자분거여부별
DT_1TM9011Y,시간부족에 대한 정도,101052,101,5년,2014,2014,,,시간부족,
DT_1TM9012Y,피곤함에 대한 정도,101052,101,5년,2014,2014,,,피곤함,
DT_1TM9013Y,삶에 대한 만족도,101052,101,5년,2014,2014,,,삶에대한만족도,
DT_1TM9014Y,가사분담에 대한 만족도,101052,101,5년,2014,2014,,,"가사분담,만족도",
DT_1TM9015Y,"성역할(남자는 일, 여자는 가정)에 대한 태도",101052,101,5년,2014,2014,,,태도,
DT_1TM9016Y,시간활용에 대한 만족도,101052,101,5년,2014,2014,,,만족도,
DT_1TS202001,평균시간(10세 이상),101052,101,5년,1999,2019,,10세 이상,시간,
DT_1TS202002,행위자비율(10세 이상),101052,101,5년,1999,2019,,10세 이상,비율,
DT_1TS202003,행위자평균시간(10세 이상),101052,101,5년,1999,2019,,10세 이상,시간,
DT_1TS202004,연령대별 평균시간,101052,101,5년,1999,2019,,,평균시간,연령대별
DT_1TS202005,연령대별 행위자비율,101052,101,5년,1999,2019,,,행위자비율,연령대별
DT_1TS202006,연령대별 행위자평균시간,101052,101,5년,1999,2019,,,행위자평균시간,연령대별
DT_1TS202007,학생과 학생이외의 평균시간,101052,101,5년,1999,2019,,,평균시간,대상별
DT_1TS202008,학생과 학생이외의 행위자비율,101052,101,5년,1999,2019,,,"학생,행위자",행위자별
DT_1TS202009,학생과 학생이외의 행위자평균시간,101052,101,5년,1999,2019,,,"학생,학생이외의행위자",
DT_1TS202010,학생의 학교급별 평균시간,101052,101,5년,1999,2019,,,평균시간,학교급별
DT_1TS202011,학생의 학교급별 행위자비율,101052,101,5년,1999,2019,,,"학생,행위자비율",학교급별
DT_1TS202012,학생의 학교급별 행위자평균시간,101052,101,5년,1999,2019,,,행위자평균시간,학교급별
DT_1TS202013,학생이외의 교육정도별 평균시간,101052,101,5년,1999,2019,,,교육정도,교육정도별
DT_1TS202014,학생이외의 교육정도별 행위자비율,101052,101,5년,1999,2019,,,교육정도별행위자비율,교육정도별
DT_1TS202015,학생이외의 교육정도별 행위자평균시간,101052,101,5년,1999,2019,,,교육정도별행위자평균시간,교육정도별
DT_1TS202016,성인의 혼인상태별 평균시간,101052,101,5년,1999,2019,,,혼인상태,혼인상태별
DT_1TS202017,성인의 혼인상태별 행위자비율,101052,101,5년,1999,2019,,,혼인상태,혼인상태별
DT_1TS202018,성인의 혼인상태별 행위자평균시간,101052,101,5년,1999,2019,,,혼인상태,혼인상태별
DT_1TS202019,성인의 취업여부별 평균시간,101052,101,5년,1999,2019,,,"취업여부,시간",취업여부별
DT_1TS202020,성인의 취업여부별 행위자비율,101052,101,5년,1999,2019,,,"취업여부,행위자비율",취업여부별
DT_1TS202021,성인의 취업여부별 행위자평균시간,101052,101,5년,1999,2019,,,"취업여부,시간",취업여부별
DT_1TS202022,성인 기혼여자의 취업여부별 평균시간,101052,101,5년,1999,2019,,,"성인기혼여자,평균시간",취업여부별
DT_1TS202023,성인 기혼여자의 취업여부별 행위자비율,101052,101,5년,1999,2019,,,"취업여부,성인기혼여자",취업여부별
DT_1TS202024,성인 기혼여자의 취업여부별 행위자평균시간,101052,101,5년,1999,2019,,,"취업여부,시간",취업여부별
DT_1TS202025,농가·비농가별 평균시간,101052,101,5년,1999,2019,,,"농가,비농가",농가비농가별
DT_1TS202026,농가·비농가별 행위자비율,101052,101,5년,1999,2019,,,행위자비율,농가비농가별
DT_1TS202027,농가·비농가별 행위자평균시간,101052,101,5년,1999,2019,,,행위자평균시간,농가비농가별
DT_1TS202028,지역별 평균시간,101052,101,5년,1999,2019,,,평균시간,행정구역별
DT_1TS202029,지역별 행위자비율,101052,101,5년,1999,2019,,,행위자비율,지역별
DT_1TS202030,지역별 행위자평균시간,101052,101,5년,1999,2019,,,행위자평균시간,지역별
DT_2014_01_1TM1041YX,19세이상 인구의 혼인상태별 평균시간,101052,101,5년,2014,2014,,19세이상,혼인상태,혼인상태별
DT_2014_02_1TM1042YX,19세이상 인구의 혼인상태별 행위자비율,101052,101,5년,2014,2014,,19세이상,혼인상태,혼인상태별
DT_2014_03_1TM1043YX,19세이상 인구의 혼인상태별 행위자평균시간,101052,101,5년,2014,2014,,19세이상,혼인상태,혼인상태별
DT_2014_04_1TM1051YX,19세이상 인구의 취업여부별 평균시간,101052,101,5년,2014,2014,,19세이상,취업여부별인구의시간,취업여부별
DT_2014_05_1TM1052YX,19세이상 인구의 취업여부별 행위자비율,101052,101,5년,2014,2014,,19세이상,"취업여부,비율",취업여부별
DT_2014_06_1TM1053YX,19세이상 인구의 취업여부별 행위자평균시간,101052,101,5년,2014,2014,,19세이상,"취업여부,시간",취업여부별
DT_2014_07_1TM1061YX,15세이상 취업자의 취업시간별 평균시간,101052,101,5년,2014,2014,,15세이상,"취업자,시간",취업시간별
DT_2014_08_1TM1062YX,15세이상 취업자의 취업시간별 행위자비율,101052,101,5년,2014,2014,,15세이상,"취업자,행위자비율",취업시간별
DT_2014_09_1TM1063YX,15세이상 취업자의 취업시간별 행위자평균시간,101052,101,5년,2014,2014,,15세이상,"취업자,시간",취업시간별
DT_2014_10_1TM1067YX,15세이상 취업자의 직업별 평균시간,101052,101,5년,2014,2014,,15세이상,"취업자,직업",직업별
DT_2014_11_1TM1068YX,15세이상 취업자의 직업별 행위자비율,101052,101,5년,2014,2014,,15세이상,"취업자,직업별행위자비율",직업별
DT_2014_12_1TM1069YX,15세이상 취업자의 직업별 행위자평균시간,101052,101,5년,2014,2014,,15세이상,"취업자,직업",직업별
DT_2014_13_1TM106AYX,15세이상 취업자의 종사상지위별 평균시간,101052,101,5년,2014,2014,,15세이상,"취업자,시간",종사상지위별
DT_2014_14_1TM106BYX,15세이상 취업자의 종사상지위별 행위자비율,101052,101,5년,2014,2014,,15세이상,"취업자,종사상지위",종사상지위별
DT_2014_15_1TM106CYX,15세이상 취업자의 종사상지위별 행위자평균시간,101052,101,5년,2014,2014,,15세이상,"취업자,시간",종사상지위별
DT_2014_16_1TM1064YX,15세이상 취업자의 산업별 평균시간,101052,101,5년,2014,2014,,15세이상,"취업자,산업",산업별
DT_2014_17_1TM1065YX,15세이상 취업자의 산업별 행위자비율,101052,101,5년,2014,2014,,15세이상,"취업자,산업","산업별,행정구역별"
DT_2014_18_1TM1066YX,15세이상 취업자의 산업별 행위자평균시간,101052,101,5년,2014,2014,,15세이상,"취업자,산업","산업별,행정구역별"
DT_2014_19_1TM106DYX,15세이상 취업자의 월평균소득별 평균시간,101052,101,5년,2014,2014,,15세이상,"취업자,월평균소득,시간",월평균소득별
DT_2014_20_1TM106EYX,15세이상 취업자의 월평균소득별 행위자비율,101052,101,5년,2014,2014,,15세이상,"취업자,월평균소득,행위자비율",월평균소득별
DT_2014_21_1TM106FYX,15세이상 취업자의 월평균소득별 행위자평균시간,101052,101,5년,2014,2014,,15세이상,"취업자,월평균소득,행위자,시간",월평균소득별
DT_2014_22_1TM20311Y,일-평일 행위자비율(15세 이상 취업자),101052,101,5년,2014,2014,,15세 이상,"행위자비율,취업자",
DT_2014_23_1TM20411Y,학습-행위자비율(학생),101052,101,5년,2014,2014,,,학생,
DT_2014_24_1TM20412Y,학습-학교급별 행위자비율(학생),101052,101,5년,2014,2014,,,"행위자비율,학생,학교급별",학교급별
DT_2014_25_1TM20531Y,가정관리-혼인상태별 행위자비율(19세 이상),101052,101,5년,2014,2014,,19세 이상,행위자비율,혼인상태별
DT_2014_26_1TM20911Y,교제 및 여가활동-행위자비율(10세 이상),101052,101,5년,2014,2014,,10세 이상,교제및여가활동,행위자별
DT_2014_27_1TM20912Y,교제 및 여가활동-연령대별 행위자비율,101052,101,5년,2014,2014,,,행위자비율,연령대별
DT_2014_28_1TM20311YC,일-평일 행동비율(15세 이상 취업자),101052,101,5년,2014,2014,,15세 이상,취업자,평일별
DT_2014_29_1TM20312YC,일-평일 산업별 행동비율(15세 이상 취업자),101052,101,5년,2014,2014,,15세 이상,행동비율,산업별
DT_2014_30_1TM20313YC,일-평일 직업별 행동비율(15세 이상 취업자),101052,101,5년,2014,2014,,15세 이상,"직업별,행동비율,취업자",직업별
DT_2014_31_1TM20314YC,일-평일 종사상지위별 행동비율(15세 이상 취업자),101052,101,5년,2014,2014,,15세 이상,"종사상지위,행동비율,취업자",종사상지위별
DT_2014_32_1TM20531YC,가정관리-행동비율(19세 이상),101052,101,5년,2014,2014,,19세 이상,"가정관리,행동비율",
DT_2014_33_1TM20532YC,가정관리-혼인상태별 행동비율(19세 이상),101052,101,5년,2014,2014,,19세 이상,행동비율,혼인상태별
DT_2014_34_1TM20711YC,가족 및 가구원 돌보기-행동비율(19세 이상),101052,101,5년,2014,2014,,19세 이상,"가구원,가족",
DT_2014_35_1TM20712YC,가족 및 가구원 돌보기-혼인상태별 행동비율(19세 이상),101052,101,5년,2014,2014,,19세 이상,행동비율,혼인상태별
DT_2014_36_1TM20713YC,가족 및 가구원 돌보기-미취학자녀유무별 행동비율(19세 이상),101052,101,5년,2014,2014,,19세 이상,행동비율,미취학자녀유무별
DT_2014_37_1TM20911YC,교제 및 여가활동-취업여부별 행동비율(15세 이상),101052,101,5년,2014,2014,,15세 이상,"교제및여가활동,취업여부",취업여부별
DT_2014_38_1TM20912YC,교제 및 여가활동-혼인상태별 행동비율(19세 이상),101052,101,5년,2014,2014,,19세 이상,행동비율,혼인상태별
DT_2014_39_1TM21231YC,일 관련 이동-행동비율(15세 이상 취업자),101052,101,5년,2014,2014,,15세 이상,취업자,
DT_2014_40_1TM21232YC,가정관리 관련 이동-행동비율(19세이상),101052,101,5년,2014,2014,,19세이상,"가정관리,이동행동비율",
DT_2014_41_1TM21233YC,가족 및 가구원 돌보기 관련 이동-행동비율(19세 이상),101052,101,5년,2014,2014,,19세 이상,"가족,가구원,이동행동비율",
DT_2014_42_1TM21234YC,참여 및 봉사활동 관련 이동-행동비율(19세이상),101052,101,5년,2014,2014,,19세이상,이동행동비율,
DT_2014_43_1TM21235YC,교제 및 여가활동 관련 이동-행동비율(19세 이상),101052,101,5년,2014,2014,,19세 이상,"교제및여가활동,이동행동비율",행동유형별
DT_2014_44_1TM1044YC,혼인상태별 평균시간(19세 이상) 상대표준오차,101052,101,5년,2014,2014,,19세 이상,"혼인상태,시간",혼인상태별
DT_2014_44_1TM20312Y,일-평일 산업별 행위자비율(15세 이상 취업자),101052,101,5년,2014,2014,,15세 이상,"행위자비율,취업자",산업별
DT_2014_45_1TM1045YC,혼인상태별 행위자비율(19세 이상) 상대표준오차,101052,101,5년,2014,2014,,19세 이상,행위자비율,혼인상태별
DT_2014_45_1TM20313Y,일-평일 직업별 행위자비율(15세 이상 취업자),101052,101,5년,2014,2014,,15세 이상,"직업별행위자비율,취업자",직업별
DT_2014_46_1TM1046YC,혼인상태별 행위자평균시간(19세 이상) 상대표준오차,101052,101,5년,2014,2014,,19세 이상,행위자평균시간,혼인상태별
DT_2014_46_1TM20314Y,일-평일 종사상지위별 행위자비율(15세 이상 취업자),101052,101,5년,2014,2014,,15세 이상,"종사상지위별행위자비율,취업자",종사상지위별
DT_2014_47_1TM1054YC,취업여부별 평균시간(15세이상) 상대표준오차,101052,101,5년,2014,2014,,15세이상,"평균시간,상대표준오차",취업여부별
DT_2014_47_1TM20532Y,가정관리-행위자비율(19세 이상),101052,101,5년,2014,2014,,19세 이상,"가정관리,행위자","가사노동행위자별,성별"
DT_2014_48_1TM1055YC,취업여부별 행위자비율(15세이상) 상대표준오차,101052,101,5년,2014,2014,,15세이상,행위자비율,취업여부별
DT_2014_48_1TM20631Y,가족 및 가구원 돌보기-행위자비율(19세 이상),101052,101,5년,2014,2014,,19세 이상,"가구원,가족",돌보는대상가족및가구원별
DT_2014_49_1TM1056YC,취업여부별 행위자평균시간(15세이상) 상대표준오차,101052,101,5년,2014,2014,,15세이상,행위자평균시간,취업여부별
DT_2014_49_1TM20632Y,가족 및 가구원 돌보기-혼인상태별 행위자비율(19세 이상),101052,101,5년,2014,2014,,19세 이상,행위자비율,혼인상태별
DT_2014_50_1TM20633Y,가족 및 가구원 돌보기-미취학자녀유무별 행위자비율(19세 이상),101052,101,5년,2014,2014,,19세 이상,행위자비율,미취학자녀유무별
DT_2014_51_1TM20913Y,교제 및 여가활동-취업여부별 행위자비율(15세 이상),101052,101,5년,2014,2014,,15세 이상,행위자비율,취업여부별
DT_2014_52_1TM20914Y,교제 및 여가활동-혼인상태별 행위자비율(19세 이상),101052,101,5년,2014,2014,,19세 이상,행위자비율,혼인상태별
DT_2014_53_1TM21231Y,일 관련 이동-행위자비율(15세 이상 취업자),101052,101,5년,2014,2014,,15세 이상,취업자,
DT_2014_54_1TM21232Y,가정관리 관련 이동-행위자비율(19세이상),101052,101,5년,2014,2014,,19세이상,이동행위자비율,
DT_2014_55_1TM21233Y,가족 및 가구원 돌보기 관련 이동-행위자비율(19세 이상),101052,101,5년,2014,2014,,19세 이상,"가족,가구원,이동행위자비율",
DT_2014_56_1TM21234Y,참여 및 봉사활동 관련 이동-행위자비율(19세이상),101052,101,5년,2014,2014,,19세이상,이동행위자비율,행위자별
DT_2014_57_1TM21235Y,교제 및 여가활동 관련 이동-행위자비율(19세 이상),101052,101,5년,2014,2014,,19세 이상,이동행위자,
DT_2014_58_1TM2021Y,10세이상 인구의 성별 ‘개인유지’ 행위자비율,101052,101,5년,2014,2014,,10세이상,"성별,개인유지행위자비율",성별
DT_2014_59_1TM2023Y,연령별 ‘개인유지’ 요일평균 행위자비율,101052,101,5년,2014,2014,,,행위자비율,연령별
DT_2014_60_1TM2031Y,20세이상 취업자의 성별 ‘일’ 행위자비율,101052,101,5년,2014,2014,,20세이상,"취업자,성별",성별
DT_2014_61_1TM2034Y,20세이상 취업자의 산업별 '일' 요일평균 행위자비율,101052,101,5년,2014,2014,,20세이상,"취업자,산업별,일요일행위자비율",산업별
DT_2014_62_1TM2035Y,20세이상 취업자의 직업별 '일' 요일평균 행위자비율,101052,101,5년,2014,2014,,20세이상,"취업자,일요일행위자비율",직업별
DT_2014_63_1TM2036Y,20세이상 취업자의 종사상 지위별 ‘일’ 요일평균 행위자비율,101052,101,5년,2014,2014,,20세이상,"취업자,일",종사상지위별
DT_2014_64_1TM2041Y,학생의 학교급별 ‘학습’ 행위자비율,101052,101,5년,2014,2014,,,"학생,학습행위자비율",학교급별
DT_2014_65_1TM2051Y,20세이상 성별 '가정관리' 행위자비율,101052,101,5년,2014,2014,,20세이상,가정관리행위자비율,성별
DT_2014_66_1TM2053Y,20세이상 혼인상태별 '가정관리' 행위자비율,101052,101,5년,2014,2014,,20세이상,가정관리행위자,혼인상태별
DT_2014_67_1TM2055Y,20세이상 기혼자의 성별 '가정관리' 행위자비율,101052,101,5년,2014,2014,,20세이상,기혼자,성별
DT_2014_68_1TM2071Y,20세이상 성별 ‘가족 및 가구원 돌보기’ 행위자비율,101052,101,5년,2014,2014,,20세이상,행위자비율,성별
DT_2014_69_1TM2073Y,20세이상 혼인상태별 ‘가족 및 가구원 돌보기’ 행위자비율,101052,101,5년,2014,2014,,20세이상,가족및가구원돌보기행위자비율,혼인상태별
DT_2014_70_1TM2075Y,20세이상 기혼자의 성별 ‘가족 및 가구원 돌보기’ 행위자비율,101052,101,5년,2014,2014,,20세이상,"기혼자,가족및가구원,돌보기행위자비율",성별
DT_2014_71_1TM2081Y,10세이상 인구의 성별 ‘참여 및 봉사활동’ 행위자비율,101052,101,5년,2014,2014,,10세이상,성별인구의참여및봉사활동행위자비율,성별
DT_2014_72_1TM2082Y,연령별 ‘참여 및 봉사활동’ 요일평균 행위자비율,101052,101,5년,2014,2014,,,행위자비율,연령별
DT_2014_73_1TM2083Y,20세이상 성별/취업여부별 ‘참여 및 봉사활동’ 요일평균 행위자비율,101052,101,5년,2014,2014,,20세이상,참여및봉사활동요일평균행위자비율,"성별,취업여부별"
DT_2014_74_1TM2091Y,10세이상 인구의 성별 '교제 및 여가활동' 행위자비율,101052,101,5년,2014,2014,,10세이상,"성별,교제및여가활동행위자비율",성별
DT_2014_75_1TM2094Y,20세이상 취업여부별/기혼남녀별 '교제 및 여가활동' 행위자비율,101052,101,5년,2014,2014,,20세이상,교제및여가활동행위자비율,"취업여부별,기혼남녀별"
DT_2014_76_1TM2121Y,10세이상 인구의 성별 ‘이동’ 행위자비율,101052,101,5년,2014,2014,,10세이상,성별이동행위자비율,성별
DT_2014_77_1TM2123Y,20세이상 취업자의 성별 '일관련 이동' 행위자비율,101052,101,5년,2014,2014,,20세이상,"취업자,성별,일관련이동행위자비율",성별
DT_2014_78_1TM2124Y,학생의 학교급별 '학습관련 이동' 행위자비율,101052,101,5년,2014,2014,,,"학생,학습관련이동행위자비율",학교급별
DT_2014_79_1TM2125Y,20세이상 기혼자의 성별/취업여부별 ‘가정관리 및 가족?가구원 돌보기' 관련 이동’ 행위자비율,101052,101,5년,2014,2014,,20세이상,"기혼자,가정관리및가족가구원돌보기행위자비율","성별,취업여부별"
DT_2014_80_1TM2126Y,10세이상 인구의 성별 ‘교제 및 여가관련 이동’ 행위자비율,101052,101,5년,2014,2014,,10세이상,"성별,교제및여가관련이동행위자비율",성별
DT_2014_81_1TM2127Y,20세이상 인구의 취업여부별 ‘교제 및 여가관련 이동’ 행위자비율,101052,101,5년,2014,2014,,20세이상,"취업여부,교제및여가관련이동행위자비율",취업여부별
DT_2014_82_1TM2131Y,10세이상 인구의 지역별 요일평균 행위자비율,101052,101,5년,2014,2014,,10세이상,"인구,행위자비율",지역별
DT_2019_001_1TM1011X,평균시간(10세 이상),101052,101,5년,2019,2019,,10세 이상,빈칸,
DT_2019_002_1TM1012X,행위자비율(10세 이상),101052,101,5년,2019,2019,,10세 이상,행위자,
DT_2019_003_1TM1013X,행위자평균시간(10세 이상),101052,101,5년,2019,2019,,10세 이상,시간,
DT_2019_004_1TM1021X,연령대별 평균시간,101052,101,5년,2019,2019,,,평균시간,연령대별
DT_2019_005_1TM1022X,연령대별 행위자비율,101052,101,5년,2019,2019,,,행위자비율,연령대별
DT_2019_006_1TM1023X,연령대별 행위자평균시간,101052,101,5년,2019,2019,,,행위자평균시간,연령대별
DT_2019_007_1TM1031X,학생과 학생이외의 평균시간,101052,101,5년,2019,2019,,,평균시간,"학생별,학생이외별"
DT_2019_008_1TM1032X,학생과 학생이외의 행위자비율,101052,101,5년,2019,2019,,,"학생,학생이외의행위자",행위자별
DT_2019_009_1TM1033X,학생과 학생이외의 행위자평균시간,101052,101,5년,2019,2019,,,"학생,학생이외의행위자",행위자별
DT_2019_010_1TM1034X,학생의 학교급별 평균시간,101052,101,5년,2019,2019,,,평균시간,학교급별
DT_2019_011_1TM1035X,학생의 학교급별 행위자비율,101052,101,5년,2019,2019,,,"학생,행위자비율",학교급별
DT_2019_012_1TM1036X,학생의 학교급별 행위자평균시간,101052,101,5년,2019,2019,,,"학생,시간",학교급별
DT_2019_013_1TM1037X,학생이외의 교육수준별 평균시간,101052,101,5년,2019,2019,,,교육수준별,교육수준별
DT_2019_014_1TM1038X,학생이외의 교육수준별 행위자비율,101052,101,5년,2019,2019,,,교육수준별행위자비율,교육수준별
DT_2019_015_1TM1039X,학생이외의 교육수준별 행위자평균시간,101052,101,5년,2019,2019,,,교육수준별행위자평균시간,교육수준별
DT_2019_016_1TM10371X,학생의 등교여부별 평균시간,101052,101,5년,2019,2019,,,"학생,시간",등교여부별
DT_2019_017_1TM10381X,학생의 등교여부별 행위자비율,101052,101,5년,2019,2019,,,행위자비율,등교여부별
DT_2019_018_1TM10391X,학생의 등교여부별 행위자평균시간,101052,101,5년,2019,2019,,,행위자평균시간,등교여부별
DT_2019_019_1TM1041X,혼인상태별 평균시간(19세 이상),101052,101,5년,2019,2019,,19세 이상,평균시간,혼인상태별
DT_2019_020_1TM1042X,혼인상태별 행위자비율(19세 이상),101052,101,5년,2019,2019,,19세 이상,행위자비율,혼인상태별
DT_2019_021_1TM1043X,혼인상태별 행위자평균시간(19세 이상),101052,101,5년,2019,2019,,19세 이상,행위자,혼인상태별
DT_2019_022_1TM1054X,취업여부별 평균시간(15세이상),101052,101,5년,2019,2019,,15세이상,평균시간,취업여부별
DT_2019_023_1TM1055X,취업여부별 행위자비율(15세이상),101052,101,5년,2019,2019,,15세이상,행위자비율,취업여부별
DT_2019_024_1TM1056X,취업여부별 행위자평균시간(15세이상),101052,101,5년,2019,2019,,15세이상,행위자평균시간,취업여부별
DT_2019_025_1TM1061X,취업자의 취업시간별 평균시간(15세 이상),101052,101,5년,2019,2019,,15세 이상,"취업자,시간",취업시간별
DT_2019_026_1TM1062X,취업자의 취업시간별 행위자비율(15세 이상),101052,101,5년,2019,2019,,15세 이상,"취업자,행위자비율",취업시간별
DT_2019_027_1TM1063X,취업자의 취업시간별 행위자평균시간(15세 이상),101052,101,5년,2019,2019,,15세 이상,"취업자,시간",취업시간별
DT_2019_028_1TM1064X,취업자의 산업별 평균시간(15세 이상),101052,101,5년,2019,2019,,15세 이상,"취업자,산업",산업별
DT_2019_029_1TM1065X,취업자의 산업별 행위자비율(15세 이상),101052,101,5년,2019,2019,,15세 이상,"취업자,산업","산업별,행정구역별"
DT_2019_030_1TM1066X,취업자의 산업별 행위자평균시간(15세 이상),101052,101,5년,2019,2019,,15세 이상,"취업자,산업","산업별,행정구역별"
DT_2019_031_1TM1067X,취업자의 직업별 평균시간(15세 이상),101052,101,5년,2019,2019,,15세 이상,"취업자,직업",직업별
DT_2019_032_1TM1068X,취업자의 직업별 행위자비율(15세 이상),101052,101,5년,2019,2019,,15세 이상,"취업자,직업별행위자비율",직업별
DT_2019_033_1TM1069X,취업자의 직업별 행위자평균시간(15세 이상),101052,101,5년,2019,2019,,15세 이상,"취업자,직업",직업별
DT_2019_034_1TM106AX,취업자의 종사상지위별 평균시간(15세 이상),101052,101,5년,2019,2019,,15세 이상,"취업자,시간",종사상지위별
DT_2019_035_1TM106BX,취업자의 종사상지위별 행위자비율(15세 이상),101052,101,5년,2019,2019,,15세 이상,"취업자,행위자비율",종사상지위별
DT_2019_036_1TM106CX,취업자의 종사상지위별 행위자평균시간(15세 이상),101052,101,5년,2019,2019,,15세 이상,"취업자,행위자평균시간",종사상지위별
DT_2019_037_1TM106GX,취업자의 월평균소득별 평균시간(15세 이상),101052,101,5년,2019,2019,,15세 이상,"취업자,월평균소득,평균시간",월평균소득별
DT_2019_038_1TM106HX,취업자의 월평균소득별 행위자비율(15세 이상),101052,101,5년,2019,2019,,15세 이상,"취업자,월평균소득,행위자비율",월평균소득별
DT_2019_039_1TM106IX,취업자의 월평균소득별 행위자평균시간(15세 이상),101052,101,5년,2019,2019,,15세 이상,"취업자,월평균소득,행위자평균시간",월평균소득별
DT_2019_040_1TM106JX,취업자의 사업체형태별 평균시간(15세 이상),101052,101,5년,2019,2019,,15세 이상,"사업체,시간",사업체형태별
DT_2019_041_1TM106KX,취업자의 사업체형태별 행위자비율(15세 이상),101052,101,5년,2019,2019,,15세 이상,"사업체형태별취업자,행위자비율",사업체형태별
DT_2019_042_1TM106LX,취업자의 사업체형태별 행위자평균시간(15세 이상),101052,101,5년,2019,2019,,15세 이상,"사업체,시간",사업체형태별
DT_2019_043_1TM106MX,취업자의 휴무실태별 평균시간(15세 이상),101052,101,5년,2019,2019,,15세 이상,"취업자,휴무",휴무실태별
DT_2019_044_1TM106NX,취업자의 휴무실태별 행위자비율(15세 이상),101052,101,5년,2019,2019,,15세 이상,"취업자,휴무실태,행위자비율",휴무실태별
DT_2019_045_1TM106OX,취업자의 휴무실태별 행위자평균시간(15세 이상),101052,101,5년,2019,2019,,15세 이상,"휴무,시간",휴무실태별
DT_2019_046_1TM106PX,취업자의 근무여부별 평균시간(15세 이상),101052,101,5년,2019,2019,,15세 이상,"취업자,근무여부,시간",근무여부별
DT_2019_047_1TM106QX,취업자의 근무여부별 행위자비율(15세 이상),101052,101,5년,2019,2019,,15세 이상,"취업자,행위자비율",근무여부별
DT_2019_048_1TM106RX,취업자의 근무여부별 행위자비율(15세 이상),101052,101,5년,2019,2019,,15세 이상,"취업자,행위자비율",근무여부별
DT_2019_049_1TM1091X,"농림어가, 비농림어가별 평균시간",101052,101,5년,2019,2019,,,"농림어가,비농림어가","농림어가,비농림어가별"
DT_2019_050_1TM1092X,"농림어가, 비농림어가별 행위자비율",101052,101,5년,2019,2019,,,행위자비율,"농림어가별,비농림어가별"
DT_2019_051_1TM1093X,"농림어가, 비농림어가별 행위자평균시간",101052,101,5년,2019,2019,,,행위자평균시간,"농림어가별,비농림어가별"
DT_2019_052_1TM1201X,지역별 평균시간,101052,101,5년,2019,2019,,,평균시간,행정구역별
DT_2019_053_1TM1202X,지역별 행위자비율,101052,101,5년,2019,2019,,,행위자비율,지역별
DT_2019_054_1TM1203X,지역별 행위자평균시간,101052,101,5년,2019,2019,,,행위자평균시간,지역별
DT_2019_055_1TM1301X,배우자 분거여부별 평균시간,101052,101,5년,2019,2019,,,평균시간,배우자분거여부별
DT_2019_056_1TM1302X,배우자 분거여부별 행위자비율,101052,101,5년,2019,2019,,,행위자비율,배우자분거여부별
DT_2019_057_1TM1303X,배우자 분거여부별 행위자평균시간,101052,101,5년,2019,2019,,,행위자평균시간,배우자분거여부별
DT_2019_058_1TM1A81X,맞벌이·외벌이 가구별 평균시간,101052,101,5년,2019,2019,,,가구,가구별
DT_2019_059_1TM1A82X,맞벌이·외벌이 가구별 행위자비율,101052,101,5년,2019,2019,,,가구,가구별
DT_2019_060_1TM1A83X,맞벌이·외벌이 가구별 행위자평균시간,101052,101,5년,2019,2019,,,가구,가구별
DT_2019_061_1TM1B81X,한부모·양부모 가구별 평균시간,101052,101,5년,2019,2019,,,평균시간,가구별
DT_2019_062_1TM1B82X,한부모·양부모 가구별 행위자비율,101052,101,5년,2019,2019,,,가구,가구별
DT_2019_063_1TM1B83X,한부모·양부모 가구별 행위자평균시간,101052,101,5년,2019,2019,,,가구,가구별
DT_2019_064_1TM1C81X,돌봄·비돌봄 가구별 평균시간,101052,101,5년,2019,2019,,,가구,가구별
DT_2019_065_1TM1C82X,돌봄·비돌봄 가구별 행위자비율,101052,101,5년,2019,2019,,,가구,가구별
DT_2019_066_1TM1C83X,돌봄·비돌봄 가구별 행위자평균시간,101052,101,5년,2019,2019,,,가구,가구별
DT_2019_067_1TM1D81X,오후돌봄 형태별 평균시간,101052,101,5년,2019,2019,,,평균시간,형태별
DT_2019_068_1TM1D82X,오후돌봄 형태별 행위자비율,101052,101,5년,2019,2019,,,행위자비율,형태별
DT_2019_069_1TM1D83X,오후돌봄 형태별 행위자평균시간,101052,101,5년,2019,2019,,,행위자평균시간,형태별
DT_2019_070_1TM2011X,요일별 행위자비율(10세 이상),101052,101,5년,2019,2019,,10세 이상,행위자비율,요일별
DT_2019_071_1TM2012X,성별 행위자비율(10세 이상),101052,101,5년,2019,2019,,10세 이상,행위자비율,성별
DT_2019_072_1TM2013X,연령대별 행위자비율(10세 이상),101052,101,5년,2019,2019,,10세 이상,행위자비율,연령대별
DT_2019_073_1TM2021X,개인유지-행위자비율(10세 이상),101052,101,5년,2019,2019,,10세 이상,행위자,행위자별
DT_2019_074_1TM2023X,개인유지-연령대별 행위자비율(10세 이상),101052,101,5년,2019,2019,,10세 이상,행위자비율,연령대별
DT_2019_075_1TM2031X,일-평일 행위자비율(15세 이상 취업자),101052,101,5년,2019,2019,,15세 이상,"행위자비율,취업자",행위자비율별
DT_2019_076_1TM2034X,일-평일 산업별 행위자비율(15세 이상 취업자),101052,101,5년,2019,2019,,15세 이상,"행위자비율,취업자",산업별
DT_2019_077_1TM2035X,일-평일 직업별 행위자비율(15세 이상 취업자),101052,101,5년,2019,2019,,15세 이상,"직업별행위자비율,취업자",직업별
DT_2019_078_1TM2036X,일-평일 종사상지위별 행위자비율(15세 이상 취업자),101052,101,5년,2019,2019,,15세 이상,"종사상지위별행위자비율,취업자",종사상지위별
DT_2019_079_1TM2037X,일-평일 사업체형태별 행위자비율(15세 이상 취업자),101052,101,5년,2019,2019,,15세 이상,"사업체형태별행위자비율,취업자",사업체형태별
DT_2019_080_1TM2041X,학습-행위자비율(학생),101052,101,5년,2019,2019,,,학생,
DT_2019_081_1TM2043X,학습-학교급별 행위자비율(학생),101052,101,5년,2019,2019,,,"행위자비율,학생,학교급별",학교급별
DT_2019_082_1TM2051X,가정관리-행위자비율(19세 이상),101052,101,5년,2019,2019,,19세 이상,"가정관리,행위자",가사노동행위자별
DT_2019_083_1TM2053X,가정관리-혼인상태별 행위자비율(19세 이상),101052,101,5년,2019,2019,,19세 이상,행위자비율,혼인상태별
DT_2019_084_1TM2071X,가족 및 가구원 돌보기-행위자비율(19세 이상),101052,101,5년,2019,2019,,19세 이상,"가구원,가족",돌보는가족및가구원의비율을기준으로한분류기준이명시되어있지않으므로기준없음입니다
DT_2019_085_1TM2073X,가족 및 가구원 돌보기-혼인상태별 행위자비율(19세 이상),101052,101,5년,2019,2019,,19세 이상,행위자비율,혼인상태별
DT_2019_086_1TM2075X,가족 및 가구원 돌보기-미취학자녀유무별 행위자비율(19세 이상),101052,101,5년,2019,2019,,19세 이상,행위자비율,미취학자녀유무별
DT_2019_087_1TM2097X,자원봉사 및 무급연수-행위자비율(10세 이상),101052,101,5년,2019,2019,,10세 이상,"자원봉사자,연수자",
DT_2019_088_1TM2098X,교제 및 참여활동-행위자비율(10세 이상),101052,101,5년,2019,2019,,10세 이상,행위자비율,"연령별,성별"
DT_2019_089_1TM2099X,교제 및 참여활동-학생여부별 행위자비율,101052,101,5년,2019,2019,,,행위자비율,학생여부별
DT_2019_090_1TM2100X,교제 및 참여활동-연령대별 행위자비율,101052,101,5년,2019,2019,,,행위자비율,연령대별
DT_2019_091_1TM2101X,교제 및 참여활동-취업여부별 행위자비율(15세 이상),101052,101,5년,2019,2019,,15세 이상,행위자비율,취업여부별
DT_2019_092_1TM2102X,교제 및 참여활동-혼인상태별 행위자비율(19세 이상),101052,101,5년,2019,2019,,19세 이상,행위자비율,혼인상태별
DT_2019_093_1TM2103X,문화 및 여가활동-행위자비율(10세 이상),101052,101,5년,2019,2019,,10세 이상,여가활동행위자비율,"행정구역별,문화및여가활동별"
DT_2019_094_1TM2104X,문화 및 여가활동-학생여부별 행위자비율,101052,101,5년,2019,2019,,,행위자비율,학생여부별
DT_2019_095_1TM2105X,문화 및 여가활동-연령대별 행위자비율,101052,101,5년,2019,2019,,,행위자비율,연령대별
DT_2019_096_1TM2106X,문화 및 여가활동-취업여부별 행위자비율(15세 이상),101052,101,5년,2019,2019,,15세 이상,행위자비율,취업여부별
DT_2019_097_1TM2107X,문화 및 여가활동-혼인상태별 행위자비율(19세 이상),101052,101,5년,2019,2019,,19세 이상,행위자비율,혼인상태별
DT_2019_098_1TM2121X,이동-행위자 비율(10세 이상),101052,101,5년,2019,2019,,10세 이상,이동행위자,
DT_2019_099_1TM2123X,일 관련 이동-행위자비율(15세 이상 취업자),101052,101,5년,2019,2019,,15세 이상,취업자,
DT_2019_100_1TM2124X,"학습 관련 이동-행위자비율(학생, 학교급별)",101052,101,5년,2019,2019,,,학생,학교급별
DT_2019_101_1TM21251X,가정관리 관련 이동-행위자비율(19세이상),101052,101,5년,2019,2019,,19세이상,이동행위자,행위자비율별
DT_2019_102_1TM21252X,가족 및 가구원 돌보기 관련 이동-행위자비율(19세 이상),101052,101,5년,2019,2019,,19세 이상,"돌보기,가구원,가족",
DT_2019_103_1TM2126X,자원봉사 및 무급연수 관련 이동-행위자비율(19세이상),101052,101,5년,2019,2019,,19세이상,"자원봉사자,연수생",행위자별
DT_2019_104_1TM2127X,교제 및 참여활동 관련 이동-행위자비율(19세 이상),101052,101,5년,2019,2019,,19세 이상,이동행위자,
DT_2019_105_1TM2128X,문화 및 여가활동 관련 이동-행위자비율(19세 이상),101052,101,5년,2019,2019,,19세 이상,이동행위자비율,문화및여가활동별
DT_2019_106_1TM3070X,함께한 사람별 평균시간,101052,101,5년,2019,2019,,,평균시간,사람별
DT_2019_107_1TM3071X,함께한 사람별 행위자비율,101052,101,5년,2019,2019,,,행위자비율,사람별
DT_2019_108_1TM3072X,함께한 사람별 행위자평균시간,101052,101,5년,2019,2019,,,행위자평균시간,사람별
DT_2019_109_1TM3076X,장소 또는 이동수단별 평균시간,101052,101,5년,2019,2019,,,평균시간,"장소별,이동수단별"
DT_2019_110_1TM3077X,장소 또는 이동수단별 행위자비율,101052,101,5년,2019,2019,,,행위자비율,"장소별,이동수단별"
DT_2019_111_1TM3078X,장소 또는 이동수단별 행위자평균시간,101052,101,5년,2019,2019,,,행위자평균시간,"장소별,이동수단별"
DT_2019_112_1TM3079X,ICT 기기 사용 평균 시간,101052,101,5년,2019,2019,,,ICT기기사용시간,기기별
DT_2019_113_1TM3080X,ICT 기기 사용자 구성비,101052,101,5년,2019,2019,,,ICT기기사용자,기기별
DT_2019_121_1TM4021X,미취학자녀 유무별 평균시간,101052,101,5년,2019,2019,,,평균시간,미취학자녀유무별
DT_2019_122_1TM4022X,미취학자녀 유무별 행위자비율,101052,101,5년,2019,2019,,,행위자비율,미취학자녀유무별
DT_2019_123_1TM4023X,미취학자녀 유무별 행위자평균시간,101052,101,5년,2019,2019,,,행위자평균시간,미취학자녀유무별
DT_2019_124_1TM4081X,식사 시작 시각 및 시간,101052,101,5년,2019,2019,,,"시각,시간",시간별
DT_2019_125_1TM4082X,취침 및 기상 시각,101052,101,5년,2019,2019,,,시각,
DT_2019_126_1TM4091X,지역별 출퇴근 평균시간,101052,101,5년,2019,2019,,,출퇴근시간,행정구역별
DT_2019_127_1TM4092X,지역별 출퇴근 행위자비율,101052,101,5년,2019,2019,,,출퇴근행위자비율,지역별
DT_2019_128_1TM4093X,지역별 출퇴근 행위자평균시간,101052,101,5년,2019,2019,,,출퇴근행위자,지역별
DT_2019_129_1TM9011X,평소 시간 부족 정도,101052,101,5년,2019,2019,,,시간부족정도,
DT_2019_130_1TM90112X,향후 줄이고 싶은 일,101052,101,5년,2019,2019,,,일,
DT_2019_131_1TM9012X,평소 하루 일과 후 피곤함 정도,101052,101,5년,2019,2019,,,피곤함정도,
DT_2019_132_1TM90122X,평소 피곤함을 느끼는 이유,101052,101,5년,2019,2019,,,피곤함,
DT_2019_133_1TM9013X,삶의 만족도,101052,101,5년,2019,2019,,,삶의만족도,
DT_2019_134_1TM90132X,여가 만족도,101052,101,5년,2019,2019,,,여가,"활동별,항목별"
DT_2019_135_1TM9014X,가사분담에 대한 만족도,101052,101,5년,2019,2019,,,가사분담,
DT_2019_136_1TM9015X,"성역할 의식(남자는 일, 여자는 가정)",101052,101,5년,2019,2019,,,성역할의식,성별
DT_2019_137_1TM90161X,가장 기분 좋은 행동,101052,101,5년,2019,2019,,,행동,
DT_2019_138_1TM90162X,가장 기분 좋지 않은 행동,101052,101,5년,2019,2019,,,행동,
DT_2019_139_1TM90163X,가장 스트레스 받은 행동,101052,101,5년,2019,2019,,,행동,
DT_2019_140_1TM1011XC,평균시간(10세 이상) 상대표준오차,101052,101,5년,2019,2019,,10세 이상,시간,
DT_2019_141_1TM1012XC,행위자비율(10세 이상) 상대표준오차,101052,101,5년,2019,2019,,10세 이상,행위자비율,행위자비율별
DT_2019_142_1TM1013XC,행위자평균시간(10세 이상) 상대표준오차,101052,101,5년,2019,2019,,10세 이상,시간,
DT_2019_143_1TM1021XC,연령대별 평균시간 상대표준오차,101052,101,5년,2019,2019,,,"평균시간,상대표준오차",연령대별
DT_2019_144_1TM1022XC,연령대별 행위자비율 상대표준오차,101052,101,5년,2019,2019,,,행위자비율,연령대별
DT_2019_145_1TM1023XC,연령대별 행위자평균시간 상대표준오차,101052,101,5년,2019,2019,,,행위자평균시간,연령대별
DT_2019_146_1TM1034XC,학생의 학교급별 평균시간 상대표준오차,101052,101,5년,2019,2019,,,"학생,시간",학교급별
DT_2019_147_1TM1035XC,학생의 학교급별 행위자비율 상대표준오차,101052,101,5년,2019,2019,,,"학생,행위자비율,상대표준오차",학교급별
DT_2019_148_1TM1036XC,학생의 학교급별 행위자평균시간 상대표준오차,101052,101,5년,2019,2019,,,"학교급별,행위자평균시간,상대표준오차",학교급별
DT_2019_149_1TM1041XC,혼인상태별 평균시간(19세 이상) 상대표준오차,101052,101,5년,2019,2019,,19세 이상,"혼인상태,평균시간상대표준오차",혼인상태별
DT_2019_150_1TM1042XC,혼인상태별 행위자비율(19세 이상) 상대표준오차,101052,101,5년,2019,2019,,19세 이상,행위자비율,혼인상태별
DT_2019_151_1TM1043XC,혼인상태별 행위자평균시간(19세 이상) 상대표준오차,101052,101,5년,2019,2019,,19세 이상,행위자평균시간,혼인상태별
DT_2019_152_1TM1051XC,취업여부별 평균시간(15세이상) 상대표준오차,101052,101,5년,2019,2019,,15세이상,"평균시간,상대표준오차",취업여부별
DT_2019_153_1TM1052XC,취업여부별 행위자비율(15세이상) 상대표준오차,101052,101,5년,2019,2019,,15세이상,행위자비율,취업여부별
DT_2019_154_1TM1053XC,취업여부별 행위자평균시간(15세이상) 상대표준오차,101052,101,5년,2019,2019,,15세이상,행위자평균시간,취업여부별
DT_2019_155_1TM1101XC,지역별 평균시간 상대표준오차,101052,101,5년,2019,2019,,,"평균시간,상대표준오차",지역별
DT_2019_156_1TM1102XC,지역별 행위자비율 상대표준오차,101052,101,5년,2019,2019,,,행위자비율,지역별
DT_2019_157_1TM1103XC,지역별 행위자평균시간 상대표준오차,101052,101,5년,2019,2019,,,행위자평균시간,지역별
DT_2019_158_1TM2021XX,개인유지-행동비율(10세 이상),101052,101,5년,2019,2019,,10세 이상,개인유지비,
DT_2019_159_1TM2023XX,개인유지-연령대별 행동비율(10세 이상),101052,101,5년,2019,2019,,10세 이상,행동비율,연령대별
DT_2019_160_1TM2031XX,일-평일 행동비율(15세 이상 취업자),101052,101,5년,2019,2019,,15세 이상,취업자,요일별
DT_2019_161_1TM2034XX,일-평일 산업별 행동비율(15세 이상 취업자),101052,101,5년,2019,2019,,15세 이상,행동비율,산업별
DT_2019_162_1TM2035XX,일-평일 직업별 행동비율(15세 이상 취업자),101052,101,5년,2019,2019,,15세 이상,"직업별,행동비율,취업자",직업별
DT_2019_163_1TM2036XX,일-평일 종사상지위별 행동비율(15세 이상 취업자),101052,101,5년,2019,2019,,15세 이상,취업자,종사상지위별
DT_2019_164_1TM2037XX,일-평일 사업체형태별 행동비율(15세 이상 취업자),101052,101,5년,2019,2019,,15세 이상,"사업체형태별행동비율,취업자",사업체형태별
DT_2019_165_1TM2041XX,학습-행동비율(학생),101052,101,5년,2019,2019,,,학생,
DT_2019_166_1TM2043XX,학습-학교급별 행동비율(학생),101052,101,5년,2019,2019,,,"행동비율,학생",학교급별
DT_2019_167_1TM2051XX,가정관리-행동비율(19세 이상),101052,101,5년,2019,2019,,19세 이상,가구,
DT_2019_168_1TM2053XX,가정관리-혼인상태별 행동비율(19세 이상),101052,101,5년,2019,2019,,19세 이상,행동비율,혼인상태별
DT_2019_169_1TM2071XX,가족 및 가구원 돌보기-행동비율(19세 이상),101052,101,5년,2019,2019,,19세 이상,"가구원,가족",
DT_2019_170_1TM2073XX,가족 및 가구원 돌보기-혼인상태별 행동비율(19세 이상),101052,101,5년,2019,2019,,19세 이상,"돌보기,혼인상태",혼인상태별
DT_2019_171_1TM2075XX,가족 및 가구원 돌보기-미취학자녀유무별 행동비율(19세 이상),101052,101,5년,2019,2019,,19세 이상,"미취학자녀유무,행동비율",미취학자녀유무별
DT_2019_172_1TM2097XX,자원봉사 및 무급연수-행동비율(10세 이상),101052,101,5년,2019,2019,,10세 이상,"자원봉사자,연수활동참가자",
DT_2019_173_1TM2098XX,교제 및 참여활동-행동비율(10세 이상),101052,101,5년,2019,2019,,10세 이상,교제및참여활동,
DT_2019_174_1TM2099XX,교제 및 참여활동-학생여부별 행동비율,101052,101,5년,2019,2019,,,학생,학생여부별
DT_2019_175_1TM2100XX,교제 및 참여활동-연령대별 행동비율,101052,101,5년,2019,2019,,,행동비율,연령대별
DT_2019_176_1TM2101XX,교제 및 참여활동-취업여부별 행동비율(15세 이상),101052,101,5년,2019,2019,,15세 이상,행동비율,취업여부별
DT_2019_177_1TM2102XX,교제 및 참여활동-혼인상태별 행동비율(19세 이상),101052,101,5년,2019,2019,,19세 이상,행동비율,혼인상태별
DT_2019_178_1TM2103XX,문화 및 여가활동-행동비율(10세 이상),101052,101,5년,2019,2019,,10세 이상,여가활동비율,문화및여가활동별
DT_2019_179_1TM2104XX,문화 및 여가활동-학생여부별 행동비율,101052,101,5년,2019,2019,,,행동비율,학생여부별
DT_2019_180_1TM2105XX,문화 및 여가활동-연령대별 행동비율,101052,101,5년,2019,2019,,,행동비율,연령대별
DT_2019_181_1TM2106XX,문화 및 여가활동-취업여부별 행동비율(15세 이상),101052,101,5년,2019,2019,,15세 이상,행동비율,취업여부별
DT_2019_182_1TM2107XX,문화 및 여가활동-혼인상태별 행동비율(19세 이상),101052,101,5년,2019,2019,,19세 이상,행동비율,혼인상태별
DT_2019_183_1TM2121XX,이동-행동 비율(10세 이상),101052,101,5년,2019,2019,,10세 이상,비율,
DT_2019_184_1TM2123XX,일 관련 이동-행동비율(15세 이상 취업자),101052,101,5년,2019,2019,,15세 이상,취업자,
DT_2019_185_1TM2124XX,"학습 관련 이동-행동비율(학생, 학교급별)",101052,101,5년,2019,2019,,,학생,학교급별
DT_2019_186_1TM21251XX,가정관리 관련 이동-행동비율(19세이상),101052,101,5년,2019,2019,,19세이상,"가정관리,이동행동비율",
DT_2019_187_1TM21252XX,가족 및 가구원 돌보기 관련 이동-행동비율(19세 이상),101052,101,5년,2019,2019,,19세 이상,"가구원,가족","돌봄대상별,활동주체별"
DT_2019_188_1TM2126XX,자원봉사 및 무급연수 관련 이동-행동비율(19세이상),101052,101,5년,2019,2019,,19세이상,"자원봉사,무급연수",
DT_2019_189_1TM2127XX,교제 및 참여활동 관련 이동-행동비율(19세 이상),101052,101,5년,2019,2019,,19세 이상,교제및참여활동비율,행동유형별
DT_2019_190_1TM2128XX,문화 및 여가활동 관련 이동-행동비율(19세 이상),101052,101,5년,2019,2019,,19세 이상,"문화및여가활동,이동행동비율",문화및여가활동별
DT_2019_191_1TM2129XX,시간대별 행동비율(10세 이상),101052,101,5년,2019,2019,,10세 이상,행동비율,시간대별
DT_1DV1001,소비자 기대 및 평가지수,101053,101,월,1998,2008,,,"소비자,기대및평가지수",
DT_1DV1002,소비자전망조사 개별지수,101053,101,월,1998,2008,,,"소비자,개별지수",분기별
DT_1B34E01,"사망원인(104항목)/성/연령(5세)별 사망자수, 사망률",101054,101,년,1983,2022,,,"사망자수,사망률","성별,연령별"
DT_1B34E02,사망원인(104항목)/성/월별 사망자수,101054,101,"월,년",1995,2022,,,사망자수,월별
DT_1B34E03,사망원인(104항목)/성/혼인상태별(15세이상) 사망자수,101054,101,년,1983,2022,,15세이상,사망자수,"성별,혼인상태별"
DT_1B34E04,사망원인(104항목)/성/교육정도별(15~64세) 사망자수,101054,101,년,1983,2022,,,사망자수,"성별,교육정도별"
DT_1B34E05,사망원인(103항목)/성/직업별(15~64세)(신) 사망자수(1993~2017),101054,101,년,1993,2017,,,사망자수,"성별,직업별,연령별"
DT_1B34E06,사망원인(103항목)/성/직업별(구) 사망자수(~1992),101054,101,년,1983,1992,,,사망자수,"성별,직업별"
DT_1B34E07,"사망원인(237항목)/성/연령(5세)별 사망자수, 사망률",101054,101,년,1983,2022,,,"사망자수,사망률","성별,연령별"
DT_1B34E08,"영아사망원인(67항목)/성/생존기간별 사망자수, 영아사망률(2005~)",101054,101,년,2005,2022,,,"영아사망원인,성,생존기간별사망자수,영아사망률","성별,생존기간별"
DT_1B34E09,사망원인(104항목)/성/시도별 사망자수,101054,101,년,1983,2022,,,사망자수,"성별,시도별"
DT_1B34E11,"시도/사망원인(104항목)/성/연령(5세)별/ 사망자수, 사망률(1996~)",101054,101,년,1996,2022,,,"사망자수,사망률","행정구역별,성별,연령별"
DT_1B34E12,시도/사망원인(104항목)/성별 연령표준화 사망률(1996~),101054,101,년,1996,2022,,,"사망원인,성별,연령표준화사망률","행정구역별,성별연령표준화"
DT_1B34E13,"시군구/사망원인(50항목)/성/ 사망자수, 사망률, 연령표준화 사망률(1998~)",101054,101,년,1998,2022,,,"사망원인,성,사망자수,사망률,연령표준화사망률","행정구역별,성별"
DT_1B34E17,성/월별 특정 사망원인(고의적 자해) 사망자 수,101054,101,월,2019,2024,,,특정사망원인사망자수,성월별
DT_1B34E18,성/연령별 특정 사망원인(고의적 자해) 사망자 수(분기별),101054,101,분기,2022,2024,,,고의적자해사망자,"성연령별,분기별"
DT_1B34E19,시도별 특정 사망원인(고의적 자해) 사망자 수(분기별),101054,101,분기,2022,2024,,,고의적자해사망자,"행정구역별,분기별"
DT_1E5101,조직형태 및 운영중인 법인수,101055,101,년,2000,2014,,,법인수,조직형태별
DT_1E5201,운영주체 및 사업유형별 법인수-농업법인,101055,101,년,2000,2014,,,법인수,"운영주체별,사업유형별"
DT_1E5202,출자자수-농업법인,101055,101,년,2000,2014,,,"출자자수,농업법인",
DT_1E5203,출자자 규모별 법인수-농업법인,101055,101,년,2000,2014,,,"출자자,농업법인",출자자규모별
DT_1E5204,출자금-농업법인,101055,101,년,2000,2014,,,"출자금,농업법인",
DT_1E5205,출자금 규모별 법인수-농업법인,101055,101,년,2000,2014,,,법인수,출자금규모별
DT_1E5206,정부보조금 및 정부융자금-농업법인,101055,101,년,2000,2012,,,농업법인,"정부보조금별,정부융자금별"
DT_1E5207,종사자수-농업법인,101055,101,년,2000,2014,,,농업법인종사자수,농업법인별
DT_1E5208,상시 종사자 규모별 법인수-농업법인,101055,101,년,2000,2014,,,법인수,종사자규모별
DT_1E5209,사무실 사용여부-농업법인,101055,101,년,2000,2012,,,농업법인,사용여부별
DT_1E5210,경영 경지면적-농업법인,101055,101,년,2000,2014,,,경지면적,농업법인별
DT_1E5211,유형별 재배면적-농업법인,101055,101,년,2002,2014,,,"재배면적,농업법인",유형별
DT_1E5212,작물별 재배면적-농업법인,101055,101,년,2000,2014,,,재배면적,작물별
DT_1E5213,가축 사육 및 판매-농업법인,101055,101,년,2000,2014,,,"가축,농업법인",
DT_1E5214,농기계-농업법인,101055,101,년,2000,2012,,,"농기계,농업법인",
DT_1E5215,농업시설물-농업법인,101055,101,년,2000,2012,,,"농업시설물,농업법인",
DT_1E5216,판매액(매출액)-농업법인,101055,101,년,2000,2014,,,"농업법인,판매액,매출액",
DT_1E5217,재무제표 작성 법인수-농업법인,101055,101,년,2000,2014,,,농업법인,농업법인별
DT_1E5218,경영실태(법인당)-농업법인,101055,101,년,2000,2014,,,농업법인,경영실태별
DT_1E5219,"자산,부채,자본규모별 법인수-농업법인",101055,101,년,2000,2014,,,법인수,"자산,부채,자본규모별"
DT_1E5220,경영성과(법인당)-농업법인,101055,101,년,2000,2014,,,농업법인,
DT_1E5221,매출액 및 영업이익 규모별 법인수-농업법인,101055,101,년,2000,2014,,,법인수,규모별
DT_1E5301,운영주체 및 사업유형별 법인수-어업법인,101055,101,년,2000,2014,,,법인수,"운영주체별,사업유형별"
DT_1E5302,출자자수-어업법인,101055,101,년,2000,2014,,,출자자수,출자자수별
DT_1E5303,출자자 규모별 법인수-어업법인,101055,101,년,2000,2014,,,법인수,출자자규모별
DT_1E5304,출자금-어업법인,101055,101,년,2000,2014,,,"출자금,어업법인",
DT_1E5305,출자금 규모별 법인수-어업법인,101055,101,년,2000,2014,,,법인수,출자금규모별
DT_1E5306,정부보조금 및 정부융자금-어업법인,101055,101,년,2000,2012,,,"정부보조금,정부융자금,어업법인",지원형태별
DT_1E5307,종사자수-어업법인,101055,101,년,2000,2014,,,어업법인종사자수,어업법인별
DT_1E5308,상시 종사자 규모별 법인수-어업법인,101055,101,년,2000,2014,,,법인수,종사자규모별
DT_1E5309,사무실 사용여부-어업법인,101055,101,년,2000,2012,,,어업법인,사용여부별
DT_1E5310,보유 어선 현황-어업법인,101055,101,년,2000,2014,,,"어선,어업법인",보유어선수별
DT_1E5311,선령별 및 출어일수별 동력선수-어업법인,101055,101,년,2000,2014,,,"동력선수,어업법인","선령별,출어일수별"
DT_1E5312,양식장 시설면적-어업법인,101055,101,년,2000,2014,,,"양식장,어업법인",어업법인별
DT_1E5313,판매액(매출액)-어업법인,101055,101,년,2000,2014,,,어업법인,
DT_1E5314,재무제표 작성 법인수-어업법인,101055,101,년,2000,2014,,,어업법인,어업법인별
DT_1E5315,경영실태(법인당)-어업법인,101055,101,년,2000,2014,,,어업법인,
DT_1E5316,"자산,부채,자본규모별 법인수-어업법인",101055,101,년,2000,2014,,,법인수,"자산,부채,자본규모별"
DT_1E5317,경영성과(법인당)-어업법인,101055,101,년,2000,2014,,,어업법인,
DT_1E5318,매출액 및 영업이익 규모별 법인수-어업법인,101055,101,년,2000,2014,,,법인수,규모별
DT_1KE1001,온라인쇼핑몰 취급상품범위별 거래액,101056,101,"월,분기,년",2001,2017,,,거래액,취급상품범위별
DT_1KE1002,온라인쇼핑몰 운영형태별 거래액,101056,101,"월,분기,년",2001,2017,,,"온라인쇼핑몰,거래액",운영형태별
DT_1KE1004,온라인쇼핑몰 취급상품범위/상품군별 거래액,101056,101,"월,분기,년",2001,2017,,,"온라인쇼핑몰,상품군",상품군별
DT_1KE10041,온라인쇼핑몰 취급상품범위별/상품군별거래액,101056,101,"월,분기,년",2017,2024,,,"온라인쇼핑몰,거래액","취급상품범위별,상품군별"
DT_1KE1005,온라인쇼핑몰 운영형태/상품군별 거래액,101056,101,"월,분기,년",2001,2017,,,"운영형태,상품군별,거래액","운영형태별,상품군별"
DT_1KE10051,온라인쇼핑몰 운영형태별/상품군별거래액,101056,101,"월,분기,년",2017,2024,,,"운영형태,상품군거래액","운영형태별,상품군별"
DT_1KE1006,온라인쇼핑몰 거래액의 계절조정 계열,101056,101,월,2001,2017,,,온라인쇼핑몰거래액,분기별
DT_1KE1007,온라인쇼핑몰 판매매체별/상품군별 거래액,101056,101,"월,분기,년",2013,2017,,,"온라인쇼핑몰,상품군","판매매체별,상품군별"
DT_1KE10071,온라인쇼핑몰 판매매체별/상품군별거래액,101056,101,"월,분기,년",2017,2024,,,"온라인쇼핑몰,거래액","판매매체별,상품군별"
DT_1KE10081,지역별 / 상품군별 온라인쇼핑 해외직접판매액,101056,101,"분기,년",2014,2024,,,온라인쇼핑해외직접판매액,"지역별,상품군별"
DT_1KE1009,지역별 / 상품군별 온라인쇼핑 해외직접구매액,101056,101,"분기,년",2014,2024,,,온라인쇼핑해외직접구매액,"지역별,상품군별"
DT_1KE2001,거래주체별 전자상거래 규모,101059,101,"분기,년",2001,2014,,,전자상거래규모,거래주체별
DT_1KE2003,거래유형별 기업간 전자상거래 규모,101059,101,"분기,년",2001,2014,,,기업간전자상거래규모,거래유형별
DT_1KE2004,산업별 기업간 전자상거래규모,101059,101,"분기,년",2001,2014,,,기업간전자상거래규모,산업별
DT_1KE2005,거래주도형태별 기업간 전자상거래규모,101059,101,"분기,년",2001,2014,,,기업간전자상거래규모,거래주도형태별
DT_1KE2006,조달유형별 기업·정부간 전자상거래규모,101059,101,"분기,년",2001,2014,,,기업정부간전자상거래규모,조달유형별
DT_1BZ05011,가구주의 성/연령별 추계가구-전국,101062,101,년,2000,2052,,,"가구주,추계가구",가구주별
DT_1BZ05012,가구주의 성/연령/혼인상태별 추계가구-전국,101062,101,년,2000,2052,,,"가구주,가구","성별,연령별,혼인상태별"
DT_1BZ0502,가구주의 연령/가구유형별 추계가구-전국,101062,101,년,2000,2052,,,"가구주,가구",가구유형별
DT_1BZ0503,가구주의 연령/가구원수별 추계가구-전국,101062,101,년,2000,2052,,,"가구주,가구원수,가구","연령별,가구원수별"
DT_1BZ05041,가구주의 성/연령별 추계가구-시도,101062,101,년,2000,2050,,,추계가구,"가구주별,시도별"
DT_1BZ05042,가구주의 성/연령/혼인상태별 추계가구-시도,101062,101,년,2000,2050,,,"가구주,가구",가구주별
DT_1BZ0505,가구주의 연령/가구유형별 추계가구_시도,101062,101,년,2000,2050,,,"가구주,가구유형별가구","가구주연령별,가구유형별,시도별"
DT_1BZ0506,가구주의 연령/가구원수별 추계가구_시도,101062,101,년,2000,2050,,,"가구주,가구원수,추계가구","연령별,가구원수별,시도별"
DT_1EL101,"임가, 임가인구, 전·겸업 및 임업형태별 임가",101063,101,5년,2005,2005,,,"임가,임가인구,임업형태별임가","전겸업별,임업형태별"
DT_1EL102,전·겸업별 임가,101063,101,5년,2005,2005,,,임가,전겸업별
DT_1EL105,가구원수별 임가,101063,101,5년,2005,2005,,,임가,가구원수별
DT_1EL106,세대구성별 임가,101063,101,5년,2005,2005,,,임가,세대구성별
DT_1EL108,경영주 임업종사기간별 임가,101063,101,5년,2005,2005,,,임가,임업종사기간별
DT_1EL110,경영주 혼인상태 및 성별 임가,101063,101,5년,2005,2005,,,"경영주,성별","혼인상태별,성별"
DT_1EL111,경영주 연령 및 교육정도별 임가,101063,101,5년,2005,2005,,,임가,"경영주연령별,교육정도별"
DT_1EL112,임업형태별 임가,101063,101,5년,2005,2005,,,임가,임업형태별
DT_1EL1121,육림 작업별 임가,101063,101,5년,2005,2005,,,임가,작업별
DT_1EL1122,벌목면적 규모별 임가 및 벌목면적,101063,101,5년,2005,2005,,,"임가,벌목면적",규모별
DT_1EL1123,벌목량 규모별 임가 및 벌목량,101063,101,5년,2005,2005,,,"임가,벌목량",규모별
DT_1EL1124,묘포장면적 규모별 임가 및 묘포장면적,101063,101,5년,2005,2005,,,"임가,묘포장면적",규모별
DT_1EL1125,묘목재배본수별 임가 및 재배본수,101063,101,5년,2005,2005,,,"임가,재배본수",묘목재배본수별
DT_1EL1126,임산물 채취품목별 임가 및 채취량,101063,101,5년,2005,2005,,,"임산물,임가,채취량",채취품목별
DT_1EL1127,임산물 재배작물별 임가 및 재배면적,101063,101,5년,2005,2005,,,"임가,재배면적",재배작물별
DT_1EL113,임산물 판매금액별 임가,101063,101,5년,2005,2005,,,임가,판매금액별
DT_1EL114,임산물 판매처별 임가,101063,101,5년,2005,2005,,,임가,판매처별
DT_1EL1141,임산물 판매금액규모 및 판매처별 임가,101063,101,5년,2005,2005,,,"판매금액규모,임가",판매처별
DT_1EL115,정보화현황 및 자동차 보유현황별 임가,101063,101,5년,2005,2005,,,임가,자동차보유현황별
DT_1EL117,거처형태별 임가,101063,101,5년,2005,2005,,,임가,거처형태별
DT_1EL118,난방시설별  임가,101063,101,5년,2005,2005,,,임가,난방시설별
DT_1EL119,주거시설형태별 임가,101063,101,5년,2005,2005,,,임가,주거시설형태별
DT_1EL2012,연령계층 및 성별 임가인구(읍면동별),101063,101,5년,2005,2005,,,임가인구,"성별,연령계층별"
DT_1EL202,6세이상 교육정도별  임가인구,101063,101,5년,2005,2005,,6세이상,임가인구,교육정도별
DT_1EL203,15세이상 혼인상태 및 성별 임가인구,101063,101,5년,2005,2005,,15세이상,"혼인상태,성별,임가인구","혼인상태별,성별"
DT_1EL205,15세이상 임업종사기간 및 성별 임가인구,101063,101,5년,2005,2005,,15세이상,"임업종사기간,성별임가인구","성별,임업종사기간별"
DT_1EL301,버섯ㆍ열매 채취규모별 임가 및 채취량,101063,101,5년,2005,2005,,,"임가,채취량",채취규모별
DT_1EL302,산나물 채취규모별 임가 및 채취량,101063,101,5년,2005,2005,,,"임가,채취량",채취규모별
DT_1EL303,약용작물 채취규모별 임가 및 채취량,101063,101,5년,2005,2005,,,"임가,채취량",채취규모별
DT_1EL304,수액 채취규모별 임가 및 채취량,101063,101,5년,2005,2005,,,"임가,채취량",수액채취규모별
DT_1EL305,산나물 재배규모별 임가 및 재배면적,101063,101,5년,2005,2005,,,"임가,재배면적",재배규모별
DT_1EL306,약용작물 재배규모별 임가 및 재배면적,101063,101,5년,2005,2005,,,"임가,재배면적",재배규모별
DT_1EL307,관상작물 재배규모별 임가 및 재배면적,101063,101,5년,2005,2005,,,"임가,재배면적",재배규모별
DT_1EL308,밤나무 재배면적규모별 임가 및 재배면적,101063,101,5년,2005,2005,,,"임가,재배면적",재배면적규모별
DT_1EL309,호도나무 재배면적규모별 임가 및 재배면적,101063,101,5년,2005,2005,,,"임가,재배면적",재배면적규모별
DT_1EL310,대추나무 재배면적규모별 임가 및 재배면적,101063,101,5년,2005,2005,,,"임가,재배면적",재배면적규모별
DT_1EL311,떫은감 재배면적규모별 임가 및 재배면적,101063,101,5년,2005,2005,,,"임가,재배면적",재배면적규모별
DT_1EL312,잣나무 재배면적규모별 임가 및 재배면적,101063,101,5년,2005,2005,,,"임가,재배면적",재배면적규모별
DT_1EL313,은행나무 재배면적규모별 임가 및 재배면적,101063,101,5년,2005,2005,,,"임가,재배면적",재배면적규모별
DT_1EL314,복분자 재배면적규모별 임가 및 재배면적,101063,101,5년,2005,2005,,,"임가,재배면적",재배면적규모별
DT_1EL315,기타유실수 재배면적규모별 임가 및 재배면적,101063,101,5년,2005,2005,,,"임가,재배면적",재배면적규모별
DT_1EL316,표고버섯 재배면적규모별 임가 및 재배면적,101063,101,5년,2005,2005,,,"임가,재배면적",재배면적규모별
DT_1EL317,표고버섯 재배본수규모별 임가 및 재배본수,101063,101,5년,2005,2005,,,"임가,재배본수",재배본수규모별
DT_1B28014,출국국가/목적별 내국인 출국자(연간),101064,101,년,2000,2005,,,내국인출국자,"출국국가별,목적별"
DT_1B28021,"연령/체류자격별 외국인 입국자(월간, 연간)",101064,101,"월,년",2000,2024,,,외국인입국자,"연령별,체류자격별"
DT_1B28022,"성/국적별 외국인 국제이동(월간, 연간)",101064,101,"월,년",2000,2024,,,"외국인,국제이동",성국적별
DT_1B28023,"국적/체류자격별 외국인 입국자(월간, 연간)",101064,101,"월,년",2000,2024,,,외국인입국자,"국적별,체류자격별"
DT_1B28024,출입국 항구/내외국인/성별 국제이동(연간),101064,101,년,2000,2023,,,"항구,내외국인,성별","항구별,성별"
DT_1B28025,"내외국인/성/연령별 국제이동(월간, 연간)",101064,101,"월,년",2000,2024,,,국제이동,"내외국인별,성별,연령별"
DT_1B28026,내외국인/성/연령별 장기국제이동(연간),101064,101,년,2000,2022,,,장기국제이동,"내외국인별,성별,연령별"
DT_1EP0701,산업중분류별 주요지표,101066,101,년,2006,2010,,,주요지표,산업중분류별
DT_1EP0702,"산업중분류별, 종사자규모별, 자본금규모별 기업체수, 매출액",101066,101,년,2006,2010,,,"기업체수,매출액","산업중분류별,종사자규모별,자본금규모별"
DT_1EP0703,"산업중분류별, 창설연도별 기업체수",101066,101,년,2006,2010,,,기업체수,"산업중분류별,창설연도별"
DT_1EP0704,"산업중분류별, 기업내 조직별 사업체 보유수",101066,101,년,2006,2010,,,사업체,"산업중분류별,기업내조직별"
DT_1EP0705,"산업중분류별, 기업내 조직별 종사자수",101066,101,년,2006,2010,,,종사자수,"산업중분류별,기업내조직별"
DT_1EP0706,"산업중분류별, 자본금규모별 자산·부채·자본",101066,101,년,2006,2010,,,"자산,부채,자본","산업중분류별,자본금규모별"
DT_1EP0707,"산업중분류별, 자본금규모별 경영실적",101066,101,년,2006,2010,,,경영실적,"산업중분류별,자본금규모별"
DT_1EP0708,"산업중분류별, 사업형태별(겸업) 주요지표",101066,101,년,2006,2010,,,"사업체수,가구","산업중분류별,사업형태별,겸업"
DT_1EP0709,"산업대분류별, 기업내 세부업종별 매출액",101066,101,년,2006,2010,,,매출액,"산업별,기업내세부업종별"
DT_1EP0710,"산업중분류별, 자본금규모별 자회사·관련회사 보유기업체수",101066,101,년,2006,2010,,,자회사관련회사보유기업체수,"산업중분류별,자본금규모별"
DT_1EP0711,"산업대분류별, 자회사 업종별 자회사·관련회사 수",101066,101,년,2006,2010,,,"자회사,관련회사","산업대분류별,자회사업종별"
DT_1EP0712,"산업대분류별, 자회사 업종별 국외자회사·관련회사수",101066,101,년,2006,2010,,,국외자회사관련회사수,"산업대분류별,자회사업종별"
DT_1EP0713,"산업중분류별, 자본금규모별 자회사·관련회사 투자기업체수, 투자금액",101066,101,년,2006,2010,,,"자회사관련회사투자기업체수,투자금액","산업중분류별,자본금규모별"
DT_1EP0714,모회사 보유기업의 산업중분류별 주요지표,101066,101,년,2006,2010,,,보유기업,산업중분류별
DT_1EP0715,모회사 보유기업의 산업대분류별 모회사 세부업종별 기업체수,101066,101,년,2006,2010,,,기업체수,"산업대분류별,모회사세부업종별"
DT_1EP0716,외국자본기업의 산업중분류별 주요지표,101066,101,년,2006,2011,,,외국자본기업,산업중분류별
DT_1EP0717,"무역활동기업의 산업중분류별, 종사자규모별 주요지표",101066,101,년,2006,2010,,,"기업,산업,종사자,주요지표","산업중분류별,종사자규모별"
DT_1EP0718,"산업중분류별, 자본금규모별 외주기업체수, 외주비",101066,101,년,2006,2010,,,"외주기업체수,외주비","산업중분류별,자본금규모별"
DT_1EP0719,"산업중분류별, 종사자규모별 기업간 거래",101066,101,년,2006,2010,,,"기업간거래,종사자규모,산업중분류","산업중분류별,종사자규모별"
DT_1EP0720,"산업중분류별, 자본금규모별 기업간 거래",101066,101,년,2006,2010,,,기업,"산업중분류별,자본금규모별"
DT_1EP0721,"산업대분류별, 16개 시도별 주요지표",101066,101,년,2006,2010,,,주요지표,"산업별,행정구역별"
DT_1EP0722,"산업중분류별, 자본금규모별 연구개발 기업체수, 연구개발비",101066,101,년,2006,2010,,,"연구개발기업체수,연구개발비","산업중분류별,자본금규모별"
DT_1EP0723,"연구개발기업의 산업중분류별, 종사자규모별 주요지표",101066,101,년,2006,2010,,,"기업,산업,종사자규모,지표","산업중분류별,종사자규모별"
DT_1EP0724,산업중분류별 지적소유권 보유 및 활용건수,101066,101,년,2006,2010,,,지적소유권,산업중분류별
DT_1EP0725,산업중분류별 외부위탁 기업체수,101066,101,년,2006,2010,,,기업체수,산업중분류별
DT_1EP0726,산업중분류별 e-비즈니스 활용 기업체수,101066,101,년,2006,2010,,,기업체수,산업중분류별
DT_1EP0727,산업중분류별 프랜차이즈 기업체수,101066,101,년,2006,2010,,,프랜차이즈기업체수,산업중분류별
DT_1EP0728,산업중분류별 국외진출 기업체수,101066,101,년,2006,2010,,,기업체수,산업중분류별
DT_1EP0729,산업중분류별 신규사업진출 기업체수,101066,101,년,2006,2010,,,기업체수,산업중분류별
DT_1EP0730,산업중분류별 전략적제휴 기업체수,101066,101,년,2006,2010,,,전략적제휴기업체수,산업중분류별
DT_1EP0731,산업중분류별 성과보상관리제도 도입 기업체수,101066,101,년,2006,2010,,,기업체수,산업중분류별
DT_1EP0732,산업중분류별 매출액 당기순이익률별 기업체수,101066,101,년,2006,2010,,,기업체수,"산업중분류별,매출액당기순이익률별"
DT_1EP0733,"산업중분류별, 매출액 당기순이익률별 매출액",101066,101,년,2006,2010,,,"매출액,당기순이익률","산업중분류별,매출액당기순이익률별"
DT_1EP0734,"산업중분류별, 사업형태별(겸업) 기업체수, 매출액",101066,101,년,2006,2010,,,"기업체수,매출액","산업중분류별,사업형태별,겸업"
DT_1EP1001,산업중분류별 주요지표,101066,101,년,2010,2016,,,주요지표,산업중분류별
DT_1EP1002,"산업중분류별, 종사자규모별, 자본금규모별 기업체수, 매출액",101066,101,년,2010,2016,,,"기업체수,매출액","산업중분류별,종사자규모별,자본금규모별"
DT_1EP1003,"산업중분류별, 주식시장 상장형태별, 창설년도별 기업체수",101066,101,년,2010,2016,,,기업체수,"산업별,주식시장상장형태별,창설년도별"
DT_1EP1004,"산업중분류별, 기업내 조직별 사업체 보유수",101066,101,년,2010,2016,,,사업체,"산업중분류별,조직별"
DT_1EP1005,"산업중분류별, 기업내 조직별 종사자수",101066,101,년,2010,2016,,,종사자수,"산업중분류별,기업내조직별"
DT_1EP1006,"산업중분류별, 자본금규모별 자산·부채·자본",101066,101,년,2010,2016,,,"자산,부채,자본","산업중분류별,자본금규모별"
DT_1EP1007,"산업중분류별, 자본금규모별 경영실적",101066,101,년,2010,2016,,,경영실적,"산업중분류별,자본금규모별"
DT_1EP1008,"산업중분류별, 사업형태별(겸업) 주요지표",101066,101,년,2010,2016,,,사업체수,"산업중분류별,사업형태별"
DT_1EP1009,"산업대분류별, 기업내 세부업종별 매출액",101066,101,년,2010,2016,,,매출액,"산업별,기업내업종별"
DT_1EP1010,"산업중분류별, 자본금규모별 자회사·관련회사 보유기업체수",101066,101,년,2010,2016,,,자회사관련회사보유기업체수,"산업중분류별,자본금규모별"
DT_1EP1011,"산업대분류별, 자회사 업종별 자회사·관련회사 수",101066,101,년,2010,2016,,,"자회사,관련회사","산업대분류별,자회사업종별"
DT_1EP1012,"산업대분류별, 자회사 업종별 국외자회사·관련회사수",101066,101,년,2010,2016,,,국외자회사관련회사수,"산업대분류별,자회사업종별"
DT_1EP1013,"산업중분류별, 자본금규모별 자회사·관련회사 투자기업체수, 투자금액",101066,101,년,2010,2016,,,"자회사관련회사투자기업체수,투자금액","산업중분류별,자본금규모별"
DT_1EP1014,모회사 보유기업의 산업중분류별 주요지표,101066,101,년,2010,2016,,,보유기업,산업중분류별
DT_1EP1015,모회사 보유기업의 산업대분류별 모회사 세부업종별 기업체수,101066,101,년,2010,2016,,,기업체수,"산업대분류별,모회사세부업종별"
DT_1EP1016,외국자본기업의 산업중분류별 주요지표,101066,101,년,2010,2016,,,외국자본기업,산업중분류별
DT_1EP1017,"무역활동기업의 산업중분류별, 종사자규모별 주요지표",101066,101,년,2010,2016,,,"기업,지표","산업중분류별,종사자규모별"
DT_1EP1018,"산업중분류별, 자본금규모별 외주기업체수, 외주비",101066,101,년,2010,2016,,,"외주기업체수,외주비","산업중분류별,자본금규모별"
DT_1EP1019,"산업중분류별, 종사자규모별 기업간 거래",101066,101,년,2010,2016,,,"기업간거래,종사자규모,산업중분류","산업중분류별,종사자규모별"
DT_1EP1020,"산업중분류별, 자본금규모별 기업간 거래",101066,101,년,2010,2016,,,기업,"산업중분류별,자본금규모별"
DT_1EP1021,"산업대분류별, 17개 시도별 주요지표",101066,101,년,2010,2016,,,주요지표,"산업별,행정구역별"
DT_1EP1022,"산업중분류별, 자본금규모별 연구개발 기업체수, 연구개발비",101066,101,년,2010,2016,,,"연구개발기업체수,연구개발비","산업중분류별,자본금규모별"
DT_1EP1023,"연구개발기업의 산업중분류별, 종사자규모별 주요지표",101066,101,년,2010,2016,,,"기업,지표","산업중분류별,종사자규모별"
DT_1EP1024,산업중분류별 지적재산권 보유 및 활용건수,101066,101,년,2010,2016,,,지적재산권,산업중분류별
DT_1EP1025,산업중분류별 외부위탁 기업체수,101066,101,년,2010,2016,,,기업체수,산업중분류별
DT_1EP1026,산업중분류별 e-비즈니스 활용 기업체수,101066,101,년,2010,2014,,,기업체수,산업중분류별
DT_1EP1027,산업중분류별 프랜차이즈 기업체수,101066,101,년,2010,2014,,,프랜차이즈기업체수,산업중분류별
DT_1EP1028,산업중분류별 국외진출 기업체수,101066,101,년,2010,2015,,,기업체수,산업중분류별
DT_1EP1029,산업중분류별 신규사업진출 기업체수,101066,101,년,2010,2015,,,기업체수,산업중분류별
DT_1EP1030,산업중분류별 전략적제휴 기업체수,101066,101,년,2010,2016,,,전략적제휴기업체수,산업중분류별
DT_1EP1031,산업중분류별 성과보상관리제도 도입 기업체수,101066,101,년,2010,2016,,,기업체수,산업중분류별
DT_1EP1032,산업중분류별 매출액 당기순이익률별 기업체수,101066,101,년,2010,2016,,,기업체수,"산업중분류별,매출액당기순이익률별"
DT_1EP1033,"산업중분류별, 매출액 당기순이익률별 매출액",101066,101,년,2010,2016,,,"매출액,당기순이익률","산업중분류별,매출액당기순이익률별"
DT_1EP1034,"산업중분류별, 사업형태별(겸업) 기업체수, 매출액",101066,101,년,2010,2016,,,"기업체수,매출액","산업중분류별,사업형태별,겸업"
DT_1EP1035,산업중분류별 신규사업 진출기업 (4차 산업 포함),101066,101,년,2016,2016,,,신규사업진출기업,산업중분류별
DT_1EP1036,산업중분류별 주력사업 변동기업,101066,101,년,2016,2016,,,주력사업변동기업,산업중분류별
DT_1EP1201,산업중분류별 주요지표,101066,101,년,2006,2022,,,주요지표,산업중분류별
DT_1EP1202_1,산업중분류별 종사자규모별 자본금규모별 기업체수,101066,101,년,2006,2022,,,기업체수,"산업중분류별,종사자규모별,자본금규모별"
DT_1EP1202_2,산업중분류별 종사자규모별 자본금규모별 매출액,101066,101,년,2006,2022,,,"종사자규모,자본금규모,매출액","산업중분류별,종사자규모별,자본금규모별"
DT_1EP1203,산업중분류별 주식시장 상장형태별 창설년도별 기업체수,101066,101,년,2006,2022,,,기업체수,"산업중분류별,주식시장상장형태별,창설년도별"
DT_1EP1204,산업중분류별 기업내 조직별 사업체 보유수,101066,101,년,2006,2022,,,사업체,"산업중분류별,기업내조직별"
DT_1EP1205,산업중분류별 기업내 조직별 종사자수,101066,101,년,2006,2022,,,기업내조직별종사자수,"산업중분류별,기업내조직별"
DT_1EP1206_1,산업중분류별 자본금규모별 자산·부채·자본,101066,101,년,2006,2022,,,"자산,부채,자본","산업중분류별,자본금규모별"
DT_1EP1206_2,산업중분류별 자본금규모별  유무형자산,101066,101,년,2006,2022,,,"자본금규모,유형자산,무형자산","산업중분류별,자본금규모별"
DT_1EP1207,산업중분류별 자본금규모별 경영실적,101066,101,년,2006,2022,,,자본금규모,"산업중분류별,자본금규모별"
DT_1EP1208,산업중분류별 사업형태별(겸업) 주요지표,101066,101,년,2006,2022,,,사업체수,"산업중분류별,사업형태별,겸업"
DT_1EP1209,산업대분류별 기업내 세부업종별 매출액,101066,101,년,2006,2022,,,기업내세부업종별매출액,"산업별,기업내세부업종별"
DT_1EP1210,산업중분류별 자본금규모별 자회사·관련회사 보유기업체수,101066,101,년,2006,2022,,,자회사관련회사보유기업체수,"산업중분류별,자본금규모별"
DT_1EP1211,산업대분류별 자회사 업종별 자회사·관련회사 수,101066,101,년,2006,2022,,,"자회사,관련회사","산업대분류별,자회사업종별"
DT_1EP1212,산업대분류별 자회사 업종별 국외자회사·관련회사수,101066,101,년,2006,2022,,,국외자회사관련회사수,"산업대분류별,자회사업종별"
DT_1EP1213,"산업중분류별 자본금규모별 자회사·관련회사 투자기업체수, 투자금액",101066,101,년,2006,2022,,,"자회사관련회사투자기업체수,투자금액","산업중분류별,자본금규모별"
DT_1EP1214,모회사 보유기업의 산업중분류별 주요지표,101066,101,년,2006,2022,,,보유기업,산업중분류별
DT_1EP1215,모회사 보유기업의 산업대분류별 모회사 세부업종별 기업체수,101066,101,년,2006,2022,,,기업체수,"산업대분류별,세부업종별"
DT_1EP1216,외국자본기업의 산업중분류별 주요지표,101066,101,년,2006,2022,,,외국자본기업,산업중분류별
DT_1EP1217,무역활동기업의 산업중분류별 종사자규모별 주요지표,101066,101,년,2006,2022,,,"종사자규모,산업중분류","산업중분류별,종사자규모별"
DT_1EP1218,"산업중분류별 자본금규모별 외주기업체수, 외주비",101066,101,년,2006,2022,,,"외주기업체수,외주비","산업중분류별,자본금규모별"
DT_1EP1219,산업중분류별 종사자규모별 기업간 거래,101066,101,년,2006,2022,,,종사자규모별기업간거래,"산업중분류별,종사자규모별"
DT_1EP1220,산업중분류별 자본금규모별 기업간 거래,101066,101,년,2006,2022,,,기업,"산업중분류별,자본금규모별"
DT_1EP1221,산업대분류별 17개 시도별 주요지표,101066,101,년,2006,2022,,,주요지표,"산업별,행정구역별"
DT_1EP1222,"산업중분류별 자본금규모별 연구개발 기업체수, 연구개발비",101066,101,년,2006,2022,,,"연구개발기업체수,연구개발비","산업중분류별,자본금규모별"
DT_1EP1223,연구개발기업의 산업중분류별 종사자규모별 주요지표,101066,101,년,2006,2022,,,종사자규모,"산업중분류별,종사자규모별"
DT_1EP1224,산업중분류별 지식재산권 보유 및 활용건수,101066,101,년,2006,2022,,,지식재산권,산업중분류별
DT_1EP1225,산업중분류별 외부위탁 기업체수,101066,101,년,2006,2022,,,기업체수,산업중분류별
DT_1EP1226,산업중분류별 e-비즈니스 활용 기업체수,101066,101,년,2006,2014,,,기업체수,산업중분류별
DT_1EP1227,산업중분류별 프랜차이즈 기업체수,101066,101,년,2006,2014,,,프랜차이즈기업체수,산업중분류별
DT_1EP1228,산업중분류별 국외진출 기업체수,101066,101,년,2006,2015,,,기업체수,산업중분류별
DT_1EP1229,산업중분류별 신규사업진출 기업체수(사업내용),101066,101,년,2006,2022,,,기업체수,산업중분류별
DT_1EP1230,산업중분류별 전략적제휴 기업체수,101066,101,년,2006,2022,,,전략적제휴기업체수,산업중분류별
DT_1EP1231,산업중분류별 성과보상관리제도 도입 기업체수,101066,101,년,2006,2022,,,기업체수,산업중분류별
DT_1EP1232,산업중분류별 매출액 당기순이익률별 기업체수,101066,101,년,2006,2022,,,기업체수,"산업중분류별,매출액당기순이익률별"
DT_1EP1233,산업중분류별 매출액 당기순이익률별 매출액,101066,101,년,2006,2022,,,매출액,"산업중분류별,매출액당기순이익률별"
DT_1EP1234,"산업중분류별 사업형태별(겸업) 기업체수, 매출액",101066,101,년,2006,2022,,,"기업체수,매출액","산업중분류별,사업형태별"
DT_1EP1235,산업중분류별 신규사업 진출기업 (진출단계),101066,101,년,2016,2022,,,"신규사업,기업",산업중분류별
DT_1EP1236,산업중분류별 주력사업 운영 변동기업,101066,101,년,2016,2022,,,주력사업운영변동기업,산업중분류별
DT_1EP1237_1,산업중분류별 4차산업혁명 기술 개발 및 활용분야,101066,101,년,2017,2022,,,"기술개발,활용분야",산업중분류별
DT_1EP1237_2,산업중분류별 4차산업혁명 기술 개발방법 및 활용단계,101066,101,년,2017,2022,,,기술,산업중분류별
DT_1EO4F01O,유배우 가구 현황,101067,101,년,2011,2014,,,가구,행정구역별
DT_1EO4F02O,가구주의 성별 맞벌이가구,101067,101,년,2011,2014,,,"가구주,맞벌이가구",성별
DT_1EO4F03O,가구주의 연령계층별 맞벌이가구,101067,101,년,2011,2014,,,맞벌이가구,연령계층별
DT_1EO4F04O,가구주의 교육정도별 맞벌이가구,101067,101,년,2011,2014,,,맞벌이가구,교육정도별
DT_1EO4F05O,가구주의 산업별 맞벌이가구,101067,101,년,2011,2014,,,"가구주,맞벌이가구",산업별
DT_1EO4F06O,동거 맞벌이가구의 동일산업 비율,101067,101,년,2011,2014,,,"동거맞벌이가구,동일산업",산업별
DT_1EO4F07O,가구주의 직업별 맞벌이가구,101067,101,년,2011,2014,,,"가구주,맞벌이가구",직업별
DT_1EO4F08O,동거 맞벌이가구의 동일직업 비율,101067,101,년,2011,2014,,,동거맞벌이가구,동일직업
DT_1EO4F09O,시도별 맞벌이가구,101067,101,년,2011,2014,,,맞벌이가구,행정구역별
DT_1ES0601,성 및 연령별,101067,101,년,2006,2007,,,"성별,연령","성별,연령별"
DT_1ES0602,성 및 교육정도별,101067,101,년,2006,2007,,,"성,교육정도","성별,교육정도별"
DT_1ES0607,성 및 연령별_고용형태/근속기간/주당근로시간,101067,101,년,2006,2007,,,"고용형태,근속기간,주당근로시간","성별,연령별"
DT_1ES0608,성 및 연령별_교육정도/소득수준,101067,101,년,2006,2007,,,"교육정도,소득수준","성별,연령별"
DT_1ES0609,산업별_성/연령/교육정도/소득수준,101067,101,년,2006,2007,,,"성,연령,교육정도,소득수준",산업별
DT_1ES0610,"산업,성,연령별_고용형태/근속기간/주당근로시간",101067,101,년,2006,2007,,,"고용형태,근속기간,주당근로시간","산업별,성별,연령별"
DT_1ES0611,직업별_성/연령/교육정도/소득수준,101067,101,년,2006,2007,,,"성,연령,교육정도,소득수준",직업별
DT_1ES0612,"직업,성,연령별_고용형태/근속기간/주당근로시간",101067,101,년,2006,2007,,,"고용형태,근속기간,주당근로시간","직업별,성별,연령별"
DT_1ES0613,산업별_전공계열/고등교육(전문대이상),101067,101,년,2006,2007,,,"전공계열,고등교육",산업별
DT_1ES0614,직업별_전공계열/고등교육(전문대이상),101067,101,년,2006,2007,,,"전공계열,고등교육","직업별,전공계열별"
DT_1ES0615,고등교육(전문대이상)의 전공계열별_성/소득수준,101067,101,년,2006,2007,,,"전공계열,성,소득수준",전공계열별
DT_1ES0616,산업간 직장이동,101067,101,년,2006,2007,,,직장,산업별
DT_1ES0617,직업간 직장이동,101067,101,년,2006,2007,,,"직업,직장",
DT_1ES0618,고용형태간 직장이동,101067,101,년,2006,2007,,,"고용,직장",고용형태간
DT_1ES0619,"성,연령,교육정도별_희망고용형태/희망소득수준/구직방법",101067,101,년,2006,2007,,,"희망고용형태,희망소득수준,구직방법","성별,연령별,교육정도별"
DT_1ES0620,"성,연령,교육정도별_희망직업/희망산업",101067,101,년,2006,2007,,,"희망직업,희망산업","성별,연령별,교육정도별"
DT_1ES0621,"성,연령,교육정도별_주활동/과거직장/구직계획",101067,101,년,2006,2007,,,"성,연령,교육정도별주활동,과거직장,구직계획","성별,연령별,교육정도별"
DT_1ES0622,"성,연령,혼인상태별_주활동/과거직장/구직계획",101067,101,년,2006,2007,,,"성,연령,혼인상태별주활동,과거직장,구직계획","성별,연령별,혼인상태별"
DT_1ES0623,"성,연령,가구주와의 관계별_주활동/과거직장/구직계획",101067,101,년,2006,2007,,,"성,연령,가구주와의관계,주활동,과거직장,구직계획","성별,연령별,가구주와의관계별"
DT_1ES0630,"시도,성,연령별_경제활동상태/취업기간/구직기간-(15세이상인구)",101067,101,년,2006,2007,,15세이상,"경제활동상태,취업기간,구직기간,인구","시도별,성별,연령별"
DT_1ES0631,"시도,성,연령별_고용형태/근속기간/주당근로시간-(평소취업자)",101067,101,년,2006,2007,,,"고용형태,근속기간,주당근로시간","시도별,성별,연령별"
DT_1ES0632,시도 및 산업별_고용형태/근속기간/주당근로시간-(평소취업자),101067,101,년,2006,2007,,,고용,"시도별,산업별"
DT_1ES0633,시도 및 직업별_고용형태/근속기간/주당근로시간-(평소취업자),101067,101,년,2006,2007,,,"고용형태,근속기간,주당근로시간","시도별,직업별"
DT_1ES0634,"시도,성,연령별_희망고용형태/희망소득수준/구직방법-(평소구직자)",101067,101,년,2006,2007,,,"희망고용형태,희망소득수준,구직방법","시도별,성별,연령별"
DT_1ES0635,"시도,성,연령,교육정도별_주활동/과거직장/구직계획-(평소비경제활동인구)",101067,101,년,2006,2007,,,"주활동,과거직장,구직계획","행정구역별,성별,연령별,교육정도별"
DT_1ES1A01,시군(9개도)별 경제활동인구 총괄,101067,101,년,2008,2010,,,경제활동인구,행정구역별
DT_1ES1A01S,시군(9개도)별 경제활동인구 총괄,101067,101,년,2008,2010,,,경제활동인구,행정구역별
DT_1ES1A02,시군(9개도)/성별 경제활동인구 총괄,101067,101,년,2008,2010,,,경제활동인구,"행정구역별,성별"
DT_1ES1A02S,시군(9개도)/성별 경제활동인구 총괄,101067,101,년,2008,2010,,,경제활동인구,"행정구역별,성별"
DT_1ES1A03,시군(9개도)/성/연령별 취업자,101067,101,년,2008,2010,,,취업자,"행정구역별,성별,연령별"
DT_1ES1A03S,시군(9개도)/성/연령별 취업자,101067,101,년,2008,2010,,,취업자,"행정구역별,성별,연령별"
DT_1ES1A05,시군(9개도)/산업별 취업자,101067,101,년,2008,2010,,,취업자,"행정구역별,산업별"
DT_1ES1A05S,시군(9개도)/산업별 취업자,101067,101,년,2008,2010,,,취업자,"행정구역별,산업별"
DT_1ES1A06,시군(9개도)/직업별 취업자,101067,101,년,2008,2010,,,취업자,"행정구역별,직업별"
DT_1ES1A06S,시군(9개도)/직업별 취업자,101067,101,년,2008,2010,,,취업자,"행정구역별,직업별"
DT_1ES1A07,시군(9개도)/종사상지위별 취업자,101067,101,년,2008,2010,,,취업자,"행정구역별,종사상지위별"
DT_1ES1A07S,시군(9개도)/종사상지위별 취업자,101067,101,년,2008,2010,,,취업자,"행정구역별,종사상지위별"
DT_1ES1A08,시군(9개도)/성/연령별 비경제활동인구,101067,101,년,2008,2010,,,비경제활동인구,"행정구역별,성별,연령별"
DT_1ES1A08S,시군(9개도)/성/연령별 비경제활동인구,101067,101,년,2008,2010,,,비경제활동인구,"행정구역별,성별,연령별"
DT_1ES1A09,시군(9개도)/활동상태별 비경제활동인구,101067,101,년,2008,2010,,,비경제활동인구,"행정구역별,활동상태별"
DT_1ES1A09S,시군(9개도)/활동상태별 비경제활동인구,101067,101,년,2008,2010,,,비경제활동인구,"행정구역별,활동상태별"
DT_1ES1A10,시군(9개도)/교육정도별 비경제활동인구,101067,101,년,2008,2010,,,비경제활동인구,"행정구역별,교육정도별"
DT_1ES1A10S,시군(9개도)/교육정도별 비경제활동인구,101067,101,년,2008,2010,,,비경제활동인구,"행정구역별,교육정도별"
DT_1ES1A11,시군(9개도)별 타지역 통근 취업자,101067,101,년,2008,2010,,,타지역통근취업자,행정구역별
DT_1ES1A11S,시군(9개도)별 타지역 통근 취업자,101067,101,년,2008,2010,,,타지역통근취업자,행정구역별
DT_1ES1B01,시도/성별 경제활동인구 총괄,101067,101,년,2008,2010,,,경제활동인구,"시도별,성별"
DT_1ES1B01S,시도/성별 경제활동인구 총괄,101067,101,년,2008,2010,,,경제활동인구,"시도별,성별"
DT_1ES1B02,시도/가구주관계/혼인상태별 경제활동상태,101067,101,년,2008,2010,,,"가구주관계,혼인상태,경제활동상태","시도별,가구주관계별,혼인상태별"
DT_1ES1B02S,시도/가구주관계/혼인상태별 경제활동상태,101067,101,년,2008,2010,,,"가구주관계,혼인상태,경제활동상태","시도별,가구주관계별,혼인상태별"
DT_1ES1B03,시도/성/연령/교육정도별 경제활동인구,101067,101,년,2008,2010,,,경제활동인구,"시도별,성별,연령별,교육정도별"
DT_1ES1B03S,시도/성/연령/교육정도별 경제활동인구,101067,101,년,2008,2010,,,경제활동인구,"시도별,성별,연령별,교육정도별"
DT_1ES1B04,시도/성/연령/교육정도별 취업자,101067,101,년,2008,2010,,,취업자,"시도별,성별,연령별,교육정도별"
DT_1ES1B05,시도/산업별 취업자,101067,101,년,2008,2010,,,취업자,"시도별,산업별"
DT_1ES1B05S,시도/산업별 취업자,101067,101,년,2008,2010,,,취업자,"시도별,산업별"
DT_1ES1B06,시도/직업별 취업자,101067,101,년,2008,2010,,,취업자,"시도별,직업별"
DT_1ES1B06S,시도/직업별 취업자,101067,101,년,2008,2010,,,취업자,"시도별,직업별"
DT_1ES1B14,시도/성/연령/교육정도별 비경제활동인구,101067,101,년,2008,2010,,,비경제활동인구,"시도별,성별,연령별,교육정도별"
DT_1ES1B14S,시도/성/연령/교육정도별 비경제활동인구,101067,101,년,2008,2010,,,비경제활동인구,"시도별,성별,연령별,교육정도별"
DT_1ES1B19,전국 산업/소득수준별 임금근로자,101067,101,년,2008,2010,전국,,임금근로자,"산업별,소득수준별"
DT_1ES1B19S,전국 산업/소득수준별 임금근로자,101067,101,년,2008,2010,전국,,임금근로자,"산업별,소득수준별"
DT_1ES1B20,전국 직업/소득수준별 임금근로자,101067,101,년,2008,2010,전국,,임금근로자,"직업별,소득수준별"
DT_1ES1B20S,전국 직업/소득수준별 임금근로자,101067,101,년,2008,2010,전국,,임금근로자,"직업별,소득수준별"
DT_1ES1B24,시도/구직산업/구직직업/구직종사지위별 실업자,101067,101,년,2008,2010,,,실업자,"시도별,구직산업별,구직직업별,구직종사지위별"
DT_1ES1B24S,시도/구직산업/구직직업/구직종사지위별 실업자,101067,101,년,2008,2010,,,실업자,"행정구역별,산업별,직업별,종사지위별"
DT_1ES1B25,시도/구직임금/이직이유/구직기간별 실업자,101067,101,년,2008,2010,,,실업자,"시도별,구직기간별"
DT_1ES1B25S,시도/구직임금/이직이유/구직기간별 실업자,101067,101,년,2008,2010,,,실업자,"행정구역별,이직이유별,구직기간별"
DT_1ES1B26,시도/성/활동상태/취업희망여부별 비경제활동인구,101067,101,년,2008,2010,,,비경제활동인구,"시도별,성별,활동상태별,취업희망여부별"
DT_1ES1B26S,시도/성/활동상태/취업희망여부별 비경제활동인구,101067,101,년,2008,2010,,,비경제활동인구,"시도별,성별,활동상태별,취업희망여부별"
DT_1ES1B27,전국 산업/연령/교육정도/종사지위별 취업자,101067,101,년,2008,2010,전국,,취업자,"산업별,연령별,교육정도별,종사지위별"
DT_1ES1B27S,전국 산업/연령/교육정도/종사지위별 취업자,101067,101,년,2008,2010,전국,,취업자,"산업별,연령별,교육정도별,종사지위별"
DT_1ES1B28,전국 직업/연령/교육정도/종사지위별 취업자,101067,101,년,2008,2010,전국,,취업자,"직업별,연령별,교육정도별,종사지위별"
DT_1ES1B28S,전국 직업/연령/교육정도/종사지위별 취업자,101067,101,년,2008,2010,전국,,취업자,"직업별,연령별,교육정도별,종사지위별"
DT_1ES1B29,직업교육 경험여부별 15세이상인구,101067,101,년,2008,2010,,15세이상,인구,직업교육경험여부별
DT_1ES1B29S,직업교육 경험여부별 15세이상인구,101067,101,년,2008,2010,,15세이상,인구,직업교육경험여부별
DT_1ES1B30,시도/성/연령/교육정도별 실업자,101067,101,년,2008,2010,,,실업자,"시도별,성별,연령별,교육정도별"
DT_1ES1B30S,시도/성/연령/교육정도별 실업자,101067,101,년,2008,2010,,,실업자,"시도별,성별,연령별,교육정도별"
DT_1ES1B31,전국 산업/성별 취업자(소분류),101067,101,년,2008,2010,전국,,취업자,"산업별,성별"
DT_1ES1B31S,전국 산업/성별 취업자(소분류),101067,101,년,2008,2010,전국,,취업자,"산업별,성별"
DT_1ES1B32,전국 직업/성별 취업자(소분류),101067,101,년,2008,2010,전국,,취업자,성별
DT_1ES1B32S,전국 직업/성별 취업자(소분류),101067,101,년,2008,2010,전국,,취업자,성별
DT_1ES1C01,시군(9개도)/성/연령별 취업자(근무지기준),101067,101,년,2010,2010,,,취업자,"행정구역별,성별,연령별"
DT_1ES1C01S,시군(9개도)/성/연령별 취업자(근무지기준),101067,101,년,2010,2010,,,취업자,"행정구역별,성별,연령별"
DT_1ES1C02,시군(9개도)/산업별 취업자(근무지기준),101067,101,년,2010,2010,,,취업자,"행정구역별,산업별"
DT_1ES1C02S,시군(9개도)/산업별 취업자(근무지기준),101067,101,년,2010,2010,,,취업자,"행정구역별,산업별"
DT_1ES1C03,시군(9개도)/직업별 취업자(근무지기준),101067,101,년,2010,2010,,,취업자,"행정구역별,직업별"
DT_1ES1C03S,시군(9개도)/직업별 취업자(근무지기준),101067,101,년,2010,2010,,,취업자,"행정구역별,직업별"
DT_1ES1C04,시군(9개도)/종사상지위별 취업자(근무지기준),101067,101,년,2010,2010,,,취업자,"행정구역별,종사상지위별"
DT_1ES1C04S,시군(9개도)/종사상지위별 취업자(근무지기준),101067,101,년,2010,2010,,,취업자,"행정구역별,종사상지위별"
DT_1ES1D01,전국 산업(중분류)/교육정도/전공계열별 취업자(고졸이상),101067,101,년,2010,2010,전국,,취업자,"산업별,교육정도별,전공계열별"
DT_1ES1D01S,전국 산업(중분류)/교육정도/전공계열별 취업자(고졸이상),101067,101,년,2010,2010,전국,,취업자,"산업별,교육정도별,전공계열별"
DT_1ES1D02,전국 직업(중분류)/교육정도/전공계열별 취업자(고졸이상),101067,101,년,2010,2010,전국,,취업자,"직업별,교육정도별,전공계열별"
DT_1ES1D02S,전국 직업(중분류)/교육정도/전공계열별 취업자(고졸이상),101067,101,년,2010,2010,전국,,취업자,"직업별,교육정도별,전공계열별"
DT_1ES1D03,전국 종사상지위/동일직업 근무년수별 취업자,101067,101,년,2010,2010,전국,,취업자,취업자별
DT_1ES1D03S,전국 종사상지위/동일직업 근무년수별 취업자,101067,101,년,2010,2010,전국,,취업자,"종사상지위별,동일직업근무년수별"
DT_1ES1D04,전국 성/교육정도/임금수준별 임금근로자,101067,101,년,2010,2010,전국,,임금근로자,"성별,교육정도별"
DT_1ES1D04S,전국 성/교육정도/임금수준별 임금근로자,101067,101,년,2010,2010,전국,,임금근로자,"성별,교육정도별"
DT_1ES2A01,시군(9개도)별 경제활동인구 총괄,101067,101,분기,2010,2013,,,경제활동인구,행정구역별
DT_1ES2A01S,시군(9개도)별 경제활동인구 총괄,101067,101,분기,2010,2013,,,경제활동인구,행정구역별
DT_1ES2A02,시군(9개도)/성별 경제활동인구 총괄,101067,101,분기,2010,2013,,,경제활동인구,"행정구역별,성별"
DT_1ES2A02S,시군(9개도)/성별 경제활동인구 총괄,101067,101,분기,2010,2013,,,경제활동인구,"행정구역별,성별"
DT_1ES2A03,시군(9개도)/성/연령별 취업자,101067,101,분기,2010,2013,,,취업자,"행정구역별,성별,연령별"
DT_1ES2A03S,시군(9개도)/성/연령별 취업자,101067,101,분기,2010,2013,,,취업자,"행정구역별,성별,연령별"
DT_1ES2A05,시군(9개도)/산업별 취업자,101067,101,분기,2010,2013,,,취업자,"행정구역별,산업별"
DT_1ES2A05S,시군(9개도)/산업별 취업자,101067,101,분기,2010,2013,,,취업자,"행정구역별,산업별"
DT_1ES2A06,시군(9개도)/직업별 취업자,101067,101,분기,2010,2013,,,취업자,"행정구역별,직업별"
DT_1ES2A06S,시군(9개도)/직업별 취업자,101067,101,분기,2010,2013,,,취업자,"행정구역별,직업별"
DT_1ES2A07,시군(9개도)/종사상지위별 취업자,101067,101,분기,2010,2013,,,취업자,"행정구역별,종사상지위별"
DT_1ES2A07S,시군(9개도)/종사상지위별 취업자,101067,101,분기,2010,2013,,,취업자,"행정구역별,종사상지위별"
DT_1ES2A08,시군(9개도)/성/연령별 비경제활동인구,101067,101,분기,2010,2013,,,비경제활동인구,"행정구역별,성별,연령별"
DT_1ES2A08S,시군(9개도)/성/연령별 비경제활동인구,101067,101,분기,2010,2013,,,비경제활동인구,"행정구역별,성별,연령별"
DT_1ES2A09,시군(9개도)/활동상태별 비경제활동인구,101067,101,분기,2010,2013,,,비경제활동인구,"행정구역별,활동상태별"
DT_1ES2A09S,시군(9개도)/활동상태별 비경제활동인구,101067,101,분기,2010,2013,,,비경제활동인구,"행정구역별,활동상태별"
DT_1ES2A10,시군(9개도)/교육정도별 비경제활동인구,101067,101,분기,2010,2013,,,비경제활동인구,"행정구역별,교육정도별"
DT_1ES2A10S,시군(9개도)/교육정도별 비경제활동인구,101067,101,분기,2010,2013,,,비경제활동인구,"행정구역별,교육정도별"
DT_1ES2A11,시군(9개도)별 타지역 통근 취업자,101067,101,분기,2010,2013,,,타지역통근취업자,행정구역별
DT_1ES2A11S,시군(9개도)별 타지역 통근 취업자,101067,101,분기,2010,2013,,,타지역통근취업자,행정구역별
DT_1ES2B01,시도/성별 경제활동인구 총괄,101067,101,분기,2010,2013,,,경제활동인구,"시도별,성별"
DT_1ES2B01S,시도/성별 경제활동인구 총괄,101067,101,분기,2010,2013,,,경제활동인구,"시도별,성별"
DT_1ES2B02,시도/가구주와의 관계/혼인상태별 경제활동상태,101067,101,분기,2010,2013,,,"가구주와의관계,혼인상태,경제활동상태","행정구역별,가구주와의관계별,혼인상태별"
DT_1ES2B02S,시도/가구주와의 관계/혼인상태별 경제활동상태,101067,101,분기,2010,2013,,,"가구주와의관계,혼인상태,경제활동상태","시도별,가구주와의관계별,혼인상태별"
DT_1ES2B03,시도/성/연령/교육정도별 경제활동인구,101067,101,분기,2010,2013,,,경제활동인구,"시도별,성별,연령별,교육정도별"
DT_1ES2B03S,시도/성/연령/교육정도별 경제활동인구,101067,101,분기,2010,2013,,,경제활동인구,"시도별,성별,연령별,교육정도별"
DT_1ES2B04,시도/성/연령/교육정도별 취업자,101067,101,분기,2010,2013,,,취업자,"시도별,성별,연령별,교육정도별"
DT_1ES2B04S,시도/성/연령/교육정도별 취업자,101067,101,분기,2010,2013,,,취업자,"시도별,성별,연령별,교육정도별"
DT_1ES2B05,시도/산업별 취업자,101067,101,분기,2010,2013,,,취업자,"시도별,산업별"
DT_1ES2B05S,시도/산업별 취업자,101067,101,분기,2010,2013,,,취업자,"시도별,산업별"
DT_1ES2B06,시도/직업별 취업자,101067,101,분기,2010,2013,,,취업자,"시도별,직업별"
DT_1ES2B06S,시도/직업별 취업자,101067,101,분기,2010,2013,,,취업자,"시도별,직업별"
DT_1ES2B14,시도/성/연령/교육정도별 비경제활동인구,101067,101,분기,2010,2013,,,비경제활동인구,"시도별,성별,연령별,교육정도별"
DT_1ES2B14S,시도/성/연령/교육정도별 비경제활동인구,101067,101,분기,2010,2013,,,비경제활동인구,"시도별,성별,연령별,교육정도별"
DT_1ES2B19,전국 산업/임금수준별 임금근로자,101067,101,분기,2010,2013,전국,,임금근로자,산업별
DT_1ES2B19S,전국 산업/임금수준별 임금근로자,101067,101,분기,2010,2013,전국,,임금근로자,산업별
DT_1ES2B20,전국 직업/임금수준별 임금근로자,101067,101,분기,2010,2013,전국,,임금근로자,"직업별,임금수준별"
DT_1ES2B20S,전국 직업/임금수준별 임금근로자,101067,101,분기,2010,2013,전국,,임금근로자,"직업별,임금수준별"
DT_1ES2B24,시도/구직산업/구직직업/구직종사지위별 실업자,101067,101,분기,2010,2012,,,실업자,"행정구역별,산업별,직업별,지위별"
DT_1ES2B24S,시도/구직산업/구직직업/구직종사지위별 실업자,101067,101,분기,2010,2012,,,실업자,"시도별,구직산업별,구직직업별,구직종사지위별"
DT_1ES2B25,시도/구직임금/이직이유/구직기간별 실업자,101067,101,분기,2010,2012,,,실업자,"시도별,구직기간별"
DT_1ES2B25S,시도/구직임금/이직이유/구직기간별 실업자,101067,101,분기,2010,2012,,,실업자,"시도별,구직임금별,이직이유별,구직기간별"
DT_1ES2B26,시도/성/활동상태/취업희망여부별 비경제활동인구,101067,101,분기,2010,2013,,,비경제활동인구,"시도별,성별,활동상태별,취업희망여부별"
DT_1ES2B26S,시도/성/활동상태/취업희망여부별 비경제활동인구,101067,101,분기,2010,2013,,,비경제활동인구,"시도별,성별,활동상태별,취업희망여부별"
DT_1ES2B27,전국 산업/연령/교육정도/종사지위별 취업자,101067,101,분기,2010,2013,전국,,취업자,"산업별,연령별,교육정도별,종사지위별"
DT_1ES2B27S,전국 산업/연령/교육정도/종사지위별 취업자,101067,101,분기,2010,2013,전국,,취업자,"산업별,연령별,교육정도별,종사지위별"
DT_1ES2B28,전국 직업/연령/교육정도/종사지위별 취업자,101067,101,분기,2010,2013,전국,,취업자,"직업별,연령별,교육정도별,종사지위별"
DT_1ES2B28S,전국 직업/연령/교육정도/종사지위별 취업자,101067,101,분기,2010,2013,전국,,취업자,"직업별,연령별,교육정도별,종사지위별"
DT_1ES2B29,"직업교육경험, 경제활동상태별 15세이상인구",101067,101,분기,2010,2013,,15세이상,"직업교육경험,인구",경제활동상태별
DT_1ES2B29S,"직업교육경험, 경제활동상태별 15세이상인구",101067,101,분기,2010,2013,,15세이상,"직업교육경험,인구",경제활동상태별
DT_1ES2B30,시도/성/연령/교육정도별 실업자,101067,101,분기,2010,2013,,,실업자,"시도별,성별,연령별,교육정도별"
DT_1ES2B30S,시도/성/연령/교육정도별 실업자,101067,101,분기,2010,2013,,,실업자,"시도별,성별,연령별,교육정도별"
DT_1ES2B31,전국 산업/성별 취업자(소분류),101067,101,분기,2010,2013,전국,,취업자,"산업별,성별"
DT_1ES2B31S,전국 산업/성별 취업자(소분류),101067,101,분기,2010,2013,전국,,취업자,"산업별,성별"
DT_1ES2B32,전국 직업/성별 취업자(소분류),101067,101,분기,2010,2013,전국,,취업자,성별
DT_1ES2B32S,전국 직업/성별 취업자(소분류),101067,101,분기,2010,2013,전국,,취업자,성별
DT_1ES2C01,시군(9개도)/성/연령별 취업자(근무지기준),101067,101,분기,2010,2013,,,취업자,"행정구역별,성별,연령별"
DT_1ES2C01S,시군(9개도)/성/연령별 취업자(근무지기준),101067,101,분기,2010,2013,,,취업자,"행정구역별,성별,연령별"
DT_1ES2C02,시군(9개도)/산업별 취업자(근무지기준),101067,101,분기,2010,2013,,,취업자,"행정구역별,산업별"
DT_1ES2C02S,시군(9개도)/산업별 취업자(근무지기준),101067,101,분기,2010,2013,,,취업자,"행정구역별,산업별"
DT_1ES2C03,시군(9개도)/직업별 취업자(근무지기준),101067,101,분기,2010,2013,,,취업자,"행정구역별,직업별"
DT_1ES2C03S,시군(9개도)/직업별 취업자(근무지기준),101067,101,분기,2010,2013,,,취업자,"행정구역별,직업별"
DT_1ES2C04,시군(9개도)/종사상지위별 취업자(근무지기준),101067,101,분기,2010,2013,,,취업자,"행정구역별,종사상지위별"
DT_1ES2C04S,시군(9개도)/종사상지위별 취업자(근무지기준),101067,101,분기,2010,2013,,,취업자,"행정구역별,종사상지위별"
DT_1ES2D01,전국 산업(중분류)/교육정도/전공계열별 취업자(고졸이상),101067,101,분기,2011,2012,전국,,취업자,"산업별,교육정도별,전공계열별"
DT_1ES2D01S,전국 산업(중분류)/교육정도/전공계열별 취업자(고졸이상),101067,101,분기,2011,2012,전국,,취업자,"산업별,교육정도별,전공계열별"
DT_1ES2D02,전국 직업(중분류)/교육정도/전공계열별 취업자(고졸이상),101067,101,분기,2011,2012,전국,,취업자,"직업별,교육정도별,전공계열별"
DT_1ES2D02S,전국 직업(중분류)/교육정도/전공계열별 취업자(고졸이상),101067,101,분기,2011,2012,전국,,취업자,"직업별,교육정도별,전공계열별"
DT_1ES2D03,전국 종사상지위/동일직업 근무년수별 취업자,101067,101,분기,2011,2012,전국,,취업자,"종사상지위별,동일직업근무년수별"
DT_1ES2D03S,전국 종사상지위/동일직업 근무년수별 취업자,101067,101,분기,2011,2012,전국,,취업자,취업자별
DT_1ES2D04,전국 성/교육정도/임금수준별 임금근로자,101067,101,분기,2010,2013,전국,,임금근로자,"성별,교육정도별"
DT_1ES2D04S,전국 성/교육정도/임금수준별 임금근로자,101067,101,분기,2010,2013,전국,,임금근로자,"성별,교육정도별"
DT_1ES3A01,시군(9개도)별 경제활동인구 총괄,101067,101,반기,2013,2017,,,경제활동인구,행정구역별
DT_1ES3A01S,시군구 경제활동인구 총괄,101067,101,반기,2013,2024,,,경제활동인구,행정구역별
DT_1ES3A02,시군(9개도)/성별 경제활동인구 총괄,101067,101,반기,2013,2017,,,경제활동인구,"행정구역별,성별"
DT_1ES3A02S,시군구/성별 경제활동인구 총괄,101067,101,반기,2013,2024,,,경제활동인구,"행정구역별,성별"
DT_1ES3A03_A01,시군(9개도)/연령별 취업자 및 고용률 (전체),101067,101,반기,2013,2017,,,"취업자,고용률","행정구역별,연령별"
DT_1ES3A03_A01S,시군구/연령별 취업자 및 고용률 (전체),101067,101,반기,2013,2024,,,"취업자,고용률","행정구역별,연령별"
DT_1ES3A03_A02,시군(9개도)/연령별 취업자 및 고용률 (남자),101067,101,반기,2013,2017,,,"취업자,고용률,남자","행정구역별,연령별"
DT_1ES3A03_A02S,시군구/연령별 취업자 및 고용률 (남자),101067,101,반기,2013,2024,,,"취업자,고용률,남자","행정구역별,연령별"
DT_1ES3A03_A03,시군(9개도)/연령별 취업자 및 고용률 (여자),101067,101,반기,2013,2017,,,"취업자,고용률,여자","행정구역별,연령별"
DT_1ES3A03_A03S,시군구/연령별 취업자 및 고용률 (여자),101067,101,반기,2013,2024,,,"취업자,고용률,여자","행정구역별,연령별"
DT_1ES3A05,시군(9개도)/산업별 취업자,101067,101,반기,2013,2017,,,취업자,"행정구역별,산업별"
DT_1ES3A05S,시군구/산업별 취업자,101067,101,반기,2013,2024,,,취업자,"행정구역별,산업별"
DT_1ES3A06,시군(9개도)/직업별 취업자,101067,101,반기,2013,2017,,,취업자,"행정구역별,직업별"
DT_1ES3A06S,시군구/직업별 취업자,101067,101,반기,2013,2024,,,취업자,"행정구역별,직업별"
DT_1ES3A07,시군(9개도)/종사상지위별 취업자,101067,101,반기,2013,2017,,,취업자,"행정구역별,종사상지위별"
DT_1ES3A07S,시군구/종사상지위별 취업자,101067,101,반기,2013,2024,,,취업자,"행정구역별,종사상지위별"
DT_1ES3A08,시군(9개도)/성/연령별 비경제활동인구,101067,101,반기,2013,2017,,,비경제활동인구,"행정구역별,성별,연령별"
DT_1ES3A08S,시군구/성/연령별 비경제활동인구,101067,101,반기,2013,2024,,,비경제활동인구,"시군구별,성별,연령별"
DT_1ES3A09,시군(9개도)/활동상태별 비경제활동인구,101067,101,반기,2013,2017,,,비경제활동인구,"행정구역별,활동상태별"
DT_1ES3A09S,시군구/활동상태별 비경제활동인구,101067,101,반기,2013,2024,,,비경제활동인구,"행정구역별,활동상태별"
DT_1ES3A10,시군(9개도)/교육정도별 비경제활동인구,101067,101,반기,2013,2017,,,비경제활동인구,"행정구역별,교육정도별"
DT_1ES3A10S,시군구/교육정도별 비경제활동인구,101067,101,반기,2013,2024,,,비경제활동인구,"행정구역별,교육정도별"
DT_1ES3A11,시군(9개도)별 타지역 통근 취업자,101067,101,반기,2013,2017,,,타지역통근취업자,행정구역별
DT_1ES3A11S,시군구 타지역 통근 취업자,101067,101,반기,2013,2024,,,취업자,행정구역별
DT_1ES3B01,시도/성별 경제활동인구 총괄,101067,101,반기,2013,2017,,,경제활동인구,"시도별,성별"
DT_1ES3B01S,시도/성별 경제활동인구 총괄,101067,101,반기,2013,2024,,,경제활동인구,"시도별,성별"
DT_1ES3B02,시도/가구주와의 관계/혼인상태별 경제활동상태,101067,101,반기,2013,2017,,,"가구주와의관계,혼인상태,경제활동상태","행정구역별,가구주와의관계별,혼인상태별"
DT_1ES3B02S,시도/가구주와의 관계/혼인상태별 경제활동상태,101067,101,반기,2013,2024,,,"가구주와의관계,혼인상태,경제활동상태","시도별,가구주와의관계별,혼인상태별"
DT_1ES3B03,시도/성/연령/교육정도별 경제활동인구,101067,101,반기,2013,2017,,,경제활동인구,"시도별,성별,연령별,교육정도별"
DT_1ES3B03S,시도/성/연령/교육정도별 경제활동인구,101067,101,반기,2013,2024,,,경제활동인구,"시도별,성별,연령별,교육정도별"
DT_1ES3B04,시도/성/연령/교육정도별 취업자,101067,101,반기,2013,2017,,,취업자,"시도별,성별,연령별,교육정도별"
DT_1ES3B04S,시도/성/연령/교육정도별 취업자,101067,101,반기,2013,2024,,,취업자,"시도별,성별,연령별,교육정도별"
DT_1ES3B05,시도/산업별 취업자,101067,101,반기,2013,2017,,,취업자,"시도별,산업별"
DT_1ES3B05S,시도/산업별 취업자,101067,101,반기,2013,2024,,,취업자,"시도별,산업별"
DT_1ES3B06,시도/직업별 취업자,101067,101,반기,2013,2017,,,취업자,"시도별,직업별"
DT_1ES3B06S,시도/직업별 취업자,101067,101,반기,2013,2024,,,취업자,"시도별,직업별"
DT_1ES3B14,시도/성/연령/교육정도별 비경제활동인구,101067,101,반기,2013,2017,,,비경제활동인구,"시도별,성별,연령별,교육정도별"
DT_1ES3B14S,시도/성/연령/교육정도별 비경제활동인구,101067,101,반기,2013,2024,,,비경제활동인구,"시도별,성별,연령별,교육정도별"
DT_1ES3B19,전국 산업/임금수준별 임금근로자,101067,101,반기,2013,2017,전국,,임금근로자,산업별
DT_1ES3B19S,전국 산업/임금수준별 임금근로자,101067,101,반기,2013,2024,전국,,임금근로자,산업별
DT_1ES3B20,전국 직업/임금수준별 임금근로자,101067,101,반기,2013,2017,전국,,임금근로자,"직업별,임금수준별"
DT_1ES3B20S,전국 직업/임금수준별 임금근로자,101067,101,반기,2013,2024,전국,,임금근로자,"직업별,임금수준별"
DT_1ES3B26,시도/성/활동상태/취업희망여부별 비경제활동인구,101067,101,반기,2013,2017,,,비경제활동인구,"시도별,성별,활동상태별,취업희망여부별"
DT_1ES3B26S,시도/성/활동상태/취업희망여부별 비경제활동인구,101067,101,반기,2013,2024,,,비경제활동인구,"시도별,성별,활동상태별,취업희망여부별"
DT_1ES3B27,전국 산업/연령/교육정도/종사지위별 취업자,101067,101,반기,2013,2017,전국,,취업자,"산업별,연령별,교육정도별,종사지위별"
DT_1ES3B27S,전국 산업/연령/교육정도/종사지위별 취업자,101067,101,반기,2013,2024,전국,,취업자,"산업별,연령별,교육정도별,종사지위별"
DT_1ES3B28,전국 직업/연령/교육정도/종사지위별 취업자,101067,101,반기,2013,2017,전국,,취업자,"직업별,연령별,교육정도별,종사지위별"
DT_1ES3B28S,전국 직업/연령/교육정도/종사지위별 취업자,101067,101,반기,2013,2024,전국,,취업자,"직업별,연령별,교육정도별,종사지위별"
DT_1ES3B30,시도/성/연령/교육정도별 실업자,101067,101,반기,2013,2017,,,실업자,"시도별,성별,연령별,교육정도별"
DT_1ES3B30S,시도/성/연령/교육정도별 실업자,101067,101,반기,2013,2024,,,실업자,"시도별,성별,연령별,교육정도별"
DT_1ES3B31,전국 산업/성별 취업자(소분류),101067,101,반기,2013,2017,전국,,취업자,"산업별,성별"
DT_1ES3B31S,전국 산업/성별 취업자(소분류),101067,101,반기,2013,2024,전국,,취업자,"산업별,성별"
DT_1ES3B32,전국 직업/성별 취업자(소분류),101067,101,반기,2013,2017,전국,,취업자,성별
DT_1ES3B32S,전국 직업/성별 취업자(소분류),101067,101,반기,2013,2024,전국,,취업자,성별
DT_1ES3B33,전국 성별 산업/직업별 취업자(대분류),101067,101,반기,2013,2017,전국,,취업자,"성별,산업직업별"
DT_1ES3B33S,전국 성별 산업/직업별 취업자(대분류),101067,101,반기,2013,2024,전국,,취업자,"성별,산업직업별"
DT_1ES3C01,시군(9개도)/성/연령별 취업자(근무지기준),101067,101,반기,2013,2017,,,취업자,"행정구역별,성별,연령별"
DT_1ES3C01S,시군구/성/연령별 취업자(근무지기준),101067,101,반기,2013,2024,,,취업자,"행정구역별,성별,연령별"
DT_1ES3C02,시군(9개도)/산업별 취업자(근무지기준),101067,101,반기,2013,2017,,,취업자,"행정구역별,산업별"
DT_1ES3C02S,시군구/산업별 취업자(근무지기준),101067,101,반기,2013,2024,,,취업자,"시군구별,산업별"
DT_1ES3C03,시군(9개도)/직업별 취업자(근무지기준),101067,101,반기,2013,2017,,,취업자,"행정구역별,직업별"
DT_1ES3C03S,시군구/직업별 취업자(근무지기준),101067,101,반기,2013,2024,,,취업자,"행정구역별,직업별"
DT_1ES3C04,시군(9개도)/종사상지위별 취업자(근무지기준),101067,101,반기,2013,2017,,,취업자,"행정구역별,종사상지위별"
DT_1ES3C04S,시군구/종사상지위별 취업자(근무지기준),101067,101,반기,2013,2024,,,취업자,"취업자,근무지기준별"
DT_1ES3C05S,시군구/성별 지역활동인구,101067,101,반기,2022,2024,,,지역활동인구,"행정구역별,성별"
DT_1ES3D01,전국 산업/교육정도/전공계열별 취업자(고졸이상),101067,101,반기,2013,2017,전국,,취업자,"산업별,교육정도별,전공계열별"
DT_1ES3D01S,전국 산업/교육정도/전공계열별 취업자(고졸이상),101067,101,반기,2013,2019,전국,,취업자,"산업별,교육정도별,전공계열별"
DT_1ES3D02,전국 직업/교육정도/전공계열별 취업자(고졸이상),101067,101,"분기,반기",2011,2017,전국,,취업자,"직업별,교육정도별,전공계열별"
DT_1ES3D02S,전국 직업/교육정도/전공계열별 취업자(고졸이상),101067,101,반기,2013,2019,전국,,취업자,"직업별,교육정도별,전공계열별"
DT_1ES3D04,전국 성/교육정도/임금수준별 임금근로자,101067,101,반기,2013,2017,전국,,임금근로자,"성별,교육정도별"
DT_1ES3D04S,전국 성/교육정도/임금수준별 임금근로자,101067,101,반기,2013,2024,전국,,임금근로자,"성별,교육정도별"
DT_1ES3D05,전국 성별/전공계열별 경제활동인구 총괄,101067,101,반기,2013,2017,전국,,경제활동인구,"성별,전공계열별"
DT_1ES3D05S,전국 성별/전공계열별 경제활동인구 총괄,101067,101,반기,2013,2019,전국,,경제활동인구,"성별,전공계열별"
DT_1ES3D06,전국 성별/연령별/전공계열별 취업자 및 고용률,101067,101,반기,2013,2017,전국,,"취업자,고용률","성별,연령별,전공계열별"
DT_1ES3D06S,전국 성별/연령별/전공계열별 취업자 및 고용률,101067,101,반기,2013,2019,전국,,"취업자,고용률","성별,연령별,전공계열별"
DT_1ES3D10S,전국 성별/교육분류(영역)별 경제활동인구 총괄,101067,101,반기,2019,2024,전국,,경제활동인구,"성별,교육분류,영역별"
DT_1ES3D11S,전국 연령별/교육분류(영역)별 취업자 및 고용률,101067,101,반기,2019,2024,전국,,"취업자,고용률","연령별,교육분류,영역별"
DT_1ES3D12S,산업별/교육분류(영역)별 취업자,101067,101,반기,2019,2024,,,취업자,"산업별,교육분류,영역별"
DT_1ES3D13S,직업별/교육분류(영역)별 취업자,101067,101,반기,2019,2024,,,취업자,"직업별,교육분류,영역별"
DT_1ES4F01,유배우가구현황,101067,101,년,2011,2016,,,유배우가구,행정구역별
DT_1ES4F01S,맞벌이 가구 현황,101067,101,년,2015,2023,,,맞벌이가구,가구별
DT_1ES4F02,가구주의 성별 맞벌이가구,101067,101,년,2011,2016,,,"가구주,맞벌이가구",성별
DT_1ES4F02S,가구주의 성별 맞벌이 가구,101067,101,년,2015,2023,,,"가구주,가구",성별
DT_1ES4F03,가구주의 연령계층별 맞벌이가구,101067,101,년,2011,2016,,,맞벌이가구,연령계층별
DT_1ES4F03S,가구주의 연령계층별 맞벌이 가구,101067,101,년,2015,2023,,,"가구주,맞벌이가구",연령계층별
DT_1ES4F04,가구주의 교육정도별 맞벌이가구,101067,101,년,2011,2016,,,맞벌이가구,교육정도별
DT_1ES4F04S,가구주의 교육정도별 맞벌이 가구,101067,101,년,2015,2023,,,맞벌이가구,교육정도별
DT_1ES4F05,가구주의 산업별 맞벌이가구,101067,101,년,2011,2016,,,"가구주,맞벌이가구",산업별
DT_1ES4F05S,가구주의 산업별 맞벌이 가구,101067,101,년,2015,2023,,,"가구주,맞벌이가구",산업별
DT_1ES4F06,동거 맞벌이가구의 동일산업 비율,101067,101,년,2011,2016,,,"동거맞벌이가구,동일산업","동거맞벌이가구별,산업별"
DT_1ES4F06S,동거 맞벌이 가구의 동일산업 비율,101067,101,년,2015,2023,,,"동거맞벌이가구,동일산업",산업별
DT_1ES4F07,가구주의 직업별 맞벌이가구,101067,101,년,2011,2016,,,"가구주,맞벌이가구",직업별
DT_1ES4F07S,가구주의 직업별 맞벌이 가구,101067,101,년,2015,2023,,,"가구주,맞벌이가구",직업별
DT_1ES4F08,동거 맞벌이가구의 동일직업 비율,101067,101,년,2011,2016,,,동거맞벌이가구,직업별
DT_1ES4F08S,동거 맞벌이 가구의 동일직업 비율,101067,101,년,2015,2023,,,동거맞벌이가구,직업별
DT_1ES4F09,시도별 맞벌이가구,101067,101,년,2011,2016,,,맞벌이가구,행정구역별
DT_1ES4F09S,시도별 맞벌이 가구,101067,101,년,2015,2023,,,맞벌이가구,행정구역별
DT_1ES4F13S,18세 미만 자녀가 있는 맞벌이 가구,101067,101,년,2015,2023,,18세 미만,가구,가구별
DT_1ES4F14S,막내 자녀 연령별 맞벌이 가구(18세 미만 자녀가 있는 맞벌이 가구),101067,101,년,2015,2023,,18세 미만,맞벌이가구,막내자녀연령별
DT_1ES4F15S,자녀 수별 맞벌이 가구(18세 미만 자녀가 있는 맞벌이 가구),101067,101,년,2015,2023,,18세 미만,맞벌이가구,자녀수별
DT_1ES4G01,성별 사회보험 가입률,101067,101,년,2014,2017,,,사회보험가입률,성별
DT_1ES4G01S,성별 사회보험 가입률,101067,101,년,2014,2017,,,사회보험가입률,성별
DT_1ES4G02,연령별 사회보험 가입률,101067,101,년,2014,2017,,,사회보험가입률,연령별
DT_1ES4G02S,연령별 사회보험 가입률,101067,101,년,2014,2017,,,사회보험가입률,연령별
DT_1ES4G03,종사자지위별 사회보험 가입률,101067,101,년,2014,2017,,,사회보험가입률,종사자지위별
DT_1ES4G03S,종사자지위별 사회보험 가입률,101067,101,년,2014,2017,,,사회보험가입률,종사자지위별
DT_1ES4G04,월평균 임금별 사회보험 가입률,101067,101,년,2014,2017,,,"임금,사회보험가입률",월평균임금별
DT_1ES4G04S,월평균 임금별 사회보험 가입률,101067,101,년,2014,2017,,,"임금,사회보험가입률",월평균임금별
DT_1ES4G05,산업별 사회보험 가입률,101067,101,년,2014,2017,,,사회보험가입률,산업별
DT_1ES4G05S,산업별 사회보험 가입률,101067,101,년,2014,2017,,,사회보험가입률,산업별
DT_1ES4G06,직업별 사회보험 가입률,101067,101,년,2014,2017,,,사회보험가입률,직업별
DT_1ES4G06S,직업별 사회보험 가입률,101067,101,년,2014,2017,,,사회보험가입률,직업별
DT_1ES4G07,시도별 사회보험 가입률,101067,101,년,2014,2017,,,사회보험가입률,행정구역별
DT_1ES4G07S,시도별 사회보험 가입률,101067,101,년,2014,2017,,,사회보험가입률,행정구역별
DT_1ES4H01,연령대별 경력단절여성,101067,101,년,2011,2013,,,경력단절여성,연령대별
DT_1ES4H01S,연령대별 경력단절여성,101067,101,년,2011,2013,,,경력단절여성,연령대별
DT_1ES4H02,연령대별/사유별 경력단절여성,101067,101,년,2011,2013,,,경력단절여성,"연령대별,사유별"
DT_1ES4H02S,연령대별/사유별 경력단절여성,101067,101,년,2011,2013,,,경력단절여성,"연령대별,사유별"
DT_1ES4H03,연령대별/그만둔 시기별 경력단절여성,101067,101,년,2011,2013,,,경력단절여성,"연령대별,그만둔시기별"
DT_1ES4H03S,연령대별/그만둔 시기별 경력단절여성,101067,101,년,2011,2013,,,경력단절여성,"연령대별,그만둔시기별"
DT_1ES4H05,시도별 경력단절여성,101067,101,년,2011,2013,,,경력단절여성,행정구역별
DT_1ES4H05S,시도별 경력단절여성,101067,101,년,2013,2013,,,경력단절여성,행정구역별
DT_1ES4H06,연령대별 경력단절여성,101067,101,년,2014,2017,,,경력단절여성,연령대별
DT_1ES4H06S,연령대별 경력단절여성,101067,101,년,2014,2023,,,경력단절여성,연령대별
DT_1ES4H07,연령대별/사유별 경력단절여성,101067,101,년,2014,2017,,,경력단절여성,"연령대별,사유별"
DT_1ES4H07S,연령대별/사유별 경력단절여성,101067,101,년,2014,2023,,,경력단절여성,"연령대별,사유별"
DT_1ES4H08,연령대별/그만둔 시기별 경력단절여성,101067,101,년,2014,2017,,,경력단절여성,"연령대별,그만둔시기별"
DT_1ES4H08S,연령대별/그만둔 시기별 경력단절여성,101067,101,년,2014,2023,,,경력단절여성,"연령대별,그만둔시기별"
DT_1ES4H09,시도별 경력단절여성,101067,101,년,2014,2017,,,경력단절여성,행정구역별
DT_1ES4H09S,시도별 경력단절여성,101067,101,년,2014,2023,,,경력단절여성,행정구역별
DT_1ES4H10S,18세 미만 자녀수별 경력단절여성,101067,101,년,2016,2023,,18세 미만,경력단절여성,자녀수별
DT_1ES4H11S,18세 미만 자녀연령별 경력단절여성,101067,101,년,2016,2023,,18세 미만,경력단절여성,자녀연령별
DT_1ES4I001,1인가구 현황,101067,101,년,2014,2016,,,1인가구,행정구역별
DT_1ES4I001S,1인 취업가구 현황,101067,101,년,2015,2023,,,1인취업가구,행정구역별
DT_1ES4I002,시도별 1인가구,101067,101,년,2014,2016,,,1인가구,행정구역별
DT_1ES4I005,교육정도별 1인 취업가구,101067,101,년,2014,2016,,,1인취업가구,교육정도별
DT_1ES4I005S,교육정도별 1인 취업가구,101067,101,년,2015,2023,,,1인취업가구,교육정도별
DT_1ES4I007,시도별 1인 취업가구 비중,101067,101,년,2014,2016,,,1인취업가구,행정구역별
DT_1ES4I007S,시도별 1인 취업가구,101067,101,년,2015,2023,,,1인취업가구,행정구역별
DT_1ES4I008,성별 1인 취업가구,101067,101,년,2014,2016,,,1인취업가구,성별
DT_1ES4I008S,성별 1인 취업가구,101067,101,년,2015,2023,,,1인취업가구,성별
DT_1ES4I009,연령별 1인 취업가구,101067,101,년,2014,2016,,,1인취업가구,연령별
DT_1ES4I009S,연령별 1인 취업가구,101067,101,년,2015,2023,,,1인취업가구,연령별
DT_1ES4I010,산업별 1인 취업가구,101067,101,년,2014,2016,,,1인취업가구,산업별
DT_1ES4I010S,산업별 1인 취업가구,101067,101,년,2015,2023,,,1인취업가구,산업별
DT_1ES4I011,직업별 1인 취업가구,101067,101,년,2014,2016,,,1인취업가구,직업별
DT_1ES4I011S,직업별 1인 취업가구,101067,101,년,2015,2023,,,1인취업가구,직업별
DT_1ES4I012,종사자지위별 1인 취업가구,101067,101,년,2014,2016,,,"종사자,1인취업가구",종사자지위별
DT_1ES4I012S,종사상지위별 1인 취업가구,101067,101,년,2015,2023,,,1인취업가구,종사상지위별
DT_1ES4I013,성별 1인가구 평균취업시간,101067,101,년,2014,2016,,,1인가구,성별
DT_1ES4I013S,성별 1인가구 평균취업시간,101067,101,년,2015,2023,,,1인가구,성별
DT_1ES4J001,연령별 자녀 동거 여성,101067,101,년,2016,2017,,,"자녀,여성",연령별
DT_1ES4J002,자녀수별 여성,101067,101,년,2016,2017,,,"여성,자녀수",자녀수별
DT_1ES4J002S,자녀수별 취업자,101067,101,년,2016,2023,,,"취업자,자녀수",자녀수별
DT_1ES4J003,자녀연령별 여성,101067,101,년,2016,2017,,,"여성,자녀",자녀연령별
DT_1ES4J003S,자녀연령별 취업자,101067,101,년,2016,2023,,,취업자,자녀연령별
DT_1ES4J004,산업별 자녀 동거 취업여성,101067,101,년,2016,2017,,,취업여성,산업별
DT_1ES4J004S,산업별 자녀 동거 취업자,101067,101,년,2016,2023,,,취업자,산업별
DT_1ES4J005,직업별 자녀 동거 취업여성,101067,101,년,2016,2017,,,"자녀,취업여성",직업별
DT_1ES4J005S,직업별 자녀 동거 취업자,101067,101,년,2016,2023,,,취업자,직업별
DT_1ES4J006,교육정도별 자녀 동거 취업여성,101067,101,년,2016,2017,,,"자녀,취업여성",교육정도별
DT_1ES4J006S,교육정도별 자녀 동거 취업자,101067,101,년,2016,2023,,,자녀동거취업자,교육정도별
DT_1ES4J007,종사상지위별 자녀 동거 취업여성,101067,101,년,2016,2017,,,"자녀,취업여성",종사상지위별
DT_1ES4J007S,종사상지위별 자녀 동거 취업자,101067,101,년,2016,2023,,,취업자,종사상지위별
DT_1ES4J008,자녀연령별 여성의 주당 평균 취업시간,101067,101,년,2016,2017,,,"여성의주당평균취업시간,자녀연령",자녀연령별
DT_1ES4J008S,자녀연령별 여성의 주당 평균 취업시간,101067,101,년,2016,2023,,,"여성의주당평균취업시간,자녀연령별",자녀연령별
DT_1ES4J009,임금수준별 자녀 동거 취업여성,101067,101,년,2016,2017,,,"임금수준,자녀,동거,취업여성",임금수준별
DT_1ES4J009S,임금수준별 자녀 동거 취업자,101067,101,년,2016,2023,,,임금수준별자녀동거취업자,임금수준별
DT_1ES4J010,시도별 자녀 동거 취업여성,101067,101,년,2016,2017,,,자녀동거취업여성,행정구역별
DT_1ES4J010S,시도별 자녀 동거 취업자,101067,101,년,2016,2023,,,자녀동거취업자,행정구역별
DT_1ES5G01,성별 사회보험 가입률,101067,101,반기,2012,2014,,,사회보험가입률,성별
DT_1ES5G01S,성별 사회보험 가입률,101067,101,반기,2012,2014,,,사회보험가입률,성별
DT_1ES5G02,연령별 사회보험 가입률,101067,101,반기,2012,2014,,,사회보험가입률,연령별
DT_1ES5G02S,연령별 사회보험 가입률,101067,101,반기,2012,2014,,,사회보험가입률,연령별
DT_1ES5G03,종사자지위별 사회보험 가입률,101067,101,반기,2012,2014,,,"사회보험가입률,종사자지위",종사자지위별
DT_1ES5G03S,종사자지위별 사회보험 가입률,101067,101,반기,2012,2014,,,"사회보험가입률,종사자지위",종사자지위별
DT_1ES5G04,월평균 임금별 사회보험 가입률,101067,101,반기,2012,2014,,,"임금,사회보험가입률",월평균임금별
DT_1ES5G04S,월평균 임금별 사회보험 가입률,101067,101,반기,2012,2014,,,"임금,사회보험가입률",월평균임금별
DT_1ES5G05,산업별 사회보험 가입률,101067,101,반기,2012,2014,,,사회보험가입률,산업별
DT_1ES5G05S,산업별 사회보험 가입률,101067,101,반기,2012,2014,,,사회보험가입률,산업별
DT_1ES5G06,직업별 사회보험 가입률,101067,101,반기,2012,2014,,,사회보험가입률,직업별
DT_1ES5G06S,직업별 사회보험 가입률,101067,101,반기,2012,2014,,,사회보험가입률,직업별
DT_1ES5G07,시도별 사회보험 가입률,101067,101,반기,2012,2014,,,사회보험가입률,행정구역별
DT_1ES5G07S,시도별 사회보험 가입률,101067,101,반기,2012,2014,,,사회보험가입률,행정구역별
INH_1ES3A01S,실업률(시/군/구),101067,101,반기,2013,2024,,,실업률,행정구역별
INH_1ES3A02S_01,경제활동인구(시/군/구),101067,101,반기,2013,2024,,,경제활동인구,행정구역별
INH_1ES3A02S_02,경제활동참가율(시/군/구),101067,101,반기,2013,2024,,,경제활동참가율,행정구역별
INH_1ES3A02S_03,고용률(시/군/구),101067,101,반기,2013,2024,,,고용률,행정구역별
INH_1ES3A02S_04,취업자수(시/군/구),101067,101,반기,2013,2024,,,취업자수,행정구역별
INH_1ES3A02S_05,실업자수(시/군/구),101067,101,반기,2013,2024,,,실업자수,행정구역별
INH_1ES3A03_A01S,청년고용률(시/군/구),101067,101,반기,2013,2024,,,청년고용률,행정구역별
INH_1ES3A11S,타지역 통근 취업자(시/군/구),101067,101,반기,2013,2024,,,취업자,행정구역별
INH_1ES4G07S,임금근로자의 사회보험 가입률(시도),101067,101,년,2014,2017,,,사회보험가입률,행정구역별
INH_1ES4H09S,경력단절여성인구(시도),101067,101,년,2014,2023,,,"경력단절여성,시도",행정구역별
DT_1KI1001,산업세세분류별 총괄,101071,101,5년,2010,2010,,,사업체수,산업세세분류별
DT_1KI1002,산업세세분류 및 조직형태별 총괄,101071,101,5년,2010,2010,,,"산업,조직형태","산업별,조직형태별"
DT_1KI1003,산업세세분류 및 종사자규모별 총괄,101071,101,5년,2010,2010,,,종사자규모,"산업세세분류별,종사자규모별"
DT_1KI1004,"산업세세분류 및 종사자규모별 사업체수, 종사상지위별 종사자수, 인건비",101071,101,5년,2010,2010,,,"사업체수,종사자수,인건비","산업별,종사자규모별,종사상지위별"
DT_1KI1005,산업세세분류 및 매출액규모별 총괄,101071,101,5년,2010,2010,,,매출액규모,"산업별,매출액규모별"
DT_1KI1006,"산업세세분류, 조직형태 및 본지점별 총괄",101071,101,5년,2010,2010,,,"조직형태,본지점","산업별,조직형태별,본지점별"
DT_1KI1007,산업세세분류 및 조직형태별 전자상거래 활용 현황,101071,101,5년,2010,2010,,,전자상거래,"산업세세분류별,조직형태별"
DT_1KI1008,"산업세세분류, 종사자규모 및 정기휴무일수별 사업체수",101071,101,5년,2010,2010,,,사업체수,"산업세세분류별,종사자규모별,정기휴무일수별"
DT_1KI1009,"산업세세분류 및 조직형태별 정기휴무일수별 사업체수, 연간 영업개월수",101071,101,5년,2010,2010,,,사업체수,"산업세세분류별,조직형태별,정기휴무일수별"
DT_1KI1501,산업세세분류별 총괄,101071,101,5년,2015,2015,,,사업체수,산업세세분류별
DT_1KI1501_10,산업소분류별 총괄,101071,101,5년,2015,2015,,,사업체수,산업소분류별
DT_1KI1502,산업세세분류별/조직형태별 총괄,101071,101,5년,2015,2015,,,사업체,"산업세세분류별,조직형태별"
DT_1KI1502_10,산업소분류별 조직형태별 총괄,101071,101,5년,2015,2015,,,조직형태,"산업소분류별,조직형태별"
DT_1KI1503,산업세세분류별/종사자규모별 총괄,101071,101,5년,2015,2015,,,종사자,"산업세세분류별,종사자규모별"
DT_1KI1503_10,산업소분류별 종사자규모별 총괄,101071,101,5년,2015,2015,,,종사자규모,"산업소분류별,종사자규모별"
DT_1KI1504,산업세세분류별/종사상지위별 현황,101071,101,5년,2015,2015,,,종사상지위,"산업별,종사상지위별"
DT_1KI1504_10,산업소분류별 종사상지위별 현황,101071,101,5년,2015,2015,,,종사상지위,"산업소분류별,종사상지위별"
DT_1KI1505,산업세세분류별/매출액규모별 총괄,101071,101,5년,2015,2015,,,매출액규모,"산업별,매출액규모별"
DT_1KI1505_10,산업소분류별 매출액규모별 총괄,101071,101,5년,2015,2015,,,매출액규모,"산업소분류별,매출액규모별"
DT_1KI1506,산업세세분류별/조직형태별/본ㆍ지점별 총괄,101071,101,5년,2015,2015,,,사업체수,"산업별,조직형태별,본지점별"
DT_1KI1506_10,산업소분류별 조직형태별 본?지점별 총괄,101071,101,5년,2015,2015,,,조직형태,"산업소분류별,조직형태별,본지점별"
DT_1KI1507,"산업세세분류별/종사자규모별/정기휴무일수별 사업체수, 연간 영업개월수",101071,101,5년,2015,2015,,,사업체수,"산업별,종사자규모별,정기휴무일수별"
DT_1KI1507_10,"산업소분류별 종사자규모별 정기휴무일수별 사업체수, 연간 영업개월수",101071,101,5년,2015,2015,,,사업체수,"산업소분류별,종사자규모별,정기휴무일수별"
DT_1KI1508,"산업세세분류별/조직형태별/정기휴무일수별 사업체수, 연간 영업개월수",101071,101,5년,2015,2015,,,사업체수,"산업별,조직형태별,정기휴무일수별"
DT_1KI1508_10,"산업소분류별 조직형태별 정기휴무일수별 사업체수, 연간 영업개월수",101071,101,5년,2015,2015,,,"사업체수,영업개월수","산업소분류별,조직형태별,정기휴무일수별"
DT_1KI1509,시·도별/산업세분류별 총괄,101071,101,5년,2015,2015,,,사업체수,"행정구역별,산업별"
DT_1KI1509_10,시도별 산업소분류별 총괄,101071,101,5년,2015,2015,,,산업소분류,"행정구역별,산업소분류별"
DT_1KI1510,시·군·구별/산업소분류별 총괄,101071,101,5년,2015,2015,,,사업체,"행정구역별,산업별"
DT_1KI1510_10,시군구별 산업소분류별 총괄,101071,101,5년,2015,2015,,,산업소분류,"시군구별,산업소분류별"
DT_1KI1511,읍·면·동별/산업대분류별 총괄,101071,101,5년,2015,2015,,,사업체수,"읍면동별,산업대분류별"
DT_1KI1511_10,읍면동별 산업대분류별 총괄,101071,101,5년,2015,2015,,,산업,"읍면동별,산업대분류별"
DT_1KI1512,시·도별/산업소분류별/조직형태별 총괄,101071,101,5년,2015,2015,,,사업체,"행정구역별,산업별,조직형태별"
DT_1KI1512_10,시도별 산업소분류별 조직형태별 총괄,101071,101,5년,2015,2015,,,조직형태,"행정구역별,산업별,조직형태별"
DT_1KI1513,시·도별/산업소분류별/종사자규모별 총괄,101071,101,5년,2015,2015,,,종사자규모,"행정구역별,산업별,종사자규모별"
DT_1KI1513_10,시도별 산업소분류별 종사자규모별 총괄,101071,101,5년,2015,2015,,,종사자,"시도별,산업별,종사자규모별"
DT_1KI1514,시·도별/산업소분류별/종사상지위별 총괄,101071,101,5년,2015,2015,,,"사업체,종사상지위","행정구역별,산업별,종사상지위별"
DT_1KI1514_10,시도별 산업소분류별 종사상지위별 총괄,101071,101,5년,2015,2015,,,산업소분류별종사상지위,"행정구역별,산업소분류별,종사상지위별"
DT_1KI1515,시·도별/산업소분류별/매출액규모별 총괄,101071,101,5년,2015,2015,,,매출액규모,"행정구역별,산업별,매출액규모별"
DT_1KI1515_10,시도별 산업소분류별 매출액규모별 총괄,101071,101,5년,2015,2015,,,매출액규모,"행정구역별,산업별,매출액규모별"
DT_1KI1516,시·도별/산업소분류별/조직형태별/본ㆍ지점별 총괄,101071,101,5년,2015,2015,,,사업체,"행정구역별,산업별,조직형태별,본지점별"
DT_1KI1516_10,시도별 산업소분류별 조직형태별 본?지점별 총괄,101071,101,5년,2015,2015,,,"조직형태,본지점","시도별,산업별,조직형태별,지점별"
DT_1KI1517,"[광업,제조업]산업소분류 주요지표(10인 이상)",101071,101,5년,2015,2015,,,"산업소분류,광업,제조업",산업소분류별
DT_1KI1518,"[광업,제조업]산업세세분류별/종사자규모별 주요지표(10인 이상)",101071,101,5년,2015,2015,,,"광업,제조업,종사자규모","산업별,종사자규모별"
DT_1KI1519,"[광업,제조업]산업세세분류별/출하액규모별 주요지표(10인 이상)",101071,101,5년,2015,2015,,,"광업,제조업,출하액","산업세세분류별,출하액규모별"
DT_1KI1520,"[광업,제조업]산업세세분류별 사업체수, 종사자수, 급여액(10인 이상)",101071,101,5년,2015,2015,,,"사업체수,종사자수,급여액",산업세세분류별
DT_1KI1521,"[광업,제조업]산업세세분류별 출하액, 생산액, 부가가치 및 주요생산비(10인 이상)",101071,101,5년,2015,2015,,,"출하액,생산액,부가가치,주요생산비",산업세세분류별
DT_1KI1522,"[광업,제조업]산업세세분류별 재고액(10인 이상)",101071,101,5년,2015,2015,,,재고액,산업세세분류별
DT_1KI1523,"[광업,제조업]산업중분류별/조직형태별 주요지표(10인 이상)",101071,101,5년,2015,2015,,,"광업,제조업,조직형태","산업중분류별,조직형태별"
DT_1KI1524,"[광업,제조업]산업중분류별/시·도별 주요지표(10인 이상)",101071,101,5년,2015,2015,,,"광업,제조업,시도","산업중분류별,행정구역별"
DT_1KI1526,"[광업,제조업]산업중분류별/시·도별/종사자규모별 주요지표(10인 이상)",101071,101,5년,2015,2015,,,"광업,제조업,시도,종사자규모","산업중분류별,행정구역별,종사자규모별"
DT_1KI1527,"[광업,제조업]산업중분류별/시·도별/출하액규모별 주요지표(10인 이상)",101071,101,5년,2015,2015,,,"광업,제조업,출하액규모","산업중분류별,행정구역별,출하액규모별"
DT_1KI1528,"[광업,제조업]산업분류별/행정구역별 주요지표(10인 이상)",101071,101,5년,2015,2015,,,"광업,제조업,행정구역","산업별,행정구역별"
DT_1KI1529,"[광업,제조업]산업중분류별/시·도별 재고액(10인 이상)",101071,101,5년,2015,2015,,,재고액,"산업중분류별,행정구역별"
DT_1KI1530,"[광업,제조업]시·도별/품목별 사업체수, 생산액, 출하 및 연말 재고액(10인 이상)",101071,101,5년,2015,2015,,,"사업체수,생산액,출하,연말재고액","행정구역별,품목별"
DT_1KI1531,"[광업,제조업]시·도별/임가공품목별 사업체수 및 수입액(10인 이상)",101071,101,5년,2015,2015,,,"사업체수,수입액","행정구역별,품목별"
DT_1KI1533,[일반]산업세세분류별/조직형태별 온라인쇼핑 거래여부 현황,101071,101,5년,2015,2015,,,온라인쇼핑거래여부,"산업세세분류별,조직형태별"
DT_1KI1535,[도소매]산업세세분류별/매출액규모별/상품판매유형별 구성비,101071,101,5년,2015,2015,,,구성비,"산업세세분류별,매출액규모별,상품판매유형별"
DT_1KI1536,[도소매]산업세세분류별 총괄,101071,101,5년,2015,2015,,,사업체수,산업세세분류별
DT_1KI1537,[도소매]산업세세분류별/매출액규모별/상품매입처별 구성비,101071,101,5년,2015,2015,,,구성비,"산업세세분류별,매출액규모별,상품매입처별"
DT_1KI1538,[도소매]산업세세분류별/매출액규모별/상품판매처별 구성비,101071,101,5년,2015,2015,,,"도소매,매출액규모,상품판매처","산업세세분류별,매출액규모별,상품판매처별"
DT_1KI1539,[도소매]산업세세분류별/조직형태별 정기휴무일수 및 일일평균 영업시간 현황,101071,101,5년,2015,2015,,,"정기휴무일수,일일평균영업시간","산업세세분류별,조직형태별"
DT_1KI1540,"[도소매]산업세세분류별/시·도별 사업체수, 종사자수, 매출액, 매장면적",101071,101,5년,2015,2015,,,"사업체수,종사자수,매출액,매장면적","산업별,행정구역별"
DT_1KI1541,[도소매]산업세세분류별/종사자규모별/일일평균 영업시간별 사업체수,101071,101,5년,2015,2015,,,사업체수,"산업별,종사자규모별,일일평균영업시간별"
DT_1KI1542,[도소매]산업세세분류별/건물연면적규모별 총괄,101071,101,5년,2015,2015,,,"도소매,건물연면적규모","산업세세분류별,건물연면적규모별"
DT_1KI1543,"[도소매]산업세세분류별/매출액규모별/건물점유형태별 사업체수, 건물연면적, 임차료",101071,101,5년,2015,2015,,,사업체수,"산업별,매출액규모별,건물점유형태별"
DT_1KI1544,"[도소매]산업세세분류별/매출액규모별/매장점유형태별 사업체수, 매장연면적, 임차료",101071,101,5년,2015,2015,,,사업체수,"산업별,매출액규모별,매장점유형태별"
DT_1KI1545,"[숙박]산업세세분류별 객실수, 월평균 객실 이용건수 현황",101071,101,5년,2015,2015,,,"객실수,월평균객실이용건수",산업세세분류별
DT_1KI1546,"[숙박,음식주점]산업세세분류별/종사자규모별/일일평균 영업시간별 사업체수",101071,101,5년,2015,2015,,,사업체수,"산업별,종사자규모별,일일평균영업시간별"
DT_1KI1547,"[숙박,음식주점]산업세세분류별/매출액규모별/건물점유형태별 사업체수, 건물연면적, 임차료",101071,101,5년,2015,2015,,,사업체수,"산업세세분류별,매출액규모별,건물점유형태별"
DT_1KI1548,[출판영상]산업세세분류별/시·도별 직능별 종사자 현황,101071,101,5년,2015,2015,,,종사자,"산업별,행정구역별,직능별"
DT_1KI1549,"[출판영상, 전문과학기술]산업세세분류별/시·도별 연구기술직 종사자 현황",101071,101,5년,2015,2015,,,연구기술직종사자,"산업별,행정구역별"
DT_1KI1550,"[보건,사회복지]산업세세분류별/시·도별 직종별 종사자 현황",101071,101,5년,2015,2015,,,직종별종사자,"산업별,행정구역별,직종별"
DT_1KI1551,[사회복지]산업세세분류별/시·도별 직능별 종사자 현황,101071,101,5년,2015,2015,,,종사자,"산업별,행정구역별,직능별"
DT_1KI1552,[예술스포츠여가]산업세세분류별/시·도별 이용인원(고객)수 현황,101071,101,5년,2015,2015,,,이용인원수,"산업별,행정구역별"
DT_1KI1553,"[교육,보건,사회복지,협회단체]산업세세분류별/시·도별 보조금 여부 현황",101071,101,5년,2015,2015,,,보조금,"산업별,행정구역별"
DT_1KI1554,"[협회단체,통합]산업세세분류별/시·도별 사회서비스 제공 여부 현황",101071,101,5년,2015,2015,,,사회서비스,"산업별,행정구역별"
DT_1KI1555,산업소분류 및 시?도별 총괄,101071,101,5년,2015,2015,,,사업체,"산업별,행정구역별"
DT_1KI1556,"산업소분류 및 종사자규모별 기업체수, 종사자수, 사업실적, 유?무형자산",101071,101,5년,2015,2015,,,"기업체수,종사자수,사업실적,유무형자산","산업소분류별,종사자규모별"
DT_1KI1557,"산업소분류 및 매출액규모별 기업체수, 종사자수, 사업실적, 유?무형자산",101071,101,5년,2015,2015,,,"기업체수,종사자수,사업실적,유무형자산","산업소분류별,매출액규모별"
DT_1KI1558,"산업소분류 및 시도별 기업체수, 유?무형자산",101071,101,5년,2015,2015,,,"기업체수,유무형자산","산업별,행정구역별"
DT_1KI1560,"[숙박,음식주점]산업세세분류별/건물연면적규모별 총괄",101071,101,5년,2015,2015,,,"건물연면적규모,숙박음식주점사업체","산업세세분류별,건물연면적규모별"
DT_1KI1561,"[도소매,숙박,음식주점]시·도별/산업소분류별/건물연면적규모별 총괄",101071,101,5년,2015,2015,,,"도소매,숙박,음식주점,건물연면적규모","행정구역별,산업별,건물연면적규모별"
DT_1KI2001,산업세분류 및 시도별 총괄,101071,101,5년,2010,2010,,,사업체,"산업별,행정구역별"
DT_1KI2001_S,산업소분류별 총괄,101071,101,5년,2020,2020,,,사업체,산업소분류별
DT_1KI2002,시군구 및 산업소분류별 총괄,101071,101,5년,2010,2010,,,"시군구,산업소분류","행정구역별,산업소분류별"
DT_1KI2002_S,산업소분류별/종사자규모별 총괄,101071,101,5년,2020,2020,,,종사자,"산업소분류별,종사자규모별"
DT_1KI2003,읍면동 및 산업대분류별 총괄,101071,101,5년,2010,2010,,,"읍면동,산업대분류","읍면동별,산업대분류별"
DT_1KI2003_S,산업소분류별/매출액규모별 총괄,101071,101,5년,2020,2020,,,매출액규모,"산업소분류별,매출액규모별"
DT_1KI2004,"시도, 산업소분류 및 조직형태별 총괄",101071,101,5년,2010,2010,,,"산업소분류,조직형태","행정구역별,산업별,조직형태별"
DT_1KI2004_S,시·도별/산업대분류별 총괄,101071,101,5년,2020,2020,,,사업체,"시도별,산업대분류별"
DT_1KI2005,"시도, 산업소분류 및 종사자규모별 총괄",101071,101,5년,2010,2010,,,"산업소분류,종사자규모","행정구역별,산업별,종사자규모별"
DT_1KI2005_S,시?도별/산업대분류별/종사자규모별 총괄,101071,101,5년,2020,2020,,,종사자규모,"행정구역별,산업별,종사자규모별"
DT_1KI2006,"산업소분류, 시도 및 종사상지위별 사업체수, 종사자수, 인건비",101071,101,5년,2010,2010,,,"사업체수,종사자수","산업소분류별,시도별,종사상지위별"
DT_1KI2006_S,시?도별/산업대분류별/매출액규모별 총괄,101071,101,5년,2020,2020,,,매출액,"행정구역별,산업별,매출액규모별"
DT_1KI2007,"시도, 산업소분류 및 매출액규모별 총괄",101071,101,5년,2010,2010,,,"산업소분류,매출액규모","행정구역별,산업별,매출액규모별"
DT_1KI2008,"시도, 산업소분류, 조직형태 및 본지점별 총괄",101071,101,5년,2010,2010,,,조직형태,"행정구역별,산업별,조직형태별,본지점별"
DT_1KI2009,"시도, 산업소분류 및 건물연면적규모별 총괄",101071,101,5년,2010,2010,,,"산업소분류,건물연면적규모","행정구역별,산업별,연면적규모별"
DT_1KI3001,"[광업,제조업]산업소분류 주요지표(종사자 5인 이상)",101071,101,5년,2010,2010,,,"광업,제조업,종사자",산업소분류별
DT_1KI3002,"[광업,제조업]산업분류 및 출하액규모별 주요지표(종사자수 5인 이상)",101071,101,5년,2010,2010,,,"출하액규모,종사자수","산업별,규모별"
DT_1KI3003,"[광업,제조업]산업소분류 주요지표(종사자 10인 이상)",101071,101,5년,2010,2010,,,"광업,제조업,종사자",산업소분류별
DT_1KI3004,"[광업,제조업]산업세세분류 및 종사자규모별 주요지표(10인 이상)",101071,101,5년,2010,2010,,,"산업세세분류,종사자규모","산업세세분류별,종사자규모별"
DT_1KI3005,"[광업,제조업]산업세세분류 및 출하액규모별 주요지표(10인 이상)",101071,101,5년,2010,2010,,,"산업세세분류,출하액규모,주요지표","산업세세분류별,출하액규모별"
DT_1KI3006,"[광업,제조업]산업세세분류별 사업체수, 종사자수 및 급여액(10인 이상)",101071,101,5년,2010,2010,,,"사업체수,종사자수,급여액",산업세세분류별
DT_1KI3007,"[광업,제조업]산업세세분류, 출하액, 생산액, 부가가치 및 주요생산비(10인 이상)",101071,101,5년,2010,2010,,,"출하액,생산액,부가가치,주요생산비",산업세세분류별
DT_1KI3008,"[광업,제조업]산업세세분류별 재고액(10인 이상)",101071,101,5년,2010,2010,,,재고액,산업세세분류별
DT_1KI3009,"[광업,제조업]산업중분류 및 조직형태별 주요지표(10인 이상)",101071,101,5년,2010,2010,,,"광업,제조업,조직형태","산업중분류별,조직형태별"
DT_1KI3010,"[광업,제조업]산업중분류, 시도 주요지표(10인 이상)",101071,101,5년,2010,2010,,,"광업,제조업,시도,산업중분류,10인이상","시도별,산업중분류별"
DT_1KI3011,"[광업,제조업]산업대분류 및 시도별, 조직형태별 근로형태 종사자 수(10인 이상)",101071,101,5년,2010,2010,,,근로형태종사자수,"산업별,행정구역별,조직형태별"
DT_1KI3012,"[광업,제조업]산업대분류, 시군구별 주요지표(10인 이상)",101071,101,5년,2010,2010,,,"광업,제조업,시군구","산업별,행정구역별"
DT_1KI3013,"[광업,제조업]산업중분류, 시도 및 종사자규모별 주요지표(10인 이상)",101071,101,5년,2010,2010,,,"광업,제조업,시도,종사자규모","산업중분류별,시도별,종사자규모별"
DT_1KI3014,"[광업,제조업]산업중분류, 시도 및 출하액규모별 주요지표(10인 이상)",101071,101,5년,2010,2010,,,"출하액,산업중분류,시도,주요지표,광업,제조업,10인이상","산업중분류별,시도별,출하액규모별"
DT_1KI3015,"[광업,제조업]산업중분류 및 시도별 사업체수, 종사자수, 급여액(10인 이상)",101071,101,5년,2010,2010,,,"사업체수,종사자수,급여액","산업중분류별,행정구역별"
DT_1KI3016,"[광업,제조업]산업중분류, 시도별 재고액(10인 이상)",101071,101,5년,2010,2010,,,재고액,"산업중분류별,행정구역별"
DT_1KI3017,"[광업,제조업]산업분류 및 행정구역별 주요지표(10인 이상)",101071,101,5년,2010,2010,,,"광업,제조업","산업별,행정구역별"
DT_1KI3021,"[광업,제조업]시도, 품목분류별 사업체수，생산액，출하 및 연말재고액(10인 이상)",101071,101,5년,2010,2010,,,"사업체수,생산액,출하및연말재고액","행정구역별,품목분류별"
DT_1KI3022,"[광업,제조업]시도, 임가공품목별 사업체수 및 수입액(10인 이상)",101071,101,5년,2010,2010,,,"사업체수,수입액","행정구역별,임가공품목별"
DT_1KI3031,"[전기, 가스, 수도업]주요지표",101071,101,5년,2010,2010,,,"전기,가스,수도업",
DT_1KI3041,"[건설업]산업세세분류 및 시도별 사업체수, 종사자수 현황 및 급여액",101071,101,5년,2010,2010,,,"사업체수,종사자수","산업별,행정구역별"
DT_1KI3042,[건설업]산업세세분류별 신재생에너지 관련 공사 여부 및 공사매출액,101071,101,5년,2010,2010,,,공사매출액,산업세세분류별
DT_1KI3051,[도매및소매업]산업세세분류별 총괄,101071,101,5년,2010,2010,,,사업체수,산업세세분류별
DT_1KI3052,"[도매및소매업]산업세세분류, 매출액규모 및 상품매입처별 구성비",101071,101,5년,2010,2010,,,"매출액규모,상품매입처","산업세세분류별,상품매입처별"
DT_1KI3053,"[도매및소매업]산업세세분류, 매출액규모 및 상품판매처별 구성비",101071,101,5년,2010,2010,,,"매출액규모,상품판매처","산업세세분류별,상품판매처별"
DT_1KI3054,"[도매및소매업]산업세세분류, 조직형태별 정기휴무일수 및 일일평균 영업시간 현황",101071,101,5년,2010,2010,,,"정기휴무일수,일일평균영업시간",조직형태별
DT_1KI3055,"[도매및소매업]산업세세분류, 시도 및 체인점 가입여부별 사업체수, 종사자수,  매출액, 영업비용",101071,101,5년,2010,2010,,,"사업체수,종사자수,매출액,영업비용","산업세세분류별,시도별,체인점가입여부별"
DT_1KI3056,"[도매및소매업]산업세세분류 및 시도별 사업체수, 종사자수, 매출액, 매장면적",101071,101,5년,2010,2010,,,"사업체수,종사자수,매출액,매장면적","산업별,행정구역별"
DT_1KI3057,"[도매및소매업]산업세세분류, 종사자규모 및 일일평균 영업시간별 사업체수",101071,101,5년,2010,2010,,,사업체수,"산업세세분류별,종사자규모별,일일평균영업시간별"
DT_1KI3058,[도매및소매업]산업세세분류 및 건물연면적규모별 총괄,101071,101,5년,2010,2010,,,건물연면적규모,"산업세세분류별,건물연면적규모별"
DT_1KI3059,"[도매및소매업]산업세세분류, 매출액규모 및 건물점유형태별 사업체수, 건물연면적, 임차료",101071,101,5년,2010,2010,,,사업체수,"산업세세분류별,매출액규모별,건물점유형태별"
DT_1KI3060,"[도매및소매업]산업세세분류, 매출액규모 및 매장점유형태별 사업체수, 매장연면적, 임차료",101071,101,5년,2010,2010,,,사업체수,"산업세세분류별,매출액규모별,매장점유형태별"
DT_1KI3071,[운수업]산업세세분류 및 보유차량 규모별 총괄,101071,101,5년,2010,2010,,,보유차량규모,"산업세세분류별,보유차량규모별"
DT_1KI3072,"[운수업]산업세세분류, 시도 및 보유차량 규모별 총괄",101071,101,5년,2010,2010,,,보유차량,"산업별,행정구역별,보유차량규모별"
DT_1KI3073,[운수업]산업세세분류 및 보유창고 규모별 총괄,101071,101,5년,2010,2010,,,보유창고규모,"산업세세분류별,보유창고규모별"
DT_1KI3074,"[운수업]산업세세분류, 시도 및 보유창고 규모별 총괄",101071,101,5년,2010,2010,,,보유창고,"산업별,행정구역별,창고규모별"
DT_1KI3075,[운수업]산업세세분류 및 시도별 연료비 현황,101071,101,5년,2010,2010,,,"운수업,연료비","산업별,행정구역별"
DT_1KI3076,"[운수업]산업세세분류, 시도 및 근무형태별 종사자 현황",101071,101,5년,2010,2010,,,종사자,"산업별,행정구역별,근무형태별"
DT_1KI3081,"[숙박및음식점업]산업세세분류별 사업체수, 객실현황 및 월평균객실이용건수",101071,101,5년,2010,2010,,,"사업체수,객실,월평균객실이용건수",산업세세분류별
DT_1KI3082,[숙박및음식점업]산업세세분류별 체인점 가입현황,101071,101,5년,2010,2010,,,체인점,산업세세분류별
DT_1KI3083,"[숙박및음식점업]산업세세분류, 종사자규모 및 일일평균 영업시간별 사업체수",101071,101,5년,2010,2010,,,사업체수,"산업세세분류별,종사자규모별,일일평균영업시간별"
DT_1KI3084,"[숙박및음식점업]산업세세분류, 매출액규모 및 건물점유형태별 사업체수, 건물연면적, 임차료",101071,101,5년,2010,2010,,,사업체수,"산업세세분류별,매출액규모별,건물점유형태별"
DT_1KI3091,"[출판, 영상, 방송통신 및 정보서비스업] 산업세세분류, 시도 및 직능별 종사자 현황",101071,101,5년,2010,2010,,,종사자,"산업별,행정구역별,직능별"
DT_1KI3092,"[전문, 과학 및 기술 서비스업] 산업세세분류 및 시도별 연구기술직 종사자 현황",101071,101,5년,2010,2010,,,연구기술직종사자,"산업별,행정구역별"
DT_1KI3093,[보건업 및 사회복지 서비스업] 산업세세분류 및 시도별 사회복지 관련 직능별 종사자 현황,101071,101,5년,2010,2010,,,사회복지관련직능별종사자,"산업별,행정구역별"
DT_1KI3094,[교육 서비스업] 산업세세분류별 외국어 전용강좌 현황,101071,101,5년,2010,2010,,,외국어전용강좌,산업세세분류별
DT_1KI3095,"[예술, 스포츠 및 여가관련 서비스업] 산업세세분류 및 시도별 이용인원수, 사업체수",101071,101,5년,2010,2010,,,"이용인원수,사업체수","산업별,행정구역별"
DT_2KI1501,산업소분류별 총괄,101071,101,5년,2015,2015,,,사업체,산업소분류별
DT_2KI1502,산업소분류별/종사자규모별 총괄,101071,101,5년,2015,2015,,,종사자규모별,"산업소분류별,종사자규모별"
DT_2KI1503,산업소분류별/매출액규모별 총괄,101071,101,5년,2015,2015,,,매출액규모,"산업소분류별,매출액규모별"
DT_2KI1504,시·도별/산업대분류별 총괄,101071,101,5년,2015,2015,,,사업체,"시도별,산업대분류별"
DT_2KI1505,시?도별/산업대분류별/종사자규모별 총괄,101071,101,5년,2015,2015,,,종사자규모,"시도별,산업별,종사자규모별"
DT_2KI1506,시?도별/산업대분류별/매출액규모별 총괄,101071,101,5년,2015,2015,,,매출액규모,"행정구역별,산업별,매출액규모별"
DT_2KI2001,산업세세분류별 총괄,101071,101,5년,2020,2020,,,사업체수,산업세세분류별
DT_2KI2002,산업세세분류별/조직형태별 총괄,101071,101,5년,2020,2020,,,사업체,"산업별,조직형태별"
DT_2KI2003,산업세세분류별/종사자규모별 총괄,101071,101,5년,2020,2020,,,종사자,"산업별,종사자규모별"
DT_2KI2004,산업세세분류별/종사상지위별 현황,101071,101,5년,2020,2020,,,종사상지위,"산업별,종사상지위별"
DT_2KI2005,산업세세분류별/매출액규모별 총괄,101071,101,5년,2020,2020,,,매출액규모,"산업세세분류별,매출액규모별"
DT_2KI2006,산업세세분류별/조직형태별/본?지점별 총괄,101071,101,5년,2020,2020,,,사업체수,"산업별,조직형태별,본지점별"
DT_2KI2007,"산업세세분류별/종사자규모별/정기휴무일수별 사업체수, 연간 영업개월수",101071,101,5년,2020,2020,,,사업체수,"산업별,종사자규모별,정기휴무일수별"
DT_2KI2008,"산업세세분류별/조직형태별/정기휴무일수별 사업체수, 연간 영업개월수",101071,101,5년,2020,2020,,,사업체수,"산업별,조직형태별,정기휴무일수별"
DT_2KI2009,시·도별/산업세분류별 총괄,101071,101,5년,2020,2020,,,사업체,"시도별,산업별"
DT_2KI2010,시?군?구별/산업소분류별 총괄,101071,101,5년,2020,2020,,,사업체수,"행정구역별,산업별"
DT_2KI2011,읍?면?동별/산업대분류별 총괄,101071,101,5년,2020,2020,,,사업체수,"읍면동별,산업대분류별"
DT_2KI2012,시?도별/산업소분류별/조직형태별 총괄,101071,101,5년,2020,2020,,,사업체,"행정구역별,산업별,조직형태별"
DT_2KI2013,시?도별/산업소분류별/종사자규모별 총괄,101071,101,5년,2020,2020,,,총괄,"행정구역별,산업별,종사자규모별"
DT_2KI2014,시?도별/산업소분류별/종사상지위별 현황,101071,101,5년,2020,2020,,,현황,"행정구역별,산업별,종사상지위별"
DT_2KI2015,시?도별/산업소분류별/매출액규모별 총괄,101071,101,5년,2020,2020,,,매출액규모,"시도별,산업별,매출액규모별"
DT_2KI2016,시?도별/산업소분류별/조직형태별/본?지점별 총괄,101071,101,5년,2020,2020,,,사업체,"행정구역별,산업별,조직형태별,본지점별"
DT_2KI2017,"[광업,제조업]산업세세분류별 주요지표(10인 이상)",101071,101,5년,2020,2020,,,"광업,제조업,산업세세분류별주요지표",산업세세분류별
DT_2KI2018,"[광업,제조업]산업세세분류별/종사자규모별 주요지표(10인 이상)",101071,101,5년,2020,2020,,,광업제조업종사자규모별주요지표,"산업세세분류별,종사자규모별"
DT_2KI2019,"[광업,제조업]산업세세분류별/출하액규모별 주요지표(10인 이상)",101071,101,5년,2020,2020,,,"광업,제조업,출하액","산업세세분류별,출하액규모별"
DT_2KI2020,"[광업,제조업]산업세세분류별/조직형태별 주요지표(10인 이상)",101071,101,5년,2020,2020,,,"광업,제조업,조직형태","산업세세분류별,조직형태별"
DT_2KI2021,"[광업,제조업]산업세세분류별 사업체수, 종사자수, 급여액(10인 이상)",101071,101,5년,2020,2020,,,"사업체수,종사자수,급여액",산업세세분류별
DT_2KI2022,"[광업,제조업]산업세세분류별 출하액, 생산액, 부가가치 및 주요생산비(10인 이상)",101071,101,5년,2020,2020,,,"출하액,생산액,부가가치,주요생산비",산업세세분류별
DT_2KI2023,"[광업,제조업]산업세세분류별 재고액(10인 이상)",101071,101,5년,2020,2020,,,재고액,산업세세분류별
DT_2KI2024,"[광업,제조업]산업중분류별/시·도별 주요지표(10인 이상)",101071,101,5년,2020,2020,,,"광업,제조업,시도","산업중분류별,행정구역별"
DT_2KI2025,"[광업,제조업]산업중분류별/시·도별/종사자규모별 주요지표(10인 이상)",101071,101,5년,2020,2020,,,"광업,제조업,종사자규모","산업중분류별,행정구역별,종사자규모별"
DT_2KI2026,"[광업,제조업]산업중분류별/시·도별/출하액규모별 주요지표(10인 이상)",101071,101,5년,2020,2020,,,"광업,제조업,출하액","산업중분류별,행정구역별,출하액규모별"
DT_2KI2027,"[광업,제조업]산업중분류별/시·도별 재고액(10인 이상)",101071,101,5년,2020,2020,,,재고액,"산업중분류별,행정구역별"
DT_2KI2028,"[광업,제조업]산업대분류별/시·군·구별 주요지표(10인 이상)",101071,101,5년,2020,2020,,,"광업,제조업,시군구","산업별,행정구역별"
DT_2KI2029,"[광업,제조업]시·도별/품목별 사업체수, 생산액, 출하 및 연말 재고액(10인 이상)",101071,101,5년,2020,2020,,,"사업체수,생산액,출하및연말재고액","행정구역별,품목별"
DT_2KI2030,"[광업,제조업]시·도별/임가공품목별 사업체수 및 수입액(10인 이상)",101071,101,5년,2020,2020,,,"사업체수,수입액","행정구역별,품목별"
DT_2KI2031,[일반]산업세세분류별/일일평균 영업시간별 사업체수,101071,101,5년,2020,2020,,,사업체수,"산업세세분류별,일일평균영업시간별"
DT_2KI2032,[일반]산업세세분류별/조직형태별 온라인쇼핑 거래여부 현황,101071,101,5년,2020,2020,,,온라인쇼핑거래여부,"산업별,조직형태별"
DT_2KI2035,[도소매]산업세세분류별 총괄,101071,101,5년,2020,2020,,,도소매,산업세세분류별
DT_2KI2036,[도소매]산업세세분류별/매출액규모별/상품매입처별 구성비,101071,101,5년,2020,2020,,,"매출액규모,상품매입처","산업세세분류별,매출액규모별,상품매입처별"
DT_2KI2037,[도소매]산업세세분류별/매출액규모별/상품판매처별 구성비,101071,101,5년,2020,2020,,,"도소매,매출액,상품판매처","산업세세분류별,매출액규모별,상품판매처별"
DT_2KI2038,[도소매]산업세세분류별/매출액규모별/상품판매유형별 구성비,101071,101,5년,2020,2020,,,구성비,"산업세세분류별,매출액규모별,상품판매유형별"
DT_2KI2039,[도소매]산업세세분류별/조직형태별 정기휴무일수 및 일일평균 영업시간 현황,101071,101,5년,2020,2020,,,"정기휴무일수,일일평균영업시간","산업세세분류별,조직형태별"
DT_2KI2040,"[도소매]산업세세분류별/시·도별 사업체수, 종사자수, 매출액, 매장면적",101071,101,5년,2020,2020,,,"사업체수,종사자수,매출액,매장면적","산업별,행정구역별"
DT_2KI2041,[도소매]산업세세분류별/건물연면적규모별 총괄,101071,101,5년,2020,2020,,,건물연면적규모,"산업세세분류별,건물연면적규모별"
DT_2KI2042,"[도소매]산업세세분류별/매출액규모별/매장점유형태별 사업체수, 매장연면적, 임차료",101071,101,5년,2020,2020,,,사업체수,"산업별,매출액규모별,매장점유형태별"
DT_2KI2043,"[도소매,숙박,음식주점]산업세세분류별/종사자규모별/일일평균 영업시간별 사업체수",101071,101,5년,2020,2020,,,사업체수,"산업별,종사자규모별,일일평균영업시간별"
DT_2KI2044,"[도소매,숙박,음식주점]산업세세분류별/매출액규모별/건물점유형태별 사업체수, 건물연면적, 임차료",101071,101,5년,2020,2020,,,사업체수,"산업세세분류별,매출액규모별,건물점유형태별"
DT_2KI2045,"[도소매,숙박,음식주점]시·도별/산업소분류별/건물연면적규모별 총괄",101071,101,5년,2020,2020,,,"도소매,숙박,음식주점,건물연면적규모","행정구역별,산업별,건물연면적규모별"
DT_2KI2046,"[도소매,숙박,음식주점,정보통신]산업세세분류별 디지털플랫폼 거래여부 현황",101071,101,5년,2020,2020,,,디지털플랫폼거래여부,산업세세분류별
DT_2KI2047,"[소매,숙박,음식주점]산업세세분류별 무인결제기기 도입여부 현황",101071,101,5년,2020,2020,,,무인결제기기,산업세세분류별
DT_2KI2048,"[자동차판매,소매,음식주점]산업세세분류별 배달(택배) 판매여부 현황",101071,101,5년,2020,2020,,,"자동차판매,소매,음식주점,배달판매여부",산업세세분류별
DT_2KI2049,"[숙박]산업세세분류별 객실수, 월평균 객실 이용건수 현황",101071,101,5년,2020,2020,,,"객실수,월평균객실이용건수",산업세세분류별
DT_2KI2051,[숙박]시·도별/객실수별 호텔업 편의시설 개수,101071,101,5년,2020,2020,,,"호텔,객실","행정구역별,객실수별"
DT_2KI2053,[정보통신]산업세세분류별/시·도별 직능별 종사자 현황,101071,101,5년,2020,2020,,,종사자,"산업별,행정구역별,직능별"
DT_2KI2054,"[정보통신,전문과학기술]산업세세분류별/시·도별 연구기술직 종사자 현황",101071,101,5년,2020,2020,,,연구기술직종사자,"산업세세분류별,행정구역별"
DT_2KI2055,[사회복지]산업세세분류별/시·도별 직능별 종사자 현황,101071,101,5년,2020,2020,,,종사자,"산업별,행정구역별,직능별"
DT_2KI2056,[예술스포츠여가]산업세세분류별/시·도별 이용인원(고객)수 현황,101071,101,5년,2020,2020,,,"이용인원,고객수","산업별,행정구역별"
DT_2KI2057,"[사업시설지원,교육,보건,사회복지,예술스포츠여가,협회단체]산업세세분류별/시·도별 보조금 여부 현황",101071,101,5년,2020,2020,,,보조금,"산업별,행정구역별"
DT_2KI2058,"본사 및 사업체 소재지별 기업체 현황(개인사업체, 회사법인, 회사이외법인)",101071,101,5년,2020,2020,,,기업체,소재지별
DT_2KI2059,"산업별 기업체 현황(개인사업체, 회사법인, 회사이외법인)",101071,101,5년,2020,2020,,,기업체,"산업별,법인형태별"
DT_2KI2060,"종사자규모별 기업체 현황(개인사업체, 회사법인, 회사이외법인)",101071,101,5년,2020,2020,,,기업체,"종사자규모별,기업체유형별"
DT_2KI2061,"조직형태별 기업체 현황(개인사업체, 회사법인, 회사이외법인)",101071,101,5년,2020,2020,,,기업체,조직형태별
DT_2KI2062,"소속 사업체수 규모별 기업체 현황(개인사업체, 회사법인, 회사이외법인)",101071,101,5년,2020,2020,,,기업체,규모별
DT_2KI2065,시도/산업별 총괄,101071,101,5년,2020,2020,,,사업체수,"시도별,산업별"
DT_2KI2066,시도/산업/종사자규모별 현황,101071,101,5년,2020,2020,,,종사자규모,"시도별,산업별,종사자규모별"
DT_2KI2067,시도/산업/매출액규모별 현황,101071,101,5년,2020,2020,,,매출액규모,"시도별,산업별,매출액규모별"
DT_2KI2068,"[도소매업, 숙박 및 음식점업] 시도/산업/건물면적규모별 현황",101071,101,5년,2020,2020,,,"도소매업,숙박음식점업,건물면적","시도별,산업별,건물면적규모별"
DT_2KI2069,"[도소매업, 숙박 및 음식점업, 정보통신업] 산업별 디지털플랫폼 거래 여부 현황",101071,101,5년,2020,2020,,,디지털플랫폼거래여부,산업별
DT_2KI2070,"[소매업, 숙박 및 음식점업] 산업별 무인결제기기 도입 여부 현황",101071,101,5년,2020,2020,,,무인결제기기,산업별
DT_2KI2071,"[소매업, 음식주점업] 산업별 배달(택배) 판매 여부 현황",101071,101,5년,2020,2020,,,"판매,배달,택배,소매업,음식주점업",산업별
DT_2KI2072,[정보통신업] 시도/산업/직능별 종사자 현황,101071,101,5년,2020,2020,,,종사자,"시도별,산업별,직능별"
DT_2KI2073,[사회복지 서비스업] 시도/산업/직능별 종사자 현황,101071,101,5년,2020,2020,,,종사자,"시도별,산업별,직능별"
DT_2KI2074,"[예술, 스포츠 및 여가관련 서비스업] 시도/산업/이용인원 수 현황",101071,101,5년,2020,2020,,,"예술,스포츠및여가관련서비스업,이용인원수","시도별,산업별"
DT_1ZZ0001R,에너지소비효율등급표시 인지도(20세이상 인구),101072,101,2년,2011,2011,,20세이상,"인지도,인구",인구별
DT_1ZZ0002R,에너지 절약형 제품 구매 노력(20세이상 인구),101072,101,2년,2011,2011,,20세이상,인구,인구별
DT_1ZZ0003R,탄소성적표지 인지도(20세이상 인구),101072,101,2년,2011,2011,,20세이상,"인지도,인구",인구별
DT_1ZZ0004R,저탄소 제품 구매 노력(20세이상 인구),101072,101,2년,2011,2011,,20세이상,인구,인구별
DT_1ZZ0005R,환경마크 인지도(20세이상 인구),101072,101,2년,2011,2011,,20세이상,"인지도,인구",인구별
DT_1ZZ0006_1R,환경마크 인증 제품 구매 노력(20세이상 인구),101072,101,2년,2011,2011,,20세이상,인구,인구별
DT_1ZZ0007R,친환경 농산물 구매 노력(20세이상 인구),101072,101,2년,2011,2011,,20세이상,인구,인구별
DT_1ZZ0008_2R,"친환경 농산물 구매 방해 요인(복수응답, 20세이상 인구)",101072,101,2년,2011,2011,,20세이상,인구,인구별
DT_1ZZ0009R,지역 농산물 구매 노력(20세이상 인구),101072,101,2년,2011,2011,,20세이상,인구,행정구역별
DT_1ZZ0010R,식품첨가물 확인(20세 이상 인구),101072,101,2년,2011,2011,,20세 이상,인구,인구별
DT_1ZZ0011R,"물 절약 노력(양치컵을 사용한다, 20세이상 인구)",101072,101,2년,2011,2011,,20세이상,인구,인구별
DT_1ZZ0012R,"물 절약 노력(세수할 때 물을 받아서 사용한다, 20세이상 인구)",101072,101,2년,2011,2011,,20세이상,"물,인구",인구별
DT_1ZZ0013R,"물 절약 노력(샤워는 최대한 짧게 한다, 20세이상 인구)",101072,101,2년,2011,2011,,20세이상,인구,인구별
DT_1ZZ0014R,겨울철 내복 입기(20세 이상 인구),101072,101,2년,2011,2011,,20세 이상,인구,인구별
DT_1ZZ0015R,대기전력 차단(20세이상 인구),101072,101,2년,2011,2011,,20세이상,인구,인구별
DT_1ZZ0016R,여름철 적정 실내온도 유지(에어컨 보유가구),101072,101,2년,2011,2011,,,에어컨보유가구,에어컨보유가구별
DT_1ZZ0017R,겨울철 적정 실내온도 유지(실내온도 확인가능 가구),101072,101,2년,2011,2011,,,실내온도확인가능가구,적정실내온도별
DT_1ZZ0018R,고효율 냉장고 사용(냉장고 보유가구),101072,101,2년,2011,2011,,,냉장고보유가구,행정구역별
DT_1ZZ0019R,장바구니 사용(일반가구),101072,101,2년,2011,2011,,,일반가구,
DT_1ZZ0020R,리필제품(세제류) 구매(일반가구),101072,101,2년,2011,2011,,,일반가구,행정구역별
DT_1ZZ0021R,프린터 카트리지 교체 방법(프린터 보유가구),101072,101,2년,2011,2011,,,"프린터,가구",카트리지종류별
DT_1ZZ0022R,재활용 쓰레기 주요 품목별 분리배출률(일반가구),101072,101,2년,2011,2011,,,"쓰레기,일반가구",품목별
DT_1ZZ0023R,요일제 참여(자동차 보유가구),101072,101,2년,2011,2011,,,자동차보유가구,요일별
DT_1ZZ0024R,차계부 작성(자동차 보유가구),101072,101,2년,2011,2011,,,자동차보유가구,
DT_1ZZ0025R,"자동차 운전습관 (급출발, 급가속, 급감속하지 않는다, 20세이상 인구)",101072,101,2년,2011,2011,,20세이상,"운전습관,인구",인구별
DT_1ZZ0026R,"자동차 운전습관(불필요한 공회전을 하지 않는다, 20세이상 인구)",101072,101,2년,2011,2011,,20세이상,"운전습관,인구",인구별
DT_1ZZ0027R,"자동차 관리(타이어 공기압을 주기적으로 점검한다, 20세이상 인구)",101072,101,2년,2011,2011,,20세이상,"자동차관리,인구",인구별
DT_1ZZ0028R,"자동차 관리(불필요한 짐을 싣지 않는다, 20세이상 인구)",101072,101,2년,2011,2011,,20세이상,"자동차,인구",인구별
DT_1ZZ0030R,직장(일터)에서 대기전력 차단(20세이상 인구),101072,101,2년,2011,2011,,20세이상,인구,직장별
DT_1ZZ0031R,직장(일터)에서 개인 컵 사용(20세이상 인구),101072,101,2년,2011,2011,,20세이상,"개인컵사용,인구",직장규모별
DT_1ZZ0032R,직장(일터)에서 재활용 쓰레기 분리배출(20세이상 인구),101072,101,2년,2011,2011,,20세이상,재활용쓰레기분리배출,재활용쓰레기종류별
DT_1ZZ0033R,직장(일터)에서 이면지 재사용(20세이상 인구),101072,101,2년,2011,2011,,20세이상,"이면지재사용,인구",
DT_1ZZ0034R,탄소포인트제도 인지도(20세이상 인구),101072,101,2년,2011,2011,,20세이상,"인지도,인구",인구별
DT_1ZZ0035R,기후변화가 일상생활에 미치는 영향(20세이상 인구),101072,101,2년,2011,2011,,20세이상,인구,인구별
DT_1ZZ0036R,사람들의 생활습관 때문에 환경이 많이 훼손(20세이상 인구),101072,101,2년,2011,2011,,20세이상,인구,생활습관별
DT_1ZZ0037R,경제성장 속도를 늦추더라도 환경문제 먼저 해결(20세이상 인구),101072,101,2년,2011,2011,,20세이상,인구,인구별
DT_1ZZ1305R,에너지소비효율등급표시 인지도(20세이상 인구),101072,101,2년,2013,2013,,20세이상,"인지도,인구",인구별
DT_1ZZ1306R,에너지 절약형 제품 구매 노력(20세이상 인구),101072,101,2년,2013,2013,,20세이상,인구,인구별
DT_1ZZ1307R,탄소성적표지 인지도(20세이상 인구),101072,101,2년,2013,2013,,20세이상,"인지도,인구",인지도별
DT_1ZZ1308R,저탄소 제품 구매 노력(20세이상 인구),101072,101,2년,2013,2013,,20세이상,인구,인구별
DT_1ZZ1309R,환경마크 인지도(20세이상 인구),101072,101,2년,2013,2013,,20세이상,"인지도,인구",인구별
DT_1ZZ1309_1R,"환경마크 인증 제품 구매 노력(환경마크 아는 사람, 20세이상 인구)",101072,101,2년,2013,2013,,20세이상,"환경마크아는사람,인구",환경마크아는사람별
DT_1ZZ1310R,친환경 농산물 구매 노력(20세이상 인구),101072,101,2년,2013,2013,,20세이상,인구,인구별
DT_1ZZ1311_01R,"친환경 농산물 구매 방해 요인(주된응답, 20세이상 인구)",101072,101,2년,2013,2013,,20세이상,인구,인구별
DT_1ZZ1311_02R,"친환경 농산물 구매 방해 요인(복수응답, 20세이상 인구)",101072,101,2년,2013,2013,,20세이상,인구,인구별
DT_1ZZ1312R,지역 농산물 구매 노력(20세이상 인구),101072,101,2년,2013,2013,,20세이상,인구,인구별
DT_1ZZ1313R,식품 첨가물 확인(20세 이상 인구),101072,101,2년,2013,2013,,20세 이상,인구,인구별
DT_1ZZ1314R,리필제품(세제류) 구매(일반가구),101072,101,2년,2013,2013,,,일반가구,행정구역별
DT_1ZZ1315R,프린터 카트리지 교체 방법(프린터 보유가구),101072,101,2년,2013,2013,,,"프린터,가구",카트리지종류별
DT_1ZZ1316R,"절수형 기기 사용(복수응답, 일반가구)",101072,101,2년,2013,2013,,,일반가구,"절수형기기사용,일반가구에대한명시적인분류기준이주어진문장에는없습니다따라서이경우에는기준없음을출력해야합니다"
DT_1ZZ1317_1R,"물 절약 노력(양치할때 양치컵 사용하기, 20세이상 인구)",101072,101,2년,2013,2013,,20세이상,인구,인구별
DT_1ZZ1317_2R,"물 절약 노력(세수할 때 물 받아쓰기, 20세이상 인구)",101072,101,2년,2013,2013,,20세이상,"물,인구",인구별
DT_1ZZ1317_3R,"물 절약 노력(샤워 최대한 짧게하기, 20세이상 인구)",101072,101,2년,2013,2013,,20세이상,인구,인구별
DT_1ZZ1318R,대기전력 차단(20세이상 인구),101072,101,2년,2013,2013,,20세이상,인구,인구별
DT_1ZZ1319_1R,여름철 적정 실내온도 유지(에어컨 보유가구),101072,101,2년,2013,2013,,,에어컨보유가구,에어컨보유가구별
DT_1ZZ1320_1R,겨울철 적정 실내온도 유지(실내온도 확인가능 가구),101072,101,2년,2013,2013,,,실내온도확인가능가구,적정실내온도별
DT_1ZZ1321R,겨울철 내복 입기(20세 이상 인구),101072,101,2년,2013,2013,,20세 이상,인구,인구별
DT_1ZZ1322R,장바구니 사용(일반가구),101072,101,2년,2013,2013,,,일반가구,
DT_1ZZ1323R,재활용 쓰레기 주요 품목별 분리배출률(일반가구),101072,101,2년,2013,2013,,,"재활용쓰레기,일반가구",품목별
DT_1ZZ1324R,요일제 참여(자동차 보유가구),101072,101,2년,2013,2013,,,자동차보유가구,요일제별
DT_1ZZ1325R,차계부 작성(자동차 보유가구),101072,101,2년,2013,2013,,,자동차보유가구,
DT_1ZZ1326_11R,"자동차 운전습관 (급출발, 급제동 하지 않기, 20세이상 인구)",101072,101,2년,2013,2013,,20세이상,"운전습관,인구",인구별
DT_1ZZ1326_12R,"자동차 운전습관 (정속주행 유지하기, 20세이상 인구)",101072,101,2년,2013,2013,,20세이상,"운전습관,인구",인구별
DT_1ZZ1326_13R,"자동차 운전습관(불필요한 공회전 최소화하기, 20세이상 인구)",101072,101,2년,2013,2013,,20세이상,"자동차운전습관,인구",인구별
DT_1ZZ1326_21R,"자동차 관리(정비소 등에서 타이어 공기압 주기적 점검, 20세이상 인구)",101072,101,2년,2013,2013,,20세이상,"자동차관리,인구",행정구역별
DT_1ZZ1326_22R,"자동차 관리(꼭 필요하지 않는 짐 싣지않기, 20세이상 인구)",101072,101,2년,2013,2013,,20세이상,"자동차,인구",
DT_1ZZ1327R,직장(일터)으로 통근할 때 이동 수단(20세이상 인구),101072,101,2년,2013,2013,,20세이상,"이동수단,인구",이동수단별
DT_1ZZ1328R,직장(일터)에서 대기전력 차단(20세이상 인구),101072,101,2년,2013,2013,,20세이상,인구,"직장,일터별"
DT_1ZZ1329R,직장(일터)에서 개인 컵 사용(20세이상 인구),101072,101,2년,2013,2013,,20세이상,"개인컵사용,인구","직장,일터별"
DT_1ZZ1330R,직장(일터)에서 재활용 쓰레기 분리배출(20세이상 인구),101072,101,2년,2013,2013,,20세이상,재활용쓰레기분리배출,직장규모별
DT_1ZZ1331R,직장(일터)에서 이면지 재사용(20세이상 인구),101072,101,2년,2013,2013,,20세이상,"이면지재사용,인구",
DT_1ZZ1332R,탄소포인트제도 인지도(20세이상 인구),101072,101,2년,2013,2013,,20세이상,"인지도,인구",인구별
DT_1ZZ1333R,음식물쓰레기 종량제 인지도(20세이상 인구),101072,101,2년,2013,2013,,20세이상,"인지도,인구",인구별
DT_1ZZ1333_1R,"음식물쓰레기 종량제 참여(음식물쓰레기 종량제 아는 사람, 20세이상 인구)",101072,101,2년,2013,2013,,20세이상,"음식물쓰레기종량제아는사람,인구",인구별
DT_1ZZ1334R,전력피크시간대 인지도(20세이상 인구),101072,101,2년,2013,2013,,20세이상,"인지도,인구",인지도별
DT_1ZZ1334_1R,"전력피크시간대 에너지 사용 자제(전력피크시간대 아는 사람, 20세이상 인구)",101072,101,2년,2013,2013,,20세이상,"에너지사용량,인구",인구별
DT_1ZZ1335R,기후변화가 일상생활에 미치는 영향(20세이상 인구),101072,101,2년,2013,2013,,20세이상,인구,인구별
DT_1ZZ1336R,사람들의 생활습관 때문에 환경이 많이 훼손(20세이상 인구),101072,101,2년,2013,2013,,20세이상,인구,생활습관별
DT_1ZZ1337R,환경문제 심화 및 기후변화에 대한 대응이 경제성장의 기회요인으로 작용(20세이상 인구),101072,101,2년,2013,2013,,20세이상,인구,인구별
DT_1ZZ1338R,녹색생활 실천(20세이상 인구),101072,101,2년,2013,2013,,20세이상,인구,인구별
DT_1ZZ1338_1R,"녹색생활 실천하는 이유(녹색생활 실천하는 사람, 20세이상 인구)",101072,101,2년,2013,2013,,20세이상,"사람,인구",
DT_1ZZ1338_2R,"녹색생활 실천하지 않는 이유(녹색생활 실천하지 않는 사람, 20세이상 인구)",101072,101,2년,2013,2013,,20세이상,"사람,인구",
DT_1JH20201,전산업생산지수(원지수),101073,101,"월,분기,년",2000,2024,,,전산업생산지수,
DT_1JH20202,전산업생산지수(계절조정지수),101073,101,"월,분기",2000,2024,,,전산업생산지수,
DT_1DE_1001,임금근로자의 개인대출 총괄,101074,101,반기,2017,2023,,,개인대출,
DT_1DE_1002,임금근로자의 성별 개인대출,101074,101,반기,2017,2023,,,"임금근로자,개인대출",성별
DT_1DE_1003,임금근로자의 연령대별 개인대출,101074,101,반기,2017,2023,,,개인대출,연령대별
DT_1DE_1005,임금근로자의 주택유형별 개인대출,101074,101,반기,2017,2023,,,개인대출,주택유형별
DT_1DE_1007,임금근로자의 소득별 개인대출,101074,101,반기,2017,2023,,,"임금근로자,개인대출",소득별
DT_1DE_1008,임금근로자의 대출잔액별 개인대출,101074,101,반기,2017,2023,,,개인대출,대출잔액별
DT_1DE_1009,임금근로자의 대출건수별 개인대출,101074,101,반기,2017,2023,,,개인대출,대출건수별
DT_1DE_1010,임금근로자의 기업규모별 개인대출,101074,101,반기,2017,2023,,,개인대출,기업규모별
DT_1DE_1011,임금근로자의 기업종류별 개인대출,101074,101,반기,2017,2023,,,개인대출,기업종류별
DT_1DE_1012,임금근로자의 종사자규모별 개인대출,101074,101,반기,2017,2023,,,"개인대출,임금근로자",종사자규모별
DT_1DE_1013,임금근로자의 산업분류별 개인대출,101074,101,반기,2017,2023,,,개인대출,산업별
DT_1DE_1014,임금근로자의 개인대출 연체율 총괄,101074,101,반기,2017,2023,,,개인대출연체율,연체율별
DT_1DE_1015,임금근로자의 성별 개인대출 연체율,101074,101,반기,2017,2023,,,개인대출연체율,성별
DT_1DE_1016,임금근로자의 연령대별 개인대출 연체율,101074,101,반기,2017,2023,,,개인대출연체율,연령대별
DT_1DE_1018,임금근로자의 주택유형별 개인대출 연체율,101074,101,반기,2017,2023,,,개인대출연체율,주택유형별
DT_1DE_1020,임금근로자의 소득별 개인대출 연체율,101074,101,반기,2017,2023,,,"임금근로자,개인대출연체율",소득별
DT_1DE_1021,임금근로자의 대출잔액별 개인대출 연체율,101074,101,반기,2017,2023,,,"임금근로자,대출잔액,개인대출,연체율",대출잔액별
DT_1DE_1022,임금근로자의 대출건수별 개인대출 연체율,101074,101,반기,2017,2023,,,"임금근로자,대출건수,개인대출,연체율",대출건수별
DT_1DE_1023,임금근로자의 기업규모별 개인대출 연체율,101074,101,반기,2017,2023,,,개인대출연체율,기업규모별
DT_1DE_1024,임금근로자의 기업종류별 개인대출 연체율,101074,101,반기,2017,2023,,,개인대출연체율,기업종류별
DT_1DE_1025,임금근로자의 종사자규모별 개인대출 연체율,101074,101,반기,2017,2023,,,개인대출연체율,종사자규모별
DT_1DE_1026,임금근로자의 산업분류별 개인대출 연체율,101074,101,반기,2017,2023,,,개인대출연체율,산업별
DT_1EP_2001,기업규모별 소득,101074,101,년,2016,2022,,,소득,기업규모별
DT_1EP_2002,종사자규모별 소득,101074,101,년,2016,2022,,,"소득,종사자",종사자규모별
DT_1EP_2003,조직형태별 소득,101074,101,년,2016,2022,,,소득,조직형태별
DT_1EP_2004,산업분류별 소득,101074,101,년,2016,2022,,,소득,산업별
DT_1EP_2005,성별 소득,101074,101,년,2016,2022,,,소득,성별
DT_1EP_2006,연령대별 소득,101074,101,년,2016,2022,,,소득,연령대별
DT_1EP_2007,근속기간별 소득,101074,101,년,2016,2022,,,소득,근속기간별
DT_1EP_2008,기업규모별 산업대분류별 소득,101074,101,년,2016,2022,,,소득,"기업규모별,산업대분류별"
DT_1EP_2009,종사자규모별 산업대분류별 소득,101074,101,년,2016,2022,,,소득,"종사자규모별,산업대분류별"
DT_1EP_2010,성별 연령대별 소득,101074,101,년,2016,2022,,,소득,"성별,연령대별"
DT_1EP_2011,성별 근속기간별 소득,101074,101,년,2016,2022,,,소득,"성별,근속기간별"
DT_1EP_2012,기업규모별 성별 소득,101074,101,년,2016,2022,,,"소득,성별","기업규모별,성별"
DT_1EP_2013,종사자규모별 성별 소득,101074,101,년,2016,2022,,,"성별소득,종사자규모","종사자규모별,성별"
DT_1EP_2014,기업규모별 연령대별 소득,101074,101,년,2016,2022,,,소득,"기업규모별,연령대별"
DT_1EP_2015,종사자규모별 연령대별 소득,101074,101,년,2016,2022,,,"종사자,소득","종사자규모별,연령대별"
DT_1EP_2016,기업규모별 근속기간별 소득,101074,101,년,2016,2022,,,소득,"기업규모별,근속기간별"
DT_1EP_2017,종사자규모별 근속기간별 소득,101074,101,년,2016,2022,,,"소득,근속기간,종사자규모","종사자규모별,근속기간별"
DT_1EP_2018,산업대분류별 성별 소득,101074,101,년,2016,2022,,,성별소득,"산업대분류별,성별"
DT_1EP_2019,산업대분류별 연령별 소득,101074,101,년,2016,2022,,,소득,"산업별,연령별"
DT_1EP_2020,산업대분류별 평균소득 중위소득 평균연령 평균근속기간,101074,101,년,2016,2022,,,"평균소득,중위소득,평균연령,평균근속기간",산업대분류별
DT_1EP_2021,"평균소득, 중위소득, 소득분포",101074,101,년,2016,2022,,,소득,
DT_1EP_2022,조직형태별 산업대분류별 소득,101074,101,년,2016,2022,,,소득,"조직형태별,산업대분류별"
DT_1EP_2023,조직형태별 성별 소득,101074,101,년,2016,2022,,,"소득,성별","조직형태별,성별"
DT_1EP_2024,조직형태별 연령대별 소득,101074,101,년,2016,2022,,,소득,"조직형태별,연령대별"
DT_1EP_2025,조직형태별 근속기간별 소득,101074,101,년,2016,2022,,,소득,"조직형태별,근속기간별"
DT_1EP_3001,조직형태별 일자리,101074,101,년,2016,2022,,,일자리,조직형태별
DT_1EP_3002,기업규모별 일자리,101074,101,년,2016,2022,,,일자리,기업규모별
DT_1EP_3003,종사자규모별 일자리,101074,101,년,2016,2022,,,일자리,종사자규모별
DT_1EP_3005,산업분류별 일자리,101074,101,년,2016,2022,,,일자리,산업별
DT_1EP_3006,성별 일자리,101074,101,년,2016,2022,,,일자리,성별
DT_1EP_3007,연령대별 일자리,101074,101,년,2016,2022,,,일자리,연령대별
DT_1EP_3008,근속기간별 일자리,101074,101,년,2016,2022,,,일자리,근속기간별
DT_1EP_3009,종사상지위별 일자리,101074,101,년,2016,2022,,,일자리,종사상지위별
DT_1EP_3010,조직형태별 종사자규모별 일자리,101074,101,년,2016,2022,,,종사자규모별일자리,"조직형태별,종사자규모별"
DT_1EP_3011,조직형태별 산업대분류별 일자리,101074,101,년,2016,2022,,,일자리,"조직형태별,산업대분류별"
DT_1EP_3012,조직형태별 성별 일자리,101074,101,년,2016,2022,,,성별일자리,"조직형태별,성별"
DT_1EP_3013,조직형태별 연령대별 일자리,101074,101,년,2016,2022,,,일자리,"조직형태별,연령대별"
DT_1EP_3014,조직형태별 근속기간별 일자리,101074,101,년,2016,2022,,,일자리,"조직형태별,근속기간별"
DT_1EP_3015,조직형태별 종사상지위별 일자리,101074,101,년,2016,2022,,,종사상지위별일자리,"조직형태별,종사상지위별"
DT_1EP_3016,기업규모별 산업대분류별 일자리,101074,101,년,2016,2022,,,일자리,"기업규모별,산업대분류별"
DT_1EP_3017,기업규모별 성별 일자리,101074,101,년,2016,2022,,,일자리,"기업규모별,성별"
DT_1EP_3018,기업규모별 연령대별 일자리,101074,101,년,2016,2022,,,일자리,"기업규모별,연령대별"
DT_1EP_3019,기업규모별 근속기간별 일자리,101074,101,년,2016,2022,,,일자리,"기업규모별,근속기간별"
DT_1EP_3020,종사자규모별 산업대분류별 일자리,101074,101,년,2016,2022,,,일자리,"종사자규모별,산업대분류별"
DT_1EP_3021,종사자규모별 성별 일자리,101074,101,년,2016,2022,,,"성별,일자리","종사자규모별,성별"
DT_1EP_3022,종사자규모별 연령대별 일자리,101074,101,년,2016,2022,,,일자리,"종사자규모별,연령대별"
DT_1EP_3023,종사자규모별 근속기간별 일자리,101074,101,년,2016,2022,,,"종사자규모,근속기간,일자리","종사자규모별,근속기간별"
DT_1EP_3024,성별 산업대분류별 일자리,101074,101,년,2016,2022,,,일자리,"성별,산업대분류별"
DT_1EP_3025,성별 연령대별 일자리,101074,101,년,2016,2022,,,일자리,"성별,연령대별"
DT_1EP_3026,성별 근속기간별 일자리,101074,101,년,2016,2022,,,일자리,"성별,근속기간별"
DT_1EP_3027,성별 종사상지위별 일자리,101074,101,년,2016,2022,,,일자리,성별
DT_1EP_3028,연령대별 산업대분류별 일자리,101074,101,년,2016,2022,,,일자리,"연령대별,산업대분류별"
DT_1EP_3029,연령대별 종사상지위별 일자리,101074,101,년,2016,2022,,,일자리,"연령대별,종사상지위별"
DT_1EP_3030,근속기간별 산업대분류별 일자리,101074,101,년,2016,2022,,,일자리,"근속기간별,산업대분류별"
DT_1EP_3031,종사상지위별 산업대분류별 일자리,101074,101,년,2016,2022,,,일자리,"종사상지위별,산업대분류별"
DT_1EP_3032,종사상지위별 근속기간별 일자리,101074,101,년,2016,2022,,,일자리,"종사상지위별,근속기간별"
DT_1EP_3033,종사상지위별 성별 연령별 일자리,101074,101,년,2016,2022,,,일자리,"종사상지위별,성별,연령별"
DT_1EP_3034,종사상지위별 성별 근속기간별 일자리,101074,101,년,2016,2022,,,일자리,"성별,근속기간별"
DT_1EP_3035,(장애인) 성별 연령대별 일자리,101074,101,년,2018,2022,,,일자리,"성별,연령대별"
DT_1EP_7001,공공부문별 일자리형태별 일자리,101074,101,년,2016,2022,,,일자리,"공공부문별,일자리형태별"
DT_1EP_7002,공공부문별 일자리형태별 성별 일자리,101074,101,년,2016,2022,,,일자리,"공공부문별,일자리형태별,성별"
DT_1EP_7003,연령별 일자리형태별 일자리,101074,101,년,2016,2022,,,일자리,"연령별,일자리형태별"
DT_1EP_7004,근속기간별 성별 일자리,101074,101,년,2016,2022,,,일자리,"근속기간별,성별"
DT_1EP_7005,근속기간별 일자리형태별 일자리,101074,101,년,2016,2022,,,일자리,"근속기간별,일자리형태별"
DT_1EP_7006,산업대분류별 일자리형태별 일자리,101074,101,년,2016,2022,,,일자리,"산업대분류별,일자리형태별"
DT_1EP_7007,일반정부기능분류별 일자리형태별 일자리,101074,101,년,2016,2022,,,일자리,"일반정부기능분류별,일자리형태별"
DT_1EP_7008,정부기관 일자리형태별 일자리,101074,101,년,2016,2022,,,일자리,일자리형태별
DT_1EP_7009,정부기관 성별 일자리,101074,101,년,2016,2022,,,일자리,성별
DT_1EP_7010,정부기관 연령별 일자리,101074,101,년,2016,2022,,,일자리,연령별
DT_1EP_7011,정부기관 근속기간별 일자리,101074,101,년,2016,2022,,,일자리,근속기간별
DT_1EP_7012,기업 특성 변화별 일자리,101074,101,년,2016,2022,,,일자리,기업특성별
DT_1PB_1001,개인사업자의 대출 총괄,101074,101,년,2017,2022,,,대출,대출자직업및산업별
DT_1PB_1002,개인사업자의 성별 대출,101074,101,년,2017,2022,,,"성별,대출",성별별
DT_1PB_1003,개인사업자의 연령별 대출,101074,101,년,2017,2022,,,대출,연령별
DT_1PB_1004,개인사업자의 산업별 대출,101074,101,년,2017,2022,,,대출,산업별
DT_1PB_1005,개인사업자의 매출액별 대출,101074,101,년,2017,2022,,,"개인사업자,매출액,대출",매출액별
DT_1PB_1006,개인사업자의 사업기간별 대출,101074,101,년,2017,2022,,,"개인사업자,대출",사업기간별
DT_1PB_1007,개인사업자의 종사자 유무별 대출,101074,101,년,2017,2022,,,"종사자,대출",종사자유무별
DT_1PB_1008,개인사업자의 대출잔액별 대출,101074,101,년,2017,2022,,,"대출잔액,개인사업자",대출잔액별
DT_1PB_1011,개인사업자의 연체율 총괄,101074,101,년,2017,2022,,,"개인사업자,연체율",연체율별
DT_1PB_1012,개인사업자의 성별 대출 연체율,101074,101,년,2017,2022,,,"성별,대출연체율",성별
DT_1PB_1013,개인사업자의 연령별 대출 연체율,101074,101,년,2017,2022,,,대출연체율,연령별
DT_1PB_1014,개인사업자의 산업별 대출 연체율,101074,101,년,2017,2022,,,대출연체율,산업별
DT_1PB_1015,개인사업자의 매출액별 대출 연체율,101074,101,년,2017,2022,,,"개인사업자,매출액,대출,연체율",매출액별
DT_1PB_1016,개인사업자의 사업기간별 대출 연체율,101074,101,년,2017,2022,,,대출연체율,사업기간별
DT_1PB_1017,개인사업자의 종사자 유무별 대출 연체율,101074,101,년,2017,2022,,,"대출연체율,종사자",종사자유무별
DT_1PB_1018,개인사업자의 대출잔액별 대출 연체율,101074,101,년,2017,2022,,,"대출잔액,대출연체율",대출잔액별
DT_1BE0001,산업별(9차) 주요지표,101077,101,년,2010,2015,,,주요지표,산업별
DT_1BE0002,종사자규모별 주요지표,101077,101,년,2010,2015,,,종사자규모별주요지표,종사자규모별
DT_1BE0003,"매출액규모별 자산,부채,자본",101077,101,년,2010,2015,,,"자산,부채,자본",매출액규모별
DT_1BE0004,"자산규모별 매출액,영업손익,당기순손익",101077,101,년,2010,2015,,,"매출액,영업손익,당기순손익",자산규모별
DT_1BE0005,"산업별(9차)/업력별 기업체수, 매출액, 총자산",101077,101,년,2013,2015,,,"기업체수,매출액,총자산","산업별,업력별"
DT_1BE0006,산업별(9차) 주요지표,101077,101,년,2014,2016,,,주요지표,산업별
DT_1BE0007,종사자규모별 주요지표,101077,101,년,2014,2019,,,"종사자규모,주요지표",종사자규모별
DT_1BE0008,매출액규모별 주요지표,101077,101,년,2014,2019,,,"매출액,주요지표",매출액규모별
DT_1BE0009,자산규모별 주요지표,101077,101,년,2014,2019,,,"자산규모,주요지표",자산규모별
DT_1BE0010,"산업별(9차)/업력별 기업체수, 매출액, 총자산",101077,101,년,2014,2016,,,"기업체수,매출액,총자산","산업별,업력별"
DT_1BE0011,"산업별(10차) 종사자수, 주요지표",101077,101,년,2015,2019,,,종사자수,산업별
DT_1BE0012,"산업별(10차)/업력별 기업체수, 매출액, 총자산",101077,101,년,2015,2019,,,"기업체수,매출액,총자산","산업별,업력별"
DT_2BE0001,"기업규모별(구기준)/산업별(9차) 기업체수,매출액,총자산",101077,101,년,2010,2014,,,"기업체수,매출액,총자산","기업규모별,산업별"
DT_2BE0002,"기업규모별(구기준)/종사자규모별 기업체수,매출액,총자산",101077,101,년,2010,2014,,,"기업체수,매출액,총자산","기업규모별,종사자규모별"
DT_2BE0003,"기업규모별(구기준)/매출액규모별 기업체수,총자산",101077,101,년,2010,2014,,,"기업체수,총자산","기업규모별,매출액규모별"
DT_2BE0004,"기업규모별(구기준)/자산규모별 기업체수,매출액",101077,101,년,2010,2014,,,"기업체수,매출액","기업규모별,자산규모별"
DT_2BE0005,"기업규모별(신기준)/산업별(9차) 기업체수, 매출액, 총자산",101077,101,년,2013,2015,,,"기업체수,매출액,총자산","기업규모별,산업별"
DT_2BE0006,"기업규모별(신기준)/종사자규모별 기업체수, 매출액, 총자산",101077,101,년,2013,2015,,,"기업체수,매출액,총자산","기업규모별,종사자규모별"
DT_2BE0007,"기업규모별(신기준)/매출액규모별 기업체수, 매출액, 총자산",101077,101,년,2013,2015,,,"기업체수,매출액,총자산","기업규모별,매출액규모별"
DT_2BE0008,"기업규모별(신기준)/자산규모별 기업체수, 매출액, 총자산",101077,101,년,2013,2015,,,"기업체수,매출액,총자산","기업규모별,자산규모별"
DT_2BE0009,"기업규모별(신기준)/업력별 기업체수, 매출액, 총자산",101077,101,년,2013,2015,,,"기업체수,매출액,총자산","기업규모별,업력별"
DT_2BE0010,"기업규모별(2016년기준 개편)/산업별(9차) 기업체수, 매출액, 총자산",101077,101,년,2015,2016,,,"기업체수,매출액,총자산","기업규모별,산업별"
DT_2BE0011,"기업규모(2016년기준 개편)/종사자규모별 기업체수, 매출액, 총자산",101077,101,년,2015,2019,,,"기업체수,매출액,총자산",종사자규모별
DT_2BE0012,"기업규모(2016년 기준 개편)/매출액규모별 기업체수, 총자산",101077,101,년,2015,2019,,,"기업체수,총자산",매출액규모별
DT_2BE0013,"기업규모(2016년기준 개편)/자산규모별 기업체수, 매출액",101077,101,년,2015,2019,,,"기업체수,매출액",자산규모별
DT_2BE0014,"기업규모(2016년기준 개편)/업력별 기업체수, 매출액, 총자산",101077,101,년,2015,2019,,,"기업체수,매출액,총자산",업력별
DT_2BE0015,"기업규모(2016년기준 개편)/산업별(10차) 기업체수, 종사자수, 매출액, 총자산",101077,101,년,2015,2019,,,"기업체수,종사자수,매출액,총자산",산업별
DT_3BE0001,"기업집단별/산업별(9차) 기업체수,매출액,총자산",101077,101,년,2010,2015,,,"기업체수,매출액,총자산","기업집단별,산업별"
DT_3BE0002,"기업집단별/종사자규모별 기업체수,매출액,총자산",101077,101,년,2010,2015,,,"기업체수,매출액,총자산","기업집단별,종사자규모별"
DT_3BE0003,"기업집단별/매출액규모별 기업체수,총자산",101077,101,년,2010,2015,,,"기업체수,총자산","기업집단별,매출액규모별"
DT_3BE0004,"기업집단별/자산규모별 기업체수,매출액",101077,101,년,2010,2015,,,"기업체수,매출액","기업집단별,자산규모별"
DT_4BE0001,"사업형태별/산업별(9차) 기업체수,매출액,총자산",101077,101,년,2010,2015,,,"기업체수,매출액,총자산","사업형태별,산업별"
DT_4BE0002,"사업형태별/종사자규모별 기업체수,매출액,총자산",101077,101,년,2010,2015,,,"기업체수,매출액,총자산","사업형태별,종사자규모별"
DT_4BE0003,"사업형태별/매출액규모별 기업체수,총자산",101077,101,년,2010,2015,,,"기업체수,총자산","사업형태별,매출액규모별"
DT_4BE0004,"사업형태별/산업별(9차) 기업체수, 매출액, 총자산",101077,101,년,2014,2016,,,"기업체수,매출액,총자산","사업형태별,산업별"
DT_4BE0005,"사업형태별/종사자규모별 기업체수, 매출액, 총자산",101077,101,년,2014,2019,,,"기업체수,매출액,총자산","사업형태별,종사자규모별"
DT_4BE0006,"사업형태별/매출액규모별 기업체수, 총자산",101077,101,년,2014,2019,,,"기업체수,총자산","사업형태별,매출액규모별"
DT_4BE0007,"사업형태별/ 산업별(10차) 기업체수, 매출액, 총자산",101077,101,년,2015,2019,,,"기업체수,매출액,총자산","사업형태별,산업별"
DT_5BE0001,"기업규모별(구기준)/산업별(9차) 활동유형,소속사업장수",101077,101,년,2010,2014,,,"활동유형,소속사업장수","기업규모별,산업별"
DT_5BE0002,"기업규모별(신기준)/산업별(9차) 활동유형,소속사업장수",101077,101,년,2013,2015,,,"활동유형,소속사업장수","기업규모별,산업별"
DT_5BE0003,"기업규모별(2016년기준 개편)/산업별(9차) 활동유형, 소속사업장수",101077,101,년,2014,2016,,,"활동유형,소속사업장수","기업규모별,산업별"
DT_5BE0004,"기업규모별(2016년기준 개편)/산업별(10차) 활동유형, 소속사업장수",101077,101,년,2015,2019,,,"활동유형,소속사업장수","기업규모별,산업별"
DT_1BD0001,산업별 기업수 (활동/신생/소멸),101078,101,년,2006,2016,,,기업수,산업별
DT_1BD0002,산업별 대표자 성·연령별 종사자수 (활동/신생/소멸),101078,101,년,2011,2016,,,"대표자,종사자수","산업별,성연령별"
DT_1BD0003,산업별 종사자 규모별 기업수(활동/신생/소멸),101078,101,년,2006,2016,,,종사자규모별기업수,"산업별,활동기업수별,신생기업수별,소멸기업수별"
DT_1BD0004,산업별 대표자 성·연령별 기업수(활동/신생/소멸),101078,101,년,2011,2016,,,"대표자,기업수","산업별,활동신생소멸별,성연령별"
DT_1BD0006,산업별 조직형태별 기업수(활동/신생/소멸),101078,101,년,2006,2016,,,기업수,"산업별,조직형태별"
DT_1BD0007,산업별 지역별 기업수(활동/신생/소멸),101078,101,년,2006,2016,,,기업수,"산업별,행정구역별"
DT_1BD0008,산업별 매출액 규모별 기업수(활동/신생/소멸),101078,101,년,2012,2016,,,기업수,"산업별,활동신생소멸별"
DT_1BD0009,산업별 종사자수(활동/신생/소멸),101078,101,년,2012,2016,,,종사자수,산업별
DT_1BD0010,산업별 종사자 규모별 종사자수(활동/신생/소멸),101078,101,년,2012,2016,,,종사자수,"산업별,규모별"
DT_1BD0011,산업별 매출액 규모별 종사자수(활동/신생/소멸),101078,101,년,2013,2016,,,"매출액,종사자수","산업별,매출액규모별"
DT_1BD0012,매출액 규모별/조직형태별 기업수(활동/신생/소멸),101078,101,년,2011,2016,,,기업수,"규모별,조직형태별"
DT_1BD0013,종사자 규모별/조직형태별 기업수(활동/신생/소멸),101078,101,년,2011,2016,,,기업수,"종사자규모별,조직형태별"
DT_1BD0014,대표자 성·연령별/조직형태별 기업수(활동/신생/소멸),101078,101,년,2011,2016,,,기업수,"대표자성연령별,조직형태별"
DT_1BD0015,지역별/조직형태별 기업수(활동/신생/소멸),101078,101,년,2011,2016,,,기업수,"지역별,조직형태별"
DT_1BD0016,산업별 지역별 종사자수(활동/신생/소멸),101078,101,년,2011,2016,,,종사자수,"산업별,행정구역별"
DT_1BD0017,산업별 조직형태별 종사자수(활동/신생/소멸),101078,101,년,2011,2016,,,종사자수,"산업별,조직형태별"
DT_1BD0018,매출액 규모별/조직형태별 종사자수(활동/신생/소멸),101078,101,년,2011,2016,,,종사자수,"규모별,조직형태별"
DT_1BD0019,종사자 규모별/조직형태별 종사자수(활동/신생/소멸),101078,101,년,2011,2016,,,종사자수,"종사자규모별,조직형태별"
DT_1BD0020,대표자 성·연령별/조직형태별 종사자수(활동/신생/소멸),101078,101,년,2011,2016,,,종사자수,"대표자성연령별,조직형태별"
DT_1BD0021,지역별/조직형태별 종사자수(활동/신생/소멸),101078,101,년,2011,2016,,,종사자수,"지역별,조직형태별"
DT_1BD1001,산업별 기업수,101078,101,년,2011,2022,,,기업,산업별
DT_1BD1002,산업별 대표자 성·연령별 종사자수,101078,101,년,2011,2022,,,"대표자,종사자수","산업별,성별,연령별"
DT_1BD1003,산업별 종사자 규모별 기업수,101078,101,년,2011,2022,,,"종사자,기업수","산업별,종사자규모별"
DT_1BD1004,산업별 대표자 성·연령별 기업수,101078,101,년,2011,2022,,,"대표자,기업수","산업별,성연령별"
DT_1BD1006,산업별 조직형태별 기업수,101078,101,년,2011,2022,,,기업수,"산업별,조직형태별"
DT_1BD1007,시도별 산업중분류별 기업수,101078,101,년,2016,2022,,,기업수,"시도별,산업중분류별"
DT_1BD1008,산업별 매출액 규모별 기업수,101078,101,년,2011,2022,,,기업수,"산업별,매출액규모별"
DT_1BD1009,산업별 종사자수,101078,101,년,2011,2022,,,종사자수,산업별
DT_1BD1010,산업별 종사자 규모별 종사자수,101078,101,년,2011,2022,,,종사자수,"산업별,규모별"
DT_1BD1011,산업별 매출액 규모별 종사자수,101078,101,년,2011,2022,,,"매출액,종사자수","산업별,매출액규모별"
DT_1BD1012,매출액 규모별 조직형태별 기업수,101078,101,년,2011,2022,,,기업수,"매출액규모별,조직형태별"
DT_1BD1013,종사자 규모별 조직형태별 기업수,101078,101,년,2011,2022,,,조직형태별기업수,"종사자규모별,조직형태별"
DT_1BD1014,대표자 성·연령별 조직형태별 기업수,101078,101,년,2011,2022,,,기업수,"대표자성별,연령별,조직형태별"
DT_1BD1015,시도별 조직형태별 기업수,101078,101,년,2011,2022,,,기업수,"시도별,조직형태별"
DT_1BD1016,시도별 산업중분류별 종사자수,101078,101,년,2016,2022,,,종사자수,"시도별,산업중분류별"
DT_1BD1017,산업별 조직형태별 종사자수,101078,101,년,2011,2022,,,종사자수,"산업별,조직형태별"
DT_1BD1018,매출액 규모별 조직형태별 종사자수,101078,101,년,2011,2022,,,종사자수,"매출액규모별,조직형태별"
DT_1BD1019,종사자 규모별 조직형태별 종사자수,101078,101,년,2011,2022,,,조직형태별종사자수,"종사자규모별,조직형태별"
DT_1BD1020,대표자 성·연령별 조직형태별 종사자수,101078,101,년,2011,2022,,,조직형태별종사자수,"대표자성별,조직형태별"
DT_1BD1021,시도별 조직형태별 종사자수,101078,101,년,2011,2022,,,종사자수,"시도별,조직형태별"
DT_1BD1022,산업별 기업규모별 기업수,101078,101,년,2016,2022,,,기업수,"산업별,기업규모별"
DT_1BD1023,산업별 기업규모별 종사자수,101078,101,년,2016,2022,,,기업규모별종사자수,"산업별,기업규모별"
DT_1BD1024,산업별 업력별 기업수,101078,101,년,2016,2022,,,기업수,"산업별,업력별"
DT_1BD1029,산업별 업력별 종사자수,101078,101,년,2016,2022,,,종사자수,"산업별,업력별"
DT_1BD1030,시도별 산업대분류별 종사자규모별 기업 수,101078,101,년,2011,2022,,,기업수,"시도별,산업별,종사자규모별"
DT_1BD1031,시도별 산업대분류별 매출액규모별 기업 수,101078,101,년,2011,2022,,,기업수,"행정구역별,산업별,매출액규모별"
DT_1BD1032,시군구별 산업대분류별 기업 수,101078,101,년,2016,2022,,,기업수,"시군구별,산업대분류별"
DT_1BD1033,시도별 산업대분류별 종사자규모별 종사자 수,101078,101,년,2011,2022,,,종사자수,"시도별,산업별,종사자규모별"
DT_1BD1034,시도별 산업대분류별 매출액규모별 종사자 수,101078,101,년,2011,2022,,,종사자수,"행정구역별,산업별,매출액규모별"
DT_1BD1035,시군구별 산업대분류별 종사자 수,101078,101,년,2016,2022,,,종사자,"시군구별,산업대분류별"
DT_2BD0001,산업별 종사자 규모별 신생기업 생존율,101078,101,년,2008,2016,,,신생기업,"산업별,규모별"
DT_2BD0002,지역별 신생기업 생존율,101078,101,년,2008,2016,,,신생기업,지역별
DT_2BD0003,산업별 신생기업 생존율,101078,101,년,2008,2016,,,신생기업,산업별
DT_2BD0004,대표자 성·연령별 기업 생존율,101078,101,년,2008,2016,,,기업생존율,"대표자성별,연령별"
DT_2BD0005,산업별 조직형태별 신생기업 생존율,101078,101,년,2011,2016,,,신생기업,"산업별,조직형태별"
DT_2BD1001,산업별 종사자규모별 신생기업 생존율,101078,101,년,2012,2021,,,신생기업,"산업별,종사자규모별"
DT_2BD1002,시도별 신생기업 생존율,101078,101,년,2012,2021,,,신생기업,행정구역별
DT_2BD1003,산업별 신생기업 생존율,101078,101,년,2012,2021,,,신생기업,산업별
DT_2BD1004,대표자 성·연령별 신생기업 생존율,101078,101,년,2012,2021,,,신생기업,"대표자성별,연령별"
DT_2BD1005,산업별 조직형태별 신생기업 생존율,101078,101,년,2012,2021,,,신생기업,"산업별,조직형태별"
DT_3BD0001,산업별 20% 이상 고성장기업 및 가젤기업,101078,101,년,2009,2016,,,"고성장기업,가젤기업",산업별
DT_3BD0002,지역별 20% 이상 고성장기업 및 가젤기업,101078,101,년,2009,2016,,,기업,지역별
DT_3BD0003,산업별 10% 이상 고성장기업 및 가젤기업,101078,101,년,2011,2016,,,"고성장기업,가젤기업",산업별
DT_3BD0004,지역별 10% 이상 고성장기업 및 가젤기업,101078,101,년,2011,2016,,,"고성장기업,가젤기업",지역별
DT_3BD1001,산업별 20% 이상 고성장기업 및 가젤기업,101078,101,년,2011,2022,,,"고성장기업,가젤기업",산업별
DT_3BD1002,시도별 20% 이상 고성장기업 및 가젤기업,101078,101,년,2014,2022,,,"고성장기업,가젤기업",행정구역별
DT_3BD1003,산업별 10% 이상 고성장기업 및 가젤기업,101078,101,년,2011,2022,,,"고성장기업,가젤기업",산업별
DT_3BD1004,시도별 10% 이상 고성장기업 및 가젤기업,101078,101,년,2014,2022,,,"고성장기업,가젤기업",행정구역별
DT_4BD1001,산업별 장애인·비장애인 기업별 기업 수,101078,101,년,2016,2022,,,기업수,"산업별,기업별"
DT_4BD1002,매출액 규모별 장애인·비장애인 기업별 기업 수,101078,101,년,2016,2022,,,기업수,"매출액규모별,장애인비장애인기업별"
DT_4BD1003,종사자 규모별 장애인·비장애인 기업별 기업 수,101078,101,년,2016,2022,,,장애인과비장애인기업수,"종사자규모별,기업유형별"
DT_4BD1004,산업별 장애인·비장애인 기업별 종사자 수,101078,101,년,2016,2022,,,종사자수,"산업별,기업별"
DT_4BD1005,매출액 규모별 장애인·비장애인 기업별 종사자 수,101078,101,년,2016,2022,,,종사자수,"매출액규모별,장애인비장애인기업별"
DT_4BD1006,종사자 규모별 장애인·비장애인 기업별 종사자 수,101078,101,년,2016,2022,,,장애인과비장애인,"종사자규모별,기업별"
DT_4BD1007,산업별 장애인·비장애인 기업별 신생기업 생존율,101078,101,년,2017,2021,,,신생기업,"산업별,기업별"
DT_5BD1001,(상용근로자 1인 이상)산업별 기업수,101078,101,년,2011,2022,,,기업수,산업별
DT_5BD1002,(상용근로자 1인 이상)산업별 종사자수,101078,101,년,2011,2022,,,산업별종사자수,산업별
DT_5BD1003,(상용근로자 1인 이상)산업별 신생기업 생존 연수별 기업 수,101078,101,년,2012,2021,,,신생기업,"산업별,신생기업생존연수별"
DT_5BD1004,(상용근로자 1인 이상)산업별 신생기업 생존 연수별 종사자 수,101078,101,년,2012,2021,,,신생기업종사자수,"산업별,신생기업생존연수별"
DT_5BD1005,(상용근로자 1인 이상)산업별 신생기업 생존율,101078,101,년,2012,2021,,,신생기업,산업별
DT_1EI10122,"정곡(일반계, 20kg, 비추정평균가격), 월 2017.4 ~",101079,101,월,2017,2024,,,정곡,품목별
DT_1EI10179,"정곡(일반계, 20kg, 단순평균가격), 월 2013.7.~2022.12.",101079,101,월,2013,2022,,,정곡,품목별
DT_1OH0401,주택소재지별 주택수(가구단위),101080,101,년,2015,2022,,,"주택수,가구",주택소재지별
DT_1OH0402,거주지역별 주택소유 및 무주택 가구수,101080,101,년,2015,2022,,,"주택소유가구,무주택가구",거주지역별
DT_1OH0403,거주지역/가구주의 성/연령대별 주택소유 가구수,101080,101,년,2015,2022,,,가구,"거주지역별,가구주의성별,연령대별"
DT_1OH0404,거주지역/가구원수별 주택소유 가구수,101080,101,년,2015,2022,,,가구,"거주지역별,가구원수별"
DT_1OH0405,거주지역/세대구성별 주택소유 가구수,101080,101,년,2015,2022,,,주택소유가구수,"거주지역별,세대구성별"
DT_1OH0406,주택소유물건수별 주택소유 가구수,101080,101,년,2015,2022,,,주택소유가구수,주택소유물건수별
DT_1OH0407,거주지역/주택소유물건수별 주택소유 가구수,101080,101,년,2015,2022,,,주택소유가구수,"거주지역별,주택소유물건수별"
DT_1OH0408,주택소유지분별 주택소유 가구수,101080,101,년,2015,2022,,,주택소유가구수,주택소유지분별
DT_1OH0409,거주지역/주택소유지분별 주택소유 가구수,101080,101,년,2015,2022,,,주택소유가구수,"거주지역별,주택소유지분별"
DT_1OH0410,거주지역/주택자산가액별 주택소유 가구수 및 주택수,101080,101,년,2015,2022,,,"주택소유가구수,주택수","거주지역,주택자산가액별"
DT_1OH0411,주택자산가액기준 10분위별 주택소유가구 기본현황,101080,101,년,2015,2022,,,주택소유가구,10분위별
DT_1OH0412,주택자산가액기준 10분위/거주지역별 주택소유 가구수 비율,101080,101,년,2015,2022,,,주택소유가구수,거주지역별
DT_1OH0413,주택자산가액기준 10분위/가구주의 성별 주택소유 가구수 비율,101080,101,년,2015,2022,,,"가구주의성별,가구,주택소유가구수",성별
DT_1OH0414,주택자산가액기준 10분위/가구주의 연령대별 주택소유 가구수 비율,101080,101,년,2015,2022,,,주택소유가구수,가구주의연령대별
DT_1OH0415,거주지역/가구주의 성/연령대별 아파트소유 가구수,101080,101,년,2015,2022,,,아파트소유가구수,"거주지역별,가구주의성별,연령대별"
DT_1OH0416,거주지역/가구원수별 아파트소유 가구수,101080,101,년,2015,2022,,,아파트소유가구수,"거주지역별,가구원수별"
DT_1OH0417,거주지역/세대구성별 아파트소유 가구수,101080,101,년,2015,2022,,,아파트소유가구수,"거주지역별,세대구성별"
DT_1OH0418,거주지역/가구주의 성/연령대별 무주택 가구수,101080,101,년,2015,2022,,,가구,"거주지역별,가구주의성별,연령대별"
DT_1OH0419,거주지역/가구원수별 무주택 가구수,101080,101,년,2015,2022,,,"가구원수,가구","거주지역별,가구원수별"
DT_1OH0420,거주지역/세대구성별 무주택 가구수,101080,101,년,2015,2022,,,무주택가구수,"거주지역별,세대구성별"
DT_1OH0421,(장애인) 거주지역별 주택소유 및 무주택 가구수,101080,101,년,2018,2022,,,"주택,가구",거주지역별
DT_1OH0422,(장애인) 가구주의 연령별 주택소유 가구수,101080,101,년,2018,2022,,,"가구주,가구수",가구주의연령별
DT_1OH0501,주택소재지별 주택수(개인단위),101080,101,년,2012,2022,,,주택수,주택소재지별
DT_1OH0502,주택소유자수별 주택수(단독 및 공동 소유),101080,101,년,2012,2022,,,"주택소유자수,주택수",주택소유자수별
DT_1OH0503,주택소재지/거주지역별 주택수(관내인 및 외지인 소유),101080,101,년,2016,2022,,,주택수,거주지역별
DT_1OH0504,거주지역/성/연령대별 주택소유자수,101080,101,년,2012,2022,,,주택소유자수,"거주지역별,성별,연령대별"
DT_1OH0505,주택 소유물건수/성별 주택소유자수,101080,101,년,2012,2022,,,"주택소유물건수,주택소유자수",성별
DT_1OH0506,거주지역/주택 소유물건수별 주택소유자수,101080,101,년,2012,2022,,,주택소유자수,"거주지역별,주택소유물건수별"
DT_1OH0507,주택소유지분/성별 주택소유자수,101080,101,년,2012,2022,,,주택소유자수,성별
DT_1OH0508,거주지역/주택소유지분별 주택소유자수,101080,101,년,2012,2022,,,주택소유자수,"거주지역별,주택소유지분별"
DT_1OH0509,주택면적/연령대별 주택소유자수,101080,101,년,2016,2022,,,"주택면적,주택소유자수",연령대별
DT_1OH0510,주택자산가액/연령대별 주택소유자수,101080,101,년,2016,2022,,,"주택자산가액,주택소유자수",연령대별
DT_1OH0511,거주지역별 1인당 평균 소유 주택수,101080,101,년,2015,2022,,,평균소유주택수,거주지역별
DT_1OH0512,주택소재지기준 소유자 거주지역 비율,101080,101,년,2015,2022,,,"소유자,거주지역",거주지역별
DT_1OH0513,거주지역/성/연령대별 아파트소유자수,101080,101,년,2012,2022,,,아파트소유자수,"거주지역별,성별,연령대별"
DT_1OH0514,주택 소유물건수/성별 아파트소유자수,101080,101,년,2012,2022,,,"주택,아파트소유자",성별
DT_1OH0515,주택소유지분/성별 아파트소유자수,101080,101,년,2012,2022,,,아파트소유자수,성별
DT_1OH0516,(장애인) 성/연령대별 주택소유자수,101080,101,년,2018,2022,,,주택소유자수,"성별,연령대별"
DT_1OH0517,(장애인) 거주지역/성별 주택소유자수,101080,101,년,2018,2022,,,주택소유자수,"거주지역별,성별"
DT_1AEA8001,산업 및 가계별 대기배출량 (온실가스),101081,101,년,2005,2015,,,대기배출량,산업및가계별
DT_1AEA8002,산업 및 가계별 대기배출량 (대기오염),101081,101,년,2005,2015,,,대기배출량,산업및가계별
DT_1AEA8003,수송부문 대기배출량 (온실가스),101081,101,년,2005,2015,,,대기배출량,
DT_1AEA8004,수송부문 대기배출량 (대기오염),101081,101,년,2005,2015,,,수송부문대기배출량,
DT_1AEA8005,가계부문 대기배출량 (온실가스),101081,101,년,2005,2015,,,대기배출량,
DT_1AEA8006,가계부문 대기배출량 (대기오염),101081,101,년,2005,2015,,,가계부문대기배출량,
DT_1AEA8007,연도별 대기배출량 (온실가스),101081,101,년,2005,2015,,,대기배출량,연도별
DT_1AEA8008,연도별 대기배출량 (대기오염),101081,101,년,2005,2015,,,대기배출량,연도별
DT_1NW1001,시도별 신혼부부 총괄,101082,101,년,2015,2022,,,신혼부부,행정구역별
DT_1NW1002,시도별 혼인연차별 신혼부부 수,101082,101,년,2015,2022,,,혼인연차별신혼부부수,"시도별,혼인연차별"
DT_1NW1003,신혼부부 특성별 혼인종류별 신혼부부 수,101082,101,년,2015,2022,,,신혼부부,신혼부부별
DT_1NW1004,혼인연차별 혼인연령별 신혼부부 수,101082,101,년,2015,2022,,,신혼부부수,혼인연령별
DT_1NW1005,신혼부부 특성별 혼인종류별 평균 혼인연령,101082,101,년,2015,2022,,,"신혼부부,혼인연령","신혼부부별,혼인종류별"
DT_1NW1006,신혼부부 특성별 혼인연령차별 신혼부부 수,101082,101,년,2015,2022,,,신혼부부수,특성별
DT_1NW1007,시도별 직업별 신혼부부 수,101082,101,년,2015,2022,,,신혼부부,"시도별,직업별"
DT_1NW1008,시도별 교육정도별 신혼부부 수,101082,101,년,2015,2022,,,신혼부부,"시도별,교육정도별"
DT_1NW1009,혼인연차별 교육정도별 신혼부부 수,101082,101,년,2015,2022,,,신혼부부수,"혼인연차별,교육정도별"
DT_1NW1010,시도별 다문화혼인별 신혼부부 수,101082,101,년,2015,2022,,,다문화혼인별신혼부부수,"시도별,다문화혼인별"
DT_1NW1011,다문화 신혼부부의 성별 출신국적 현황,101082,101,년,2015,2022,,,신혼부부,성별
DT_1NW1012,혼인연령별 다문화 신혼부부 수,101082,101,년,2015,2022,,,다문화신혼부부,혼인연령별
DT_1NW1013,주요 국적 순위별 출산자녀수별 다문화 신혼부부 수,101082,101,년,2015,2022,,,"출산자녀수,다문화신혼부부","국적별,자녀수별"
DT_1NW1014,신혼부부 특성별 동일거처 거주여부별 신혼부부 수,101082,101,년,2015,2022,,,신혼부부,"특성별,동일거처거주여부별"
DT_1NW1015,거처가 다른 경우 지역별 신혼부부 수,101082,101,년,2015,2022,,,신혼부부,지역별
DT_1NW1016,신혼부부 특성별 세대구성별 신혼부부 수,101082,101,년,2015,2022,,,신혼부부,"특성별,세대구성별"
DT_1NW1017,신혼부부 특성별 가구원수별 신혼부부 수,101082,101,년,2015,2022,,,"신혼부부,가구원수","특성별,가구원수별"
DT_1NW1018,신혼부부 특성별 출산자녀수별 신혼부부 수,101082,101,년,2015,2022,,,"신혼부부,출산자녀수","특성별,출산자녀수별"
DT_1NW1019,신혼부부의 소득(근로.사업소득) 구간별 출산자녀 현황,101082,101,년,2015,2022,,,"신혼부부,출산자녀","출산자녀현황별,신혼부부소득구간별"
DT_1NW1020,신혼부부 특성별 평균 출생아 수,101082,101,년,2015,2022,,,출생아수,신혼부부별
DT_1NW1021,신혼부부 특성별 첫째자녀의 출산 소요기간별 신혼부부 수,101082,101,년,2015,2022,,,"신혼부부,첫째자녀,신혼부부","특성별,소요기간별"
DT_1NW1022,신혼부부 특성별 첫째자녀의 평균 출산 소요기간,101082,101,년,2015,2022,,,"신혼부부,첫째자녀",신혼부부특성별
DT_1NW1023,신혼부부 특성별 첫째출산 후 둘째자녀 사이의 출산 소요기간별 신혼부부 수,101082,101,년,2015,2022,,,신혼부부,"특성별,출산소요기간별"
DT_1NW1024,신혼부부 특성별 첫째출산 후 둘째자녀 사이의 평균 출산 소요기간,101082,101,년,2015,2022,,,"신혼부부,첫째출산,둘째자녀",특성별
DT_1NW1025,신혼부부 특성별 보육형태별 영유아 수,101082,101,년,2015,2022,,,영유아,"신혼부부특성별,보육형태별"
DT_1NW1026,신혼부부 특성별 맞벌이여부별 신혼부부 수,101082,101,년,2015,2022,,,신혼부부,"특성별,맞벌이여부별"
DT_1NW1027,신혼부부 특성별 소득(근로·사업소득) 현황,101082,101,년,2015,2022,,,소득,특성별
DT_1NW1028,신혼부부 특성별 거처종류별 신혼부부 수,101082,101,년,2015,2022,,,신혼부부,"신혼부부특성별,거처종류별"
DT_1NW1029,신혼부부 특성별 주택소유물건수별 신혼부부 수,101082,101,년,2015,2022,,,"신혼부부,주택소유물건수","특성별,주택소유물건수별"
DT_1NW1030,신혼부부 특성별 소유주택 명의별 주택 수,101082,101,년,2015,2022,,,"소유주택,주택수","소유주택명의별,특성별"
DT_1NW1031,신혼부부 특성별 주택자산 가액별 신혼부부 수,101082,101,년,2015,2022,,,신혼부부,"특성별,주택자산가액별"
DT_1NW1032,신혼부부의 시도별 국내이동 현황 (1년전 거주지와 비교),101082,101,년,2016,2022,,,신혼부부,행정구역별
DT_1NW1033,다른 시도로 이동한 신혼부부의 지역별 이동현황 (1년전 거주지와 비교),101082,101,년,2016,2022,,,신혼부부,지역별
DT_1NW1034,시도별 신혼부부 특성별 출산자녀 현황,101082,101,년,2015,2022,,,"신혼부부,출산자녀","행정구역별,특성별"
DT_1NW1035,신혼부부 특성별 금융권 대출잔액 현황,101082,101,년,2016,2022,,,금융권대출잔액,신혼부부특성별
DT_1NW1036,소득(근로·사업소득) 구간과 금융권 대출잔액 구간별 신혼부부 분포,101082,101,년,2017,2022,,,신혼부부,"소득구간별,금융권대출잔액구간별"
DT_1NW1037,시군구별 신혼부부 수,101082,101,년,2015,2022,,,신혼부부,행정구역별
DT_1NW2001,시도별 혼인연차별 초혼 신혼부부 수,101082,101,년,2015,2022,,,혼인연차별초혼신혼부부수,"시도별,혼인연차별"
DT_1NW2002,혼인연차별 혼인연령별 초혼 신혼부부 수,101082,101,년,2015,2022,,,혼인연차별초혼신혼부부,"혼인연령별,혼인연차별"
DT_1NW2003,초혼 신혼부부 특성별 혼인연령차별 신혼부부 수,101082,101,년,2015,2022,,,신혼부부,특성별
DT_1NW2004,시도별 직업별 초혼 신혼부부 수,101082,101,년,2015,2022,,,신혼부부,"시도별,직업별"
DT_1NW2005,시도별 교육정도별 초혼 신혼부부 수,101082,101,년,2015,2022,,,초혼신혼부부,"시도별,교육정도별"
DT_1NW2006,혼인연차별 교육정도별 초혼 신혼부부 수,101082,101,년,2015,2022,,,"교육정도,혼인연차,초혼신혼부부수","혼인연차별,교육정도별"
DT_1NW2007,시도별 다문화혼인별 초혼 신혼부부 수,101082,101,년,2015,2022,,,다문화혼인별초혼신혼부부수,"시도별,다문화혼인별"
DT_1NW2008,다문화 초혼 신혼부부의 성별 출신국적 현황,101082,101,년,2015,2022,,,"성별,출신국적","성별,출신국적별"
DT_1NW2009,혼인연령별 다문화 초혼 신혼부부 수,101082,101,년,2015,2022,,,다문화초혼신혼부부,혼인연령별
DT_1NW2010,주요 국적 순위별 출산자녀수별 다문화 초혼 신혼부부 수,101082,101,년,2015,2022,,,"출산자녀수,다문화초혼신혼부부","국적별,출산자녀수별"
DT_1NW2011,초혼 신혼부부 특성별 동일거처 거주여부별 신혼부부 수,101082,101,년,2015,2022,,,신혼부부,"특성별,동일거처거주여부별"
DT_1NW2012,거처가 다른 경우 지역별 초혼 신혼부부 수,101082,101,년,2015,2022,,,신혼부부,지역별
DT_1NW2013,초혼 신혼부부 특성별 세대구성별 신혼부부 수,101082,101,년,2015,2022,,,신혼부부,"특성별,세대구성별"
DT_1NW2014,초혼 신혼부부 특성별 가구원수별 신혼부부 수,101082,101,년,2015,2022,,,신혼부부,"특성별,가구원수별"
DT_1NW2015,초혼 신혼부부 특성별 출산자녀수별 신혼부부 수,101082,101,년,2015,2022,,,신혼부부,"특성별,출산자녀수별"
DT_1NW2016,초혼 신혼부부의 소득(근로.사업소득) 구간별 출산자녀 현황,101082,101,년,2015,2022,,,"출산자녀,소득","소득,근로사업소득구간별"
DT_1NW2017,초혼 신혼부부 특성별 평균 출생아 수,101082,101,년,2015,2022,,,출생아수,특성별
DT_1NW2018,초혼 신혼부부 특성별 첫째자녀의 출산 소요기간별 신혼부부 수,101082,101,년,2015,2022,,,신혼부부,"특성별,출산소요기간별"
DT_1NW2019,초혼 신혼부부 특성별 첫째자녀의 평균 출산 소요기간,101082,101,년,2015,2022,,,"신혼부부,자녀",특성별
DT_1NW2020,초혼 신혼부부 특성별 첫째출산 후 둘째자녀 사이의 출산 소요기간별 신혼부부수,101082,101,년,2015,2022,,,신혼부부수,"특성별,출산소요기간별"
DT_1NW2021,초혼 신혼부부 특성별 첫째출산 후 둘째자녀 사이의 평균 출산 소요기간,101082,101,년,2015,2022,,,"신혼부부,자녀",특성별
DT_1NW2022,초혼 신혼부부 특성별 보육형태별 영유아 수,101082,101,년,2015,2022,,,"신혼부부,영유아","특성별,보육형태별"
DT_1NW2023,초혼 신혼부부 특성별 맞벌이여부별 신혼부부 수,101082,101,년,2015,2022,,,신혼부부,"특성별,맞벌이여부별"
DT_1NW2024,초혼 신혼부부 특성별 소득(근로·사업소득) 현황,101082,101,년,2015,2022,,,"신혼부부,소득",특성별
DT_1NW2025,초혼 신혼부부 특성별 거처종류별 신혼부부 수,101082,101,년,2015,2022,,,신혼부부,"특성별,거처종류별"
DT_1NW2026,초혼 신혼부부 특성별 주택소유물건수별 신혼부부 수,101082,101,년,2015,2022,,,신혼부부,"특성별,주택소유물건수별"
DT_1NW2027,초혼 신혼부부 특성별 소유주택 명의별 주택 수,101082,101,년,2015,2022,,,"소유주택,주택수","특성별,명의별"
DT_1NW2028,초혼 신혼부부 특성별 주택자산 가액별 신혼부부 수,101082,101,년,2015,2022,,,신혼부부,"특성별,주택자산가액별"
DT_1NW2029,초혼 신혼부부의 시도별 국내이동 현황 (1년전 거주지와 비교),101082,101,년,2016,2022,,,신혼부부,행정구역별
DT_1NW2030,다른 시도로 이동한 초혼 신혼부부의 지역별 이동현황 (1년전 거주지와 비교),101082,101,년,2016,2022,,,신혼부부,지역별
DT_1NW2031,시도별 초혼 신혼부부 특성별 출산자녀 현황,101082,101,년,2015,2022,,,"초혼신혼부부,출산자녀","행정구역별,특성별"
DT_1NW2032,초혼 신혼부부 특성별 금융권 대출잔액 현황,101082,101,년,2016,2022,,,"신혼부부,금융권대출잔액",특성별
DT_1NW2033,소득(근로·사업소득) 구간과 금융권 대출잔액 구간별 초혼 신혼부부 분포,101082,101,년,2017,2022,,,"소득,금융권대출잔액,초혼신혼부부","소득구간별,금융권대출잔액구간별"
DT_1NW2034,시도별 초혼 신혼부부 총괄,101082,101,년,2015,2022,,,초혼신혼부부,행정구역별
DT_1NW2035,시군구별 초혼 신혼부부 수,101082,101,년,2015,2022,,,초혼신혼부부,행정구역별
DT_1NW3001,시도별 혼인연차별 재혼 신혼부부 수,101082,101,년,2015,2022,,,혼인연차별재혼신혼부부수,"시도별,혼인연차별"
DT_1NW3002,혼인연차별 혼인연령별 재혼 신혼부부 수,101082,101,년,2015,2022,,,재혼신혼부부수,"혼인연령별,혼인연차별"
DT_1NW3003,재혼 신혼부부 특성별 혼인연령차별 신혼부부 수,101082,101,년,2015,2022,,,신혼부부,특성별
DT_1NW3004,시도별 직업별 재혼 신혼부부 수,101082,101,년,2015,2022,,,재혼신혼부부,"시도별,직업별"
DT_1NW3005,시도별 교육정도별 재혼 신혼부부 수,101082,101,년,2015,2022,,,재혼신혼부부수,"시도별,교육정도별"
DT_1NW3006,혼인연차별 교육정도별 재혼 신혼부부 수,101082,101,년,2015,2022,,,재혼신혼부부수,"혼인연차별,교육정도별"
DT_1NW3007,시도별 다문화혼인별 재혼 신혼부부 수,101082,101,년,2015,2022,,,다문화혼인재혼신혼부부,"시도별,다문화혼인별"
DT_1NW3008,다문화 재혼 신혼부부의 성별 출신국적 현황,101082,101,년,2015,2022,,,"성별,출신국적","성별별,출신국적별"
DT_1NW3009,혼인연령별 다문화 재혼 신혼부부 수,101082,101,년,2015,2022,,,다문화재혼신혼부부,혼인연령별
DT_1NW3010,주요 국적 순위별 출산자녀수별 다문화 재혼 신혼부부 수,101082,101,년,2015,2022,,,"출산자녀수,다문화재혼신혼부부","국적별,출산자녀수별"
DT_1NW3011,재혼 신혼부부 특성별 동일거처 거주여부별 신혼부부 수,101082,101,년,2015,2022,,,"재혼신혼부부,신혼부부","특성별,동일거처거주여부별"
DT_1NW3012,거처가 다른 경우 지역별 재혼 신혼부부 수,101082,101,년,2015,2022,,,재혼신혼부부수,지역별
DT_1NW3013,신혼부부 특성별 세대구성별 재혼 신혼부부 수,101082,101,년,2015,2022,,,재혼신혼부부,"신혼부부별,세대구성별"
DT_1NW3014,재혼 신혼부부 특성별 가구원수별 신혼부부 수,101082,101,년,2015,2022,,,신혼부부,"특성별,가구원수별"
DT_1NW3015,재혼 신혼부부 특성별 출산자녀수별 신혼부부 수,101082,101,년,2015,2022,,,신혼부부,"특성별,출산자녀수별"
DT_1NW3016,재혼 신혼부부 소득(근로.사업소득) 구간별 출산자녀 현황,101082,101,년,2015,2022,,,"재혼신혼부부,출산자녀","소득,근로사업구간별"
DT_1NW3017,재혼 신혼부부 특성별 평균 출생아 수,101082,101,년,2015,2022,,,"신혼부부,출생아수",특성별
DT_1NW3018,재혼 신혼부부 특성별 첫째자녀의 출산 소요기간별 신혼부부 수,101082,101,년,2015,2022,,,신혼부부,"특성별,소요기간별"
DT_1NW3019,재혼 신혼부부 특성별 첫째자녀의 평균 출산 소요기간,101082,101,년,2015,2022,,,"재혼신혼부부,첫째자녀",특성별
DT_1NW3020,재혼 신혼부부 특성별 첫째출산 후 둘째자녀 사이의 출산 소요기간별 신혼부부 수,101082,101,년,2015,2022,,,신혼부부,"특성별,출산소요기간별"
DT_1NW3021,재혼 신혼부부 특성별 첫째출산 후 둘째자녀 사이의 평균 출산 소요기간,101082,101,년,2015,2022,,,"재혼신혼부부,첫째출산,둘째자녀",특성별
DT_1NW3022,재혼 신혼부부 특성별 보육형태별 영유아 수,101082,101,년,2015,2022,,,영유아,"특성별,보육형태별"
DT_1NW3023,재혼 신혼부부 특성별 맞벌이여부별 신혼부부 수,101082,101,년,2015,2022,,,신혼부부,"특성별,맞벌이여부별"
DT_1NW3024,재혼 신혼부부 특성별 소득(근로·사업소득) 현황,101082,101,년,2015,2022,,,"재혼신혼부부,소득",특성별
DT_1NW3025,재혼 신혼부부 특성별 거처종류별 신혼부부 수,101082,101,년,2015,2022,,,신혼부부,"특성별,거처종류별"
DT_1NW3026,재혼 신혼부부 특성별 주택소유물건수별 신혼부부 수,101082,101,년,2015,2022,,,신혼부부,"특성별,주택소유물건수별"
DT_1NW3027,재혼 신혼부부 특성별 소유주택 명의별 주택 수,101082,101,년,2015,2022,,,"소유주택,주택수","특성별,명의별"
DT_1NW3028,재혼 신혼부부 특성별 주택자산 가액별 신혼부부 수,101082,101,년,2015,2022,,,신혼부부,"특성별,주택자산가액별"
DT_1NW3029,재혼 신혼부부의 시도별 국내이동 현황 (1년전 거주지와 비교),101082,101,년,2016,2022,,,재혼신혼부부,행정구역별
DT_1NW3030,다른 시도로 이동한 재혼 신혼부부의 지역별 이동현황 (1년전 거주지와 비교),101082,101,년,2016,2022,,,재혼신혼부부,지역별
DT_1NW3031,시도별 재혼 신혼부부 특성별 출산자녀 현황,101082,101,년,2015,2022,,,"재혼신혼부부,출산자녀","행정구역별,특성별"
DT_1NW3032,재혼 신혼부부 특성별 금융권 대출잔액 현황,101082,101,년,2016,2022,,,"재혼신혼부부,금융권대출잔액",특성별
DT_1NW3033,소득(근로·사업소득) 구간과 금융권 대출잔액 구간별 재혼 신혼부부 분포,101082,101,년,2017,2022,,,재혼신혼부부,"소득,근로사업소득구간별,금융권대출잔액구간별"
DT_1NW3034,시도별 재혼 신혼부부 총괄,101082,101,년,2015,2022,,,재혼신혼부부,행정구역별
DT_1NW3035,시군구별 재혼 신혼부부 수,101082,101,년,2015,2022,,,재혼신혼부부수,행정구역별
INH_1NW1037,신혼부부수(시도/시/군/구),101082,101,년,2015,2022,,,신혼부부수,행정구역별
DT_1MS2001,업종별 국내공급지수(2020=100),101083,101,"월,분기,년",2010,2024,,,국내공급지수,업종별
DT_1MS2002,재별 국내공급지수(2020=100),101083,101,"월,분기,년",2010,2024,,,국내공급지수,재별
DT_1MS2003,업종별X재별 국내공급지수,101083,101,"월,분기,년",2010,2024,,,국내공급지수,"업종별,재별"
DT_1MS2004,수입의 국가(권역)비중(업종별),101083,101,"월,분기",2010,2024,,,"수입,업종","국가,권역,업종별"
DT_1MS2005,수입의 국가(권역)비중(재별),101083,101,"월,분기",2010,2024,,,"수입,국가,권역,비중","국가,권역별"
DT_1MS2006,업종별 수입점유비,101083,101,"월,분기,년",2010,2024,,,수입점유비,업종별
DT_1MS2007,재별 수입점유비,101083,101,"월,분기,년",2010,2024,,,수입점유비,재별
DT_1MS2008,업종별X재별 수입점유비,101083,101,"월,분기,년",2010,2024,,,수입점유비,"업종별,재별"
DT_1MS2009,업종별 국내공급지수(계절조정지수),101083,101,"월,분기",2010,2024,,,국내공급지수,업종별
DT_1PEN_001,연금 수급자,101084,101,년,2016,2022,,,연금수급자,"연령별,연금종류별"
DT_1PEN_002,월평균 수급금액별 연금 수급자,101084,101,년,2016,2022,,,연금수급자,월평균수급금액별
DT_1PEN_003,경제활동별 연금 수급자,101084,101,년,2016,2022,,,연금수급자,경제활동별
DT_1PEN_004,주택소유별 연금 수급자,101084,101,년,2016,2022,,,주택소유별연금수급자,주택소유별
DT_1PEN_005,주택소유자의 주택자산가액별 연금수급자,101084,101,년,2016,2022,,,"주택소유자,연금수급자",주택자산가액별
DT_1PEN_006,연금종류별 연금수급자,101084,101,년,2016,2022,,,연금수급자,연금종류별
DT_1PEN_007,월평균 수급금액별 연금종류별 연금수급자,101084,101,년,2016,2022,,,연금수급자,"월평균수급금액별,연금종류별"
DT_1PEN_008,가입기간별 수급 현황,101084,101,년,2016,2022,,,"가입기간,수급현황",가입기간별
DT_1PEN_009,연금 가입자,101084,101,년,2016,2022,,,연금가입자,"연령별,성별,연금종류별"
DT_1PEN_010,월평균 연금보험료금액별 연금 가입자,101084,101,년,2016,2022,,,연금가입자,연금보험료금액별
DT_1PEN_011,경제활동별 연금 가입자,101084,101,년,2016,2022,,,연금가입자,경제활동별
DT_1PEN_012,조직형태별 연금 가입자,101084,101,년,2016,2022,,,연금가입자,조직형태별
DT_1PEN_013,종사자규모별 연금 가입자,101084,101,년,2016,2022,,,종사자규모별연금가입자,종사자규모별
DT_1PEN_014,산업대분류별 연금 가입자,101084,101,년,2016,2022,,,연금가입자,산업대분류별
DT_1PEN_015,주택소유별 연금 가입자,101084,101,년,2016,2022,,,주택소유별연금가입자,주택소유별
DT_1PEN_016,주택소유자의 주택자산가액별 연금가입자,101084,101,년,2016,2022,,,"주택소유자,연금가입자",주택자산가액별
DT_1PEN_017,연금종류별 연금가입자,101084,101,년,2016,2022,,,연금가입자,연금종류별
DT_1PEN_018,월평균 연금보험료별 연금종류별 연금가입자,101084,101,년,2016,2022,,,연금가입자,"월평균연금보험료별,연금종류별"
DT_1PEN_019,가입기간별 가입 현황,101084,101,년,2016,2022,,,가입현황,가입기간별
DT_1PEN_020,연금 수급가구,101084,101,년,2016,2022,,,가구,소득분위별
DT_1PEN_021,월평균 수급금액별 연금 수급가구,101084,101,년,2016,2022,,,연금수급가구,월평균수급금액별
DT_1PEN_022,가구원수별 연금 수급가구,101084,101,년,2016,2022,,,"가구원수,연금수급가구",가구원수별
DT_1PEN_023,가구유형별 연금 수급가구,101084,101,년,2016,2022,,,"가구,연금수급가구",가구유형별
DT_1PEN_024,경제활동별 연금 수급가구,101084,101,년,2016,2022,,,연금수급가구,경제활동별
DT_1PEN_025,주택소유별 및 주택자산가액별 연금 수급가구,101084,101,년,2016,2022,,,연금수급가구,"주택소유별,주택자산가액별"
DT_1PEN_026,거처종류별 연금 수급가구,101084,101,년,2016,2022,,,연금수급가구,거처종류별
DT_1PEN_027,연금 가입가구,101084,101,년,2016,2022,,,가구,행정구역별
DT_1PEN_028,월평균 연금보험료별 연금 가입가구,101084,101,년,2016,2022,,,연금가입가구,월평균연금보험료별
DT_1PEN_029,가구원수별 연금 가입가구,101084,101,년,2016,2022,,,"가구원수,연금가입가구",가구원수별
DT_1PEN_030,가구유형별 연금 가입가구,101084,101,년,2016,2022,,,가구유형별연금가입가구,가구유형별
DT_1PEN_031,경제활동별 연금 가입가구,101084,101,년,2016,2022,,,연금가입가구,경제활동별
DT_1PEN_032,주택소유별 및 주택자산가액별 연금 가입가구,101084,101,년,2016,2022,,,"주택소유별,주택자산가액별,연금가입가구","주택소유별,주택자산가액별"
DT_1PEN_033,거처종류별 연금 가입가구,101084,101,년,2016,2022,,,연금가입가구,거처종류별
DT_1PEN_034,시도별 연금 수급자,101084,101,년,2016,2022,,,연금수급자,행정구역별
DT_1PEN_035,시도별 연금 수급가구,101084,101,년,2016,2022,,,연금수급가구,행정구역별
DT_1PEN_036,시도별 연금 가입자,101084,101,년,2016,2022,,,연금가입자,행정구역별
DT_1PEN_037,시도별 연금 가입가구,101084,101,년,2016,2022,,,연금가입가구,행정구역별
DT_1PEN_038,시도별 월평균 수급금액별 연금 수급자,101084,101,년,2016,2022,,,연금수급자,"시도별,월평균수급금액별"
DT_1PEN_039,시도별 경제활동별 연금 수급자,101084,101,년,2016,2022,,,경제활동별연금수급자,"시도별,경제활동별"
DT_1PEN_040,시도별 주택소유별 연금 수급자,101084,101,년,2016,2022,,,주택소유별연금수급자,"시도별,주택소유별"
DT_1PEN_041,시도별 주택소유자의 주택자산가액별 연금수급자,101084,101,년,2016,2022,,,"주택소유자의주택자산가액,연금수급자","행정구역별,주택자산가액별"
DT_1PEN_042,시도별 연금종류별 연금수급자,101084,101,년,2016,2022,,,연금수급자,"시도별,연금종류별"
DT_1PEN_043,시도별 월평균 연금보험료금액별 연금 가입자,101084,101,년,2016,2022,,,연금가입자,"행정구역별,금액별"
DT_1PEN_044,시도별 경제활동별 연금 가입자,101084,101,년,2016,2022,,,경제활동별연금가입자,"시도별,경제활동별"
DT_1PEN_045,시도별 주택소유별 연금 가입자,101084,101,년,2016,2022,,,주택소유별연금가입자,"시도별,주택소유별"
DT_1PEN_046,시도별 주택소유자의 주택자산가액별 연금가입자,101084,101,년,2016,2022,,,"주택소유자의주택자산가액,연금가입자","행정구역별,주택자산가액별"
DT_1PEN_047,시도별 연금종류별 연금가입자,101084,101,년,2016,2022,,,연금가입자,"행정구역별,연금종류별"
DT_1RP000,성별 퇴직연금제도 가입 근로자 수,101084,101,년,2015,2022,,,퇴직연금제도가입근로자수,성별
DT_1RP001,성별 연령별 퇴직연금제도 가입 근로자 수,101084,101,년,2015,2022,,,퇴직연금제도가입근로자수,"성별,연령별"
DT_1RP002,성별 근속기간별 퇴직연금제도 가입 근로자 수,101084,101,년,2015,2022,,,퇴직연금제도가입근로자수,"성별,근속기간별"
DT_1RP003,산업대분류별 퇴직연금제도 가입 근로자 수,101084,101,년,2015,2022,,,퇴직연금제도가입근로자수,산업대분류별
DT_1RP004,성별 가입기간별 퇴직연금제도 가입 근로자 수,101084,101,년,2015,2022,,,퇴직연금제도가입근로자수,"성별,가입기간별"
DT_1RP005,종사자규모별 퇴직연금제도 가입 근로자 수,101084,101,년,2015,2022,,,퇴직연금제도가입근로자수,"퇴직연금제도가입근로자수를종사자규모별로분류한통계표이므로,이통계표의분류기준은종사자규모별입니다"
DT_1RP006,종사자규모별 퇴직연금제도 도입 사업장 수,101084,101,년,2015,2022,,,퇴직연금제도도입사업장수,"퇴직연금제도도입사업장수를종사자규모별로나타낸통계표이므로,해당통계표의분류기준은종사자규모별입니다"
DT_1RP007,산업대분류별 퇴직연금제도 도입 사업장 수,101084,101,년,2015,2022,,,사업장수,산업대분류별
DT_1RP008,도입기간별 퇴직연금제도 도입 사업장 수,101084,101,년,2015,2022,,,퇴직연금제도도입사업장수,도입기간별
DT_1RP009,"성별 연령별 개인형 IRP 가입자 수, 적립금액",101084,101,년,2015,2022,,,"개인형IRP가입자수,적립금액","성별,연령별"
DT_1RP010,"성별 가입기간별 개인형 IRP 가입자 수, 적립금액",101084,101,년,2015,2022,,,"개인형IRP가입자수,적립금액","성별,가입기간별"
DT_1RP011,"개인형 IRP 가입대상 확대에 따른 추가 가입자 수, 적립금액",101084,101,년,2017,2022,,,"가입자수,적립금액",가입대상별
DT_1RP012,금융권역별 운용방법별 적립금액,101084,101,년,2015,2022,,,적립금액,"금융권역별,운용방법별"
DT_1RP013,제도유형별 운용방법별 적립금액,101084,101,년,2015,2022,,,적립금액,"제도유형별,운용방법별"
DT_1RP014,성별 연령별 개인형 IRP 이전자수 및 이전금액,101084,101,년,2015,2022,,,"개인형IRP이전자수,이전금액","성별,연령별"
DT_1RP015,성별 연령별 개인형 IRP 해지자수 및 해지금액,101084,101,년,2015,2022,,,"개인형IRP해지자수,해지금액","성별,연령별"
DT_1RP016,"성별 사유별 퇴직연금 중도인출자수, 중도인출금액",101084,101,년,2015,2022,,,"퇴직연금중도인출자수,중도인출금액","성별,사유별"
DT_1RP018,"성별 사유별 연령별 중도인출자수, 중도인출금액",101084,101,년,2015,2022,,,"중도인출자수,중도인출금액","성별,사유별,연령별"
DT_1RP019,성별 퇴직연금제도 가입 근로자 수,101084,101,반기,2017,2023,,,퇴직연금제도가입근로자수,성별
DT_1RP020,성별 연령별 퇴직연금제도 가입 근로자 수,101084,101,반기,2017,2023,,,퇴직연금제도가입근로자수,"성별,연령별"
DT_1RP021,성별 가입기간별 퇴직연금제도 가입 근로자 수,101084,101,반기,2017,2023,,,퇴직연금제도가입근로자수,"성별,가입기간별"
DT_1RP022,도입기간별 퇴직연금제도 도입 사업장 수,101084,101,반기,2017,2023,,,퇴직연금제도도입사업장수,도입기간별
DT_1RP023,"성별 연령별 개인형 IRP 가입자 수, 적립금액",101084,101,반기,2017,2023,,,"개인형IRP가입자수,적립금액","성별,연령별"
DT_1RP024,"성별 가입기간별 개인형 IRP 가입자 수, 적립금액",101084,101,반기,2017,2023,,,"개인형IRP가입자수,적립금액","성별,가입기간별"
DT_1RP025,"개인형 IRP 가입대상 확대에 따른 추가 가입자 수, 적립금액",101084,101,반기,2018,2023,,,"가입자수,적립금액",가입대상별
DT_1RP026,금융권역별 운용방법별 적립금액,101084,101,반기,2017,2023,,,적립금액,"금융권역별,운용방법별"
DT_1RP027,제도유형별 운용방법별 적립금액,101084,101,반기,2017,2023,,,적립금액,"제도유형별,운용방법별"
DT_1RP028,성별 연령별 개인형 IRP 이전자수 및 이전금액,101084,101,반기,2017,2023,,,"개인형IRP이전자수,이전금액","성별,연령별"
DT_1RP029,성별 연령별 개인형 IRP 해지자수 및 해지금액,101084,101,반기,2017,2023,,,"개인형IRP해지자수,해지금액","성별,연령별"
DT_1RP030,"성별 사유별 퇴직연금 중도인출자수, 중도인출금액",101084,101,반기,2017,2023,,,"퇴직연금중도인출자수,중도인출금액","성별,사유별"
DT_1RP031,"성별 사유별 연령별 중도인출자수, 중도인출금액",101084,101,반기,2017,2023,,,"중도인출자수,중도인출금액","성별,사유별,연령별"
DT_1RP032,개인형퇴직연금제도로의 이전 예외 사유별 현황,101084,101,년,2018,2022,,,이전예외사유,예외사유별
DT_1RP033,개인형퇴직연금제도로의 이전 예외 사유별 현황,101084,101,반기,2019,2023,,,"개인형퇴직연금제도,예외사유",예외사유별
DT_1RP101,성별 연령별 퇴직연금제도 가입률,101084,101,년,2015,2022,,,퇴직연금제도가입률,"성별,연령별"
DT_1RP102,성별 근속기간별 퇴직연금제도 가입률,101084,101,년,2015,2022,,,근속기간별퇴직연금제도가입률,"성별,근속기간별"
DT_1RP103,종사자규모별 퇴직연금제도 가입률,101084,101,년,2015,2022,,,퇴직연금제도가입률,"퇴직연금제도가입률을종사자규모별로나타낸통계표이므로,해당통계표에서명시적으로표현된분류기준은종사자규모별입니다"
DT_1RP104,산업대분류별 퇴직연금제도 가입률,101084,101,년,2015,2022,,,퇴직연금제도가입률,산업대분류별
DT_1RP105,종사자규모별 퇴직연금제도 도입률,101084,101,년,2015,2022,,,"퇴직연금제도도입률,종사자규모","퇴직연금제도도입률을종사자규모별로나타낸통계표이므로,해당통계표에서명시적으로표현된분류기준은종사자규모별입니다"
DT_1RP106,산업대분류별 퇴직연금제도 도입률,101084,101,년,2015,2022,,,퇴직연금제도도입률,산업대분류별
DT_1NTA01,국민이전계정 총량값,101085,101,년,2010,2021,,,국민이동,항목없음
DT_1NTA02,생애주기적자계정(국가총액규모),101085,101,년,2010,2021,,,생애주기적자계정,
DT_1NTA03,생애주기적자계정(1인규모),101085,101,년,2010,2021,,,생애주기적자계정,생애주기별
DT_1NTA04,연령재배분계정(국가총액규모),101085,101,년,2010,2021,,,규모,연령별
DT_1NTA05,연령재배분계정(1인규모),101085,101,년,2010,2021,,,가구,연령별
DT_1HP005,가계생산 위성계정,101086,101,5년,1999,2019,,,가계생산,
DT_1HP010,고정자본소모와 중간소비,101086,101,5년,1999,2019,,,"고정자본소모,중간소비",
DT_1HP015,성별 행동분류별 무급 가사노동 평가액,101086,101,5년,1999,2019,,,행동분류별무급가사노동,"성별,행동분류별"
DT_1HP020,연령대별 행동분류별 무급 가사노동 평가액,101086,101,5년,1999,2019,,,행동분류별무급가사노동평가액,"연령대별,행동분류별"
DT_1HP025,가구원수별 행동분류별 무급 가사노동 평가액,101086,101,5년,2004,2019,,,"가구원수,행동분류별무급가사노동","가구원수별,행동분류별"
DT_1HP030,취업여부별 행동분류별 무급 가사노동 평가액,101086,101,5년,1999,2019,,,무급가사노동,"취업여부별,행동분류별"
DT_1HP035,혼인상태별 행동분류별 무급 가사노동 평가액,101086,101,5년,1999,2019,,,행동분류별무급가사노동평가액,"혼인상태별,행동분류별"
DT_1HP040,연령대별 성별 무급 가사노동 평가액,101086,101,5년,1999,2019,,,"성별,무급가사노동","연령대별,성별"
DT_1HP045,가구원수별 성별 무급 가사노동 평가액,101086,101,5년,2004,2019,,,"가구원수,성별,무급가사노동","가구원수별,성별"
DT_1HP050,취업여부별 성별 무급 가사노동 평가액,101086,101,5년,1999,2019,,,"성별,무급가사노동","취업여부별,성별"
DT_1HP055,혼인상태별 성별 무급 가사노동 평가액,101086,101,5년,1999,2019,,,"성별,무급가사노동","혼인상태별,성별"
DT_1HP060,혼인상태별 성별 행동분류별 무급 가사노동 평가액,101086,101,5년,1999,2019,,,"성별,무급가사노동","혼인상태별,성별,행동분류별"
DT_1HP065,취업여부별 성별 행동분류별 무급 가사노동 평가액,101086,101,5년,1999,2019,,,"성별,무급가사노동","취업여부별,성별,행동분류별"
DT_1HP070,혼인상태별 성별 취업여부별 무급 가사노동 평가액,101086,101,5년,1999,2019,,,"성별,무급가사노동","혼인상태별,성별"
DT_1HP075,지역별 성별 행동분류별 무급 가사노동 평가액,101086,101,5년,1999,2019,,,무급가사노동,"지역별,성별,행동분류별"
DT_1HP080,지역별 행동분류별 무급 가사노동 평가액,101086,101,5년,1999,2019,,,무급가사노동,"지역별,행동분류별"
DT_1HP085,지역별 성별 무급 가사노동 평가액,101086,101,5년,1999,2019,,,성별무급가사노동,"지역별,성별"
DT_1LC0001,생애단계별 인구_시군구,101087,101,년,2020,2022,,,인구,"생애단계별,행정구역별"
DT_1LC0002,생애단계별 인구 시도간 거주지 이동현황,101087,101,년,2020,2022,,,인구,"생애단계별,행정구역별"
DT_1LC0003,등록취업여부별 인구_시도,101087,101,년,2020,2022,,,인구,"등록취업여부별,행정구역별"
DT_1LC0004,종사상지위별 등록취업자 수_시도,101087,101,년,2020,2022,,,등록취업자수,"종사상지위별,시도별"
DT_1LC0005,종사상지위별 종사상규모별 등록취업자 수_시도,101087,101,년,2020,2022,,,등록취업자,"종사상지위별,시도별"
DT_1LC0006,종사상지위별 산업별 등록취업자 수_시도,101087,101,년,2020,2022,,,등록취업자,"종사상지위별,산업별,시도별"
DT_1LC0007,등록취업여부별 변동 인구_시도,101087,101,년,2020,2022,,,변동인구,"등록취업여부별,행정구역별"
DT_1LC0008,신규 등록취업자의 종사상지위별 일자리 현황,101087,101,년,2020,2022,,,일자리,종사상지위별
DT_1LC0009,신규 등록취업자의 종사자규모별 일자리 현황,101087,101,년,2020,2022,,,"종사자규모,신규등록취업자,일자리",종사자규모별
DT_1LC0010,신규 등록취업자의 산업별 일자리 현황,101087,101,년,2020,2022,,,일자리,산업별
DT_1LC0011,종전 등록취업자의 종사상지위별 일자리 현황,101087,101,년,2020,2022,,,일자리,종사상지위별
DT_1LC0012,종전 등록취업자의 종사자규모별 일자리 현황,101087,101,년,2020,2022,,,일자리,종사자규모별
DT_1LC0013,종전 등록취업자의 산업별 일자리 현황,101087,101,년,2020,2022,,,일자리,산업별
DT_1LC0014,개인기업체 신규등록자의 전년도 취업 현황,101087,101,년,2020,2022,,,"개인기업체,전년도취업자",전년도취업상태별
DT_1LC0015,개인기업체 신규등록자의 주된 신규등록 기업체 종사자규모별 현황,101087,101,년,2020,2022,,,신규등록기업체종사자규모,종사자규모별
DT_1LC0016,개인기업체 신규등록자의 주된 신규등록 기업체 산업별 현황,101087,101,년,2020,2022,,,"개인기업체,주된신규등록기업체",산업별
DT_1LC0017,주택소유 여부별 인구,101087,101,년,2020,2022,,,인구,주택소유여부별
DT_1LC0018,주택소유 여부별 인구_시도,101087,101,년,2020,2022,,,인구,시도별
DT_1LC0019,주택소유자의 소유주택 자산가액별 인구,101087,101,년,2020,2022,,,"주택소유자,주택,인구",자산가액별
DT_1LC0020,주택소유자의 소유주택 자산가액별 인구_시도,101087,101,년,2020,2022,,,"주택소유자,주택,인구",자산가액별
DT_1LC0021,근로ㆍ사업소득 수준별 인구,101087,101,년,2020,2022,,,인구,소득수준별
DT_1LC0022,근로ㆍ사업소득 평균 및 중앙값,101087,101,년,2020,2022,,,소득,소득별
DT_1LC0023,대출잔액 수준별 인구,101087,101,년,2020,2022,,,"대출잔액,인구",대출잔액수준별
DT_1LC0024,대출잔액 중앙값,101087,101,년,2020,2022,,,대출잔액,
DT_1LC0025,근로ㆍ사업소득 수준별 대출잔액 수준별 인구,101087,101,년,2020,2022,,,"대출잔액,인구","근로사업소득수준별,대출잔액수준별"
DT_1LC0026,생애단계별 가구_시군구,101087,101,년,2020,2022,,,가구,"생애단계별,행정구역별"
DT_1LC0027,가구원수별 가구_시도,101087,101,년,2020,2022,,,"가구,가구원수","가구원수별,시도별"
DT_1LC0028,가구유형별 가구_시도,101087,101,년,2020,2022,,,가구,"가구유형별,시도별"
DT_1LC0029,거처유형별 가구_시도,101087,101,년,2020,2022,,,가구,"거처유형별,시도별"
DT_1LC0030,주거면적별 가구_시도,101087,101,년,2020,2022,,,가구,"주거면적별,시도별"
DT_1LC0031,자녀와 같이 사는 가구_시도,101087,101,년,2020,2022,,,가구,행정구역별
DT_1LC0032,(중장년 가구)같이 사는 자녀의 연령별 현황_시도,101087,101,년,2020,2022,,,"자녀,가구","행정구역별,연령별"
DT_1LC0033,주택소유별 가구,101087,101,년,2020,2022,,,가구,주택소유별
DT_1LC0034,주택소유별 가구_시도,101087,101,년,2020,2022,,,가구,"주거형태별,행정구역별"
DT_1LC0035,주택소유 가구의 소유주택 자산가액별 가구,101087,101,년,2020,2022,,,"주택소유가구,소유주택자산가액",자산가액별
DT_1LC0036,주택소유 가구의 소유주택 자산가액별 가구_시도,101087,101,년,2020,2022,,,"주택소유가구,소유주택,자산가액","자산가액별,시도별"
DT_1MA0001,중장년층 인구_시군구,101087,101,년,2016,2021,,,중장년층인구,행정구역별
DT_1MA0002,등록취업여부별 인구,101087,101,년,2016,2021,,,인구,등록취업여부별
DT_1MA0003,등록취업자의 종사상지위별 인구,101087,101,년,2016,2021,,,"등록취업자,인구",종사상지위별
DT_1MA0004,등록취업자의 종사상지위별 주된일자리 근속기간별 현황,101087,101,년,2016,2021,,,"종사상지위,주된일자리,근속기간","종사상지위별,근속기간별"
DT_1MA0005,등록취업자의 종사상지위별 주된일자리 종사자규모별 현황,101087,101,년,2016,2021,,,"종사상지위,일자리","종사상지위별,주된일자리규모별"
DT_1MA0006,등록취업자의 종사상지위별 주된일자리 산업별 현황,101087,101,년,2016,2021,,,"등록취업자,주된일자리","종사상지위별,산업별"
DT_1MA0007,등록취업 유지자의 종사상지위별 변동 인구,101087,101,년,2017,2021,,,종사상지위별변동인구,종사상지위별
DT_1MA0008,등록취업 여부별 변동 인구,101087,101,년,2017,2021,,,변동인구,등록취업여부별
DT_1MA0009,등록취업자로 변동된 신규 등록자의 종사상지위별 인구,101087,101,년,2017,2021,,,"신규등록자,인구",종사상지위별
DT_1MA0010,등록취업자로 변동된 신규 등록자의 주된 일자리 종사자규모별 현황,101087,101,년,2017,2021,,,신규등록자의주된일자리종사자,일자리규모별
DT_1MA0011,등록취업자로 변동된 신규 등록자의 주된 일자리 산업별 현황,101087,101,년,2017,2021,,,신규등록자,산업별
DT_1MA0012,등록취업자로 변동된 신규 등록자의 주된 일자리 월평균 임금수준 현황,101087,101,년,2017,2021,,,신규등록자,주된일자리월평균임금수준별
DT_1MA0013,미취업(일자리 미등록)자로 변동된 자의 종전 주된 일자리 종사상지위별 인구,101087,101,년,2017,2021,,,인구,종전주된일자리종사상지위별
DT_1MA0014,미취업(일자리 미등록)자로 변동된 자의 종전 주된 일자리 근속기간별 현황,101087,101,년,2017,2021,,,근속기간,종전주된일자리근속기간별
DT_1MA0015,미취업(일자리 미등록)자로 변동된 자의 종전 주된 일자리 종사자규모별 현황,101087,101,년,2017,2021,,,종전주된일자리종사자,주된일자리종사자규모별
DT_1MA0016,미취업(일자리 미등록)자로 변동된 자의 종전 주된 일자리 산업별 현황,101087,101,년,2017,2021,,,"미취업자,일자리,산업",산업별
DT_1MA0017,미취업(일자리 미등록)자로 변동된 자의 종전 주된 일자리 월평균 임금수준 현황,101087,101,년,2017,2021,,,임금수준,
DT_1MA0018,개인기업 신규등록자의 종사상지위별 변동 현황,101087,101,년,2017,2021,,,개인기업신규등록자,종사상지위별
DT_1MA0019,개인기업 신규등록자의 주된 신규등록 기업체 종사자규모별 현황,101087,101,년,2017,2021,,,신규등록기업체종사자규모,종사자규모별
DT_1MA0020,개인기업 신규등록자의 주된 신규등록 기업체 산업별 현황,101087,101,년,2017,2021,,,"개인기업,신규등록자,주된신규등록기업체,산업",산업별
DT_1MA0021,금융권 대출잔액 중앙값,101087,101,년,2016,2021,,,대출잔액,금융권별
DT_1MA0022,주택소유 여부별 인구_시도,101087,101,년,2016,2021,,,인구,시도별
DT_1MA0023,주택소유자의 소유주택자산가액별 인구-시도,101087,101,년,2016,2021,,,인구,행정구역별
DT_1MA0024,연금가입현황별 인구_시도,101087,101,년,2016,2021,,,인구,인구시도별
DT_1MA0025,근로·사업소득 수준별 인구,101087,101,년,2016,2021,,,인구,소득수준별
DT_1MA0026,시도별 근로·사업소득 수준별 인구,101087,101,년,2016,2021,,,"근로사업소득,인구","행정구역별,소득수준별"
DT_1MA0027,금융권 대출잔액 수준별 인구,101087,101,년,2016,2021,,,"대출잔액,인구",수준별
DT_1MA0028,시도별 금융권 대출잔액 수준별 인구,101087,101,년,2016,2021,,,"금융권대출잔액,인구","행정구역별,수준별"
DT_1MA0029,근로·사업소득 수준별 금융권 대출잔액 수준별 인구,101087,101,년,2016,2021,,,"금융권대출잔액,인구","근로사업소득별,금융권대출잔액수준별"
DT_1MA0030,"평균 근로·사업소득, 중앙값",101087,101,년,2016,2021,,,근로사업소득,
DT_1MA0031,중장년층 가구_시군구,101087,101,년,2016,2021,,,가구,행정구역별
DT_1MA0032,가구원수별 가구_시도,101087,101,년,2016,2021,,,"가구,가구원수","가구원수별,시도별"
DT_1MA0033,세대?가구 유형별 가구_시도,101087,101,년,2016,2021,,,가구,"가구유형별,시도별"
DT_1MA0034,거처유형별 가구_시도,101087,101,년,2016,2021,,,가구,"거처유형별,시도별"
DT_1MA0035,주거면적별 가구_시도,101087,101,년,2016,2021,,,가구,"주거면적별,시도별"
DT_1MA0036,중장년층 가구주의 동거자녀 연령별 가구_시도,101087,101,년,2016,2021,,,가구,"동거자녀연령별,시도별"
DT_1MA0037,주택소유별 가구_시도,101087,101,년,2016,2021,,,가구,"주거형태별,행정구역별"
DT_1MA0038,주택소유 가구의 소유주택 자산가액별 가구_시도,101087,101,년,2016,2021,,,"주택소유가구,소유주택,자산가액",자산가액별
DT_1MA0039,중장년층 인구 시도간 이동 현황,101087,101,년,2017,2021,,,중장년층인구,행정구역별
DT_1MA0040,금융권 대출잔액 대출유형별 중앙값,101087,101,년,2016,2021,,,대출잔액,대출유형별
DT_1MA0041,주택소유별 가구_시군구,101087,101,년,2016,2021,,,가구,"주거형태별,행정구역별"
DT_1MA0042,주택소유 가구의 소유주택 자산가액별 가구_시군구,101087,101,년,2016,2021,,,"주택소유가구,소유주택,자산가액,시군구",자산가액별
DT_1FL_7001,전체 및 산업별(대·중분류) 임금근로 일자리,101088,101,분기,2017,2024,,,임금근로일자리,산업별
DT_1FL_7002,산업별(소분류) 임금근로 일자리_제조업 및 도소매업,101088,101,분기,2017,2024,,,임금근로일자리,산업별
DT_1FL_7003,일자리 형태별 산업별(대·중분류) 임금근로 일자리,101088,101,분기,2018,2024,,,임금근로일자리,"일자리형태별,산업별"
DT_1FL_7004,일자리 형태별 산업별(소분류) 임금근로 일자리_제조업 및 도소매업,101088,101,분기,2018,2024,,,"임금근로,제조업,도소매업","일자리형태별,산업별"
DT_1FL_7005,근로자 및 기업특성별 임금근로 일자리,101088,101,분기,2017,2024,,,"근로자,기업,임금근로일자리",근로자및기업특성별
DT_1FL_7006,근로자 및 기업특성별 일자리 형태별 임금근로 일자리,101088,101,분기,2018,2024,,,"근로자,기업,일자리,임금근로","근로자및기업특성별,일자리형태별"
DT_1FL_7007,성 및 산업대분류별 임금근로 일자리,101088,101,분기,2018,2024,,,임금근로일자리,"성별,산업대분류별"
DT_1FL_7008,연령 및 산업대분류별 임금근로 일자리,101088,101,분기,2018,2024,,,임금근로일자리,"연령별,산업대분류별"
DT_1FL_7009,성 및 산업대분류별 일자리형태별 임금근로 일자리,101088,101,분기,2018,2024,,,임금근로일자리,"성별,산업대분류별,일자리형태별"
DT_1FL_7010,연령 및 산업대분류별 일자리형태별 임금근로 일자리,101088,101,분기,2018,2024,,,임금근로일자리,"연령별,산업대분류별,일자리형태별"
DT_FR0001,프랜차이즈 통계(가맹점),101089,101,년,2018,2022,,,"프랜차이즈,가맹점","브랜드별,업종별"
DT_FR0002,소매 주요 업종별 매장면적별 프랜차이즈 사업체수,101089,101,년,2018,2022,,,프랜차이즈사업체수,"업종별,매장면적별"
DT_FR0003,음식 및 음료 업종별 객석수별 프랜차이즈 사업체수,101089,101,년,2018,2022,,,프랜차이즈사업체수,"업종별,객석수별"
DT_FR0004,주요 업종별 일일평균 영업시간별 프랜차이즈 사업체수,101089,101,년,2018,2022,,,프랜차이즈사업체수,"업종별,영업시간별"
DT_FR0005,주요 업종별 가맹점 여부별 현황,101089,101,년,2018,2022,,,가맹점,"업종별,가맹점여부별"
DT_FR0006,주요 업종/정기휴무일수별 사업체수,101089,101,년,2018,2022,,,사업체수,"업종별,정기휴무일수별"
DT_1ZGA531,벼 재배면적조사,101090,101,년,2019,2023,,,벼재배면적,
DT_1JTJ_001,성별 · 연령별 일자리 이동,101091,101,년,2017,2021,,,일자리이동,"성별,연령별"
DT_1JTJ_002,성별 · 종사상지위별 일자리 이동,101091,101,년,2017,2021,,,일자리,"성별,종사상지위별"
DT_1JTJ_003,성별 · 근속기간별(변동전) 일자리 이동,101091,101,년,2017,2021,,,일자리,"성별,근속기간별"
DT_1JTJ_004,성별 · 조직형태별 일자리 이동,101091,101,년,2017,2021,,,일자리,"성별,조직형태별"
DT_1JTJ_005,성별 · 기업규모별 일자리 이동,101091,101,년,2017,2021,,,일자리,"성별,기업규모별"
DT_1JTJ_006,성별 · 종사자규모별 일자리 이동,101091,101,년,2017,2021,,,"일자리,종사자규모","성별,종사자규모별"
DT_1JTJ_007,성별 · 산업대분류별 일자리 이동,101091,101,년,2017,2021,,,일자리,"성별,산업대분류별"
DT_1JTJ_008,연령별 · 종사상지위별 일자리 이동,101091,101,년,2017,2021,,,일자리,"연령별,종사상지위별"
DT_1JTJ_009,연령별 · 근속기간별(변동전) 일자리 이동,101091,101,년,2017,2021,,,일자리,"연령별,근속기간별"
DT_1JTJ_010,연령별 · 조직형태별 일자리 이동,101091,101,년,2017,2021,,,일자리,"연령별,조직형태별"
DT_1JTJ_011,연령별 · 기업규모별 일자리 이동,101091,101,년,2017,2021,,,일자리,"연령별,기업규모별"
DT_1JTJ_012,연령별 · 종사자규모별 일자리 이동,101091,101,년,2017,2021,,,"일자리,종사자규모","연령별,종사자규모별"
DT_1JTJ_013,연령별 · 산업대분류별 일자리 이동,101091,101,년,2017,2021,,,일자리,"연령별,산업대분류별"
DT_1JTJ_014,이동자의 성별 · 조직형태간 일자리 이동,101091,101,년,2017,2021,,,"성별,조직형태간일자리이동","성별,조직형태별"
DT_1JTJ_015,이동자의 성별 · 기업규모간 일자리 이동,101091,101,년,2017,2021,,,"성별,기업규모,일자리","성별,기업규모별"
DT_1JTJ_016,이동자의 성별 · 산업대분류간 일자리 이동,101091,101,년,2017,2021,,,"성별,산업대분류간일자리이동","성별,산업대분류별"
DT_1JTJ_017,이동자의 성별 · 종사상지위간 일자리 이동,101091,101,년,2017,2021,,,"성별,종사상지위,일자리","성별,종사상지위별"
DT_1JTJ_018,임금근로자의 성별 · 임금수준간 일자리 이동,101091,101,년,2017,2021,,,"임금근로자,성별,임금수준,일자리",성별
DT_1JTJ_019,이동자의 연령별 · 조직형태간 일자리 이동,101091,101,년,2017,2021,,,"일자리,이동자","연령별,조직형태간"
DT_1JTJ_020,이동자의 연령별 · 기업규모간 일자리 이동,101091,101,년,2017,2021,,,"이동자,일자리","연령별,기업규모별"
DT_1JTJ_021,이동자의 연령별 · 산업대분류간 일자리 이동,101091,101,년,2017,2021,,,일자리,"연령별,산업대분류간"
DT_1JTJ_022,이동자의 연령별 · 종사상지위간 일자리 이동,101091,101,년,2017,2021,,,일자리,"연령별,종사상지위별"
DT_1JTJ_023,임금근로자의 연령별 · 임금수준간 일자리 이동,101091,101,년,2017,2021,,,"임금근로자,임금수준",연령별
DT_1JTJ_024,미등록자의 성별 · 연령별 재등록 현황,101091,101,년,2018,2019,,,재등록자,"성별,연령별"
DT_1JTJ_025,재등록자의 성별 · 조직형태간 일자리 이동,101091,101,년,2018,2019,,,"재등록자,일자리","성별,조직형태별"
DT_1JTJ_026,재등록자의 성별 · 기업규모간 일자리 이동,101091,101,년,2018,2019,,,"재등록자,성별,기업규모,일자리","성별,기업규모별"
DT_1JTJ_027,재등록자의 성별 · 산업대분류간 일자리 이동,101091,101,년,2018,2019,,,일자리,"성별,산업대분류별"
DT_1JTJ_028,재등록자의 성별 · 종사상지위간 일자리 이동,101091,101,년,2018,2019,,,"재등록자,성별,종사상지위,일자리","성별,종사상지위별"
DT_1JTJ_029,재등록자의 연령별 · 조직형태간 일자리 이동,101091,101,년,2018,2019,,,재등록자,"연령별,조직형태간"
DT_1JTJ_030,재등록자의 연령별 · 기업규모간 일자리 이동,101091,101,년,2018,2019,,,"재등록자,일자리","연령별,기업규모간"
DT_1JTJ_031,재등록자의 연령별 · 산업대분류간 일자리 이동,101091,101,년,2018,2019,,,일자리,"연령별,산업대분류간"
DT_1JTJ_032,재등록자의 연령별 · 종사상지위간 일자리 이동,101091,101,년,2018,2019,,,재등록자,"연령별,종사상지위별"
DT_1JTJ_033,성별 · 연령별 일자리 이동,101091,101,년,2018,2022,,,일자리이동,"성별,연령별"
DT_1JTJ_034,성별 · 종사상지위별 일자리 이동,101091,101,년,2018,2022,,,일자리,"성별,종사상지위별"
DT_1JTJ_035,성별 · 근속기간별(변동전) 일자리 이동,101091,101,년,2018,2022,,,일자리,"성별,근속기간별"
DT_1JTJ_036,성별 · 조직형태별 일자리 이동,101091,101,년,2018,2022,,,일자리,"성별,조직형태별"
DT_1JTJ_037,성별 · 기업규모별 일자리 이동,101091,101,년,2018,2022,,,일자리,"성별,기업규모별"
DT_1JTJ_038,성별 · 종사자규모별 일자리 이동,101091,101,년,2018,2022,,,"일자리,종사자규모","성별,종사자규모별"
DT_1JTJ_039,성별 · 산업대분류별 일자리 이동,101091,101,년,2018,2022,,,일자리,"성별,산업대분류별"
DT_1JTJ_040,연령별 · 종사상지위별 일자리 이동,101091,101,년,2018,2022,,,일자리,"연령별,종사상지위별"
DT_1JTJ_041,연령별 · 근속기간별(변동전) 일자리 이동,101091,101,년,2018,2022,,,일자리,"연령별,근속기간별"
DT_1JTJ_042,연령별 · 조직형태별 일자리 이동,101091,101,년,2018,2022,,,일자리,"연령별,조직형태별"
DT_1JTJ_043,연령별 · 기업규모별 일자리 이동,101091,101,년,2018,2022,,,일자리,"연령별,기업규모별"
DT_1JTJ_044,연령별 · 종사자규모별 일자리 이동,101091,101,년,2018,2022,,,"일자리,종사자규모","연령별,종사자규모별"
DT_1JTJ_045,연령별 · 산업대분류별 일자리 이동,101091,101,년,2018,2022,,,일자리,"연령별,산업대분류별"
DT_1JTJ_046,이동자의 성별 · 조직형태간 일자리 이동,101091,101,년,2018,2022,,,"성별,조직형태","성별,조직형태별"
DT_1JTJ_047,이동자의 성별 · 기업규모간 일자리 이동,101091,101,년,2018,2022,,,"성별,기업규모,일자리","성별,기업규모별"
DT_1JTJ_048,이동자의 성별 · 산업대분류간 일자리 이동,101091,101,년,2018,2022,,,"성별,산업대분류,일자리","성별,산업대분류별"
DT_1JTJ_049,이동자의 성별 · 종사상지위간 일자리 이동,101091,101,년,2018,2022,,,"성별,종사상지위,일자리","성별,종사상지위별"
DT_1JTJ_050,임금근로자의 성별 · 임금수준간 일자리 이동,101091,101,년,2018,2022,,,"임금근로자,임금수준",성별
DT_1JTJ_051,이동자의 연령별 · 조직형태간 일자리 이동,101091,101,년,2018,2022,,,일자리,"연령별,조직형태간"
DT_1JTJ_052,이동자의 연령별 · 기업규모간 일자리 이동,101091,101,년,2018,2022,,,"이동자,일자리","연령별,기업규모간"
DT_1JTJ_053,이동자의 연령별 · 산업대분류간 일자리 이동,101091,101,년,2018,2022,,,일자리,"연령별,산업대분류간"
DT_1JTJ_054,이동자의 연령별 · 종사상지위간 일자리 이동,101091,101,년,2018,2022,,,일자리,"연령별,종사상지위별"
DT_1JTJ_055,임금근로자의 연령별 · 임금수준간 일자리 이동,101091,101,년,2018,2022,,,"임금근로자,임금수준",연령별
DT_1JTJ_056,미등록자의 성별 · 연령별 재등록 현황,101091,101,년,2019,2020,,,재등록자,"성별,연령별"
DT_1JTJ_057,재등록자의 성별 · 조직형태간 일자리 이동,101091,101,년,2019,2020,,,"재등록자,일자리","성별,조직형태별"
DT_1JTJ_058,재등록자의 성별 · 기업규모간 일자리 이동,101091,101,년,2019,2020,,,"성별,기업규모,일자리","성별,기업규모별"
DT_1JTJ_059,재등록자의 성별 · 산업대분류간 일자리 이동,101091,101,년,2019,2020,,,재등록자,"성별,산업대분류별"
DT_1JTJ_060,재등록자의 성별 · 종사상지위간 일자리 이동,101091,101,년,2019,2020,,,"재등록자,성별,종사상지위,일자리","성별,종사상지위별"
DT_1JTJ_061,재등록자의 연령별 · 조직형태간 일자리 이동,101091,101,년,2019,2020,,,재등록자,"연령별,조직형태간"
DT_1JTJ_062,재등록자의 연령별 · 기업규모간 일자리 이동,101091,101,년,2019,2020,,,"재등록자,일자리","연령별,기업규모간"
DT_1JTJ_063,재등록자의 연령별 · 산업대분류간 일자리 이동,101091,101,년,2019,2020,,,일자리,"연령별,산업대분류간"
DT_1JTJ_064,재등록자의 연령별 · 종사상지위간 일자리 이동,101091,101,년,2019,2020,,,재등록자,"연령별,종사상지위별"
DT_1JTJ_2018_001,성별 · 연령별 일자리 이동,101091,101,년,2019,2022,,,일자리,"성별,연령별"
DT_1JTJ_2018_002,성별 · 종사상지위별 일자리 이동,101091,101,년,2019,2022,,,일자리,"성별,종사상지위별"
DT_1JTJ_2018_003,성별 · 근속기간별(변동전) 일자리 이동,101091,101,년,2019,2022,,,일자리,"성별,근속기간별"
DT_1JTJ_2018_004,성별 · 조직형태별 일자리 이동,101091,101,년,2019,2022,,,일자리,"성별,조직형태별"
DT_1JTJ_2018_005,성별 · 기업규모별 일자리 이동,101091,101,년,2019,2022,,,일자리,"성별,기업규모별"
DT_1JTJ_2018_006,성별 · 종사자규모별 일자리 이동,101091,101,년,2019,2022,,,"일자리,종사자규모","성별,종사자규모별"
DT_1JTJ_2018_007,성별 · 산업대분류별 일자리 이동,101091,101,년,2019,2022,,,일자리,"성별,산업대분류별"
DT_1JTJ_2018_008,연령별 · 종사상지위별 일자리 이동,101091,101,년,2019,2022,,,일자리,"연령별,종사상지위별"
DT_1JTJ_2018_009,연령별 · 근속기간별(변동전) 일자리 이동,101091,101,년,2019,2022,,,일자리,"연령별,근속기간별"
DT_1JTJ_2018_010,연령별 · 조직형태별 일자리 이동,101091,101,년,2019,2022,,,일자리,"연령별,조직형태별"
DT_1JTJ_2018_011,연령별 · 기업규모별 일자리 이동,101091,101,년,2019,2022,,,일자리,"연령별,기업규모별"
DT_1JTJ_2018_012,연령별 · 종사자규모별 일자리 이동,101091,101,년,2019,2022,,,"일자리,종사자규모","연령별,종사자규모별"
DT_1JTJ_2018_013,연령별 · 산업대분류별 일자리 이동,101091,101,년,2019,2022,,,일자리,"연령별,산업대분류별"
DT_1JTJ_2018_014,이동자의 성별 · 조직형태간 일자리 이동,101091,101,년,2019,2022,,,"성별,조직형태","성별,조직형태별"
DT_1JTJ_2018_015,이동자의 성별 · 기업규모간 일자리 이동,101091,101,년,2019,2022,,,"성별,기업규모,일자리","성별,기업규모별"
DT_1JTJ_2018_016,이동자의 성별 · 산업대분류간 일자리 이동,101091,101,년,2019,2022,,,"성별,산업대분류,일자리","성별,산업대분류별"
DT_1JTJ_2018_017,이동자의 성별 · 종사상지위간 일자리 이동,101091,101,년,2019,2022,,,"성별,종사상지위,일자리","성별,종사상지위별"
DT_1JTJ_2018_018,임금근로자의 성별 · 임금수준간 일자리 이동,101091,101,년,2019,2022,,,"임금근로자,성별,임금수준,일자리",성별
DT_1JTJ_2018_019,이동자의 연령별 · 조직형태간 일자리 이동,101091,101,년,2019,2022,,,일자리,"연령별,조직형태간"
DT_1JTJ_2018_020,이동자의 연령별 · 기업규모간 일자리 이동,101091,101,년,2019,2022,,,"이동자,일자리","연령별,기업규모별"
DT_1JTJ_2018_021,이동자의 연령별 · 산업대분류간 일자리 이동,101091,101,년,2019,2022,,,일자리,"연령별,산업대분류간"
DT_1JTJ_2018_022,이동자의 연령별 · 종사상지위간 일자리 이동,101091,101,년,2019,2022,,,일자리,"연령별,종사상지위별"
DT_1JTJ_2018_023,임금근로자의 연령별 · 임금수준간 일자리 이동,101091,101,년,2019,2022,,,"임금근로자,임금수준",연령별
DT_1JTJ_2018_024,미등록자의 성별 · 연령별 재등록 현황,101091,101,년,2020,2021,,,재등록자,"성별,연령별"
DT_1JTJ_2018_025,재등록자의 성별 · 조직형태간 일자리 이동,101091,101,년,2020,2021,,,"재등록자,일자리","성별,조직형태별"
DT_1JTJ_2018_026,재등록자의 성별 · 기업규모간 일자리 이동,101091,101,년,2020,2021,,,"재등록자,성별,기업규모,일자리","성별,기업규모별"
DT_1JTJ_2018_027,재등록자의 성별 · 산업대분류간 일자리 이동,101091,101,년,2020,2021,,,일자리,"성별,산업대분류별"
DT_1JTJ_2018_028,재등록자의 성별 · 종사상지위간 일자리 이동,101091,101,년,2020,2021,,,"재등록자,성별,종사상지위,일자리","성별,종사상지위별"
DT_1JTJ_2018_029,재등록자의 연령별 · 조직형태간 일자리 이동,101091,101,년,2020,2021,,,재등록자,"연령별,조직형태간"
DT_1JTJ_2018_030,재등록자의 연령별 · 기업규모간 일자리 이동,101091,101,년,2020,2021,,,"재등록자,일자리","연령별,기업규모별"
DT_1JTJ_2018_031,재등록자의 연령별 · 산업대분류간 일자리 이동,101091,101,년,2020,2021,,,"재등록자,일자리","연령별,산업대분류간"
DT_1JTJ_2018_032,재등록자의 연령별 · 종사상지위간 일자리 이동,101091,101,년,2020,2021,,,재등록자,"연령별,종사상지위별"
DT_1JTJ_2019_001,성별 · 연령별 일자리 이동,101091,101,년,2020,2022,,,일자리이동,"성별,연령별"
DT_1JTJ_2019_002,성별 · 종사상지위별 일자리 이동,101091,101,년,2020,2022,,,일자리,"성별,종사상지위별"
DT_1JTJ_2019_003,성별 · 근속기간별(변동전) 일자리 이동,101091,101,년,2020,2022,,,일자리,"성별,근속기간별"
DT_1JTJ_2019_004,성별 · 조직형태별 일자리 이동,101091,101,년,2020,2022,,,일자리,"성별,조직형태별"
DT_1JTJ_2019_005,성별 · 기업규모별 일자리 이동,101091,101,년,2020,2022,,,일자리,"성별,기업규모별"
DT_1JTJ_2019_006,성별 · 종사자규모별 일자리 이동,101091,101,년,2020,2022,,,"일자리,종사자규모","성별,종사자규모별"
DT_1JTJ_2019_007,성별 · 산업대분류별 일자리 이동,101091,101,년,2020,2022,,,일자리,"성별,산업대분류별"
DT_1JTJ_2019_008,연령별 · 종사상지위별 일자리 이동,101091,101,년,2020,2022,,,일자리,"연령별,종사상지위별"
DT_1JTJ_2019_009,연령별 · 근속기간별(변동전) 일자리 이동,101091,101,년,2020,2022,,,일자리,"연령별,근속기간별"
DT_1JTJ_2019_010,연령별 · 조직형태별 일자리 이동,101091,101,년,2020,2022,,,일자리,"연령별,조직형태별"
DT_1JTJ_2019_011,연령별 · 기업규모별 일자리 이동,101091,101,년,2020,2022,,,일자리,"연령별,기업규모별"
DT_1JTJ_2019_012,연령별 · 종사자규모별 일자리 이동,101091,101,년,2020,2022,,,"일자리,종사자규모","연령별,종사자규모별"
DT_1JTJ_2019_013,연령별 · 산업대분류별 일자리 이동,101091,101,년,2020,2022,,,일자리,"연령별,산업대분류별"
DT_1JTJ_2019_014,이동자의 성별 · 조직형태간 일자리 이동,101091,101,년,2020,2022,,,"성별,조직형태","성별,조직형태별"
DT_1JTJ_2019_015,이동자의 성별 · 기업규모간 일자리 이동,101091,101,년,2020,2022,,,"성별,기업규모,일자리","성별,기업규모별"
DT_1JTJ_2019_016,이동자의 성별 · 산업대분류간 일자리 이동,101091,101,년,2020,2022,,,"성별,산업대분류,일자리","성별,산업대분류별"
DT_1JTJ_2019_017,이동자의 성별 · 종사상지위간 일자리 이동,101091,101,년,2020,2022,,,"성별,종사상지위,일자리","성별,종사상지위별"
DT_1JTJ_2019_018,임금근로자의 성별 · 임금수준간 일자리 이동,101091,101,년,2020,2022,,,"임금근로자,임금수준",성별
DT_1JTJ_2019_019,이동자의 연령별 · 조직형태간 일자리 이동,101091,101,년,2020,2022,,,일자리,"연령별,조직형태간"
DT_1JTJ_2019_020,이동자의 연령별 · 기업규모간 일자리 이동,101091,101,년,2020,2022,,,"이동자,일자리","연령별,기업규모간"
DT_1JTJ_2019_021,이동자의 연령별 · 산업대분류간 일자리 이동,101091,101,년,2020,2022,,,일자리,"연령별,산업대분류간"
DT_1JTJ_2019_022,이동자의 연령별 · 종사상지위간 일자리 이동,101091,101,년,2020,2022,,,일자리,"연령별,종사상지위별"
DT_1JTJ_2019_023,임금근로자의 연령별 · 임금수준간 일자리 이동,101091,101,년,2020,2022,,,"임금근로자,임금수준",연령별
DT_1JTJ_2019_024,미등록자의 성별 · 연령별 재등록 현황,101091,101,년,2021,2022,,,재등록현황,"성별,연령별"
DT_1JTJ_2019_025,재등록자의 성별 · 조직형태간 일자리 이동,101091,101,년,2021,2022,,,"재등록자,일자리","성별,조직형태별"
DT_1JTJ_2019_026,재등록자의 성별 · 기업규모간 일자리 이동,101091,101,년,2021,2022,,,"재등록자,성별,기업규모,일자리","성별,기업규모별"
DT_1JTJ_2019_027,재등록자의 성별 · 산업대분류간 일자리 이동,101091,101,년,2021,2022,,,재등록자,"성별,산업대분류별"
DT_1JTJ_2019_028,재등록자의 성별 · 종사상지위간 일자리 이동,101091,101,년,2021,2022,,,"재등록자,성별,종사상지위,일자리","성별,종사상지위별"
DT_1JTJ_2019_029,재등록자의 연령별 · 조직형태간 일자리 이동,101091,101,년,2021,2022,,,재등록자,"연령별,조직형태간"
DT_1JTJ_2019_030,재등록자의 연령별 · 기업규모간 일자리 이동,101091,101,년,2021,2022,,,"재등록자,일자리","연령별,기업규모별"
DT_1JTJ_2019_031,재등록자의 연령별 · 산업대분류간 일자리 이동,101091,101,년,2021,2022,,,재등록자,"연령별,산업대분류별"
DT_1JTJ_2019_032,재등록자의 연령별 · 종사상지위간 일자리 이동,101091,101,년,2021,2022,,,재등록자,"연령별,종사상지위별"
DT_1JTJ_2020_001,성별 · 연령별 일자리 이동,101091,101,년,2021,2022,,,일자리이동,"성별,연령별"
DT_1JTJ_2020_002,성별 · 종사상지위별 일자리 이동,101091,101,년,2021,2022,,,일자리,"성별,종사상지위별"
DT_1JTJ_2020_003,성별 · 근속기간별(변동전) 일자리 이동,101091,101,년,2021,2022,,,일자리,"성별,근속기간별"
DT_1JTJ_2020_004,성별 · 조직형태별 일자리 이동,101091,101,년,2021,2022,,,일자리,"성별,조직형태별"
DT_1JTJ_2020_005,성별 · 기업규모별 일자리 이동,101091,101,년,2021,2022,,,일자리,"성별,기업규모별"
DT_1JTJ_2020_006,성별 · 종사자규모별 일자리 이동,101091,101,년,2021,2022,,,"일자리,종사자규모","성별,종사자규모별"
DT_1JTJ_2020_007,성별 · 산업대분류별 일자리 이동,101091,101,년,2021,2022,,,일자리,"성별,산업대분류별"
DT_1JTJ_2020_008,연령별 · 종사상지위별 일자리 이동,101091,101,년,2021,2022,,,일자리,"연령별,종사상지위별"
DT_1JTJ_2020_009,연령별 · 근속기간별(변동전) 일자리 이동,101091,101,년,2021,2022,,,일자리,"연령별,근속기간별"
DT_1JTJ_2020_010,연령별 · 조직형태별 일자리 이동,101091,101,년,2021,2022,,,일자리,"연령별,조직형태별"
DT_1JTJ_2020_011,연령별 · 기업규모별 일자리 이동,101091,101,년,2021,2022,,,일자리,"연령별,기업규모별"
DT_1JTJ_2020_012,연령별 · 종사자규모별 일자리 이동,101091,101,년,2021,2022,,,"일자리,종사자규모","연령별,종사자규모별"
DT_1JTJ_2020_013,연령별 · 산업대분류별 일자리 이동,101091,101,년,2021,2022,,,일자리,"연령별,산업대분류별"
DT_1JTJ_2020_014,이동자의 성별 · 조직형태간 일자리 이동,101091,101,년,2021,2022,,,"성별,조직형태","성별,조직형태별"
DT_1JTJ_2020_015,이동자의 성별 · 기업규모간 일자리 이동,101091,101,년,2021,2022,,,"성별,기업규모,일자리","성별,기업규모별"
DT_1JTJ_2020_016,이동자의 성별 · 산업대분류간 일자리 이동,101091,101,년,2021,2022,,,"성별,산업대분류,일자리","성별,산업대분류별"
DT_1JTJ_2020_017,이동자의 성별 · 종사상지위간 일자리 이동,101091,101,년,2021,2022,,,"성별,종사상지위,일자리","성별,종사상지위별"
DT_1JTJ_2020_018,임금근로자의 성별 · 임금수준간 일자리 이동,101091,101,년,2021,2022,,,"임금근로자,성별,임금수준,일자리",성별
DT_1JTJ_2020_019,이동자의 연령별 · 조직형태간 일자리 이동,101091,101,년,2021,2022,,,일자리,"연령별,조직형태간"
DT_1JTJ_2020_020,이동자의 연령별 · 기업규모간 일자리 이동,101091,101,년,2021,2022,,,"이동자,일자리","연령별,기업규모간"
DT_1JTJ_2020_021,이동자의 연령별 · 산업대분류간 일자리 이동,101091,101,년,2021,2022,,,일자리,"연령별,산업대분류간"
DT_1JTJ_2020_022,이동자의 연령별 · 종사상지위간 일자리 이동,101091,101,년,2021,2022,,,일자리,"연령별,종사상지위별"
DT_1JTJ_2020_023,임금근로자의 연령별 · 임금수준간 일자리 이동,101091,101,년,2021,2022,,,"임금근로자,임금수준",연령별
DT_1JTJ_2020_024,미등록자의 성별 · 연령별 재등록 현황,101091,101,년,2022,2022,,,재등록자,"성별,연령별"
DT_1JTJ_2020_025,재등록자의 성별 · 조직형태간 일자리 이동,101091,101,년,2022,2022,,,"재등록자,일자리","성별,조직형태별"
DT_1JTJ_2020_026,재등록자의 성별 · 기업규모간 일자리 이동,101091,101,년,2022,2022,,,"성별,기업규모","성별,기업규모별"
DT_1JTJ_2020_027,재등록자의 성별 · 산업대분류간 일자리 이동,101091,101,년,2022,2022,,,"재등록자,일자리","성별,산업대분류별"
DT_1JTJ_2020_028,재등록자의 성별 · 종사상지위간 일자리 이동,101091,101,년,2022,2022,,,"재등록자,성별,종사상지위,일자리","성별,종사상지위별"
DT_1JTJ_2020_029,재등록자의 연령별 · 조직형태간 일자리 이동,101091,101,년,2022,2022,,,재등록자,"연령별,조직형태간"
DT_1JTJ_2020_030,재등록자의 연령별 · 기업규모간 일자리 이동,101091,101,년,2022,2022,,,"재등록자,일자리","연령별,기업규모간"
DT_1JTJ_2020_031,재등록자의 연령별 · 산업대분류간 일자리 이동,101091,101,년,2022,2022,,,재등록자,"연령별,산업대분류간"
DT_1JTJ_2020_032,재등록자의 연령별 · 종사상지위간 일자리 이동,101091,101,년,2022,2022,,,재등록자,"연령별,종사상지위별"
DT_1JTJ_2021_001,성별 · 연령별 일자리 이동,101091,101,년,2022,2022,,,일자리,"성별,연령별"
DT_1JTJ_2021_002,성별 · 종사상지위별 일자리 이동,101091,101,년,2022,2022,,,일자리,"성별,종사상지위별"
DT_1JTJ_2021_003,성별 · 근속기간별(변동전) 일자리 이동,101091,101,년,2022,2022,,,일자리,"성별,근속기간별"
DT_1JTJ_2021_004,성별 · 조직형태별 일자리 이동,101091,101,년,2022,2022,,,일자리,"성별,조직형태별"
DT_1JTJ_2021_005,성별 · 기업규모별 일자리 이동,101091,101,년,2022,2022,,,일자리,"성별,기업규모별"
DT_1JTJ_2021_006,성별 · 종사자규모별 일자리 이동,101091,101,년,2022,2022,,,"일자리,종사자규모","성별,종사자규모별"
DT_1JTJ_2021_007,성별 · 산업대분류별 일자리 이동,101091,101,년,2022,2022,,,일자리,"성별,산업대분류별"
DT_1JTJ_2021_008,연령별 · 종사상지위별 일자리 이동,101091,101,년,2022,2022,,,일자리,"연령별,종사상지위별"
DT_1JTJ_2021_009,연령별 · 근속기간별(변동전) 일자리 이동,101091,101,년,2022,2022,,,일자리,"연령별,근속기간별"
DT_1JTJ_2021_010,연령별 · 조직형태별 일자리 이동,101091,101,년,2022,2022,,,일자리,"연령별,조직형태별"
DT_1JTJ_2021_011,연령별 · 기업규모별 일자리 이동,101091,101,년,2022,2022,,,일자리,"연령별,기업규모별"
DT_1JTJ_2021_012,연령별 · 종사자규모별 일자리 이동,101091,101,년,2022,2022,,,"일자리,종사자규모","연령별,종사자규모별"
DT_1JTJ_2021_013,연령별 · 산업대분류별 일자리 이동,101091,101,년,2022,2022,,,일자리,"연령별,산업대분류별"
DT_1JTJ_2021_014,이동자의 성별 · 조직형태간 일자리 이동,101091,101,년,2022,2022,,,"성별,조직형태,일자리","성별,조직형태별"
DT_1JTJ_2021_015,이동자의 성별 · 기업규모간 일자리 이동,101091,101,년,2022,2022,,,"성별,기업규모,일자리","성별,기업규모별"
DT_1JTJ_2021_016,이동자의 성별 · 산업대분류간 일자리 이동,101091,101,년,2022,2022,,,"성별,산업대분류간,일자리이동","성별,산업대분류별"
DT_1JTJ_2021_017,이동자의 성별 · 종사상지위간 일자리 이동,101091,101,년,2022,2022,,,"성별,종사상지위,일자리","성별,종사상지위별"
DT_1JTJ_2021_018,임금근로자의 성별 · 임금수준간 일자리 이동_REC,101091,101,년,2022,2022,,,"임금근로자,임금수준",성별
DT_1JTJ_2021_019,이동자의 연령별 · 조직형태간 일자리 이동,101091,101,년,2022,2022,,,일자리,"연령별,조직형태간"
DT_1JTJ_2021_020,이동자의 연령별 · 기업규모간 일자리 이동,101091,101,년,2022,2022,,,"이동자,일자리","연령별,기업규모간"
DT_1JTJ_2021_021,이동자의 연령별 · 산업대분류간 일자리 이동,101091,101,년,2022,2022,,,일자리,"연령별,산업대분류간"
DT_1JTJ_2021_022,이동자의 연령별 · 종사상지위간 일자리 이동,101091,101,년,2022,2022,,,일자리,"연령별,종사상지위별"
DT_1JTJ_2021_023,임금근로자의 연령별 · 임금수준간 일자리 이동,101091,101,년,2022,2022,,,"임금근로자,임금수준",연령별
DT_CC2020A001,전체 육아휴직자 수(시작일 기준),101092,101,년,2010,2022,,,육아휴직자,
DT_CC2020A002,연령별 전체 육아휴직자,101092,101,년,2010,2022,,,육아휴직자,연령별
DT_CC2020A003,기업체 규모별 전체 육아휴직자,101092,101,년,2010,2022,,,"기업체,육아휴직자",규모별
DT_CC2020A004,산업대분류별 전체 육아휴직자,101092,101,년,2010,2022,,,전체육아휴직자,산업대분류별
DT_CC2020B001,출생아 100명당 출생아 부모 중 육아휴직자 수,101092,101,년,2010,2022,,,"출생아부모,육아휴직자",출생아부모육아휴직자수별
DT_CC2020B002,출생아 부모 중 육아휴직자 수,101092,101,년,2010,2022,,,"출생아부모,육아휴직자",부모별
DT_CC2020B003,연령별 출생아 부모 중 육아휴직자,101092,101,년,2010,2022,,,"출생아부모,육아휴직자",연령별
DT_CC2020B004,기업체 규모별 출생아 부모 중 육아휴직자,101092,101,년,2010,2022,,,"출생아부모,육아휴직자",기업체규모별
DT_CC2020B005,산업대분류별 출생아 부모 중 육아휴직자,101092,101,년,2010,2022,,,"출생아부모,육아휴직자",산업대분류별
DT_CC2020C001,출생아 100명당 출생아 부모 중 육아휴직 대상자 수,101092,101,년,2010,2022,,,"출생아,부모,육아휴직대상자수",육아휴직대상자별
DT_CC2020C002,출생아 부모 중 육아휴직 대상자 수,101092,101,년,2010,2022,,,"출생아부모,육아휴직대상자",부모별
DT_CC2020C003,연령별 출생아 부모 중 육아휴직 대상자,101092,101,년,2010,2022,,,출생아부모,연령별
DT_CC2020C004,기업체 규모별 출생아 부모 중 육아휴직 대상자,101092,101,년,2010,2022,,,"출생아부모,육아휴직대상자",기업체규모별
DT_CC2020C005,산업대분류별 출생아 부모 중 육아휴직 대상자,101092,101,년,2010,2022,,,"출생아,부모",산업대분류별
DT_CC2020D001,출생아 부모의 육아휴직 사용률,101092,101,년,2010,2022,,,"출생아부모,육아휴직",
DT_CC2020D002,연령별 출생아 부모의 육아휴직 사용률,101092,101,년,2010,2022,,,"출생아부모,육아휴직사용률",연령별
DT_CC2020D003,기업체 규모별 출생아 부모의 육아휴직 사용률,101092,101,년,2010,2022,,,"출생아부모,기업체",기업체규모별
DT_CC2020D004,산업대분류별 출생아 부모의 육아휴직 사용률,101092,101,년,2010,2022,,,"출생아부모,육아휴직사용률",산업대분류별
DT_CC2020E001,자녀 연령별 육아휴직 사용 비중,101092,101,년,2010,2013,,,육아휴직,자녀연령별
DT_CC2020E002,육아휴직 분할사용 비중,101092,101,년,2010,2013,,,육아휴직,"기업규모별,성별"
DT_CC2020F001,출산 전·후 母의 취업비중,101092,101,년,2011,2022,,,"출산전후,취업비중",취업상태별
DT_CC2020G001,출산휴가자 수(출산·예정일 기준),101092,101,년,2019,2021,,,출산휴가자수,
DT_CC2020G002,연령별 출산휴가자,101092,101,년,2019,2021,,,출산휴가자,연령별
DT_CC2020G003,기업체 규모별 출산휴가자,101092,101,년,2019,2021,,,"기업체,출산휴가자",규모별
DT_CC2020G004,산업대분류별 출산휴가자,101092,101,년,2019,2021,,,출산휴가자,산업대분류별
DT_CC2020H001,출산휴가자(유산·사산 휴가자 제외),101092,101,년,2019,2021,,,출산휴가자,
DT_CC2020H002,모(母) 출산휴가자의 육아휴직 사용률(유산·사산 휴가자 제외),101092,101,년,2019,2021,,,"출산휴가자,육아휴직",출산휴가자별
DT_CC2020H003,연령별 모(母) 출산휴가자의 육아휴직 사용률,101092,101,년,2019,2021,,,육아휴직사용률,연령별
DT_CC2020H004,기업체 규모별 모(母) 출산휴가자의 육아휴직 사용률,101092,101,년,2019,2021,,,"기업체,모출산휴가자,육아휴직사용률",기업체규모별
DT_CC2020H005,산업대분류별 모(母) 출산휴가자의 육아휴직 사용률,101092,101,년,2019,2021,,,"출산휴가자,육아휴직사용률",산업대분류별
DT_1YL21301E,폐수배출업소수(시도/시/군/구),106005,101,년,1996,2021,,,폐수배출업소수,행정구역별
DT_1B04005,행정구역(읍면동)별/5세별 주민등록인구,110026,101,년,1992,2010,,,주민등록인구,"행정구역별,5세별"
DT_1B04005N,행정구역(읍면동)별/5세별 주민등록인구(2011년~),110026,101,"월,년",2011,2024,,,주민등록인구,"행정구역별,5세별"
DT_1B04006,행정구역(시군구)별/1세별 주민등록인구,110026,101,"월,년",2008,2024,,,주민등록인구,"행정구역별,1세별"
DT_1B040A3,"행정구역(시군구)별, 성별 인구수",110026,101,"월,년",1992,2024,,,인구수,"행정구역별,성별"
DT_1B040B3,행정구역(시군구)별 주민등록세대수,110026,101,"월,년",1992,2024,,,주민등록세대수,행정구역별
DT_1YL20651E,주민등록인구(시도/시/군/구),110026,101,"월,년",1992,2024,,,인구,행정구역별
INH_1B04005N_11,서울특별시(읍면동)별/5세별 주민등록인구(2011년~),110026,101,"월,년",2011,2024,서울특별시,,주민등록인구,"읍면동별,5세별"
DT_1YL202110E,도서관 현황(시도),113016,101,년,2007,2021,,,도서관,행정구역별
DT_1ET0021,식량작물 생산량(정곡),114004,101,년,1998,2024,,,생산량,품목별
DT_1ET0024,잡곡생산량,114004,101,년,1980,2022,,,잡곡,품목별
DT_1ET0025,두류생산량,114004,101,년,1980,2023,,,두류,품목별
DT_1ET0026,서류생산량(생서),114004,101,년,1991,2024,,,서류생산량,
DT_1ET0027,채소생산량(과채류),114004,101,년,1980,2022,,,채소생산량,품목별
DT_1ET0028,채소생산량(엽채류),114004,101,년,1980,2023,,,채소생산량,품목별
DT_1ET0029,채소생산량(근채류),114004,101,년,1980,2023,,,채소생산량,
DT_1ET0031,논벼 포기수 및 낟알수,114004,101,년,2008,2023,,,"논벼포기수,낟알수",
DT_1ET0032,논벼 볏짚생산량,114004,101,년,1965,2023,,,논벼볏짚생산량,
DT_1ET0034,"시군별 논벼 생산량(정곡,92.9%)",114004,101,년,1965,2023,,,논벼생산량,행정구역별
DT_1ET0050,주요작물 표본오차 및 신뢰구간(전국),114004,101,년,1989,2024,전국,,주요작물,작물별
DT_1ET0121,"미곡생산량(백미, 90.4%)",114004,101,년,2011,2023,,,미곡생산량,
DT_1ET0134,"시군별 논벼 생산량(정곡,90.4%)",114004,101,년,2011,2023,,,논벼생산량,행정구역별
DT_1ET0221,"미곡생산량(백미,92.9%)",114004,101,년,1965,2023,,,미곡생산량,
DT_1ET0222,미곡생산량(조곡),114004,101,년,1980,2023,,,미곡생산량,
DT_1ET0223,미곡생산량(현미),114004,101,년,1980,2023,,,미곡생산량,행정구역별
DT_1ET0231,맥류생산량(정곡),114004,101,년,1980,2024,,,맥류생산량,행정구역별
DT_1ET0232,맥류생산량(조곡),114004,101,년,1980,2024,,,맥류생산량,행정구역별
DT_1ET0291,채소생산량(조미채소),114004,101,년,1980,2024,,,채소생산량,품목별
DT_1ET0292,과실생산량(성과수+미과수),114004,101,년,1980,2023,,,과실생산량,
DT_1ET0293,특용작물생산량,114004,101,년,1980,2023,,,특용작물생산량,품목별
DT_1ET0294,시군별 논벼 생산량(조곡),114004,101,년,1955,2023,,,논벼생산량,행정구역별
DT_1ET0295,시군별 논벼 생산량(현미),114004,101,년,1954,2023,,,논벼생산량,행정구역별
DT_1ET0296,과실생산량(성과수),114004,101,년,2009,2023,,,과실생산량,품목별
DT_1ET0309,고추 주산지시군 생산량,114004,101,년,2006,2015,,,생산량,행정구역별
DT_1ET0310,고랭지감자 주산지시군 생산량,114004,101,년,2006,2015,,,생산량,행정구역별
DT_1ET0311,참깨 주산지시군 생산량,114004,101,년,2006,2015,,,생산량,행정구역별
DT_1EB001,전국(도별) 논밭별 경지면적,114033,101,년,1975,2023,전국,,논밭면적,"도별,논밭별"
DT_1EB002,시군별 논밭별 경지면적,114033,101,년,1975,2023,,,경지면적,"행정구역별,논밭별"
DT_1ET0012,노지 식량작물 재배면적,114033,101,년,1975,2024,,,재배면적,품목별
DT_1ET0013,노지 채소 재배면적,114033,101,년,1975,2024,,,재배면적,품목별
DT_1ET0014,노지 과수 재배면적,114033,101,년,1975,2024,,,재배면적,품목별
DT_1ET0015,"노지 특,약용작물 재배면적",114033,101,년,1975,2024,,,"특용작물,약용작물",특약용작물별
DT_1ET0016,"뽕밭, 기타수원지, 기타작물 재배면적",114033,101,년,1975,2023,,,재배면적,재배면적별
DT_1ET0017,시설작물 재배면적,114033,101,년,1979,2024,,,시설작물재배면적,품목별
DT_1ET0033,시군별 논벼 재배면적,114033,101,년,1975,2024,,,논벼재배면적,행정구역별
DT_1ET0040,경지이용면적 및 경지이용률,114033,101,년,1975,2023,,,"경지이용면적,경지이용률",
DT_1ET0061,마늘 주산지시군 재배면적,114033,101,년,2006,2015,,,재배면적,행정구역별
DT_1ET0062,양파 주산지시군 재배면적,114033,101,년,2006,2015,,,재배면적,행정구역별
DT_1ET0063,겉보리 주산지시군 재배면적,114033,101,년,2006,2015,,,재배면적,행정구역별
DT_1ET0064,쌀보리 주산지시군 재배면적,114033,101,년,2006,2015,,,재배면적,행정구역별
DT_1ET0065,맥주보리 주산지시군 재배면적,114033,101,년,2006,2015,,,재배면적,행정구역별
DT_1ET0066,봄감자 주산지시군 재배면적,114033,101,년,2006,2015,,,재배면적,행정구역별
DT_1ET0067,사과 주산지시군 재배면적,114033,101,년,2006,2015,,,재배면적,행정구역별
DT_1ET0068,배 주산지시군 재배면적,114033,101,년,2006,2015,,,재배면적,행정구역별
DT_1ET0069,고추 주산지시군 재배면적,114033,101,년,2006,2015,,,재배면적,행정구역별
DT_1ET0070,고랭지감자 주산지시군 재배면적,114033,101,년,2006,2015,,,재배면적,행정구역별
DT_1ET0071,참깨 주산지시군 재배면적,114033,101,년,2006,2015,,,재배면적,행정구역별
DT_1ET0072,가을배추 주산지시군 재배면적,114033,101,년,2006,2015,,,재배면적,행정구역별
DT_1ET0073,가을무 주산지시군 재배면적,114033,101,년,2006,2015,,,재배면적,행정구역별
DT_1ET0100,주요작물 표본오차 및 신뢰구간(전국),114033,101,년,2010,2023,전국,,주요작물,작물별
INH_1EB002,논경지면적(시도/시/군),114033,101,년,1975,2023,,,논경지면적,행정구역별
DT_1YL7402E,건축착공면적(시도),116005,101,월,2011,2024,,,건축착공면적,행정구역별
DT_1YL202004E,미분양주택현황(시도/시/군/구),116025,101,월,2000,2024,,,미분양주택,행정구역별
DT_1YL7501E,주택건설 인허가실적,116026,101,년,1990,2023,,,"주택건설,인허가실적","연도별,지역별,유형별"
DT_1YL202003E,등록장애인수(시도/시/군/구),117061,101,년,2019,2023,,,등록장애인수,행정구역별
DT_1YL202002E,비만유병률(시도/시/군/구),117075,101,년,2018,2019,,,비만유병률,행정구역별
DT_1YL202102E,건강생활실천율(시도/시/군/구),117075,101,년,2008,2023,,,건강생활실천율,행정구역별
DT_1YL202103E,인플루엔자 예방접종률(시도/시/군/구),117075,101,년,2008,2023,,,예방접종률,행정구역별
DT_1YL202104E,미충족의료율(시도/시/군/구),117075,101,년,2019,2023,,,미충족의료율,행정구역별
DT_1YL20291E,고위험음주율(시도/시/군/구),117075,101,년,2008,2023,,,고위험음주율,행정구역별
DT_1YL21021E,EQ-5D(시도/시/군/구),117075,101,년,2008,2019,,,EQ5D,행정구역별
DT_1YL11001E,결핵신고 신환자수(시도),117107,101,년,2006,2023,,,결핵신고신환자수,행정구역별
DT_1YL15005E_1,근로시간(시도),118002,101,년,2020,2023,,,근로시간,행정구역별
DT_1YL202101E,인터넷이용률(시도),120005,101,"반기,년",2001,2023,,,"인터넷이용률,시도",행정구역별
DT_1EW0001,어업생산동향 총괄표,123022,101,"월,년",1970,2024,,,어업생산량,"품종별,어법별,해역별,지역별"
DT_1EW0002,부류별 총괄표,123022,101,"월,년",1970,2024,,,부류,부류별
DT_1EW0003,어업별 어법별 총괄표,123022,101,"월,년",1970,2024,,,"어업,어법","어업별,어법별"
DT_1EW0004,어업별 품종별 통계,123022,101,"월,년",1970,2024,,,품종,"어업별,품종별"
DT_1EW0005,어업별 품종별 어법별 통계,123022,101,"월,년",2006,2024,,,"품종,어법","어업별,품종별,어법별"
DT_1EZ0001,양식방법에따른 경영체 현황,123023,101,"반기,년",2006,2024,,,경영체,양식방법별
DT_1EZ0002,시도·시군구별 양식어종수에 따른 경영체 현황,123023,101,"반기,년",2006,2024,,,"양식어종수,경영체",행정구역별
DT_1EZ0003,양식방법별  어종에 따른 경영체 현황,123023,101,"반기,년",2006,2024,,,경영체,"양식방법별,어종별"
DT_1EZ0004,시도·시군구별 양식방법에 따른 전체가능사육시설면적 현황,123023,101,년,2006,2009,,,전체가능사육시설면적,양식방법별
DT_1EZ0005,시도·시군구별 양식방법에 따른 사육수면적 현황,123023,101,"반기,년",2010,2024,,,"양식방법,사육수면적","양식방법별,행정구역별"
DT_1EZ0006,시도·시군구별 양식방법별 어종에 따른 사육수면적 현황,123023,101,"반기,년",2010,2024,,,"어종,사육수면적","행정구역별,양식방법별"
DT_1EZ0007,"시도·시군구별 양식현황 총괄(입식, 생산, 사육, 먹이(사료)를 준 량)",123023,101,"분기,반기,년",2010,2024,,,양식현황,행정구역별
DT_1EZ0008,"시도·시군구별 양식방법별 어종별 양식현황(입식, 생산, 사육, 먹이(사료)를 준 량)",123023,101,"분기,반기,년",2010,2024,,,양식현황,"행정구역별,양식방법별,어종별"
DT_1EZ0009,양식 방법별 종사자 현황,123023,101,"반기,년",2010,2024,,,종사자,양식방법별
DT_1EZ0010,양식방법별 사육수면적(연간 최대 사육수면적),123023,101,년,2006,2010,,,사육수면적,양식방법별
DT_1EZ0011,양식방법별·어종별 사육수면적(연간 최대 사육수면적),123023,101,년,2006,2010,,,사육수면적,"양식방법별,어종별"
DT_1EZ0012,"양식현황 총괄(입식, 생산, 사육, 사료급여량)",123023,101,년,2006,2010,,,"입식,생산,사육,사료급여량",양식별
DT_1EZ0013,"양식방법별·어종별 양식현황(입식, 생산, 사육, 사료급여량)",123023,101,년,2006,2010,,,양식현황,"양식방법별,어종별"
DT_1YL202109E,특허출원건수(시도),138001,101,년,1977,2023,,,특허출원건수,행정구역별
DT_1YL20551E_1,창업기업수(시도),142009,101,"월,분기,반기,년",2016,2024,,,창업기업수,행정구역별
DT_1YL202106E,자연재해 피해현황(시도),156003,101,년,2020,2022,,,피해현황,행정구역별
INH_1B04005_11,서울특별시(읍면동)별/5세별 주민등록인구,201003,101,년,1992,2010,서울특별시,,주민등록인구,"읍면동별,5세별"
INH_1K50001_11,서울특별시/구산업별/사업체구분별('93-'98),201005,101,년,1993,1998,,,사업체,"서울특별시별,구산업별,사업체구분별"
INH_1K50002_11,서울특별시/구산업별/조직형태별('93-'98),201005,101,년,1993,1998,,,사업체,"서울특별시별,구산업별,조직형태별"
INH_1K50003_11,서울특별시/구산업별/종사자규모별('93-'98),201005,101,년,1993,1998,,,종사자,"서울특별시별,구산업별,종사자규모별"
INH_1K50004_11,서울특별시/구산업별/종사상지위별('93-'98),201005,101,년,1993,1998,,,"사업체,종사상지위","서울특별시별,구산업별,종사상지위별"
INH_1K51001_11,"서울특별시/산업/사업체구분별 사업체수, 종사자수(`93~`05)",201005,101,년,1993,2005,,,"사업체수,종사자수",사업체구분별
INH_1K51002_11,"서울특별시/산업/조직형태별 사업체수,종사자수(`93~`05)",201005,101,년,1993,2005,,,"사업체수,종사자수",조직형태별
INH_1K51003_11,"서울특별시/산업/종사자규모별 사업체수,종사자수(`93~`05)",201005,101,년,1993,2005,,,"사업체수,종사자수",종사자규모별
INH_1K51004_11,서울특별시/산업/종사상지위별 종사자수(`93~`05),201005,101,년,1993,2005,,,종사자수,종사상지위별
INH_1K51005_11,서울특별시/산업/대표자남여별 사업체수(`93~`05),201005,101,년,1993,2005,,,사업체수,"산업별,대표자남여별"
INH_1K51006_11,서울특별시/산업/종사자남여별 종사자수(`93~`05),201005,101,년,1993,2005,,,종사자수,"산업별,성별"
INH_1K52B01_11,"서울특별시 산업 · 사업체구분별 사업체수, 종사자수(`06~  )",201005,101,년,2006,2016,서울특별시,,"사업체수,종사자수","산업별,사업체구분별"
INH_1K52B02_11,"서울특별시 · 산업 · 조직형태별 사업체수, 종사자수(`06~   )",201005,101,년,2006,2016,서울특별시,,"사업체수,종사자수",조직형태별
INH_1K52B03_11,"서울특별시 · 산업 · 종사자규모별 사업체수, 종사자수(`06~  )",201005,101,년,2006,2016,서울특별시,,"사업체수,종사자수",종사자규모별
INH_1K52B04_11,"서울특별시 · 산업 · 종사자지위별, 종사자수(`06~  )",201005,101,년,2006,2016,서울특별시,,종사자수,"산업별,종사자지위별"
INH_1K52B05_11,서울특별시 · 산업 · 대표자성별 사업체수(`06~  ),201005,101,년,2006,2016,서울특별시,,사업체수,"산업별,성별"
INH_1K52B06_11,서울특별시 · 산업 · 종사자성별 종사자수(`06~  ),201005,101,년,2006,2016,서울특별시,,종사자수,"산업별,성별"
INH_1K52C04_11,서울특별시·산업·종사상지위별 종사자수,201005,101,년,2006,2020,서울특별시,,종사자수,"산업별,종사상지위별"
INH_1K52C05_11,서울특별시·산업·대표자성별 사업체수,201005,101,년,2006,2020,서울특별시,,사업체수,"산업별,대표자성별별"
INH_1K52C06_11,서울특별시·산업·종사자성별 사업체수,201005,101,년,2006,2020,서울특별시,,사업체수,"산업별,성별"
INH_1K52C07_11,서울특별시·산업·대표자연령대별 사업체수,201005,101,년,2012,2020,서울특별시,,사업체수,산업별대표자연령대별
INH_1K50001_21,부산광역시/구산업별/사업체구분별('93-'98),202004,101,년,1993,1998,,,사업체,부산광역시구별산업별사업체구분별
INH_1K50002_21,부산광역시/구산업별/조직형태별('93-'98),202004,101,년,1993,1998,,,사업체,"부산광역시구별,조직형태별"
INH_1K50003_21,부산광역시/구산업별/종사자규모별('93-'98),202004,101,년,1993,1998,,,종사자규모,부산광역시구별산업별종사자규모별
INH_1K50004_21,부산광역시/구산업별/종사상지위별('93-'98),202004,101,년,1993,1998,,,"사업체,종사상지위",부산광역시구산업별종사상지위별
INH_1K51001_21,"부산광역시/산업/사업체구분별 사업체수, 종사자수(`93~`05)",202004,101,년,1993,2005,,,"사업체수,종사자수",사업체구분별
INH_1K51002_21,"부산광역시/산업/조직형태별 사업체수,종사자수(`93~`05)",202004,101,년,1993,2005,,,"사업체수,종사자수",조직형태별
INH_1K51003_21,"부산광역시/산업/종사자규모별 사업체수,종사자수(`93~`05)",202004,101,년,1993,2005,,,"사업체수,종사자수",종사자규모별
INH_1K51004_21,부산광역시/산업/종사상지위별 종사자수(`93~`05),202004,101,년,1993,2005,,,종사자수,종사상지위별
INH_1K51005_21,부산광역시/산업/대표자남여별 사업체수(`93~`05),202004,101,년,1993,2005,,,사업체수,"산업별,대표자남여별"
INH_1K51006_21,부산광역시/산업/종사자남여별 종사자수(`93~`05),202004,101,년,1993,2005,,,종사자수,"산업별,성별"
INH_1K52B01_21,"부산광역시 산업 · 사업체구분별 사업체수, 종사자수(`06~  )",202004,101,년,2006,2016,부산,,"사업체수,종사자수","산업별,사업체구분별"
INH_1K52B02_21,"부산광역시 · 산업 · 조직형태별 사업체수, 종사자수(`06~   )",202004,101,년,2006,2016,부산,,"사업체수,종사자수",조직형태별
INH_1K52B03_21,"부산광역시 · 산업 · 종사자규모별 사업체수, 종사자수(`06~  )",202004,101,년,2006,2016,부산,,"사업체수,종사자수",종사자규모별
INH_1K52B04_21,"부산광역시 · 산업 · 종사자지위별, 종사자수(`06~  )",202004,101,년,2006,2016,부산,,종사자수,"산업별,종사자지위별"
INH_1K52B05_21,부산광역시 · 산업 · 대표자성별 사업체수(`06~  ),202004,101,년,2006,2016,부산,,사업체수,"산업별,성별"
INH_1K52B06_21,부산광역시 · 산업 · 종사자성별 종사자수(`06~  ),202004,101,년,2006,2016,부산,,종사자수,"산업별,성별"
INH_1K52C04_21,부산광역시·산업·종사상지위별 종사자수,202004,101,년,2006,2020,부산,,종사자수,"산업별,종사상지위별"
INH_1K52C05_21,부산광역시·산업·대표자성별 사업체수,202004,101,년,2006,2020,부산,,사업체수,"산업별,대표자성별"
INH_1K52C06_21,부산광역시·산업·종사자성별 사업체수,202004,101,년,2006,2020,부산,,사업체수,"산업별,성별"
INH_1K52C07_21,부산광역시·산업·대표자연령대별 사업체수,202004,101,년,2012,2020,부산,,사업체수,"산업별,대표자연령대별"
INH_1K50001_22,대구광역시/구산업별/사업체구분별('93-'98),203003,101,년,1993,1998,,,사업체,대구광역시산업별사업체구분별
INH_1K50002_22,대구광역시/구산업별/조직형태별('93-'98),203003,101,년,1993,1998,,,사업체,대구광역시구별산업별조직형태별
INH_1K50003_22,대구광역시/구산업별/종사자규모별('93-'98),203003,101,년,1993,1998,,,종사자,대구광역시구별산업별종사자규모별
INH_1K50004_22,대구광역시/구산업별/종사상지위별('93-'98),203003,101,년,1993,1998,,,"사업체,종사상지위",대구광역시구산업별종사상지위별
INH_1K51001_22,"대구광역시/산업/사업체구분별 사업체수, 종사자수(`93~`05)",203003,101,년,1993,2005,,,"사업체수,종사자수",사업체구분별
INH_1K51002_22,"대구광역시/산업/조직형태별 사업체수,종사자수(`93~`05)",203003,101,년,1993,2005,,,"사업체수,종사자수",조직형태별
INH_1K51003_22,"대구광역시/산업/종사자규모별 사업체수,종사자수(`93~`05)",203003,101,년,1993,2005,,,"사업체수,종사자수",종사자규모별
INH_1K51004_22,대구광역시/산업/종사상지위별 종사자수(`93~`05),203003,101,년,1993,2005,,,종사상지자수,종사상지위별
INH_1K51005_22,대구광역시/산업/대표자남여별 사업체수(`93~`05),203003,101,년,1993,2005,,,사업체수,"산업별,대표자남여별"
INH_1K51006_22,대구광역시/산업/종사자남여별 종사자수(`93~`05),203003,101,년,1993,2005,,,종사자수,"산업별,성별"
INH_1K52B01_22,"대구광역시 산업 · 사업체구분별 사업체수, 종사자수(`06~  )",203003,101,년,2006,2016,대구,,"사업체수,종사자수","산업별,사업체구분별"
INH_1K52B02_22,"대구광역시 · 산업 · 조직형태별 사업체수, 종사자수(`06~   )",203003,101,년,2006,2016,대구,,"사업체수,종사자수",조직형태별
INH_1K52B03_22,"대구광역시 · 산업 · 종사자규모별 사업체수, 종사자수(`06~  )",203003,101,년,2006,2016,대구,,"사업체수,종사자수",종사자규모별
INH_1K52B04_22,"대구광역시 · 산업 · 종사자지위별, 종사자수(`06~  )",203003,101,년,2006,2016,대구,,종사자수,"산업별,종사자지위별"
INH_1K52B05_22,대구광역시 · 산업 · 대표자성별 사업체수(`06~  ),203003,101,년,2006,2016,대구,,사업체수,"산업별,성별"
INH_1K52B06_22,대구광역시 · 산업 · 종사자성별 종사자수(`06~  ),203003,101,년,2006,2016,대구,,종사자수,"산업별,성별"
INH_1K52C04_22,대구광역시·산업·종사상지위별 종사자수,203003,101,년,2006,2020,대구,,종사자수,"산업별,종사상지위별"
INH_1K52C05_22,대구광역시·산업·대표자성별 사업체수,203003,101,년,2006,2020,대구,,사업체수,"산업별,대표자성별별"
INH_1K52C06_22,대구광역시·산업·종사자성별 사업체수,203003,101,년,2006,2020,대구,,사업체수,"산업별,성별"
INH_1K52C07_22,대구광역시·산업·대표자연령대별 사업체수,203003,101,년,2012,2020,대구,,사업체수,산업별대표자연령대별
INH_1K50001_23,인천광역시/구산업별/사업체구분별('93-'98),204003,101,년,1993,1998,,,사업체,인천광역시구산업별사업체구분별
INH_1K50002_23,인천광역시/구산업별/조직형태별('93-'98),204003,101,년,1993,1998,,,사업체,"인천광역시별,구산업별,조직형태별"
INH_1K50003_23,인천광역시/구산업별/종사자규모별('93-'98),204003,101,년,1993,1998,,,종사자,인천광역시구별종사자규모별
INH_1K50004_23,인천광역시/구산업별/종사상지위별('93-'98),204003,101,년,1993,1998,,,"사업체,종사상지위",인천광역시구산업별종사상지위별
INH_1K51001_23,"인천광역시/산업/사업체구분별 사업체수, 종사자수(`93~`05)",204003,101,년,1993,2005,,,"사업체수,종사자수",사업체구분별
INH_1K51002_23,"인천광역시/산업/조직형태별 사업체수,종사자수(`93~`05)",204003,101,년,1993,2005,,,"사업체수,종사자수",조직형태별
INH_1K51003_23,"인천광역시/산업/종사자규모별 사업체수,종사자수(`93~`05)",204003,101,년,1993,2005,,,"사업체수,종사자수",종사자규모별
INH_1K51004_23,인천광역시/산업/종사상지위별 종사자수(`93~`05),204003,101,년,1993,2005,,,종사자수,종사상지위별
INH_1K51005_23,인천광역시/산업/대표자남여별 사업체수(`93~`05),204003,101,년,1993,2005,,,사업체수,"산업별,대표자남여별"
INH_1K51006_23,인천광역시/산업/종사자남여별 종사자수(`93~`05),204003,101,년,1993,2005,,,종사자수,"산업별,성별"
INH_1K52B01_23,"인천광역시 산업 · 사업체구분별 사업체수, 종사자수(`06~  )",204003,101,년,2006,2016,인천,,"사업체수,종사자수","산업별,사업체구분별"
INH_1K52B02_23,"인천광역시 · 산업 · 조직형태별 사업체수, 종사자수(`06~   )",204003,101,년,2006,2016,인천,,"사업체수,종사자수",조직형태별
INH_1K52B03_23,"인천광역시 · 산업 · 종사자규모별 사업체수, 종사자수(`06~  )",204003,101,년,2006,2016,인천,,"사업체수,종사자수",종사자규모별
INH_1K52B04_23,"인천광역시 · 산업 · 종사자지위별, 종사자수(`06~  )",204003,101,년,2006,2016,인천,,종사자수,"산업별,종사자지위별"
INH_1K52B05_23,인천광역시 · 산업 · 대표자성별 사업체수(`06~  ),204003,101,년,2006,2016,인천,,사업체수,"산업별,성별"
INH_1K52B06_23,인천광역시 · 산업 · 종사자성별 종사자수(`06~  ),204003,101,년,2006,2016,인천,,종사자수,"산업별,성별"
INH_1K52C04_23,인천광역시·산업·종사상지위별 종사자수,204003,101,년,2006,2020,인천,,종사자수,"산업별,종사상지위별"
INH_1K52C05_23,인천광역시·산업·대표자성별 사업체수,204003,101,년,2006,2020,인천,,사업체수,"산업별,대표자성별별"
INH_1K52C06_23,인천광역시·산업·종사자성별 사업체수,204003,101,년,2006,2020,인천,,사업체수,"산업별,성별"
INH_1K52C07_23,인천광역시·산업·대표자연령대별 사업체수,204003,101,년,2012,2020,인천,,사업체수,산업별대표자연령대별
INH_1K50001_24,광주광역시/구산업별/사업체구분별('93-'98),205004,101,년,1993,1998,,,사업체,"산업별,사업체구분별"
INH_1K50002_24,광주광역시/구산업별/조직형태별('93-'98),205004,101,년,1993,1998,,,사업체,"광주광역시별,산업별,조직형태별"
INH_1K50003_24,광주광역시/구산업별/종사자규모별('93-'98),205004,101,년,1993,1998,,,종사자,"광주광역시산업별,종사자규모별"
INH_1K50004_24,광주광역시/구산업별/종사상지위별('93-'98),205004,101,년,1993,1998,,,사업체,"산업별,종사상지위별"
INH_1K51001_24,"광주광역시/산업/사업체구분별 사업체수, 종사자수(`93~`05)",205004,101,년,1993,2005,,,"사업체수,종사자수",사업체구분별
INH_1K51002_24,"광주광역시/산업/조직형태별 사업체수,종사자수(`93~`05)",205004,101,년,1993,2005,,,"사업체수,종사자수",조직형태별
INH_1K51003_24,"광주광역시/산업/종사자규모별 사업체수,종사자수(`93~`05)",205004,101,년,1993,2005,,,"사업체수,종사자수",종사자규모별
INH_1K51004_24,광주광역시/산업/종사상지위별 종사자수(`93~`05),205004,101,년,1993,2005,,,종사자수,종사상지위별
INH_1K51005_24,광주광역시/산업/대표자남여별 사업체수(`93~`05),205004,101,년,1993,2005,,,사업체수,"대표자남여별,산업별"
INH_1K51006_24,광주광역시/산업/종사자남여별 종사자수(`93~`05),205004,101,년,1993,2005,,,종사자수,"산업별,성별"
INH_1K52B01_24,"광주광역시 산업 · 사업체구분별 사업체수, 종사자수(`06~  )",205004,101,년,2006,2016,광주,,"사업체수,종사자수","산업별,사업체구분별"
INH_1K52B02_24,"광주광역시 · 산업 · 조직형태별 사업체수, 종사자수(`06~   )",205004,101,년,2006,2016,광주,,"사업체수,종사자수",조직형태별
INH_1K52B03_24,"광주광역시 · 산업 · 종사자규모별 사업체수, 종사자수(`06~  )",205004,101,년,2006,2016,광주,,"사업체수,종사자수",종사자규모별
INH_1K52B04_24,"광주광역시 · 산업 · 종사자지위별, 종사자수(`06~  )",205004,101,년,2006,2016,광주,,종사자수,"산업별,종사자지위별"
INH_1K52B05_24,광주광역시 · 산업 · 대표자성별 사업체수(`06~  ),205004,101,년,2006,2016,광주,,사업체수,"산업별,성별"
INH_1K52B06_24,광주광역시 · 산업 · 종사자성별 종사자수(`06~  ),205004,101,년,2006,2016,광주,,종사자수,"산업별,성별"
INH_1K52C04_24,광주광역시·산업·종사상지위별 종사자수,205004,101,년,2006,2020,광주,,종사자수,"산업별,종사상지위별"
INH_1K52C05_24,광주광역시·산업·대표자성별 사업체수,205004,101,년,2006,2020,광주,,사업체수,"산업별,대표자성별"
INH_1K52C06_24,광주광역시·산업·종사자성별 사업체수,205004,101,년,2006,2020,광주,,사업체수,"산업별,성별"
INH_1K52C07_24,광주광역시·산업·대표자연령대별 사업체수,205004,101,년,2012,2020,광주,,사업체수,산업대표자연령대별
INH_1K50001_25,대전광역시/구산업별/사업체구분별('93-'98),206004,101,년,1993,1998,,,사업체,대전광역시산업별사업체구분별
INH_1K50002_25,대전광역시/구산업별/조직형태별('93-'98),206004,101,년,1993,1998,,,사업체,"대전광역시별,산업별,조직형태별"
INH_1K50003_25,대전광역시/구산업별/종사자규모별('93-'98),206004,101,년,1993,1998,,,종사자,대전광역시구별산업별종사자규모별
INH_1K50004_25,대전광역시/구산업별/종사상지위별('93-'98),206004,101,년,1993,1998,,,사업체,대전광역시구별산업별종사상지위별
INH_1K51001_25,"대전광역시/산업/사업체구분별 사업체수, 종사자수(`93~`05)",206004,101,년,1993,2005,,,"사업체수,종사자수",사업체구분별
INH_1K51002_25,"대전광역시/산업/조직형태별 사업체수,종사자수(`93~`05)",206004,101,년,1993,2005,,,"사업체수,종사자수",조직형태별
INH_1K51003_25,"대전광역시/산업/종사자규모별 사업체수,종사자수(`93~`05)",206004,101,년,1993,2005,,,"사업체수,종사자수",종사자규모별
INH_1K51004_25,대전광역시/산업/종사상지위별 종사자수(`93~`05),206004,101,년,1993,2005,,,종사자수,종사상지위별
INH_1K51005_25,대전광역시/산업/대표자남여별 사업체수(`93~`05),206004,101,년,1993,2005,,,사업체수,"사업체수별,대표자성별"
INH_1K51006_25,대전광역시/산업/종사자남여별 종사자수(`93~`05),206004,101,년,1993,2005,,,종사자수,"산업별,성별"
INH_1K52B01_25,"대전광역시 산업 · 사업체구분별 사업체수, 종사자수(`06~  )",206004,101,년,2006,2016,대전,,"사업체수,종사자수","산업별,사업체구분별"
INH_1K52B02_25,"대전광역시 · 산업 · 조직형태별 사업체수, 종사자수(`06~   )",206004,101,년,2006,2016,대전,,"사업체수,종사자수",조직형태별
INH_1K52B03_25,"대전광역시 · 산업 · 종사자규모별 사업체수, 종사자수(`06~  )",206004,101,년,2006,2016,대전,,"사업체수,종사자수",종사자규모별
INH_1K52B04_25,"대전광역시 · 산업 · 종사자지위별, 종사자수(`06~  )",206004,101,년,2006,2016,대전,,종사자수,"산업별,종사자지위별"
INH_1K52B05_25,대전광역시 · 산업 · 대표자성별 사업체수(`06~  ),206004,101,년,2006,2016,대전,,사업체수,"산업별,성별"
INH_1K52B06_25,대전광역시 · 산업 · 종사자성별 종사자수(`06~  ),206004,101,년,2006,2016,대전,,종사자수,"산업별,성별"
INH_1K52C04_25,대전광역시·산업·종사상지위별 종사자수,206004,101,년,2006,2020,대전,,종사자수,"산업별,종사상지위별"
INH_1K52C05_25,대전광역시·산업·대표자성별 사업체수,206004,101,년,2006,2020,대전,,사업체수,"산업별,대표자성별별"
INH_1K52C06_25,대전광역시·산업·종사자성별 사업체수,206004,101,년,2006,2020,대전,,사업체수,"산업별,성별"
INH_1K52C07_25,대전광역시·산업·대표자연령대별 사업체수,206004,101,년,2012,2020,대전,,사업체수,산업대표자연령대별
INH_1K50001_26,울산광역시/구산업별/사업체구분별('93-'98),207002,101,년,1996,1998,,,사업체,"울산광역시별,산업별,사업체구분별"
INH_1K50002_26,울산광역시/구산업별/조직형태별('93-'98),207002,101,년,1996,1998,,,사업체,"울산광역시별,구산업별,조직형태별"
INH_1K50003_26,울산광역시/구산업별/종사자규모별('93-'98),207002,101,년,1996,1998,,,종사자,"울산광역시별,산업별,종사자규모별"
INH_1K50004_26,울산광역시/구산업별/종사상지위별('93-'98),207002,101,년,1996,1998,,,"사업체,종사상지위","울산광역시별,산업별,종사상지위별"
INH_1K51001_26,"울산광역시/산업/사업체구분별 사업체수, 종사자수(`93~`05)",207002,101,년,1993,2005,,,"사업체수,종사자수",사업체구분별
INH_1K51002_26,"울산광역시/산업/조직형태별 사업체수,종사자수(`93~`05)",207002,101,년,1993,2005,,,"사업체수,종사자수",조직형태별
INH_1K51003_26,"울산광역시/산업/종사자규모별 사업체수,종사자수(`93~`05)",207002,101,년,1993,2005,,,"사업체수,종사자수",종사자규모별
INH_1K51004_26,울산광역시/산업/종사상지위별 종사자수(`93~`05),207002,101,년,1993,2005,,,종사자수,종사상지위별
INH_1K51005_26,울산광역시/산업/대표자남여별 사업체수(`93~`05),207002,101,년,1993,2005,,,사업체수,"산업별,대표자남여별"
INH_1K51006_26,울산광역시/산업/종사자남여별 종사자수(`93~`05),207002,101,년,1993,2005,,,종사자수,"산업별,성별"
INH_1K52B01_26,"울산광역시 산업 · 사업체구분별 사업체수, 종사자수(`06~  )",207002,101,년,2006,2016,울산,,"사업체수,종사자수","산업별,사업체구분별"
INH_1K52B02_26,"울산광역시 · 산업 · 조직형태별 사업체수, 종사자수(`06~   )",207002,101,년,2006,2016,울산,,"사업체수,종사자수",조직형태별
INH_1K52B03_26,"울산광역시 · 산업 · 종사자규모별 사업체수, 종사자수(`06~  )",207002,101,년,2006,2016,울산,,"사업체수,종사자수",종사자규모별
INH_1K52B04_26,"울산광역시 · 산업 · 종사자지위별, 종사자수(`06~  )",207002,101,년,2006,2016,울산,,종사자수,"산업별,종사자지위별"
INH_1K52B05_26,울산광역시 · 산업 · 대표자성별 사업체수(`06~  ),207002,101,년,2006,2016,울산,,사업체수,"산업별,성별"
INH_1K52B06_26,울산광역시 · 산업 · 종사자성별 종사자수(`06~  ),207002,101,년,2006,2016,울산,,종사자수,"산업별,성별"
INH_1K52C04_26,울산광역시·산업·종사상지위별 종사자수,207002,101,년,2006,2020,울산,,종사자수,"산업별,종사상지위별"
INH_1K52C05_26,울산광역시·산업·대표자성별 사업체수,207002,101,년,2006,2020,울산,,사업체수,"산업별,대표자성별별"
INH_1K52C06_26,울산광역시·산업·종사자성별 사업체수,207002,101,년,2006,2020,울산,,사업체수,"산업별,성별"
INH_1K52C07_26,울산광역시·산업·대표자연령대별 사업체수,207002,101,년,2012,2020,울산,,사업체수,산업별대표자연령대별
INH_1K52C04_29,세종특별자치시·산업·종사상지위별 종사자수,208001,101,년,2006,2020,세종,,종사자수,"산업별,종사상지위별"
INH_1K52C05_29,세종특별자치시산업·대표자성별 사업체수,208001,101,년,2006,2020,,,사업체수,"사업체별,성별"
INH_1K52C06_29,세종특별자치시·산업·종사자성별 사업체수,208001,101,년,2006,2020,세종,,사업체수,"산업별,성별"
INH_1K52C07_29,세종특별자치시·산업·대표자연령대별 사업체수,208001,101,년,2012,2020,세종,,사업체수,"산업별,대표자연령대별"
INH_1K50001_32,강원도/구산업별/사업체구분별('93-'98),211003,101,년,1993,1998,,,사업체,"강원도별,구산업별,사업체구분별"
INH_1K50002_32,강원도/구산업별/조직형태별('93-'98),211003,101,년,1993,1998,,,사업체,"강원도별,구산업별,조직형태별"
INH_1K50003_32,강원도/구산업별/종사자규모별('93-'98),211003,101,년,1993,1998,,,종사자규모,"강원도별,구산업별,종사자규모별"
INH_1K50004_32,강원도/구산업별/종사상지위별('93-'98),211003,101,년,1993,1998,,,종사상지위,"강원도별,구산업별,종사상지위별"
INH_1K51001_32,"강원도/산업/사업체구분별 사업체수, 종사자수(`93~`05)",211003,101,년,1993,2005,,,"사업체수,종사자수","산업별,사업체구분별"
INH_1K51002_32,"강원도/산업/조직형태별 사업체수,종사자수(`93~`05)",211003,101,년,1993,2005,,,"사업체수,종사자수",조직형태별
INH_1K51003_32,"강원도/산업/종사자규모별 사업체수,종사자수(`93~`05)",211003,101,년,1993,2005,,,"사업체수,종사자수","산업별,종사자규모별"
INH_1K51004_32,강원도/산업/종사상지위별 종사자수(`93~`05),211003,101,년,1993,2005,,,종사자수,"산업별,종사상지위별"
INH_1K51005_32,강원도/산업/대표자남여별 사업체수(`93~`05),211003,101,년,1993,2005,,,사업체수,"사업체별,대표자남여별"
INH_1K51006_32,강원도/산업/종사자남여별 종사자수(`93~`05),211003,101,년,1993,2005,,,종사자수,"산업별,성별"
INH_1K52B01_32,"강원도 산업 · 사업체구분별 사업체수, 종사자수(`06~  )",211003,101,년,2006,2016,강원,,"사업체수,종사자수","산업별,사업체구분별"
INH_1K52B02_32,"강원도 · 산업 · 조직형태별 사업체수, 종사자수(`06~   )",211003,101,년,2006,2016,강원,,"사업체수,종사자수",조직형태별
INH_1K52B03_32,"강원도 · 산업 · 종사자규모별 사업체수, 종사자수(`06~  )",211003,101,년,2006,2016,강원,,"사업체수,종사자수",종사자규모별
INH_1K52B04_32,"강원도 · 산업 · 종사자지위별, 종사자수(`06~  )",211003,101,년,2006,2016,강원,,종사자수,"산업별,종사자지위별"
INH_1K52B05_32,강원도 · 산업 · 대표자성별 사업체수(`06~  ),211003,101,년,2006,2016,강원,,사업체수,"산업별,성별"
INH_1K52B06_32,강원도 · 산업 · 종사자성별 종사자수(`06~  ),211003,101,년,2006,2016,강원,,종사자수,"산업별,성별"
INH_1K52C04_32,강원도·산업·종사상지위별 종사자수,211003,101,년,2006,2020,강원,,종사자수,"산업별,종사상지위별"
INH_1K52C05_32,강원도·산업·대표자성별 사업체수,211003,101,년,2006,2020,강원,,사업체수,"산업별,대표자성별별"
INH_1K52C06_32,강원도·산업·종사자성별 사업체수,211003,101,년,2006,2020,강원,,사업체수,"산업별,성별"
INH_1K52C07_32,강원도·산업·대표자연령대별 사업체수,211003,101,년,2012,2020,강원,,사업체수,"산업별,대표자연령대별"
INH_1K50001_33,충청북도/구산업별/사업체구분별('93-'98),212003,101,년,1993,1998,,,사업체,"충청북도별,구산업별,사업체구분별"
INH_1K50002_33,충청북도/구산업별/조직형태별('93-'98),212003,101,년,1993,1998,,,사업체,"충청북도별,구산업별,조직형태별"
INH_1K50003_33,충청북도/구산업별/종사자규모별('93-'98),212003,101,년,1993,1998,,,종사자규모,"충청북도별,구산업별,종사자규모별"
INH_1K50004_33,충청북도/구산업별/종사상지위별('93-'98),212003,101,년,1993,1998,,,사업체수,"충청북도별,구산업별,종사상지위별"
INH_1K51001_33,"충청북도/산업/사업체구분별 사업체수, 종사자수(`93~`05)",212003,101,년,1993,2005,,,"사업체수,종사자수",사업체구분별
INH_1K51002_33,"충청북도/산업/조직형태별 사업체수,종사자수(`93~`05)",212003,101,년,1993,2005,,,"사업체수,종사자수",조직형태별
INH_1K51003_33,"충청북도/산업/종사자규모별 사업체수,종사자수(`93~`05)",212003,101,년,1993,2005,,,"사업체수,종사자수",종사자규모별
INH_1K51004_33,충청북도/산업/종사상지위별 종사자수(`93~`05),212003,101,년,1993,2005,,,종사자수,종사상지위별
INH_1K51005_33,충청북도/산업/대표자남여별 사업체수(`93~`05),212003,101,년,1993,2005,,,사업체수,"대표자남여별,산업별"
INH_1K51006_33,충청북도/산업/종사자남여별 종사자수(`93~`05),212003,101,년,1993,2005,,,종사자수,"산업별,성별"
INH_1K52B01_33,"충청북도 산업 · 사업체구분별 사업체수, 종사자수(`06~  )",212003,101,년,2006,2016,충북,,"사업체수,종사자수","산업별,사업체구분별"
INH_1K52B02_33,"충청북도 · 산업 · 조직형태별 사업체수, 종사자수(`06~   )",212003,101,년,2006,2016,충북,,"사업체수,종사자수",조직형태별
INH_1K52B03_33,"충청북도 · 산업 · 종사자규모별 사업체수, 종사자수(`06~  )",212003,101,년,2006,2016,충북,,"사업체수,종사자수",종사자규모별
INH_1K52B04_33,"충청북도 · 산업 · 종사자지위별, 종사자수(`06~  )",212003,101,년,2006,2016,충북,,종사자수,"산업별,종사자지위별"
INH_1K52B05_33,충청북도 · 산업 · 대표자성별 사업체수(`06~  ),212003,101,년,2006,2016,충북,,사업체수,"산업별,성별"
INH_1K52B06_33,충청북도 · 산업 · 종사자성별 종사자수(`06~  ),212003,101,년,2006,2016,충북,,종사자수,"산업별,성별"
INH_1K52C04_33,충청북도·산업·종사상지위별 종사자수,212003,101,년,2006,2020,충북,,종사자수,"산업별,종사상지위별"
INH_1K52C05_33,충청북도·산업·대표자성별 사업체수,212003,101,년,2006,2020,충북,,사업체수,"산업별,대표자성별"
INH_1K52C06_33,충청북도·산업·종사자성별 사업체수,212003,101,년,2006,2020,충북,,사업체수,"산업별,성별"
INH_1K52C07_33,충청북도·산업·대표자연령대별 사업체수,212003,101,년,2012,2020,충북,,사업체수,산업대표자연령대별
INH_1K50001_34,충청남도/구산업별/사업체구분별('93-'98),213004,101,년,1993,1998,,,사업체,"충청남도별,구산업별,사업체구분별"
INH_1K50002_34,충청남도/구산업별/조직형태별('93-'98),213004,101,년,1993,1998,,,사업체,"충청남도별,조직형태별"
INH_1K50003_34,충청남도/구산업별/종사자규모별('93-'98),213004,101,년,1993,1998,,,종사자규모,"충청남도별,구산업별,종사자규모별"
INH_1K50004_34,충청남도/구산업별/종사상지위별('93-'98),213004,101,년,1993,1998,,,사업체,충청남도구산업별종사상지위별
INH_1K51001_34,"충청남도/산업/사업체구분별 사업체수, 종사자수(`93~`05)",213004,101,년,1993,2005,,,"사업체수,종사자수",사업체구분별
INH_1K51002_34,"충청남도/산업/조직형태별 사업체수,종사자수(`93~`05)",213004,101,년,1993,2005,,,"사업체수,종사자수",조직형태별
INH_1K51003_34,"충청남도/산업/종사자규모별 사업체수,종사자수(`93~`05)",213004,101,년,1993,2005,,,"사업체수,종사자수",종사자규모별
INH_1K51004_34,충청남도/산업/종사상지위별 종사자수(`93~`05),213004,101,년,1993,2005,,,종사자수,종사상지위별
INH_1K51005_34,충청남도/산업/대표자남여별 사업체수(`93~`05),213004,101,년,1993,2005,,,사업체수,"산업별,대표자남여별"
INH_1K51006_34,충청남도/산업/종사자남여별 종사자수(`93~`05),213004,101,년,1993,2005,,,종사자수,"산업별,성별"
INH_1K52B01_34,"충청남도 산업 · 사업체구분별 사업체수, 종사자수(`06~  )",213004,101,년,2006,2016,충남,,"사업체수,종사자수","산업별,사업체구분별"
INH_1K52B02_34,"충청남도 · 산업 · 조직형태별 사업체수, 종사자수(`06~   )",213004,101,년,2006,2016,충남,,"사업체수,종사자수",조직형태별
INH_1K52B03_34,"충청남도 · 산업 · 종사자규모별 사업체수, 종사자수(`06~  )",213004,101,년,2006,2016,충남,,"사업체수,종사자수",종사자규모별
INH_1K52B04_34,"충청남도 · 산업 · 종사자지위별, 종사자수(`06~  )",213004,101,년,2006,2016,충남,,종사자수,"산업별,종사자지위별"
INH_1K52B05_34,충청남도 · 산업 · 대표자성별 사업체수(`06~  ),213004,101,년,2006,2016,충남,,사업체수,"산업별,성별"
INH_1K52B06_34,충청남도 · 산업 · 종사자성별 종사자수(`06~  ),213004,101,년,2006,2016,충남,,종사자수,"산업별,성별"
INH_1K52C04_34,충청남도·산업·종사상지위별 종사자수,213004,101,년,2006,2020,충남,,종사자수,"산업별,종사상지위별"
INH_1K52C05_34,충청남도·산업·대표자성별 사업체수,213004,101,년,2006,2020,충남,,사업체수,"산업별,대표자성별별"
INH_1K52C06_34,충청남도·산업·종사자성별 사업체수,213004,101,년,2006,2020,충남,,사업체수,"산업별,성별"
INH_1K52C07_34,충청남도·산업·대표자연령대별 사업체수,213004,101,년,2012,2020,충남,,사업체수,산업별대표자연령대별
INH_1K50001_35,전라북도/구산업별/사업체구분별('93-'98),214003,101,년,1993,1998,,,사업체,"전라북도별,구산업별,사업체구분별"
INH_1K50002_35,전라북도/구산업별/조직형태별('93-'98),214003,101,년,1993,1998,,,사업체,"전라북도별,구산업별,조직형태별"
INH_1K50003_35,전라북도/구산업별/종사자규모별('93-'98),214003,101,년,1993,1998,,,종사자규모,"전라북도별,구산업별,종사자규모별"
INH_1K50004_35,전라북도/구산업별/종사상지위별('93-'98),214003,101,년,1993,1998,,,종사상지위,"구산업별,종사상지위별"
INH_1K51001_35,"전라북도/산업/사업체구분별 사업체수, 종사자수(`93~`05)",214003,101,년,1993,2005,,,"사업체수,종사자수",사업체구분별
INH_1K51002_35,"전라북도/산업/조직형태별 사업체수,종사자수(`93~`05)",214003,101,년,1993,2005,,,"사업체수,종사자수",조직형태별
INH_1K51003_35,"전라북도/산업/종사자규모별 사업체수,종사자수(`93~`05)",214003,101,년,1993,2005,,,"사업체수,종사자수",종사자규모별
INH_1K51004_35,전라북도/산업/종사상지위별 종사자수(`93~`05),214003,101,년,1993,2005,,,종사자수,종사상지위별
INH_1K51005_35,전라북도/산업/대표자남여별 사업체수(`93~`05),214003,101,년,1993,2005,,,사업체수,"사업체수별,대표자성별"
INH_1K51006_35,전라북도/산업/종사자남여별 종사자수(`93~`05),214003,101,년,1993,2005,,,종사자수,"산업별,성별"
INH_1K52B01_35,"전라북도 산업 · 사업체구분별 사업체수, 종사자수(`06~  )",214003,101,년,2006,2016,전북,,"사업체수,종사자수","산업별,사업체구분별"
INH_1K52B02_35,"전라북도 · 산업 · 조직형태별 사업체수, 종사자수(`06~   )",214003,101,년,2006,2016,전북,,"사업체수,종사자수",조직형태별
INH_1K52B03_35,"전라북도 · 산업 · 종사자규모별 사업체수, 종사자수(`06~  )",214003,101,년,2006,2016,전북,,"사업체수,종사자수",종사자규모별
INH_1K52B04_35,"전라북도 · 산업 · 종사자지위별, 종사자수(`06~  )",214003,101,년,2006,2016,전북,,종사자수,"산업별,종사자지위별"
INH_1K52B05_35,전라북도 · 산업 · 대표자성별 사업체수(`06~  ),214003,101,년,2006,2016,전북,,사업체수,"산업별,성별"
INH_1K52B06_35,전라북도 · 산업 · 종사자성별 종사자수(`06~  ),214003,101,년,2006,2016,전북,,종사자수,"산업별,성별"
INH_1K52C04_35,전라북도·산업·종사상지위별 종사자수,214003,101,년,2006,2020,전북,,종사자수,"산업별,종사상지위별"
INH_1K52C05_35,전라북도·산업·대표자성별 사업체수,214003,101,년,2006,2020,전북,,사업체수,"산업별,대표자성별별"
INH_1K52C06_35,전라북도·산업·종사자성별 사업체수,214003,101,년,2006,2020,전북,,사업체수,"산업별,성별"
INH_1K52C07_35,전라북도·산업·대표자연령대별 사업체수,214003,101,년,2012,2020,전북,,사업체수,산업대표자연령대별
INH_1K50001_36,전라남도/구산업별/사업체구분별('93-'98),215003,101,년,1993,1998,,,사업체,"전라남도별,구산업별,사업체구분별"
INH_1K50002_36,전라남도/구산업별/조직형태별('93-'98),215003,101,년,1993,1998,,,사업체,"전라남도별,구산업별,조직형태별"
INH_1K50003_36,전라남도/구산업별/종사자규모별('93-'98),215003,101,년,1993,1998,,,종사자규모,"전라남도별,구산업별,종사자규모별"
INH_1K50004_36,전라남도/구산업별/종사상지위별('93-'98),215003,101,년,1993,1998,,,종사상지위,"전라남도별,구산업별,종사상지위별"
INH_1K51001_36,"전라남도/산업/사업체구분별 사업체수, 종사자수(`93~`05)",215003,101,년,1993,2005,,,"사업체수,종사자수",사업체구분별
INH_1K51002_36,"전라남도/산업/조직형태별 사업체수,종사자수(`93~`05)",215003,101,년,1993,2005,,,"사업체수,종사자수",조직형태별
INH_1K51003_36,"전라남도/산업/종사자규모별 사업체수,종사자수(`93~`05)",215003,101,년,1993,2005,,,"사업체수,종사자수",종사자규모별
INH_1K51004_36,전라남도/산업/종사상지위별 종사자수(`93~`05),215003,101,년,1993,2005,,,종사자수,종사상지위별
INH_1K51005_36,전라남도/산업/대표자남여별 사업체수(`93~`05),215003,101,년,1993,2005,,,사업체수,"산업별,대표자남여별"
INH_1K51006_36,전라남도/산업/종사자남여별 종사자수(`93~`05),215003,101,년,1993,2005,,,종사자수,"산업별,성별"
INH_1K52B01_36,"전라남도 산업 · 사업체구분별 사업체수, 종사자수(`06~  )",215003,101,년,2006,2016,전남,,"사업체수,종사자수","산업별,사업체구분별"
INH_1K52B02_36,"전라남도 · 산업 · 조직형태별 사업체수, 종사자수(`06~   )",215003,101,년,2006,2016,전남,,"사업체수,종사자수",조직형태별
INH_1K52B03_36,"전라남도 · 산업 · 종사자규모별 사업체수, 종사자수(`06~  )",215003,101,년,2006,2016,전남,,"사업체수,종사자수",종사자규모별
INH_1K52B04_36,"전라남도 · 산업 · 종사자지위별, 종사자수(`06~  )",215003,101,년,2006,2016,전남,,종사자수,"산업별,종사자지위별"
INH_1K52B05_36,전라남도 · 산업 · 대표자성별 사업체수(`06~  ),215003,101,년,2006,2016,전남,,사업체수,"산업별,성별"
INH_1K52B06_36,전라남도 · 산업 · 종사자성별 종사자수(`06~  ),215003,101,년,2006,2016,전남,,종사자수,"산업별,성별"
INH_1K52C04_36,전라남도·산업·종사상지위별 종사자수,215003,101,년,2006,2020,전남,,종사자수,"산업별,종사상지위별"
INH_1K52C05_36,전라남도·산업·대표자성별 사업체수,215003,101,년,2006,2020,전남,,사업체수,"산업별,대표자성별별"
INH_1K52C06_36,전라남도·산업·종사자성별 사업체수,215003,101,년,2006,2020,전남,,사업체수,"산업별,성별"
INH_1K52C07_36,전라남도·산업·대표자연령대별 사업체수,215003,101,년,2012,2020,전남,,사업체수,산업대표자연령대별
INH_1K50001_39,제주특별자치도/구산업별/사업체구분별('93-'98),218003,101,년,1993,1998,,,사업체,"구산업별,사업체구분별"
INH_1K50002_39,제주특별자치도/구산업별/조직형태별('93-'98),218003,101,년,1993,1998,,,사업체,"제주특별자치도별,구산업별,조직형태별"
INH_1K50003_39,제주특별자치도/구산업별/종사자규모별('93-'98),218003,101,년,1993,1998,,,종사자규모,"제주특별자치도별,구산업별,종사자규모별"
INH_1K50004_39,제주특별자치도/구산업별/종사상지위별('93-'98),218003,101,년,1993,1998,,,종사상지위,"제주특별자치도별,구산업별,종사상지위별"
INH_1K51001_39,"제주특별자치도/산업/사업체구분별 사업체수, 종사자수(`93~`05)",218003,101,년,1993,2005,,,"사업체수,종사자수",사업체구분별
INH_1K51002_39,"제주특별자치도/산업/조직형태별 사업체수,종사자수(`93~`05)",218003,101,년,1993,2005,,,"사업체수,종사자수",조직형태별
INH_1K51003_39,"제주특별자치도/산업/종사자규모별 사업체수,종사자수(`93~`05)",218003,101,년,1993,2005,,,"사업체수,종사자수",종사자규모별
INH_1K51004_39,제주특별자치도/산업/종사상지위별 종사자수(`93~`05),218003,101,년,1993,2005,,,종사자수,"산업별,종사상지위별"
INH_1K51005_39,제주특별자치도/산업/대표자남여별 사업체수(`93~`05),218003,101,년,1993,2005,,,사업체수,"산업별,대표자남여별"
INH_1K51006_39,제주특별자치도/산업/종사자남여별 종사자수(`93~`05),218003,101,년,1993,2005,,,종사자수,"산업별,성별"
INH_1K52B01_39,"제주특별자치도 산업 · 사업체구분별 사업체수, 종사자수(`06~  )",218003,101,년,2006,2016,제주,,"사업체수,종사자수","산업별,사업체구분별"
INH_1K52B02_39,"제주특별자치도 · 산업 · 조직형태별 사업체수, 종사자수(`06~   )",218003,101,년,2006,2016,제주,,"사업체수,종사자수",조직형태별
INH_1K52B03_39,"제주특별자치도 · 산업 · 종사자규모별 사업체수, 종사자수(`06~  )",218003,101,년,2006,2016,제주,,"사업체수,종사자수",종사자규모별
INH_1K52B04_39,"제주특별자치도 · 산업 · 종사자지위별, 종사자수(`06~  )",218003,101,년,2006,2016,제주,,종사자수,"산업별,종사자지위별"
INH_1K52B05_39,제주특별자치도 · 산업 · 대표자성별 사업체수(`06~  ),218003,101,년,2006,2016,제주,,사업체수,"산업별,성별"
INH_1K52B06_39,제주특별자치도 · 산업 · 종사자성별 종사자수(`06~  ),218003,101,년,2006,2016,제주,,종사자수,"산업별,성별"
INH_1K52C04_39,제주특별자치도·산업·종사상지위별 종사자수,218003,101,년,2006,2020,제주,,종사자수,"산업별,종사상지위별"
INH_1K52C05_39,제주특별자치도·산업·대표자성별 사업체수,218003,101,년,2006,2020,제주,,사업체수,"산업별,대표자성별별"
INH_1K52C06_39,제주특별자치도·산업·종사자성별 사업체수,218003,101,년,2006,2020,제주,,사업체수,"산업별,성별"
INH_1K52C07_39,제주특별자치도·산업·대표자연령대별 사업체수,218003,101,년,2012,2020,제주,,사업체수,산업대표자연령대별
DT_1J49,"농가판매가격지수(2005=100, 분기, 품목별)",306001,101,"분기,년",1980,2013,,,"농가판매가격지수,품목별",품목별
DT_1J50,"농가판매가격지수(2005=100, 분기)",306001,101,"분기,년",1959,2013,,,농가판매가격지수,분기별
DT_1J51,"농가구입가격지수(2005=100, 분기)",306001,101,"분기,년",1959,2013,,,농가구입가격지수,분기별
DT_1J52,"농가판매가격지수(2010=100,분기)",306001,101,"분기,년",2005,2018,,,농가판매가격지수,분기별
DT_1J54,"농가구입가격지수(2010=100,분기)",306001,101,"분기,년",2005,2018,,,농가구입가격지수,분기별
DT_1J56,"농가판매가격지수(2015=100, 분기)",306001,101,"분기,년",2005,2023,,,농가판매가격지수,분기별
DT_1J58,"농가구입가격지수(2015=100, 분기)",306001,101,"분기,년",2005,2023,,,농가구입가격지수,분기별
DT_1J60,"농가판매가격지수(2020=100,분기)",306001,101,"분기,년",2005,2024,,,농가판매가격지수,분기별
DT_1J62,"농가구입가격지수(2020=100,분기)",306001,101,"분기,년",2005,2024,,,농가구입가격지수,분기별
DT_1YL20881E,지가변동률(시도/시/군/구),315001,101,"월,분기",1987,2024,,,지가변동률,행정구역별
DT_1YL202105E,녹지율(시도/시/군/구),315002,101,년,2008,2022,,,녹지율,행정구역별
DT_1YL20421E,1인당 도시지역면적 현황(시도/시/군/구),315002,101,년,2005,2022,,,도시지역면적,행정구역별
DT_1YL202112E,신재생에너지원별(고유단위) 생산량(시도),337001,101,년,2014,2022,,,생산량,"신재생에너지원별,시도별"
DT_1YL202113E,신재생에너지원별(열량) 생산량(시도),337001,101,년,2005,2022,,,생산량,"신재생에너지원별,행정구역별"
DT_1YL202114E,건강보험적용인구현황(시도/시/군/구),920006,101,년,2004,2022,,,건강보험적용인구,행정구역별
DT_1YL202115E,급여형태별요양급여실적(시도/시/군/구),920006,101,년,2004,2022,,,요양급여,행정구역별
DT_1YL8001E,요양기관수(시도/시/군/구),920006,101,"월,분기",2003,2024,,,요양기관수,행정구역별
DT_1PE002,"학교급별 방과후학교, EBS교재비, 어학연수 총액",920011,101,년,2007,2023,,,"방과후학교,EBS교재비,어학연수총액",학교급별
DT_1PE002_1,"학년별 방과후학교, EBS교재비, 어학연수 총액(초등학교)",920011,101,년,2019,2023,,,"방과후학교,EBS교재비,어학연수총액,초등학교",학년별
DT_1PE002_2,"학년별 방과후학교, EBS교재비, 어학연수 총액(중학교)",920011,101,년,2019,2023,,,"방과후학교,EBS교재비,어학연수총액,중학교",학년별
DT_1PE002_3,"학년별 방과후학교, EBS교재비, 어학연수 총액(고등학교)",920011,101,년,2019,2023,,,"방과후학교,EBS교재비,어학연수총액,고등학교",학년별
DT_1PE003,학교급별 사교육비 총액,920011,101,년,2007,2023,,,사교육비,학교급별
DT_1PE003_1,학년별 사교육비 총액(초등학교),920011,101,년,2019,2023,,,사교육비,학년별
DT_1PE003_2,학년별 사교육비 총액(중학교),920011,101,년,2019,2023,,,사교육비,학년별
DT_1PE003_3,학년별 사교육비 총액(고등학교),920011,101,년,2019,2023,,,사교육비,학년별
DT_1PE101,학교급 및 특성별 학생 1인당 월평균 사교육비,920011,101,년,2007,2023,,,학생1인당월평균사교육비,"학교급별,특성별"
DT_1PE101_1,학년 및 특성별 학생 1인당 월평균 사교육비(초등학교),920011,101,년,2019,2023,,,학생1인당월평균사교육비,"학년별,특성별"
DT_1PE101_2,학년 및 특성별 학생 1인당 월평균 사교육비(중학교),920011,101,년,2019,2023,,,학생1인당사교육비,학년및특성별
DT_1PE101_3,학년 및 특성별 학생 1인당 월평균 사교육비(고등학교),920011,101,년,2019,2023,,,학생1인당사교육비,"학년별,특성별"
DT_1PE102,학교급 및 특성별 사교육 참여율,920011,101,년,2007,2023,,,사교육참여율,"학교급별,특성별"
DT_1PE102_1,학년 및 특성별 사교육 참여율(초등학교),920011,101,년,2019,2023,,,"학년,특성,사교육참여율,초등학교","학년별,특성별"
DT_1PE102_2,학년 및 특성별 사교육 참여율(중학교),920011,101,년,2019,2023,,,"학년,특성,사교육참여율,중학교","학년별,특성별"
DT_1PE102_3,학년 및 특성별 사교육 참여율(고등학교),920011,101,년,2019,2023,,,"학년,특성,사교육참여율,고등학교","학년별,특성별"
DT_1PE103,학교급 및 특성별 학생 1인당 사교육 참여시간(주당 평균),920011,101,년,2007,2023,,,학생1인당사교육참여시간,"학교급별,특성별"
DT_1PE105,학교급 및 시도별  학생 1인당 월평균 사교육비,920011,101,년,2009,2023,,,학생1인당월평균사교육비,"학교급별,행정구역별"
DT_1PE105_1,학년 및 시도별 학생 1인당 월평균 사교육비(초등학교),920011,101,년,2019,2023,,,학생1인당월평균사교육비,"학년별,시도별"
DT_1PE105_2,학년 및 시도별 학생 1인당 월평균 사교육비(중학교),920011,101,년,2019,2023,,,학생1인당사교육비,"학년별,행정구역별"
DT_1PE105_3,학년 및 시도별 학생 1인당 월평균 사교육비(고등학교),920011,101,년,2019,2023,,,학생1인당월평균사교육비,"학년별,행정구역별"
DT_1PE107,학교급 및 시도별 사교육 참여율,920011,101,년,2009,2023,,,사교육참여율,"학교급별,행정구역별"
DT_1PE107_1,학년 및 시도별 사교육 참여율(초등학교),920011,101,년,2019,2023,,,"학년,초등학교,사교육참여율","학년별,행정구역별"
DT_1PE107_2,학년 및 시도별 사교육 참여율(중학교),920011,101,년,2019,2023,,,"학년,시도,사교육참여율,중학교","학년별,행정구역별"
DT_1PE107_3,학년 및 시도별 사교육 참여율(고등학교),920011,101,년,2019,2023,,,"학년,시도,사교육참여율,고등학교","학년별,시도별"
DT_1PE108,학교급 및 특성별 참여학생 1인당 사교육 참여시간(주당평균),920011,101,년,2019,2023,,,참여학생1인당사교육참여시간,"학교급별,특성별"
DT_1PE109,학교급 및 시도별 참여학생 1인당 월평균 사교육비,920011,101,년,2019,2023,,,"참여학생,사교육비","학교급별,행정구역별"
DT_1PE109_1,학년 및 시도별 참여학생 1인당 월평균 사교육비(초등학교),920011,101,년,2019,2023,,,참여학생1인당월평균사교육비,"학년별,행정구역별"
DT_1PE109_2,학년 및 시도별 참여학생 1인당 월평균 사교육비(중학교),920011,101,년,2019,2023,,,참여학생1인당월평균사교육비,"학년별,행정구역별"
DT_1PE109_3,학년 및 시도별 참여학생 1인당 월평균 사교육비(고등학교),920011,101,년,2019,2023,,,"참여학생,사교육비","학년별,행정구역별"
DT_1PE201,학교급별  학생 1인당 월평균 사교육비,920011,101,년,2007,2023,,,학생1인당사교육비,학교급별
DT_1PE202,지역별 학생 1인당 월평균 사교육비,920011,101,년,2007,2023,,,학생1인당사교육비,지역별
DT_1PE203,학생 성적 구간별 학생 1인당 월평균 사교육비,920011,101,년,2007,2023,,,"학생,사교육비",성적구간별
DT_1PE204,아버지의 연령별 학생 1인당 월평균 사교육비,920011,101,년,2007,2023,,,학생1인당월평균사교육비,연령별
DT_1PE205,아버지의 교육정도별 학생 1인당 월평균 사교육비,920011,101,년,2007,2023,,,학생1인당월평균사교육비,아버지의교육정도별
DT_1PE206,어머니의 연령별 학생 1인당 월평균 사교육비,920011,101,년,2007,2023,,,학생1인당월평균사교육비,어머니의연령별
DT_1PE207,어머니의 교육정도별 학생 1인당 월평균 사교육비,920011,101,년,2007,2023,,,학생1인당월평균사교육비,어머니의교육정도별
DT_1PE208,부모의 경제활동상태별 학생 1인당 월평균 사교육비,920011,101,년,2007,2023,,,학생1인당월평균사교육비,경제활동상태별
DT_1PE209,가구의 월평균 소득별 학생 1인당 월평균 사교육비,920011,101,년,2007,2023,,,"가구의월평균소득,학생1인당월평균사교육비",소득별
DT_1PE210,자녀수 및 출생순위별 학생 1인당 월평균 사교육비,920011,101,년,2017,2023,,,"학생,사교육비","자녀수별,출생순위별"
DT_1PE211,학교급 및 특성별 참여학생 1인당 월평균 사교육비,920011,101,년,2017,2023,,,참여학생1인당월평균사교육비,"학교급별,특성별"
DT_1PE211_1,학년 및 특성별 참여학생 1인당 월평균 사교육비(초등학교),920011,101,년,2019,2023,,,참여학생1인당월평균사교육비,"학년별,특성별"
DT_1PE211_2,학년 및 특성별 참여학생 1인당 월평균 사교육비(중학교),920011,101,년,2019,2023,,,참여학생1인당월평균사교육비,학년및특성별
DT_1PE211_3,학년 및 특성별 참여학생 1인당 월평균 사교육비(고등학교),920011,101,년,2019,2023,,,참여학생1인당월평균사교육비,"학년별,특성별"
DT_1PE301,학교급별 사교육 참여율,920011,101,년,2007,2023,,,사교육참여율,학교급별
DT_1PE302,지역별 사교육 참여율,920011,101,년,2007,2023,,,사교육참여율,행정구역별
DT_1PE303,학생 성적 구간별 사교육 참여율,920011,101,년,2007,2023,,,"학생성적,사교육참여율",성적구간별
DT_1PE304,아버지의 연령별 사교육 참여율,920011,101,년,2007,2023,,,사교육참여율,연령별
DT_1PE305,아버지의 교육정도별 사교육 참여율,920011,101,년,2007,2023,,,사교육참여율,아버지교육정도별
DT_1PE306,어머니의 연령별 사교육 참여율,920011,101,년,2007,2023,,,사교육참여율,연령별
DT_1PE307,어머니의 교육정도별 사교육 참여율,920011,101,년,2007,2023,,,사교육참여율,어머니의교육정도별
DT_1PE308,부모의 경제활동상태별 사교육 참여율,920011,101,년,2007,2023,,,사교육참여율,경제활동상태별
DT_1PE309,가구의 월평균 소득별 사교육 참여율,920011,101,년,2007,2023,,,"가구의월평균소득,사교육참여율",소득별
DT_1PE310,자녀수 및 출생순위별 사교육 참여율,920011,101,년,2017,2023,,,"자녀수,출생순위별사교육참여율",사교육참여율별
DT_1PE401,월평균 사교육비 지출금액 구간 및 특성별  분포,920011,101,년,2007,2023,,,사교육비,"지출금액구간별,특성별"
DT_1PE402,주당 평균 사교육 시간 구간 및 특성별 분포,920011,101,년,2007,2023,,,"주당평균사교육시간,특성별","구간별,특성별"
DT_1PE403,일반교과 및 논술 관련 사교육 수강목적 및 특성별 분포(복수응답),920011,101,년,2007,2023,,,사교육,수강목적및특성별
DT_1PE404,예체능 및  취미·교양 관련 사교육 수강목적 및 특성별 분포(복수응답),920011,101,년,2007,2023,,,사교육,수강목적및특성별
DT_1PE405,진학희망고등학교 유형별 진학 희망률,920011,101,년,2015,2018,,,진학희망률,유형별
DT_1PE406,진학희망고등학교 유형별 학생 1인당 월평균 사교육비 및 사교육 참여율,920011,101,년,2015,2018,,,"학생1인당월평균사교육비,사교육참여율",유형별
DT_1PE407,대학 진학희망계열 유형별 희망률,920011,101,년,2017,2017,,,"진학희망계열,희망률",유형별
DT_1PE408,대학 진학희망계열 유형별 학생 1인당 월평균 사교육비 및 사교육 참여율,920011,101,년,2017,2017,,,"학생1인당월평균사교육비,사교육참여율",유형별
DT_1PE409,진학희망 대학 전공영역 유형별 희망률,920011,101,년,2018,2023,,,전공영역,전공영역유형별
DT_1PE410,진학희망 대학 전공영역 유형별 학생 1인당 월평균 사교육비 및 사교육 참여율,920011,101,년,2018,2023,,,"대학전공영역유형별학생1인당월평균사교육비,사교육참여율",전공영역유형별
DT_1PE411,진학희망 고등학교 유형별 희망률,920011,101,년,2019,2023,,,고등학교,유형별
DT_1PE412,진학희망 고등학교 유형별 학생 1인당 월평균 사교육비 및 사교육 참여율,920011,101,년,2019,2023,,,"학생1인당월평균사교육비,사교육참여율",고등학교유형별
DT_1PE501,"학교급별 방과후학교, EBS 교재비, 어학연수 학생 1인당 월평균 참여비용",920011,101,년,2007,2023,,,"방과후학교,EBS교재비,어학연수비용",학교급별
DT_1PE502,"지역별 방과후학교, EBS 교재비, 어학연수 학생 1인당 월평균 참여비용",920011,101,년,2007,2023,,,"방과후학교교재비,EBS교재비,어학연수비용",지역별
DT_1PE503,"학생 성적 구간별 방과후학교, EBS 교재비, 어학연수 학생 1인당 월평균 참여비용",920011,101,년,2007,2023,,,"학생성적,방과후학교비용,EBS교재비,어학연수비용",구간별
DT_1PE504,"아버지의 연령별 방과후학교, EBS 교재비, 어학연수 학생 1인당 월평균 참여비용",920011,101,년,2007,2023,,,"방과후학교교재비,어학연수비용",연령별
DT_1PE505,"아버지의 교육정도별 방과후학교, EBS 교재비, 어학연수 학생 1인당 월평균 참여비용",920011,101,년,2007,2023,,,"방과후학교교재비,EBS교재비,어학연수비용",교육정도별
DT_1PE506,"어머니의 연령별 방과후학교, EBS 교재비, 어학연수 학생 1인당 월평균 참여비용",920011,101,년,2007,2023,,,"방과후학교교재비,어학연수비용",어머니의연령별
DT_1PE507,"어머니의 교육정도별 방과후학교, EBS 교재비, 어학연수 학생 1인당 월평균 참여비용",920011,101,년,2007,2023,,,"방과후학교교재비,EBS교재비,어학연수비용",교육정도별
DT_1PE508,"부모의 경제활동상태별 방과후학교, EBS교재비, 어학연수 학생 1인당 월평균 참여비용",920011,101,년,2007,2023,,,"방과후학교비용,EBS교재비,어학연수비용",경제활동상태별
DT_1PE509,"가구의 월평균 소득별 방과후학교, EBS 교재비, 어학연수 학생 1인당 월평균 참여비용",920011,101,년,2007,2023,,,"방과후학교비용,EBS교재비,어학연수비용",소득별
DT_1PE510,방과후학교 프로그램 학생 1인당 참여시간(주당 평균),920011,101,년,2009,2023,,,학생1인당참여시간,
DT_1PE511,"자녀수 및 출생순위별 방과후학교, EBS 교재비, 어학연수 학생 1인당 월평균 참여비용",920011,101,년,2017,2023,,,"자녀수,출생순위별비용,방과후학교,EBS교재비,어학연수",자녀수및출생순위별
DT_1PE601,"학교급별 방과후학교, EBS 교재, 어학연수 참여율",920011,101,년,2007,2023,,,"방과후학교,EBS교재,어학연수참여율",학교급별
DT_1PE602,"지역별 방과후학교, EBS 교재, 어학연수 참여율",920011,101,년,2007,2023,,,"방과후학교,EBS교재,어학연수참여율",지역별
DT_1PE603,"학생 성적 구간별 방과후학교, EBS 교재, 어학연수 참여율",920011,101,년,2007,2023,,,"학생성적,방과후학교,EBS교재,어학연수",성적구간별
DT_1PE604,"아버지의 연령별 방과후학교, EBS 교재, 어학연수 참여율",920011,101,년,2007,2023,,,"방과후학교,EBS교재,어학연수",연령별
DT_1PE605,"아버지의 교육정도별 방과후학교, EBS 교재, 어학연수 참여율",920011,101,년,2007,2023,,,"방과후학교,EBS교재,어학연수",교육정도별
DT_1PE606,"어머니의 연령별 방과후학교, EBS 교재, 어학연수 참여율",920011,101,년,2007,2023,,,"방과후학교,EBS교재,어학연수",연령별
DT_1PE607,"어머니의 교육정도별 방과후학교, EBS 교재, 어학연수 참여율",920011,101,년,2007,2023,,,"방과후학교,EBS교재,어학연수",교육정도별
DT_1PE608,"부모의 경제활동상태별 방과후학교, EBS 교재, 어학연수 참여율",920011,101,년,2007,2023,,,"방과후학교,EBS교재,어학연수참여율",경제활동상태별
DT_1PE609,"가구의 월평균 소득별 방과후학교, EBS 교재, 어학연수 참여율",920011,101,년,2007,2023,,,"방과후학교,EBS교재,어학연수",소득별
DT_1PE610,"자녀수 및 출생순위별 방과후학교, EBS 교재, 어학연수 참여율",920011,101,년,2017,2023,,,"자녀수,방과후학교,EBS교재,어학연수",자녀수및출생순위별
DT_1PE701,학생 성별 학생 1인당 월평균 사교육비,920011,101,년,2007,2023,,,"학생,사교육비",성별
DT_1PE702,학생 성별 사교육 참여율,920011,101,년,2007,2023,,,"학생,사교육",성별
DT_1PE703,"학생 성별 방과후학교, EBS 교재비, 어학연수 학생 1인당 월평균 참여비용",920011,101,년,2007,2023,,,"학생,EBS교재비,어학연수비용",성별
DT_1PE704,"학생 성별 방과후학교, EBS 교재, 어학연수 참여율",920011,101,년,2007,2023,,,"학생,방과후학교,EBS교재,어학연수",성별
DT_2PE003,"학교급별 방과후학교, 어학연수 총액",920011,101,년,2020,2023,,,"방과후학교,어학연수",학교급별
DT_2PE501,"학교급별 방과후학교, 어학연수 학생 1인당 월평균 참여비용",920011,101,년,2020,2023,,,"방과후학교,어학연수,학생",학교급별
DT_2PE502,"지역별 방과후학교, 어학연수 학생 1인당 월평균 참여비용",920011,101,년,2020,2023,,,"방과후학교,어학연수,학생",지역별
DT_2PE503,"학생 성적 구간별 방과후학교, 어학연수 학생 1인당 월평균 참여비용",920011,101,년,2020,2023,,,"학생,비용",구간별
DT_2PE504,"아버지의 연령별 방과후학교, 어학연수 학생 1인당 월평균 참여비용",920011,101,년,2020,2023,,,"방과후학교,어학연수,학생",아버지연령별
DT_2PE505,"아버지의 교육정도별 방과후학교, 어학연수 학생 1인당 월평균 참여비용",920011,101,년,2020,2023,,,"방과후학교참여비용,어학연수참여비용",교육정도별
DT_2PE506,"어머니의 연령별 방과후학교, 어학연수 학생 1인당 월평균 참여비용",920011,101,년,2020,2023,,,"방과후학교,어학연수",어머니의연령별
DT_2PE507,"어머니의 교육정도별 방과후학교, 어학연수 학생 1인당 월평균 참여비용",920011,101,년,2020,2023,,,"방과후학교,어학연수,학생",교육정도별
DT_2PE508,"부모의 경제활동상태별 방과후학교, 어학연수 학생 1인당 월평균 참여비용",920011,101,년,2020,2023,,,"방과후학교비용,어학연수비용",경제활동상태별
DT_2PE509,"가구의 월평균 소득별 방과후학교, 어학연수 학생 1인당 월평균 참여비용",920011,101,년,2020,2023,,,"방과후학교비용,어학연수비용",소득별
DT_2PE510,"학생 성별 방과후학교, 어학연수 학생 1인당 월평균 참여비용",920011,101,년,2020,2023,,,"학생,비용",성별
DT_2PE511,"자녀수 및 출생순위별 방과후학교, 어학연수 학생 1인당 월평균 참여비용",920011,101,년,2020,2023,,,"자녀수,출생순위별방과후학교참여비용,어학연수참여비용","자녀수별,출생순위별"
DT_2PE512,방과후학교 프로그램 학생 1인당 참여시간(주당 평균),920011,101,년,2020,2020,,,학생1인당참여시간,
DT_2PE601,"학교급별 방과후학교, 어학연수 참여율",920011,101,년,2020,2023,,,"방과후학교,어학연수",학교급별
DT_2PE602,"지역별 방과후학교, 어학연수 참여율",920011,101,년,2020,2023,,,"방과후학교,어학연수",지역별
DT_2PE603,"학생 성적 구간별 방과후학교, 어학연수 참여율",920011,101,년,2020,2023,,,"학생성적,방과후학교참여율,어학연수참여율",성적구간별
DT_2PE604,"아버지의 연령별 방과후학교, 어학연수 참여율",920011,101,년,2020,2023,,,"방과후학교,어학연수",연령별
DT_2PE605,"아버지의 교육정도별 방과후학교, 어학연수 참여율",920011,101,년,2020,2023,,,"방과후학교,어학연수",교육정도별
DT_2PE606,"어머니의 연령별 방과후학교, 어학연수 참여율",920011,101,년,2020,2023,,,"방과후학교,어학연수",어머니의연령별
DT_2PE607,"어머니의 교육정도별 방과후학교, 어학연수 참여율",920011,101,년,2020,2023,,,"방과후학교,어학연수",교육정도별
DT_2PE608,"부모의 경제활동상태별 방과후학교, 어학연수 참여율",920011,101,년,2020,2023,,,"방과후학교,어학연수참여율",경제활동상태별
DT_2PE609,"가구의 월평균 소득별 방과후학교, 어학연수 참여율",920011,101,년,2020,2023,,,"방과후학교참여율,어학연수참여율",소득별
DT_2PE610,"학생 성별 방과후학교, 어학연수 참여율",920011,101,년,2020,2023,,,"학생,방과후학교,어학연수",성별
DT_2PE611,"자녀수 및 출생순위별 방과후학교, 어학연수 참여율",920011,101,년,2020,2023,,,"자녀수,출생순위별,방과후학교참여율,어학연수참여율","자녀수별,출생순위별"
DT_104Y233,"자산별 순자본스톡(명목, 연말기준)",920013,101,년,1970,2022,,,순자본스톡,자산별
DT_104Y234,"자산별 순자본스톡(실질, 연말기준)",920013,101,년,1970,2022,,,순자본스톡,자산별
DT_104Y235,"자산별 생산자본스톡(명목, 연말기준)",920013,101,년,1970,2022,,,생산자본스톡,자산별
DT_104Y236,"자산별 생산자본스톡(실질, 연말기준)",920013,101,년,1970,2022,,,생산자본스톡,자산별
DT_104Y237,"제도부문별 대차대조표(명목, 연말기준)",920013,101,년,2008,2022,,,대차대조표,제도부문별
DT_104Y237N,"국민대차대조표(명목, 연말기준)",920013,101,년,2009,2022,,,국민대차대조표,
DT_104Y238,자산/부채의 증감(명목),920013,101,년,2009,2022,,,"자산,부채",자산부채별
DT_104Y239,순자산 증감(명목),920013,101,년,2009,2022,,,순자산,
DT_104Y240,"제도부문별 순자본스톡(명목, 연말기준)",920013,101,년,1970,2022,,,순자본스톡,제도부문별
DT_104Y241,제도부문별 비금융자산별 명목보유손익(명목),920013,101,년,1996,2021,,,"비금융자산,손익","제도부문별,비금융자산별"
DT_104Y242,제도부문별 비금융자산별 중립보유손익(명목),920013,101,년,1996,2021,,,비금융자산별손익,"제도부문별,비금융자산별"
DT_104Y243,제도부문별 비금융자산별 실질보유손익(명목),920013,101,년,1996,2021,,,"비금융자산,실질보유손익","제도부문별,비금융자산별"
DT_104Y244,"제도부문별 생산자본스톡(명목, 연말기준)",920013,101,년,1970,2022,,,생산자본스톡,제도부문별
DT_104Y245,"제도부문별 생산자본스톡(실질, 연말기준)",920013,101,년,1970,2022,,,생산자본스톡,제도부문별
DT_104Y246,제도부문별 연쇄라스파이레스 자본서비스물량지수,920013,101,년,1970,2022,,,자본서비스물량지수,제도부문별
DT_104Y247,제도부문별 연쇄통크비스트 자본서비스물량지수,920013,101,년,1970,2022,,,자본서비스물량지수,제도부문별
DT_104Y248,제도부문별 자본사용자비용 비중(명목),920013,101,년,1970,2021,,,자본사용자비용비중,제도부문별
DT_104Y249,"경제활동별 순자본스톡(명목, 연말기준)",920013,101,년,1970,2021,,,순자본스톡,경제활동별
DT_104Y250,"경제활동별 순자본스톡(실질, 연말기준)",920013,101,년,1970,2021,,,순자본스톡,경제활동별
DT_104Y251,"경제활동별 생산자본스톡(명목, 연말기준)",920013,101,년,1970,2021,,,생산자본스톡,경제활동별
DT_104Y252,"경제활동별 생산자본스톡(실질, 연말기준)",920013,101,년,1970,2021,,,생산자본스톡,경제활동별
DT_104Y253,경제활동별 연쇄라스파이레스 자본서비스물량지수,920013,101,년,1970,2022,,,자본서비스물량지수,경제활동별
DT_104Y254,경제활동별 연쇄통크비스트 자본서비스물량지수,920013,101,년,1970,2022,,,연쇄통크비스트자본서비스물량지수,경제활동별
DT_104Y255,경제활동별 자본사용자비용 비중(명목),920013,101,년,1970,2021,,,자본사용자비용,경제활동별
DT_104Y256,"주택 시가총액(명목, 연말기준)",920013,101,년,1995,2022,,,주택,
DT_104Y257,"시도별 토지자산 순자본스톡(명목, 연말기준)",920013,101,년,1995,2021,,,토지자산,행정구역별
DT_104Y258,"자산별 순자본스톡(명목, 연말기준)",920013,101,년,2000,2023,,,순자본스톡,자산별
DT_104Y259,"자산별 순자본스톡(실질, 연말기준)",920013,101,년,2000,2023,,,순자본스톡,자산별
DT_104Y260,"자산별 생산자본스톡(명목, 연말기준)",920013,101,년,2000,2023,,,생산자본스톡,자산별
DT_104Y261,"자산별 생산자본스톡(실질, 연말기준)",920013,101,년,2000,2023,,,생산자본스톡,자산별
DT_104Y262,"국민대차대조표(명목, 연말기준)",920013,101,년,2009,2023,,,국민대차대조표,
DT_104Y263,"제도부문별 대차대조표(명목, 연말기준)",920013,101,년,2008,2023,,,대차대조표,제도부문별
DT_104Y264,자산/부채의 증감(명목),920013,101,년,2009,2023,,,"자산,부채",
DT_104Y265,순자산 증감(명목),920013,101,년,2009,2023,,,순자산,
DT_104Y266,"제도부문별 순자본스톡(명목, 연말기준)",920013,101,년,2000,2023,,,순자본스톡,제도부문별
DT_104Y267,제도부문별 비금융자산별 명목보유손익(명목),920013,101,년,2001,2022,,,비금융자산별명목보유손익,"제도부문별,비금융자산별"
DT_104Y268,제도부문별 비금융자산별 중립보유손익(명목),920013,101,년,2001,2022,,,"비금융자산,손익","제도부문별,비금융자산별"
DT_104Y269,제도부문별 비금융자산별 실질보유손익(명목),920013,101,년,2001,2022,,,"비금융자산,실질보유손익","제도부문별,비금융자산별"
DT_104Y270,"제도부문별 생산자본스톡(명목, 연말기준)",920013,101,년,2000,2023,,,생산자본스톡,제도부문별
DT_104Y271,"제도부문별 생산자본스톡(실질, 연말기준)",920013,101,년,2000,2023,,,생산자본스톡,제도부문별
DT_104Y272,제도부문별 연쇄라스파이레스 자본서비스물량지수,920013,101,년,2000,2023,,,자본서비스물량지수,제도부문별
DT_104Y273,제도부문별 연쇄통크비스트 자본서비스물량지수,920013,101,년,2000,2023,,,연쇄통크비스트자본서비스물량지수,제도부문별
DT_104Y274,제도부문별 자본사용자비용 비중(명목),920013,101,년,2000,2022,,,자본사용자비용,제도부문별
DT_104Y275,"경제활동별 순자본스톡(명목, 연말기준)",920013,101,년,2000,2022,,,순자본스톡,경제활동별
DT_104Y276,"경제활동별 순자본스톡(실질, 연말기준)",920013,101,년,2000,2022,,,순자본스톡,경제활동별
DT_104Y277,"경제활동별 생산자본스톡(명목, 연말기준)",920013,101,년,2000,2022,,,생산자본스톡,경제활동별
DT_104Y278,"경제활동별 생산자본스톡(실질, 연말기준)",920013,101,년,2000,2022,,,생산자본스톡,경제활동별
DT_104Y279,경제활동별 연쇄라스파이레스 자본서비스물량지수,920013,101,년,2000,2023,,,자본서비스물량지수,경제활동별
DT_104Y280,경제활동별 연쇄통크비스트 자본서비스물량지수,920013,101,년,2000,2023,,,연쇄통크비스트자본서비스물량지수,경제활동별
DT_104Y281,경제활동별 자본사용자비용 비중(명목),920013,101,년,2000,2022,,,자본사용자비용,경제활동별
DT_104Y282,"주택시가총액(명목, 연말기준)",920013,101,년,2000,2023,,,주택시가총액,
DT_104Y283,"시도별 토지자산 순자본스톡(명목, 연말기준)",920013,101,년,2000,2023,,,토지자산,행정구역별
DT_1TEC111,기업 및 무역명부 연계 현황,920017,101,년,2010,2023,,,"기업,무역명부",
DT_1TEC112,무역집중도,920017,101,년,2010,2023,,,무역,"품목별,국가,지역별"
DT_1TEC113,종사자규모별 수출입,920017,101,년,2010,2023,,,수출입,종사자규모별
DT_1TEC114,기업규모별 수출입,920017,101,년,2015,2016,,,수출입,기업규모별
DT_1TEC116,기업규모별 수출입,920017,101,년,2015,2023,,,수출입,기업규모별
DT_1TEC211,종사자규모별 주요국가별 수출입,920017,101,년,2010,2023,,,"종사자규모별,국가별수출입","종사자규모별,주요국가별"
DT_1TEC212,종사자규모별 교역상대국가수별 수출입,920017,101,년,2010,2023,,,"교역상대국가수,수출입","종사자규모별,교역상대국가수별"
DT_1TEC213,종사자규모별 재화성질별 수출입,920017,101,년,2010,2023,,,"재화,종사자규모","종사자규모별,재화성질별"
DT_1TEC214,종사자규모별 재화특성별 수출입,920017,101,년,2010,2023,,,"재화특성,종사자규모","종사자규모별,재화특성별"
DT_1TEC215,종사자규모별 교역유형별 수출입,920017,101,년,2010,2023,,,"교역유형,수출입","교역유형별,종사자규모별"
DT_1TEC216,종사자규모별 수출강도별 수출입,920017,101,년,2010,2022,,,"종사자규모,수출강도,수출입","종사자규모별,수출강도별"
DT_1TEC221,기업규모별 주요국가별 수출입,920017,101,년,2015,2016,,,수출입,"기업규모별,주요국가별"
DT_1TEC222,기업규모별 교역상대국가수별 수출입,920017,101,년,2015,2016,,,"교역상대국가수,수출입","기업규모별,교역상대국가수별"
DT_1TEC223,기업규모별 재화성질별 수출입,920017,101,년,2015,2016,,,"재화,수출입","기업규모별,재화성질별"
DT_1TEC224,기업규모별 재화특성별 수출입,920017,101,년,2015,2016,,,"재화특성,기업규모","기업규모별,재화특성별"
DT_1TEC225,기업규모별 교역유형별 수출입,920017,101,년,2015,2016,,,"교역유형,기업규모","기업규모별,교역유형별"
DT_1TEC226,기업규모별 수출강도별 수출입,920017,101,년,2015,2016,,,수출입,"기업규모별,수출강도별"
DT_1TEC227,기업규모별 주요국가별 수출입,920017,101,년,2015,2023,,,수출입,"기업규모별,주요국가별"
DT_1TEC228,기업규모별 교역상대국가수별 수출입,920017,101,년,2015,2023,,,"교역상대국가수,수출입","기업규모별,교역상대국가수별"
DT_1TEC229,기업규모별 재화성질별 수출입,920017,101,년,2015,2023,,,"재화,수출입","기업규모별,재화성질별"
DT_1TEC230,기업규모별 재화특성별 수출입,920017,101,년,2015,2023,,,"재화특성,기업규모","기업규모별,재화특성별"
DT_1TEC231,기업규모별 교역유형별 수출입,920017,101,년,2015,2023,,,"교역유형,기업규모","기업규모별,교역유형별"
DT_1TEC232,기업규모별 수출강도별 수출입,920017,101,년,2015,2022,,,수출입,"기업규모별,수출강도별"
DT_1TEC301,산업별(KSIC9차) 수출입,920017,101,년,2010,2016,,,수출입,산업별
DT_1TEC302,산업별(KSIC9차) 종사자규모별 수출입,920017,101,년,2010,2016,,,종사자규모별수출입,"산업별,종사자규모별"
DT_1TEC303,산업별(KSIC9차) 기업규모별 수출입,920017,101,년,2015,2016,,,기업규모별수출입,"산업별,기업규모별"
DT_1TEC305,산업별(KSIC9차) 무역집중도,920017,101,년,2010,2016,,,무역집중도,산업별
DT_1TEC306,산업별(KSIC9차) 주요국가별 수출입,920017,101,년,2010,2016,,,수출입,"산업별,국가별"
DT_1TEC307,산업별(KSIC9차) 교역상대국가수별  수출입,920017,101,년,2010,2016,,,"교역상대국가수,수출입","산업별,교역상대국가수별"
DT_1TEC308,산업별(KSIC9차) 교역유형별 수출입,920017,101,년,2010,2016,,,"교역유형,수출입","산업별,교역유형별"
DT_1TEC309,산업별(KSIC9차) 수출강도별 수출입,920017,101,년,2010,2016,,,"수출,수입","산업별,수출강도별"
DT_1TEC310,산업별(KSIC9차) 종사자규모별 평균수출강도,920017,101,년,2010,2016,,,"종사자규모별,산업별","산업별,종사자규모별"
DT_1TEC311,산업별(KSIC10차) 수출입,920017,101,년,2015,2023,,,수출입,산업별
DT_1TEC312,산업별(KSIC10차) 종사자규모별 수출입,920017,101,년,2015,2023,,,종사자규모별수출입,"산업별,종사자규모별"
DT_1TEC313,산업별(KSIC10차) 기업규모별 수출입,920017,101,년,2015,2023,,,기업규모별수출입,"산업별,기업규모별"
DT_1TEC314,산업별(KSIC10차) 무역집중도,920017,101,년,2015,2023,,,무역집중도,산업별
DT_1TEC315,산업별(KSIC10차) 주요국가별 수출입,920017,101,년,2015,2023,,,수출입,"산업별,국가별"
DT_1TEC316,산업별(KSIC10차) 교역상대국가수별 수출입,920017,101,년,2015,2023,,,"교역상대국가수,수출입","산업별,교역상대국가수별"
DT_1TEC317,산업별(KSIC10차) 교역유형별 수출입,920017,101,년,2015,2023,,,"교역유형,수출입","산업별,교역유형별"
DT_1TEC318,산업별(KSIC10차) 수출강도별 수출입,920017,101,년,2015,2022,,,수출입,"산업별,수출강도별"
DT_1TEC319,산업별(KSIC10차) 종사자규모별 평균수출강도,920017,101,년,2015,2022,,,"종사자규모,수출강도","산업별,종사자규모별"
DT_1FA0001,성별 경제활동인구,920018,101,년,2012,2016,,,경제활동인구,성별
DT_1FA0002,체류자격별 경제활동인구,920018,101,년,2012,2016,,,경제활동인구,체류자격별
DT_1FA0003,국적별 경제활동인구,920018,101,년,2012,2016,,,경제활동인구,국적별
DT_1FA0004,지역별 경제활동인구,920018,101,년,2012,2016,,,경제활동인구,행정구역별
DT_1FA0005,혼인상태별 경제활동인구,920018,101,년,2012,2016,,,경제활동인구,혼인상태별
DT_1FA0006,교육정도별 경제활동인구,920018,101,년,2012,2016,,,경제활동인구,교육정도별
DT_1FA0007,연령계층별 경제활동인구,920018,101,년,2012,2016,,,경제활동인구,연령계층별
DT_1FA0008,가구유형별 경제활동인구,920018,101,년,2012,2016,,,"경제활동인구,가구",가구유형별
DT_1FA0009,거처종류별 경제활동인구,920018,101,년,2012,2016,,,경제활동인구,거처종류별
DT_1FA0010,점유형태별 경제활동인구,920018,101,년,2014,2016,,,경제활동인구,점유형태별
DT_1FA0011,출생지별 경제활동인구,920018,101,년,2014,2016,,,경제활동인구,출생지별
DT_1FB0001,산업/성별 취업자,920018,101,년,2012,2016,,,취업자,"산업별,성별"
DT_1FB0002,직업/성별 취업자,920018,101,년,2012,2016,,,취업자,성별
DT_1FB0003,연령계층/성별 취업자,920018,101,년,2012,2016,,,취업자,"연령계층별,성별"
DT_1FB0004,체류자격/성별 취업자,920018,101,년,2012,2016,,,취업자,"체류자격별,성별"
DT_1FB0005,지역/성별 취업자,920018,101,년,2012,2016,,,취업자,"지역별,성별"
DT_1FB0006,국적/성별 취업자,920018,101,년,2012,2016,,,취업자,"국적별,성별"
DT_1FB0007,종사상지위/성별 취업자,920018,101,년,2012,2016,,,취업자,성별
DT_1FB0008,취업시간대/성별 취업자,920018,101,년,2012,2016,,,취업자,성별
DT_1FB0009,사업체의 종사자 규모/성별 취업자,920018,101,년,2012,2016,,,"사업체,종사자,성별취업자",성별
DT_1FB0010,근속기간별 취업자,920018,101,년,2012,2016,,,취업자,근속기간별
DT_1FB0011,한국에서의 동일직업 근무기간별 취업자,920018,101,년,2012,2016,,,취업자,동일직업근무기간별
DT_1FB0012,월평균 임금수준/성별 임금근로자,920018,101,년,2012,2016,,,"임금수준,임금근로자",성별
DT_1FB0013,고용계약기간/성별 임금근로자,920018,101,년,2012,2016,,,임금근로자,성별
DT_1FB0016,성별/직장변경여부별 취업자,920018,101,년,2016,2016,,,취업자,"성별,직장변경여부별"
DT_1FB0017,성별/직장변경형태별 직장변경 취업자,920018,101,년,2016,2016,,,직장변경취업자,"성별,직장변경형태별"
DT_1FB0018,성별/근무지역별 취업자,920018,101,년,2016,2016,,,취업자,"성별,근무지역별"
DT_1FC0001,실업자 구직경로,920018,101,년,2012,2016,,,"실업자,구직경로",구직경로별
DT_1FC0002,활동상태별 비경제활동인구,920018,101,년,2012,2016,,,비경제활동인구,활동상태별
DT_1FC0003,취업희망 여부별 비경제활동인구,920018,101,년,2012,2016,,,비경제활동인구,취업희망여부별
DT_1FC0004,실업자 구직기간,920018,101,년,2012,2016,,,"실업자,구직기간",구직기간별
DT_1FD0001,체류자격별 체류자격 변경여부,920018,101,년,2012,2016,,,"체류자격,체류자격변경여부",체류자격별
DT_1FD0002,체류자격별 지난 1년간 한국 외 체류여부 및 기간,920018,101,년,2012,2016,,,한국외체류여부및기간,체류자격별
DT_1FD0003,체류자격별 체류기간 만료 후 한국 내 계속체류 희망여부 및 방법,920018,101,년,2012,2016,,,체류기간만료후한국내계속체류희망여부및방법,체류자격별
DT_1FD0004,유학생의 지난 1년간 취업경험 여부,920018,101,년,2012,2016,,,"유학생,취업경험",
DT_1FD0005,유학생의 졸업 후 계획,920018,101,년,2012,2016,,,유학생,"국적별,졸업학교소재지별,졸업학교전공계열별,출신국가별,출신지역별,출신고교유형별,출신대학소재지별,학위과정별,대학구분별,유학경험국가수별,국내대학진학희망자전공분야별,해외취업희망자취업희망지역및분야별,창업희망자창업희망업종별,기타희망직업별,성별,연령별,학력별,재정지원방식별,수학,유학기간별,졸업예정자의현재취업상태별,전공계열별,졸업예정자의어학능력별,졸업예정자의컴퓨터활용능력별,졸업예정자의외국어구사능력별,졸업예정자의한국문화이해도별,졸업예정자가한국에대해알고있는정도별,졸업예정자가한국에서생활하는데가장어려운점별,졸업예정자가한국에서학업하면서가장어려웠던점별,졸업예정자가다시유학을온다면선택할나라별,졸업예정자가다시유학을온다면선택할도시별,졸업예정자가한국에서의경험을바탕으로추천하고싶은활동별,졸업예정자가한국에서의생활을위해필요하다고생각하는준비사항별,졸업예정자의한국어능력별,졸업예정자의전공과목수강만족도별,졸업예정자의학교생활전반에대한만족도별,졸업예정자가향후한국과의관계를유지하고싶어하는이유별,졸업예정자가한국과의관계유지에있어가장중요하다고생각하는요소별,졸업예정자가한국에서의경험을통해얻은것중가장가치있다고생각하는부분별,졸업예정자가한국에서의경험이후자신의진로나인생목표가어떻게변화했는지여부별,졸업예정자가한국에서의경험이후자신의진로나인생목표를달성하기위한계획별,졸업예정자가한국에서의경험이후에도계속해서공부하고자하는의향이있는지여부별,졸업예정자가한국에서의경험이후에도계속해서일하고싶은의향이있는지여부별,졸업예정자가한국에서의경험이후에도계속거주할의향이있는지여부별,졸업예정자가한국에서의경험이후에도계속방문할의향이있는지여부별,졸업예정자가한국에서의경험이후에도계속교류할의향이있는지여부별,졸업예정자가한국에서의경험이후에도계속참여할의향이있는한국의문화사회경제정치등분야별,졸업예정자가한국에서의경험이후에도계속관심을가지고지켜보고"
DT_1FD0006,체류자격별 국내 총 체류기간,920018,101,년,2013,2016,,,국내총체류기간,체류자격별
DT_1FD0007,유학생 성별 지난 1년간 일한 장소 비율,920018,101,년,2014,2016,,,"성별,유학생,장소",성별
DT_1FD0008,결혼이민자의 경제활동상태,920018,101,년,2015,2016,,,결혼이민자,경제활동상태별
DT_1FD0009,활동상태별 결혼이민자 비경제활동인구,920018,101,년,2015,2016,,,결혼이민자비경제활동인구,활동상태별
DT_1FD0010,체류자격별 지난 1년 간 거주지 이동여부,920018,101,년,2016,2016,,,거주지이동여부,체류자격별
DT_1FE0001,성별/배우자 국내거주여부,920018,101,년,2013,2016,,,배우자,"성별,배우자국내거주여부별"
DT_1FE0002,성별/국내거주 배우자 국적,920018,101,년,2013,2016,,,배우자,성별
DT_1FE0003,성별/국내거주 외국인 배우자 체류자격,920018,101,년,2013,2016,,,외국인배우자,성별
DT_2FA001F,경제활동인구 총괄(이민자),920018,101,년,2012,2023,,,"경제활동인구,이민자",이민자별
DT_2FA002F,체류자격별 경제활동인구(외국인),920018,101,년,2012,2023,,,"경제활동인구,외국인",체류자격별
DT_2FA003F,(귀화 전)국적별 경제활동인구(이민자),920018,101,년,2012,2023,,,경제활동인구,국적별
DT_2FA004F,거주지역별 경제활동인구(이민자),920018,101,년,2012,2023,,,경제활동인구,거주지역별
DT_2FA005F,연령계층별 경제활동인구(이민자),920018,101,년,2012,2023,,,경제활동인구,연령계층별
DT_2FA006F,교육정도별 경제활동인구(이민자),920018,101,년,2012,2023,,,경제활동인구,교육정도별
DT_2FA007F,혼인상태별 경제활동인구(이민자),920018,101,년,2012,2023,,,경제활동인구,혼인상태별
DT_2FA008F,가구형태별 경제활동인구(이민자),920018,101,년,2012,2023,,,경제활동인구,가구형태별
DT_2FA009F,거처종류별 경제활동인구(이민자),920018,101,년,2012,2023,,,경제활동인구,거처종류별
DT_2FA010F,점유형태별 경제활동인구(이민자),920018,101,년,2014,2023,,,경제활동인구,점유형태별
DT_2FA011F,출생지역별 경제활동인구(이민자),920018,101,년,2014,2023,,,경제활동인구,출생지역별
DT_2FB001F,체류자격별 취업자(외국인),920018,101,년,2012,2023,,,취업자,체류자격별
DT_2FB002F,(귀화 전)국적별 취업자(이민자),920018,101,년,2012,2023,,,"취업자,이민자",국적별
DT_2FB003F,거주지역별 취업자(이민자),920018,101,년,2012,2023,,,"취업자,이민자",거주지역별
DT_2FB004F,연령계층별 취업자(이민자),920018,101,년,2012,2023,,,"취업자,이민자",연령계층별
DT_2FB005F,"산업별 취업자(이민자, 9차)",920018,101,년,2012,2017,,,취업자,산업별
DT_2FB006F,"직업별 취업자(이민자, 6차)",920018,101,년,2012,2017,,,취업자,직업별
DT_2FB007F,종사상 지위별 취업자(이민자),920018,101,년,2012,2023,,,취업자,"취업자,이민자별"
DT_2FB008F,취업시간대별 취업자(이민자),920018,101,년,2012,2023,,,"취업자,이민자",취업시간대별
DT_2FB009F,사업체 종사자 규모별 취업자(이민자),920018,101,년,2012,2023,,,"취업자,이민자",규모별
DT_2FB010F,동일 직장 근속기간별 취업자(이민자),920018,101,년,2012,2023,,,"취업자,이민자",근속기간별
DT_2FB011F,동일 직업 근무기간별 취업자(이민자),920018,101,년,2012,2023,,,"취업자,이민자",동일직업근무기간별
DT_2FB012F,"직장변경 유무 및 변경횟수별 취업자(최근 1년 이내, 이민자)",920018,101,년,2016,2023,,,취업자,직장변경유무및변경횟수별
DT_2FB013F,"직장변경 유무 및 변경 직장의 동일업종 여부별 취업자(최근 1년 이내, 이민자)",920018,101,년,2016,2022,,,취업자,동일업종여부별
DT_2FB014F,"직장변경 유무 및 직장변경 사유별 취업자(최근 1년 이내, 이민자)",920018,101,년,2016,2023,,,취업자,"직장변경유무별,직장변경사유별"
DT_2FB015F,직장 근무지역별 취업자(이민자),920018,101,년,2016,2023,,,취업자,근무지역별
DT_2FB016F,사업체 내 이민자의 비중별 취업자(이민자),920018,101,년,2017,2022,,,"취업자,이민자",비중별
DT_2FB017F,"산업별 취업자(이민자, 10차)",920018,101,년,2012,2023,,,취업자,산업별
DT_2FB018F,"직업별 취업자(이민자, 7차)",920018,101,년,2012,2023,,,취업자,직업별
DT_2FB019F,"산업별 취업자 총괄(이민자, 10차)",920018,101,년,2017,2023,,,취업자,산업별
DT_2FC001F,월평균 임금수준별 임금근로자(이민자),920018,101,년,2012,2023,,,임금근로자,임금수준별
DT_2FC002F,근로기간 지정 유무 및 고용계약기간별 임금근로자(이민자),920018,101,년,2012,2023,,,임금근로자,고용계약기간별
DT_2FC003F,한국 입국 전 취업 경험 유무 및 한국에서 최초 임금 받은 시기별 임금근로자(이민자),920018,101,2년,2017,2021,,,임금근로자,"취업경험유무별,한국에서최초임금받은시기별"
DT_2FC004F,한국 입국 전후 보수차이별 임금근로자(이민자),920018,101,2년,2017,2021,,,임금근로자,보수차이별
DT_2FC005R,담당업무의 직무수준별 임금근로자(이민자),920018,101,2년,2017,2021,,,임금근로자,직무수준별
DT_2FC006R,임금 및 보수 만족도별 임금근로자(이민자),920018,101,2년,2017,2023,,,임금근로자,임금및보수만족도별
DT_2FC007R,근로시간 만족도별 임금근로자(이민자),920018,101,2년,2017,2023,,,임금근로자,"근로시간만족도별,임금근로자,이민자별"
DT_2FC008R,작업장 청결 및 안전 정도 만족도별 임금근로자(이민자),920018,101,2년,2017,2023,,,임금근로자,청결및안전정도만족도별
DT_2FC009R,고충 처리 만족도별 임금근로자(이민자),920018,101,2년,2017,2023,,,임금근로자,"고충처리만족도별,임금근로자,이민자별"
DT_2FC010R,승진 기회 만족도별 임금근로자(이민자),920018,101,2년,2017,2023,,,임금근로자,승진기회만족도별
DT_2FC011R,복지 제도 만족도별 임금근로자(이민자),920018,101,2년,2017,2023,,,임금근로자,"복지제도만족도별,임금근로자,이민자별"
DT_2FC012R,복지 시설 만족도별 임금근로자(이민자),920018,101,2년,2017,2023,,,임금근로자,복지시설만족도별
DT_2FC013R,한국인 직장 동료와의 관계 만족도별 임금근로자(이민자),920018,101,2년,2017,2023,,,임금근로자,관계만족도별
DT_2FC014R,한국인 직장 상사와의 관계 만족도별 임금근로자(이민자),920018,101,2년,2017,2023,,,임금근로자,직장상사와의관계만족도별
DT_2FC015R,직장에 대한 전반적인 만족도별 임금근로자(이민자),920018,101,2년,2017,2023,,,임금근로자,직장만족도별
DT_2FC016R,비슷한 일을 하는 한국인 근로자와 본인의 근로시간 비교별 임금근로자(이민자),920018,101,2년,2017,2023,,,"한국인근로자,이민자",비교별
DT_2FC017R,비슷한 일을 하는 한국인 근로자와 본인의 임금 비교별 임금근로자(이민자),920018,101,2년,2017,2023,,,임금근로자,"임금근로자,이민자,한국인근로자별"
DT_2FC018R,비슷한 일을 하는 한국인 근로자와 본인의 업무량 비교별 임금근로자(이민자),920018,101,2년,2017,2023,,,"한국인근로자,이민자",업무량별
DT_2FC019R,고용보험 가입 유무별 임금근로자(이민자),920018,101,년,2017,2022,,,임금근로자,고용보험가입유무별
DT_2FC020R,산재보험 가입 유무별 임금근로자(이민자),920018,101,년,2017,2022,,,임금근로자,가입유무별
DT_2FC021R,한국 입국 전 취업 국가별 임금근로자(이민자),920018,101,2년,2019,2021,,,임금근로자,국가별
DT_2FC022R,"현재 직장을 찾을때 일자리 정보를 얻은 방법별 임금근로자(이민자, 복수응답)",920018,101,2년,2023,2023,,,임금근로자,일자리정보획득방법별
DT_2FC023R,다른 직장으로 이직 희망 여부 및 이직 희망 사유별 임금근로자(이민자),920018,101,2년,2023,2023,,,임금근로자,이직희망사유별
DT_2FC024R,"한국 내 직장에서 경험한 사항별 임금근로자(지난 1년간, 복수응답,이민자)",920018,101,2년,2023,2023,,,임금근로자,경험한사항별
DT_2FC025R,지난 1년 이내에 당한 부상의 주된 원인별 임금근로자(이민자),920018,101,2년,2023,2023,,,임금근로자,부상의주된원인별
DT_2FC026R,지난 1년 이내에 당한 부상의 치료비 지불방법별 임금근로자(이민자),920018,101,2년,2023,2023,,,"부상의치료비,임금근로자,이민자",지불방법별
DT_2FD001R,"실업자의 구직경로(복수응답, 이민자)",920018,101,년,2012,2023,,,"실업자,이민자",구직경로별
DT_2FD002R,"실업자가 구직 시 경험한 어려움의 원인(복수응답, 이민자)",920018,101,년,2017,2022,,,실업자,
DT_2FD003F,구직기간별 실업자(이민자),920018,101,년,2012,2023,,,실업자,구직기간별
DT_2FE001F,활동상태별 비경제활동인구(이민자),920018,101,년,2012,2023,,,"비경제활동인구,이민자",활동상태별
DT_2FF001F,15세 이상 국내 상주인구(이민자),920018,101,년,2017,2023,,15세 이상,국내상주인구,국적별
DT_2FF002F,종교(이민자),920018,101,년,2017,2023,,,"종교,이민자",종교별
DT_2FF003F,아버지 국적(이민자),920018,101,년,2017,2023,,,이민자,국적별
DT_2FF004F,어머니 국적(이민자),920018,101,년,2017,2023,,,이민자,국적별
DT_2FF005F,한국인 조상 유무(이민자),920018,101,년,2017,2023,,,이민자,조상유무별
DT_2FF006R,최종 학위 취득 국가(이민자),920018,101,년,2017,2023,,,국가,국가별
DT_2FF007F,배우자 유무 및 배우자 거주지(이민자),920018,101,년,2013,2023,,,"배우자,이민자",배우자유무별
DT_2FF008F,국내 거주 배우자의 경제활동 여부(이민자),920018,101,년,2017,2023,,,배우자,거주형태별
DT_2FF009F,국내 거주 배우자의 국적(이민자),920018,101,년,2013,2023,,,"배우자,국적",국적별
DT_2FF010F,국내 거주 외국국적 배우자의 체류자격(이민자),920018,101,년,2013,2023,,,외국국적배우자,체류자격별
DT_2FF011F,가구원 수 및 가구형태(이민자),920018,101,년,2017,2023,,,"가구원수,가구형태","가구원수별,가구형태별"
DT_2FF012F,자녀 유무 및 자녀 거주지(이민자),920018,101,년,2017,2023,,,이민자,"자녀유무별,자녀거주지별"
DT_2FF013F,"한국에 따로 사는 가족, 친인척의 유무(이민자)",920018,101,년,2017,2023,,,"가족,친인척,이민자",거주형태별
DT_2FF014F,거처 종류(이민자),920018,101,년,2017,2023,,,"거처,이민자",거처종류별
DT_2FF015F,점유 형태(이민자),920018,101,년,2017,2023,,,이민자,
DT_2FG001F,"교육 또는 훈련 경험 유무 및 도움정도(지난 1년간, 이민자)",920018,101,2년,2017,2023,,,이민자,교육또는훈련경험유무및도움정도별
DT_2FG002F,"교육 또는 훈련 받은 기관(복수응답, 이민자)",920018,101,2년,2017,2023,,,기관,기관별
DT_2FG003R,"교육 또는 훈련 받은 목적(복수응답, 이민자)",920018,101,2년,2017,2023,,,이민자,목적별
DT_2FG004F,"교육 또는 훈련 비용 지불방법(복수응답, 이민자)",920018,101,2년,2017,2023,,,"교육또는훈련비용,이민자",지불방법별
DT_2FG005R,"한국에서 받은 교육 또는 지원 서비스(복수응답, 이민자)",920018,101,2년,2017,2023,,,"교육,지원서비스",지원서비스별
DT_2FG006R,"필요한 교육 또는 지원 서비스(복수응답, 이민자)",920018,101,2년,2017,2023,,,"교육,지원서비스,이민자","지원서비스별,교육필요여부별"
DT_2FH001F,전세보증금 규모(이민자),920018,101,년,2017,2023,,,"전세보증금,이민자",이민자별
DT_2FH002F,월세보증금 규모(이민자),920018,101,년,2017,2023,,,"월세보증금,이민자",이민자별
DT_2FH003F,월세액 규모(이민자),920018,101,년,2017,2023,,,"이민자,월세액",
DT_2FH007F,"거주지 이동 유무 및 이동 지역(지난 1년간, 이민자)",920018,101,2년,2016,2021,,,이민자,거주지역별
DT_2FH008F,현 거주지 거주 이유(이민자),920018,101,2년,2017,2021,,,"거주이유,이민자",거주이유별
DT_2FI001F,"월평균 총소득(지난 1년간, 이민자)",920018,101,2년,2017,2023,,,총소득,
DT_2FI002R,국민연금 가입유무(이민자),920018,101,2년,2017,2021,,,"가입유무,이민자",가입유무별
DT_2FI003F,건강보험 가입유무(이민자),920018,101,2년,2017,2021,,,이민자,가입유무별
DT_2FI004F,해외송금 여부 및 연간 송금횟수(이민자),920018,101,2년,2017,2023,,,"해외송금,이민자","해외송금여부별,연간송금횟수별"
DT_2FI005F,연간 해외 송금액(이민자),920018,101,2년,2017,2023,,,해외송금액,국가별
DT_2FI006F,총소득 대비 지출부문별 구성비(이민자),920018,101,2년,2017,2023,,,지출부문별구성비,지출부문별
DT_2FI015F,"경제적 어려움 경험 유무(지난 1년간, 이민자)",920018,101,2년,2017,2023,,,이민자,
DT_2FI016R,"경험한 경제적 어려움 유형(지난 1년간, 복수응답, 이민자)",920018,101,2년,2017,2023,,,경제적어려움유형,경제적어려움유형별
DT_2FJ001R,"자녀교육에서 어려웠던 사항(지난 1년간 , 복수응답, 이민자)",920018,101,2년,2017,2021,,,이민자,
DT_2FJ002R,"자녀가 다니는 학교(유치원, 어린이집) 참여 정도(이민자)",920018,101,2년,2017,2021,,,"자녀,학교,유치원,어린이집","학교,유치원,어린이집별"
DT_2FJ003R,소득 대비 자녀 교육비의 부담 정도(이민자),920018,101,2년,2017,2021,,,교육비,부담정도별
DT_2FJ004R,가장 부담스러운 교육비 종류(이민자),920018,101,2년,2017,2021,,,교육비,교육비종류별
DT_2FJ005R,한국 내 취업한 자녀 유무(이민자),920018,101,2년,2017,2021,,,"취업,자녀,이민자",취업여부별
DT_2FK001R,한국 최초 입국시점(이민자),920018,101,년,2017,2023,,,이민자,
DT_2FK003R,한국 체류기간(이민자),920018,101,년,2013,2023,,,이민자,체류기간별
DT_2FK004R,"한국 이외 체류 경험 유무 및 체류기간(지난 1년간, 이민자)",920018,101,년,2013,2023,,,이민자,체류기간별
DT_2FK005R,체류자격 변경 유무 및 변경 횟수(이민자),920018,101,년,2012,2023,,,이민자,체류자격별
DT_2FK006R,외국인 등록시 체류자격과 현재 체류자격 비교(이민자),920018,101,년,2017,2023,,,체류자격,체류자격별
DT_2FK007R,현재 체류자격 직전 체류자격과 현재 체류자격 비교(이민자),920018,101,년,2017,2023,,,체류자격,체류자격별
DT_2FK008R,체류기간 만료 후 한국 내 계속 체류 희망 여부 및 체류연장방법(영주권자 이외 외국인),920018,101,년,2012,2023,,,외국인,
DT_2FK009R,연장을 희망하는 체류기간(영주권자 이외 외국인),920018,101,년,2017,2023,,,체류기간,체류기간별
DT_2FL001R,"한국으로 유학 온 이유(1순위, 유학생)",920018,101,2년,2017,2023,,,유학생,유학생별
DT_2FL002R,"한국으로 유학 온 이유(복수응답, 유학생)",920018,101,2년,2017,2023,,,유학생,
DT_2FL003F,한국 이외 유학을 고려한 언어권(유학생),920018,101,3년,2017,2020,,,언어권,언어권별
DT_2FL004F,한국에서 공부하고 있는 주전공(유학생),920018,101,2년,2017,2023,,,"주전공,유학생",국적별
DT_2FL005R,향후 진로에 본국 학위 대비 한국 학위의 도움 정도(유학생),920018,101,2년,2017,2023,,,"한국학위,유학생",본국학위대비한국학위
DT_2FL006R,"한국 유학생활에서 어려운 사항(1순위, 유학생)",920018,101,2년,2017,2023,,,유학생,유학생별
DT_2FL007R,"한국 유학생활에서 어려운 사항(복수응답, 유학생)",920018,101,2년,2017,2023,,,유학생,
DT_2FL008R,재학 중인 대학에 대한 전반적인 만족도(유학생),920018,101,2년,2017,2023,,,"대학,유학생",국적별
DT_2FL009R,"취업경험 유무 및 취업기간(지난 1년간, 유학생)",920018,101,2년,2012,2023,,,"취업경험,취업기간","취업경험유무별,취업기간별"
DT_2FL010R,"취업하여 일한 주된 장소(지난 1년간, 유학생)",920018,101,2년,2014,2023,,,"주된장소,유학생",장소별
DT_2FL011R,"취업시 취업신고 여부 및 신고하지 않은 사유(지난 1년간, 유학생)",920018,101,2년,2017,2023,,,"취업,유학생",유학생
DT_2FL012R,"한국에서 학비 마련 방법(1순위, 유학생)",920018,101,2년,2017,2023,,,"학비,유학생",학비마련방법별
DT_2FL013R,"한국에서 학비 마련 방법(복수응답, 유학생)",920018,101,2년,2017,2023,,,"학비,유학생",방법별
DT_2FL014R,"한국에서 생활비 마련 방법(1순위, 유학생)",920018,101,2년,2017,2023,,,"생활비,유학생",유학생별
DT_2FL015R,"한국에서 생활비 마련 방법(복수응답, 유학생)",920018,101,2년,2017,2023,,,유학생,국가별
DT_2FL016R,"현재 받고 싶은 지원(1순위, 유학생)",920018,101,2년,2017,2023,,,"지원,1순위,유학생",지원별
DT_2FL017R,"현재 받고 싶은 지원(복수응답, 유학생)",920018,101,2년,2017,2023,,,"지원,유학생",지원종류별
DT_2FL018R,졸업 후 향후 계획(유학생),920018,101,2년,2012,2023,,,유학생,국적별
DT_2FL019R,한국에서 취업 희망 업종(유학생),920018,101,2년,2017,2023,,,"취업희망업종,유학생",업종별
DT_2FL020R,"본국으로 돌아가려는 이유(1순위, 유학생)",920018,101,2년,2017,2023,,,유학생,유학목적별
DT_2FL021R,"본국으로 돌아가려는 이유(복수응답, 유학생)",920018,101,2년,2017,2023,,,유학생,
DT_2FL022R,본국 지인에게 한국 유학 추천 의향 유무(유학생),920018,101,2년,2017,2023,,,한국유학생,
DT_2FL023R,한국 유학 후 한국에 대한 이미지 개선 정도(유학생),920018,101,2년,2017,2023,,,유학생,국적별
DT_2FM001F,해외 취업지로 한국 선택 이유(비전문취업),920018,101,2년,2017,2023,,,한국선택이유,
DT_2FM002R,근로계약조건에 대한 사전 인지 정도(비전문취업),920018,101,2년,2017,2023,,,"근로계약조건,비전문취업",
DT_2FM003R,고용허가제로 처음 한국 입국한 시점(비전문취업),920018,101,2년,2017,2023,,,입국,
DT_2FM004R,고용허가제 체류기간 만료 후 재입국 여부(비전문취업),920018,101,2년,2017,2023,,,재입국,체류기간별
DT_2FM005R,한국에서 이직 경험 유무 및 이직 횟수(비전문취업),920018,101,2년,2017,2023,,,"이직경험유무,이직횟수",이직경험유무및이직횟수별
DT_2FM006R,재입국 이후 한국에서 직장 이직 횟수(비전문취업),920018,101,2년,2017,2023,,,한국에서의직장이직횟수,
DT_2FM007R,고용허가제로 한국에서 첫 직장 근무 기간(비전문취업),920018,101,2년,2017,2023,,,한국에서첫직장근무기간,
DT_2FM008R,이전 직장 퇴사 사유(비전문취업),920018,101,2년,2017,2023,,,퇴사사유,퇴사사유별
DT_2FM009R,현재 직장으로 이직시 가장 힘들었던 사항(비전문취업),920018,101,2년,2017,2023,,,이직,
DT_2FM010R,"현재 직장으로 이직시 일자리 정보를 얻은 방법(복수응답, 비전문취업)",920018,101,3년,2017,2020,,,일자리정보,정보원천별
DT_2FM011R,"한국 내 직장에서 경험한 사항들(지난 1년간, 복수응답, 비전문취업)",920018,101,3년,2017,2020,,,직장,직장별
DT_2FM012R,지난 1년 이내에 당한 부상의 주된 원인(비전문취업),920018,101,3년,2017,2020,,,부상,부상원인별
DT_2FM013R,지난 1년 이내에 당한 부상의 치료비 지불방법(비전문취업),920018,101,3년,2017,2020,,,부상,지불방법별
DT_2FM014F,다른 직장으로 이직 희망 여부 및 이직 희망 사유(비전문취업),920018,101,3년,2017,2020,,,"이직희망여부,이직희망사유",
DT_2FN001R,전반적인 건강상태(이민자),920018,101,2년,2018,2022,,,건강상태,
DT_2FN002R,"병원에 가지 못한 경험 유무 및 이유(지난 1년간, 이민자)",920018,101,2년,2018,2022,,,이민자,이민자별
DT_2FN003R,"인터넷 이용 여부와 주된 용도(복수응답, 이민자)",920018,101,2년,2018,2022,,,이민자,"인터넷이용여부별,주된용도별"
DT_2FP001R,같이 사는 가족과의 관계 만족도(이민자),920018,101,2년,2018,2022,,,가족,가족관계별
DT_2FP002R,주변 사람과의 관계 만족도(이민자),920018,101,2년,2018,2022,,,관계만족도,관계별
DT_2FP003R,본인의 직업 만족도(이민자),920018,101,2년,2018,2022,,,직업만족도,직업만족도별
DT_2FP004R,본인의 소득 만족도(이민자),920018,101,2년,2018,2022,,,소득만족도,소득만족도별
DT_2FP005R,거주 지역의 주거환경 만족도(이민자),920018,101,2년,2018,2022,,,주거환경만족도,거주지역별
DT_2FP006R,한국생활에 대한 전반적인 만족도(이민자),920018,101,2년,2018,2022,,,전반적인만족도,
DT_2FP007R,"한국생활에서 어려운 사항(1순위, 이민자)",920018,101,2년,2018,2022,,,이민자,이민자별
DT_2FP008R,"한국생활에서 어려운 사항(복수응답, 이민자)",920018,101,2년,2018,2022,,,이민자,
DT_2FP009R,"여가 활용 형태(1순위, 이민자)",920018,101,2년,2018,2022,,,이민자,이민자별
DT_2FP010R,"여가 활용 형태(복수응답, 이민자)",920018,101,2년,2018,2022,,,이민자,이민자별
DT_2FP011R,여가 생활 만족도(이민자),920018,101,2년,2018,2022,,,여가생활만족도,
DT_2FP012R,상황별 한국 내 도움을 받을 수 있는 사람 유무 및 평균 인원수(이민자),920018,101,2년,2018,2022,,,한국내이민자,상황별
DT_2FP013R,"차별 받은 경험 유무 및 차별 받은 주된 이유(지난 1년간, 이민자)",920018,101,2년,2018,2022,,,이민자,차별받은경험유무및차별받은주된이유를이민자로한정하여조사한통계표이므로분류기준이없습니다따라서기준없음을출력합니다
DT_2FP014R,"거리나 동네에서 차별 받은 정도(지난 1년간, 이민자)",920018,101,2년,2018,2022,,,차별받은정도,
DT_2FP015R,"상점, 음식점, 은행 등에서 차별 받은 정도(지난 1년간, 이민자)",920018,101,2년,2018,2022,,,차별받은정도,장소별
DT_2FP016R,"공공기관(동사무소, 경찰서 등)에서 차별 받은 정도(지난 1년간, 이민자)",920018,101,2년,2018,2022,,,차별받은정도,"기관별,이민자출신국가별"
DT_2FP017R,"집주인 또는 부동산 중개업소에서 차별 받은 정도(지난 1년간, 이민자)",920018,101,2년,2018,2022,,,차별받은정도,"차별받은대상별,부동산중개업소,집주인"
DT_2FP018R,"직장/일터에서 차별 받은 정도(지난 1년간, 이민자)",920018,101,2년,2018,2022,,,차별받은정도,국가별
DT_2FP019R,"학교/대학에서 차별 받은 정도(지난 1년간, 이민자)",920018,101,2년,2018,2022,,,차별받은정도,"국적별,학교급별,차별유형별"
DT_2FP020R,"차별 시정 요구 경험 및 시정 요구 효과(지난 1년간, 이민자)",920018,101,2년,2018,2022,,,이민자,
DT_2FQ001R,같이 살고 있는 사람들과 주로 사용하는 언어(이민자),920018,101,년,2018,2023,,,"언어,이민자",거주형태별
DT_2FQ002R,"한국어 학습 경험 유무 및 학습기관(복수응답, 이민자)",920018,101,년,2018,2023,,,"한국어학습경험유무및학습기관,이민자","학습경험유무별,학습기관별"
DT_2FQ003R,한국어 학습기간(이민자),920018,101,년,2018,2023,,,"학습기간,이민자","국적취득전국적별,성별"
DT_2FQ004R,학습기관별 한국어 학습기간_한국 대학 한국어 교육(이민자),920018,101,년,2018,2023,,,"한국어학습기간,한국대학한국어교육",학습기관별
DT_2FQ005R,학습기관별 한국어 학습기간_법무부 사회통합 프로그램(이민자),920018,101,년,2018,2023,,,한국어학습기간,학습기관별
DT_2FQ006R,학습기관별 한국어 학습기간_여성가족부 다문화가족지원센터(이민자),920018,101,년,2018,2023,,,한국어학습기간,학습기관별
DT_2FQ007R,학습기관별 한국어 학습기간_외국인력지원센터(이민자),920018,101,년,2018,2023,,,한국어학습기간,학습기관별
DT_2FQ008R,학습기관별 한국어 학습기간_본국 또는 한국 이외 국가(이민자),920018,101,년,2018,2023,,,"한국어학습기간,이민자",학습기관별
DT_2FQ009R,학습기관별 한국어 학습기간_기타(이민자),920018,101,년,2018,2023,,,"한국어학습기간,이민자",학습기관별
DT_2FQ010R,한국어 능력시험(TOPIK) 응시 경험 유무 및 급수(이민자),920018,101,년,2018,2023,,,"응시경험,급수","응시경험유무별,급수별"
DT_2FQ011R,한국어실력(이민자),920018,101,년,2018,2023,,,이민자,"출생지국가별,한국어실력수준별"
DT_2FR001R,"한국에 오기 전 체류자격 취득 준비기간(방문취업(H2), 재외동포(F4) 한국계외국인)",920018,101,3년,2018,2021,,,체류자격취득준비기간,체류자격별
DT_2FR002R,"일자리 정보 획득 경로(방문취업(H-2), 재외동포(F-4) 한국계외국인)",920018,101,3년,2018,2021,,,한국계외국인,비자종류별
DT_2FR003R,"방문취업(H-2)이 재외동포(F-4)로 체류자격을 변경하지 않은 이유(방문취업(H-2), 재외동포(F-4) 한국계외국인)",920018,101,3년,2018,2021,,,한국계외국인,
DT_2FR004R,"한국에서의 취업 경험(방문취업(H-2), 재외동포(F-4) 한국계외국인)",920018,101,3년,2018,2021,,,"취업경험,방문취업,H2,재외동포,F4한국계외국인",비자종류별
DT_2FR005R,"취업신고 경험 유무 및 미신고 이유(방문취업(H-2), 재외동포(F-4) 한국계외국인)",920018,101,3년,2018,2021,,,한국계외국인,비자종류별
DT_2FR006R,"일자리 찾을 때 어려운 이유(방문취업(H-2), 재외동포(F-4) 한국계외국인)",920018,101,3년,2018,2021,,,한국계외국인,체류자격별
DT_2FR007R,"취업할 때 일자리 정보 획득 경로(복수응답, 방문취업(H-2), 재외동포(F-4) 한국계외국인)",920018,101,3년,2018,2021,,,일자리정보획득경로,비자종류별
DT_2FR008R,"직장(사업체) 구할 때 취업소개료 지불 유무 및 수준(방문취업(H-2), 재외동포(F-4) 한국계외국인)",920018,101,3년,2018,2021,,,"한국계외국인,방문취업,H2",비자종류별
DT_2FR009R,"직장(사업체) 사업주(고용주)와 표준근로계약서 작성여부(방문취업(H-2), 재외동포(F-4) 한국계외국인)",920018,101,3년,2018,2021,,,"사업주,외국인",비자별
DT_2FR010R,"한국 내 직장(사업체)에서 경험한 사항들(지난 1년간, 복수응답, 방문취업(H-2), 재외동포(F-4) 한국계외국인)",920018,101,3년,2018,2021,,,"직장,방문취업,재외동포",비자종류별
DT_2FR011R,"작업 중 부상의 주된 원인(지난 1년간, 방문취업(H-2), 재외동포(F-4) 한국계외국인)",920018,101,3년,2018,2021,,,부상,체류자격별
DT_2FR012R,"작업 중 부상의 치료비 지불방법(지난 1년간, 방문취업(H-2), 재외동포(F-4) 한국계외국인)",920018,101,3년,2018,2021,,,치료비,지불방법별
DT_2FR013R,"이직 희망 여부 및 이직 희망 이유(방문취업(H-2), 재외동포(F-4) 한국계외국인)",920018,101,3년,2018,2021,,,한국계외국인,체류자격별
DT_2FR014R,"방문취업(H-2)과 재외동포(F-4) 체류자격별 한국에 체류(거주)한 기간(방문취업(H-2), 재외동포(F-4) 한국계외국인)",920018,101,3년,2018,2021,,,한국계외국인,체류자격별
DT_2FR015R,"체류자격별 체류(거주) 평균기간(방문취업(H-2), 재외동포(F-4) 한국계외국인)",920018,101,3년,2018,2021,,,"체류,거주평균기간",체류자격별
DT_2FR016R,"방문취업(H-2), 재외동포(F-4) 모두 취업한 경험과 방문취업(H-2)에서 재외동포(F-4)로 체류자격 변경 후 담당업무 및 임금 또는 보수 변동(방문취업(H-2), 재외동포(F-4) 한국계외국인)",920018,101,3년,2018,2021,,,한국계외국인,체류자격별
DT_2FS001R,한국사회 구성원이 되는데 문제가 되는 정도_다른 민족(영주(F-5)·귀화허가자),920018,101,3년,2019,2022,,,"다른민족,영주귀화허가자",
DT_2FS002R,한국사회 구성원이 되는데 문제가 되는 정도_다른 문화(영주(F-5)·귀화허가자),920018,101,3년,2019,2022,,,"영주,F5,귀화허가자",문화별
DT_2FS003R,한국사회 구성원이 되는데 문제가 되는 정도_다른 인종(영주(F-5)·귀화허가자),920018,101,3년,2019,2022,,,"다른인종,영주귀화허가자",
DT_2FS004R,한국사회 구성원이 되는데 문제가 되는 정도_다른 피부색(영주(F-5)·귀화허가자),920018,101,3년,2019,2022,,,"피부색,영주,F5,귀화허가자",
DT_2FS005R,한국사회 구성원이 되는데 문제가 되는 정도_다른 종교(영주(F-5)·귀화허가자),920018,101,3년,2019,2022,,,"종교,영주,F5,귀화허가자",종교별
DT_2FS006R,한국사회 구성원이 되는데 문제가 되는 정도_다른 언어(영주(F-5)·귀화허가자),920018,101,3년,2019,2022,,,"언어,영주,귀화허가자",
DT_2FS007R,한국사회 공정성에 대한 생각_교육기회(영주(F-5)·귀화허가자),920018,101,3년,2019,2022,,,"교육기회,영주,F5,귀화허가자","출생지별,체류기간별,학력별,최종학력국가별,현재학교재학여부별,전공분야별,경제활동상태별,결혼여부별,자녀유무별,공정한사회여부별"
DT_2FS008R,한국사회 공정성에 대한 생각_취업기회(영주(F-5)·귀화허가자),920018,101,3년,2019,2022,,,취업기회,출생지별
DT_2FS009R,한국사회 공정성에 대한 생각_법의 집행(영주(F-5)·귀화허가자),920018,101,3년,2019,2022,,,"법,영주,F5,귀화허가자",
DT_2FS010R,한국사회 공정성에 대한 생각_언론 또는 대중 매체의 내용(영주(F-5)·귀화허가자),920018,101,3년,2019,2022,,,"언론또는대중매체내용,영주,F5,귀화허가자",
DT_2FS011R,한국정부가 하는 일에 어떤 영향도 주기 어렵다고 생각하는 정도(영주(F-5)·귀화허가자),920018,101,3년,2019,2022,,,"영주,F5귀화허가자",비자종류별
DT_2FS012R,한국정부가 이주자(영주·귀화허가자)의 의견에 관심이 없다고 생각하는 정도(영주(F-5)·귀화허가자),920018,101,3년,2019,2022,,,"이주자,영주귀화허가자",
DT_2FS013R,한국이 당면한 중요한 정치 문제를 잘 이해하고 있다고 생각하는 정도(영주(F-5)·귀화허가자),920018,101,3년,2019,2022,,,"영주,F5,귀화허가자",체류자격별
DT_2FS014R,대부분의 이민자들에 비해 한국의 정치나 행정에 대해 잘 알고 있다고 생각하는 정도(영주(F-5)·귀화허가자),920018,101,3년,2019,2022,,,한국의정치나행정,
DT_2FS015R,한국에서 본국 사람처럼 행동하려고 노력하는 정도(영주(F-5)·귀화허가자),920018,101,3년,2019,2022,,,"영주,F5,귀화허가자",
DT_2FS016R,한국에서 본국의 음악/영화/TV프로그램을 즐기려고 노력하는 정도(영주(F-5)·귀화허가자),920018,101,3년,2019,2022,,,음악영화TV프로그램,국적취득자별
DT_2FS017R,한국에서 본국의 음식을 주로 먹으려고 노력하는 정도(영주(F-5)·귀화허가자),920018,101,3년,2019,2022,,,"영주,F5,귀화허가자",
DT_2FS018R,한국에서 본국의 전통 의상을 입으려고 노력하는 정도(영주(F-5)·귀화허가자),920018,101,3년,2019,2022,,,전통의상,
DT_2FS019R,한국에서 본국의 주거방식을 추구하려고 노력하는 정도(영주(F-5)·귀화허가자),920018,101,3년,2019,2022,,,"영주,F5,귀화허가자",국적별
DT_2FS020R,"계층의식(영주(F-5), 귀화허가자)",920018,101,3년,2019,2022,,,"영주,귀화허가자",국적취득형태별
DT_2FS021R,"본인세대 계층이동(영주(F-5), 귀화허가자)",920018,101,3년,2019,2022,,,"계층이동,영주,귀화허가자",계층이동별
DT_2FS022R,"다음세대 계층이동(영주(F-5), 귀화허가자)",920018,101,3년,2019,2022,,,"계층이동,영주,귀화허가자",계층이동별
DT_2FS023R,"살고 있는 동네(시·군·구)에 대한 소속감(영주(F-5), 귀화허가자)",920018,101,3년,2019,2022,,,"동네,영주,귀화허가자",행정구역별
DT_2FS024R,"한국에 대한 소속감(영주(F-5), 귀화허가자)",920018,101,3년,2019,2022,,,"영주,귀화허가자",체류자격별
DT_2FS025R,"본국에 대한 소속감(영주(F-5), 귀화허가자)",920018,101,3년,2019,2022,,,"영주,귀화허가자",체류자격별
DT_2FS026R,"사회단체 가입 여부 및 활동수준(영주(F-5), 귀화허가자)",920018,101,3년,2019,2022,,,사회단체,체류자격별
DT_2FS027R,"선거 참여 여부와 참여하지 않은 이유(영주(F-5), 귀화허가자)",920018,101,3년,2019,2022,,,"선거참여여부,영주,F5,귀화허가자",체류자격별
DT_2FS028R,"향후 거주 희망 국가(영주(F-5), 귀화허가자)",920018,101,3년,2019,2022,,,국가,거주희망국가별
DT_2FS029R,영주권 취득 시기(영주(F-5)),920018,101,3년,2019,2022,,,영주권,
DT_2FS030R,향후 한국국적 취득 계획 여부와 취득 계획이 없는 이유(영주(F-5)),920018,101,3년,2019,2022,,,"한국국적취득계획여부,영주,F5","한국국적취득계획여부별,영주,F5자격별"
DT_2FT001R,구직 경험 유무 및 구직 시 경험한 어려움의 원인(이민자),920018,101,2년,2023,2023,,,"구직,이민자","구직경험유무별,어려움의원인별"
DT_1EO011,한육우 시도/사육규모별 가구수 및 마리수,920019,101,분기,1983,2017,,,"한육우,가구수,마리수","시도별,사육규모별"
DT_1EO021,한우 시도/사육규모별 가구수 및 마리수,920019,101,분기,1980,2017,,,"한우,가구수,마리수","시도별,사육규모별"
DT_1EO031,육우 시도/사육규모별 가구수 및 마리수,920019,101,분기,1980,2017,,,"육우,가구,마리수","행정구역별,사육규모별"
DT_1EO041,젖소 시도/사육규모별 가구수 및 마리수,920019,101,분기,1983,2017,,,"젖소,가구수,마리수","행정구역별,사육규모별"
DT_1EO051,돼지 시도/사육규모별 가구수 및 마리수,920019,101,분기,1983,2018,,,"가구수,마리수","행정구역별,사육규모별"
DT_1EO061,닭 시도/사육규모별 가구수 및 마리수,920019,101,분기,1983,2024,,,"가구수,마리수","행정구역별,사육규모별"
DT_1EO071,"닭 시도 용도별(산란계,육용계) /사육규모별 가구수 및 마리수",920019,101,분기,1983,2024,,,"가구수,마리수","시도별,사육규모별"
DT_1EO091,(산란계) 1일 평균 식용계란 생산량,920019,101,분기,2000,2024,,,식용계란,
DT_1EO092,한육우 시도/연령/성별 마리수,920019,101,분기,1983,2017,,,한육우,"행정구역별,연령별,성별"
DT_1EO093,한우 시도/연령/성별 마리수,920019,101,분기,2003,2017,,,한우,"시도별,연령별,성별"
DT_1EO094,육우 시도/연령/성별 마리수,920019,101,분기,2003,2017,,,육우,"행정구역별,연령별,성별"
DT_1EO095,젖소 시도/연령 마리수,920019,101,분기,1983,2017,,,젖소,"행정구역별,연령별"
DT_1EO096,돼지 시도/월령별/성별 마리수,920019,101,분기,1983,2018,,,마리수,"행정구역별,월령별,성별"
DT_1EO097,닭 시도/월령별 마리수,920019,101,분기,1983,2024,,,마리수,"시도별,월령별"
DT_1EO099,축종별 시도별 가구수 및 마리수,920019,101,분기,1983,2017,,,"가구수,마리수","축종별,행정구역별"
DT_1EO100,닭 시군구/용도별 가구수 및 마리수,920019,101,분기,2006,2024,,,"가구수,마리수","행정구역별,용도별"
DT_1EO111,오리 시도/사육규모별 가구수 및 마리수,920019,101,분기,2011,2024,,,"가구수,마리수","시도별,사육규모별"
DT_1EO112,오리 시도/용도별(종오리/육용오리)/월령별 마리수,920019,101,분기,2011,2024,,,"종오리,육용오리","시도별,월령별"
DT_1EO113,오리 시도/용도별(종오리/육용오리)/사육규모별 가구수 및 마리수,920019,101,분기,2011,2024,,,"가구수,마리수","시도별,용도별,사육규모별"
DT_1EO200,축종별 시도별 농장수 및 마리수,920019,101,분기,2014,2024,,,"농장수,마리수","축종별,행정구역별"
DT_1EO211,한육우 시도/사육규모별 농장수 및 마리수,920019,101,분기,2014,2024,,,"농장수,마리수","행정구역별,사육규모별"
DT_1EO212,한육우 시도/연령/성별 마리수,920019,101,분기,2014,2024,,,한육우,"행정구역별,연령별,성별"
DT_1EO221,한우 시도/사육규모별 농장수 및 마리수,920019,101,분기,2014,2024,,,"농장수,마리수","시도별,사육규모별"
DT_1EO222,한우 시도/연령/성별 마리수,920019,101,분기,2014,2024,,,한우,"시도별,연령별,성별"
DT_1EO231,육우 시도/사육규모별 농장수 및 마리수,920019,101,분기,2014,2024,,,"농장수,마리수","행정구역별,사육규모별"
DT_1EO232,육우 시도/연령/성별 마리수,920019,101,분기,2014,2024,,,육우,"행정구역별,연령별,성별"
DT_1EO241,젖소 시도/사육규모별 농장수 및 마리수,920019,101,분기,2014,2024,,,"농장수,마리수","행정구역별,사육규모별"
DT_1EO242,젖소 시도/연령 마리수,920019,101,분기,2014,2024,,,젖소,"행정구역별,연령별"
DT_1EO251,축종별 시군구별 농장수 및 마리수,920019,101,분기,2021,2024,,,"농장수,마리수","축종별,행정구역별"
DT_1EO252,한육우 시군구/연령/성별 마리수,920019,101,분기,2021,2024,,,한육우,"행정구역별,연령별,성별"
DT_1EO253,한우 시군구/연령/성별 마리수,920019,101,분기,2021,2024,,,한우,"행정구역별,연령별,성별"
DT_1EO254,육우 시군구/연령/성별 마리수,920019,101,분기,2021,2024,,,육우,"행정구역별,연령별,성별"
DT_1EO255,젖소 시군구/연령 마리수,920019,101,분기,2021,2024,,,젖소,"행정구역별,연령별"
DT_1EO311,돼지 시도/사육규모별 농장수 및 마리수(2017.1/4~),920019,101,분기,2017,2024,,,"농장수,마리수","행정구역별,사육규모별"
DT_1EO312,돼지 시도/월령별/성별 마리수(2017.1/4~),920019,101,분기,2017,2024,,,마리수,"행정구역별,월령별,성별"
DT_1EO412,"(종계) 닭 시도, 용도별, 월령별 마리수",920019,101,분기,2021,2024,,,닭,"행정구역별,용도별,월령별"
DT_1EO414,"(육용계)닭 시도, 용도별, 월령별 마리수",920019,101,분기,2022,2024,,,닭,"시도별,용도별,월령별"
DT_1EO415,"(산란계)닭 시도, 월령별 마리수",920019,101,분기,2022,2024,,,산란계닭,"행정구역별,월령별"
DT_1HDAA01,"시도별 자산, 부채, 소득 현황",930001,101,년,2017,2022,,,"자산,부채,소득",행정구역별
DT_1HDAA02,"주택종류별 자산, 부채, 소득 현황",930001,101,년,2017,2022,,,"자산,부채,소득",주택종류별
DT_1HDAA03,"입주형태별 자산, 부채, 소득 현황",930001,101,년,2017,2022,,,"자산,부채,소득",입주형태별
DT_1HDAA04,"가구원수별 자산, 부채, 소득 현황",930001,101,년,2017,2022,,,"자산,부채,소득",가구원수별
DT_1HDAA05,"가구주 성별 자산, 부채, 소득 현황",930001,101,년,2017,2022,,,"가구주,자산,부채,소득",성별
DT_1HDAA06,"가구주연령계층별(10세) 자산, 부채, 소득 현황",930001,101,년,2017,2022,,,"자산,부채,소득",가구주연령계층별
DT_1HDAA07,"가구주 혼인상태별 자산, 부채, 소득 현황",930001,101,년,2017,2022,,,"자산,부채,소득",가구주혼인상태별
DT_1HDAA08,"가구주 교육정도별 자산, 부채, 소득 현황",930001,101,년,2017,2022,,,"자산,부채,소득",교육정도별
DT_1HDAA09,"가구주 종사상지위별 자산, 부채, 소득 현황",930001,101,년,2017,2022,,,"가구주,자산,부채,소득",가구주종사상지위별
DT_1HDAA10,"소득5분위별 자산, 부채, 소득 현황",930001,101,년,2017,2022,,,"자산,부채,소득",소득5분위별
DT_1HDAA11,"자산5분위별 자산, 부채, 소득 현황",930001,101,년,2017,2022,,,"자산,부채,소득",자산5분위별
DT_1HDAA12,"순자산5분위별 자산, 부채, 소득 현황",930001,101,년,2017,2022,,,"자산,부채,소득",순자산5분위별
DT_1HDAA13,"소득5분위별 가구주 종사상지위별 자산, 부채, 소득 현황",930001,101,년,2017,2022,,,"가구,자산,부채,소득","소득5분위별,가구주종사상지위별"
DT_1HDAA14,"소득5분위별 자산5분위별 자산, 부채, 소득 현황",930001,101,년,2017,2022,,,"자산,부채,소득","소득5분위별,자산5분위별"
DT_1HDAA15,"소득5분위별 순자산5분위별 자산, 부채, 소득 현황",930001,101,년,2017,2022,,,"자산,부채,소득","소득5분위별,순자산5분위별"
DT_1HDAA16,가구주연령계층별(10세) 가계재무건전성,930001,101,년,2017,2022,,,가구주연령계층별가계재무건전성,가구주연령계층별
DT_1HDAA17,가구주종사상지위별 가계재무건전성,930001,101,년,2017,2022,,,"가구주종사상지위,가계재무건전성",가구주종사상지위별
DT_1HDAA18,소득5분위별 가계재무건전성,930001,101,년,2017,2022,,,가계재무건전성,소득5분위별
DT_1HDAA19,자산5분위별 가계재무건전성,930001,101,년,2017,2022,,,가계재무건전성,자산5분위별
DT_1HDAA20,순자산5분위별 가계재무건전성,930001,101,년,2017,2022,,,가계재무건전성,순자산5분위별
DT_1HDAA21,"순자산, 가구소득의 분위별 평균, 점유율 및 경계값",930001,101,년,2017,2022,,,"순자산,가구소득,점유율",분위별
DT_1HDAA22,"소득10분위별 자산,  부채, 소득 현황",930001,101,년,2017,2022,,,"자산,부채,소득",소득10분위별
DT_1HDAAA01,"시도별 자산, 부채, 소득 현황",930001,101,년,2021,2023,,,"자산,부채,소득",행정구역별
DT_1HDAAA02,"주택종류별 자산, 부채, 소득 현황",930001,101,년,2021,2023,,,"자산,부채,소득",주택종류별
DT_1HDAAA03,"입주형태별 자산, 부채, 소득 현황",930001,101,년,2021,2023,,,"자산,부채,소득",입주형태별
DT_1HDAAA04,"가구원수별 자산, 부채, 소득 현황",930001,101,년,2021,2023,,,"자산,부채,소득",가구원수별
DT_1HDAAA05,"가구주 성별 자산, 부채, 소득 현황",930001,101,년,2021,2023,,,"가구주,자산,부채,소득",성별
DT_1HDAAA06,"가구주연령계층별(10세) 자산, 부채, 소득 현황",930001,101,년,2021,2023,,,"자산,부채,소득",가구주연령계층별
DT_1HDAAA07,"가구주 혼인상태별 자산, 부채, 소득 현황",930001,101,년,2021,2023,,,"자산,부채,소득",가구주혼인상태별
DT_1HDAAA08,"가구주 교육정도별 자산, 부채, 소득 현황",930001,101,년,2021,2023,,,"자산,부채,소득",교육정도별
DT_1HDAAA09,"가구주 종사상지위별 자산, 부채, 소득 현황",930001,101,년,2021,2023,,,"가구주,자산,부채,소득",가구주종사상지위별
DT_1HDAAA10,"소득5분위별 자산, 부채, 소득 현황",930001,101,년,2021,2023,,,"자산,부채,소득",소득5분위별
DT_1HDAAA11,"자산5분위별 자산, 부채, 소득 현황",930001,101,년,2021,2023,,,"자산,부채,소득",자산5분위별
DT_1HDAAA12,"순자산5분위별 자산, 부채, 소득 현황",930001,101,년,2021,2023,,,"자산,부채,소득",순자산5분위별
DT_1HDAAA13,"소득5분위별 가구주 종사상지위별 자산, 부채, 소득 현황",930001,101,년,2021,2023,,,"가구,자산,부채,소득","소득5분위별,가구주종사상지위별"
DT_1HDAAA14,"소득5분위별 자산5분위별 자산, 부채, 소득 현황",930001,101,년,2021,2023,,,"자산,부채,소득","소득5분위별,자산5분위별"
DT_1HDAAA15,"소득5분위별 순자산5분위별 자산, 부채, 소득 현황",930001,101,년,2021,2023,,,"자산,부채,소득","소득5분위별,순자산5분위별"
DT_1HDAAA16,가구주연령계층별(10세) 가계재무건전성,930001,101,년,2021,2023,,,"가구주연령계층,가계재무건전성",가구주연령계층별
DT_1HDAAA17,가구주종사상지위별 가계재무건전성,930001,101,년,2021,2023,,,"가구주종사상지위,가계재무건전성",가구주종사상지위별
DT_1HDAAA18,소득5분위별 가계재무건전성,930001,101,년,2021,2023,,,가계재무건전성,소득5분위별
DT_1HDAAA19,자산5분위별 가계재무건전성,930001,101,년,2021,2023,,,가계재무건전성,자산5분위별
DT_1HDAAA20,순자산5분위별 가계재무건전성,930001,101,년,2021,2023,,,가계재무건전성,순자산5분위별
DT_1HDAAA21,"순자산, 가구소득의 분위별 평균, 점유율 및 경계값",930001,101,년,2021,2023,,,"순자산,가구소득,점유율",분위별
DT_1HDAAA22,"소득10분위별 자산,  부채, 소득 현황",930001,101,년,2021,2023,,,"자산,부채,소득",소득10분위별
DT_1HDAAB01,가구특성별 소득원천별 가구소득,930001,101,년,2021,2023,,,가구소득,"가구특성별,소득원천별"
DT_1HDAAB02,가구특성별 소득분위별 가구소득,930001,101,년,2021,2023,,,가구소득,"가구특성별,소득분위별"
DT_1HDAAB03,가구특성별 소득구간별 가구분포,930001,101,년,2021,2023,,,가구,"가구특성별,소득구간별"
DT_1HDAAB04,소득원천별 소득5분위별 가구소득,930001,101,년,2021,2023,,,가구소득,"소득원천별,소득5분위별"
DT_1HDAAB04_1,소득원천별 소득10분위별  가구소득,930001,101,년,2021,2023,,,"소득,가구","소득원천별,소득10분위별"
DT_1HDAAB05,소득분위별 순자산분위 가구분포,930001,101,년,2021,2023,,,"순자산분위,가구",소득분위별
DT_1HDAAB06,가구특성별 비목별 비소비지출,930001,101,년,2021,2023,,,"가구,비소비지출","가구특성별,비목별"
DT_1HDAAB07,가구특성별 비목별 소비지출,930001,101,년,2021,2023,,,"가구,비목","가구특성별,비목별"
DT_1HDAAB08,가구특성별 소비지출구간별 가구분포,930001,101,년,2021,2023,,,가구,"가구특성별,소비지출구간별"
DT_1HDAAC01,가구주 연령계층별(10세) 담보부채 비율,930001,101,년,2021,2023,,,"담보부채,가구주",가구주연령계층별
DT_1HDAAC02,가구주 종사상지위별 담보부채 비율,930001,101,년,2021,2023,,,"가구주,담보부채비율",가구주종사상지위별
DT_1HDAAC03,소득5분위별 담보부채 비율,930001,101,년,2021,2023,,,담보부채비율,소득5분위별
DT_1HDAAC04,자산5분위별 담보부채 비율,930001,101,년,2021,2023,,,담보부채비율,자산5분위별
DT_1HDAAC05,순자산5분위별 담보부채 비율,930001,101,년,2021,2023,,,담보부채비율,순자산5분위별
DT_1HDAAC06,가구주 연령계층별(10세) 신용부채 비율,930001,101,년,2021,2023,,,신용부채비율,가구주연령계층별
DT_1HDAAC07,가구주 종사상지위별 신용부채 비율,930001,101,년,2021,2023,,,"가구주,신용부채비율",가구주종사상지위별
DT_1HDAAC08,소득5분위별 신용부채 비율,930001,101,년,2021,2023,,,신용부채비율,소득5분위별
DT_1HDAAC09,자산5분위별 신용부채 비율,930001,101,년,2021,2023,,,신용부채비율,자산5분위별
DT_1HDAAC10,순자산5분위별 신용부채 비율,930001,101,년,2021,2023,,,신용부채비율,순자산5분위별
DT_1HDAAD01,가구특성별 자산·부채,930001,101,년,2021,2023,,,"가구,자산,부채",자산부채별
DT_1HDAAD02,"소득분위별 자산, 부채, 순자산 점유율",930001,101,년,2021,2023,,,"자산,부채,순자산",소득분위별
DT_1HDAAD03,순자산 10분위별 가구 점유율,930001,101,년,2021,2023,,,가구,순자산10분위별
DT_1HDAAD04,순자산 지니계수 현황,930001,101,년,2021,2023,,,순자산,
DT_1HDAAD05,순자산 중앙값 대비 평균비,930001,101,년,2021,2023,,,순자산,
DT_1HDAAR01,소득5분위별 자산 및 부채 현황 (상대표준오차),930001,101,년,2021,2023,,,"자산,부채",소득5분위별
DT_1HDAAR02,자산5분위별 자산 및 부채 현황  (상대표준오차),930001,101,년,2021,2023,,,"자산,부채",자산5분위별
DT_1HDAAR03,순자산5분위별 자산 및 부채 현황  (상대표준오차),930001,101,년,2021,2023,,,"자산,부채",순자산5분위별
DT_1HDAB01,가구특성별 소득원천별 가구소득,930001,101,년,2017,2022,,,가구소득,"가구특성별,소득원천별"
DT_1HDAB02,가구특성별 소득분위별 가구소득,930001,101,년,2017,2022,,,가구소득,"가구특성별,소득분위별"
DT_1HDAB03,가구특성별 소득구간별 가구분포,930001,101,년,2017,2022,,,가구,"가구특성별,소득구간별"
DT_1HDAB04,소득원천별 소득5분위별 가구소득,930001,101,년,2017,2022,,,가구소득,"소득원천별,소득5분위별"
DT_1HDAB04_1,소득원천별 소득10분위별  가구소득,930001,101,년,2017,2022,,,가구소득,"소득원천별,소득10분위별"
DT_1HDAB05,소득분위별 순자산분위 가구분포,930001,101,년,2017,2022,,,"순자산분위,가구",소득분위별
DT_1HDAB06,가구특성별 비목별 비소비지출,930001,101,년,2017,2022,,,"가구,비소비지출","가구특성별,비목별"
DT_1HDAB07,가구특성별 비목별 소비지출,930001,101,년,2017,2022,,,"가구,소비지출","가구특성별,비목별"
DT_1HDAB08,가구특성별 소비지출구간별 가구분포,930001,101,년,2017,2022,,,가구,"가구특성별,소비지출구간별"
DT_1HDAC01,가구주 연령계층별(10세) 담보부채 비율,930001,101,년,2017,2022,,,"담보부채,가구주",가구주연령계층별
DT_1HDAC02,가구주 종사상지위별 담보부채 비율,930001,101,년,2017,2022,,,"가구주,담보부채비율",가구주종사상지위별
DT_1HDAC03,소득5분위별 담보부채 비율,930001,101,년,2017,2022,,,담보부채비율,소득5분위별
DT_1HDAC04,자산5분위별 담보부채 비율,930001,101,년,2017,2022,,,담보부채비율,자산5분위별
DT_1HDAC05,순자산5분위별 담보부채 비율,930001,101,년,2017,2022,,,담보부채비율,순자산5분위별
DT_1HDAC06,가구주 연령계층별(10세) 신용부채 비율,930001,101,년,2017,2022,,,신용부채비율,가구주연령계층별
DT_1HDAC07,가구주 종사상지위별 신용부채 비율,930001,101,년,2017,2022,,,신용부채비율,가구주종사상지위별
DT_1HDAC08,소득5분위별 신용부채 비율,930001,101,년,2017,2022,,,신용부채비율,소득5분위별
DT_1HDAC09,자산5분위별 신용부채 비율,930001,101,년,2017,2022,,,신용부채비율,자산5분위별
DT_1HDAC10,순자산5분위별 신용부채 비율,930001,101,년,2017,2022,,,신용부채비율,순자산5분위별
DT_1HDAD01,가구특성별 자산·부채,930001,101,년,2017,2022,,,"가구,자산,부채",가구특성별
DT_1HDAD02,"소득분위별 자산, 부채, 순자산 점유율",930001,101,년,2017,2022,,,"자산,부채,순자산",소득분위별
DT_1HDAD03,순자산 10분위별 가구 점유율,930001,101,년,2017,2022,,,가구,순자산10분위별
DT_1HDAD04,순자산 지니계수 현황,930001,101,년,2017,2022,,,순자산,
DT_1HDAD05,순자산 중앙값 대비 평균비,930001,101,년,2017,2022,,,순자산,
DT_1HDALF05,소득분배지표,930001,101,년,2020,2022,,,소득,
DT_1HDALF06,소득분배지표(연령계층별),930001,101,년,2020,2022,,,소득분배지표,연령계층별
DT_1HDALF07,소득분배지표(성별),930001,101,년,2020,2022,,,"소득분배지표,성별",성별
DT_1HDAR01,소득5분위별 자산 및 부채 현황 (상대표준오차),930001,101,년,2017,2022,,,"자산,부채",소득5분위별
DT_1HDAR02,자산5분위별 자산 및 부채 현황  (상대표준오차),930001,101,년,2017,2022,,,"자산,부채",자산5분위별
DT_1HDAR03,순자산5분위별 자산 및 부채 현황  (상대표준오차),930001,101,년,2017,2022,,,"자산,부채",순자산5분위별
DT_1HDBA01,"시도별 자산, 부채, 소득 현황",930001,101,년,2012,2017,,,"자산,부채,소득",행정구역별
DT_1HDBA02,"주택종류별 자산, 부채, 소득 현황",930001,101,년,2012,2017,,,"자산,부채,소득",주택종류별
DT_1HDBA03,"입주형태별 자산, 부채, 소득 현황",930001,101,년,2012,2017,,,"자산,부채,소득",입주형태별
DT_1HDBA04,"가구원수별 자산, 부채, 소득 현황",930001,101,년,2012,2017,,,"자산,부채,소득",가구원수별
DT_1HDBA05,"가구주 성별 자산, 부채, 소득 현황",930001,101,년,2012,2017,,,"가구주,자산,부채,소득",성별
DT_1HDBA06,"가구주연령계층별(10세) 자산, 부채, 소득 현황",930001,101,년,2012,2017,,,"자산,부채,소득",가구주연령계층별
DT_1HDBA07,"가구주 혼인상태별 자산, 부채, 소득 현황",930001,101,년,2012,2017,,,"자산,부채,소득",혼인상태별
DT_1HDBA08,"가구주 교육정도별 자산, 부채, 소득 현황",930001,101,년,2012,2017,,,"자산,부채,소득",교육정도별
DT_1HDBA09,"가구주 종사상지위별 자산, 부채, 소득 현황",930001,101,년,2012,2017,,,"자산,부채,소득",가구주종사상지위별
DT_1HDBA10,"소득5분위별 자산, 부채, 소득 현황",930001,101,년,2012,2017,,,"자산,부채,소득",소득5분위별
DT_1HDBA11,"자산5분위별 자산, 부채, 소득 현황",930001,101,년,2012,2017,,,"자산,부채,소득",자산5분위별
DT_1HDBA12,"순자산5분위별 자산, 부채, 소득 현황",930001,101,년,2012,2017,,,"자산,부채,소득",순자산5분위별
DT_1HDBA13,"소득5분위별 가구주 종사상지위별 자산, 부채, 소득 현황",930001,101,년,2012,2017,,,"가구주,자산,부채,소득","소득5분위별,가구주종사상지위별"
DT_1HDBA14,"소득5분위별 자산5분위별 자산, 부채, 소득 현황",930001,101,년,2012,2017,,,"자산,부채,소득","소득5분위별,자산5분위별"
DT_1HDBA15,"소득5분위별 순자산5분위별 자산, 부채, 소득 현황",930001,101,년,2012,2017,,,"자산,부채,소득","소득5분위별,순자산5분위별"
DT_1HDBA16,가구주연령계층별(10세) 가계재무건전성,930001,101,년,2012,2017,,,가구주연령계층별가계재무건전성,가구주연령계층별
DT_1HDBA17,가구주종사상지위별 가계재무건전성,930001,101,년,2012,2017,,,"가구주종사상지위,가계재무건전성",가구주종사상지위별
DT_1HDBA18,소득5분위별 가계재무건전성,930001,101,년,2012,2017,,,가계재무건전성,소득5분위별
DT_1HDBA19,자산5분위별 가계재무건전성,930001,101,년,2012,2017,,,가계재무건전성,자산5분위별
DT_1HDBA20,순자산5분위별 가계재무건전성,930001,101,년,2012,2017,,,가계재무건전성,순자산5분위별
DT_1HDBA21,"순자산, 가구소득의 분위별 평균, 점유율 및 경계값",930001,101,년,2012,2017,,,"순자산,가구소득,점유율",분위별
DT_1HDBB01,가구특성별 소득원천별 가구소득,930001,101,년,2012,2017,,,가구소득,"가구특성별,소득원천별"
DT_1HDBB02,가구특성별 소득분위별 가구소득,930001,101,년,2012,2017,,,가구소득,"가구특성별,소득분위별"
DT_1HDBB03,가구특성별 소득구간별 가구분포,930001,101,년,2012,2017,,,가구,"가구특성별,소득구간별"
DT_1HDBB04,소득원천별 소득분위별 가구소득,930001,101,년,2012,2017,,,가구소득,"소득원천별,소득분위별"
DT_1HDBB05,소득분위별 순자산분위 가구분포,930001,101,년,2012,2017,,,"순자산분위,가구",소득분위별
DT_1HDBB06,가구특성별 비목별 소비지출,930001,101,년,2012,2017,,,"가구,소비지출","가구특성별,비목별"
DT_1HDBB07,가구특성별 소비지출구간별 가구분포,930001,101,년,2012,2017,,,가구,"가구특성별,소비지출구간별"
DT_1HDBB08,가구특성별 비목별 비소비지출,930001,101,년,2012,2017,,,"가구,비소비지출","가구특성별,비목별"
DT_1HDBC01,가구주 연령계층별(10세) 담보부채 상세현황,930001,101,년,2012,2017,,,"가구주,담보부채",가구주연령계층별
DT_1HDBC02,가구주 종사상지위별 담보부채 상세현황,930001,101,년,2012,2017,,,"가구주,담보부채",가구주종사상지위별
DT_1HDBC03,소득5분위별 담보부채 상세현황,930001,101,년,2012,2017,,,담보부채,소득5분위별
DT_1HDBC04,자산5분위별 담보부채 상세현황,930001,101,년,2012,2017,,,담보부채,자산5분위별
DT_1HDBC05,순자산5분위별 담보부채 상세현황,930001,101,년,2012,2017,,,순자산5분위별담보부채,순자산5분위별
DT_1HDBC06,가구주 연령계층별(10세) 신용부채 상세현황,930001,101,년,2012,2017,,,신용부채,가구주연령계층별
DT_1HDBC07,가구주 종사상지위별 신용부채 상세현황,930001,101,년,2012,2017,,,"가구주,신용부채",가구주종사상지위별
DT_1HDBC08,소득5분위별 신용부채 상세현황,930001,101,년,2012,2017,,,신용부채,소득5분위별
DT_1HDBC09,자산5분위별 신용부채 상세현황,930001,101,년,2012,2017,,,신용부채,자산5분위별
DT_1HDBC10,순자산5분위별 신용부채 상세현황,930001,101,년,2012,2017,,,신용부채,순자산5분위별
DT_1HDBD01,가구특성별 자산·부채,930001,101,년,2012,2017,,,"가구,자산,부채",가구특성별
DT_1HDBD02,"소득분위별 자산, 부채, 순자산 점유율",930001,101,년,2012,2017,,,"자산,부채,순자산",소득분위별
DT_1HDBD03,순자산 10분위별 가구 점유율,930001,101,년,2012,2017,,,가구,순자산10분위별
DT_1HDBD04,순자산 지니계수 현황,930001,101,년,2012,2017,,,순자산,
DT_1HDBD05,순자산 중앙값 대비 평균비,930001,101,년,2012,2017,,,순자산,
DT_1HDBR01,소득5분위별 자산 및 부채 현황 (상대표준오차),930001,101,년,2012,2017,,,"자산,부채",소득5분위별
DT_1HDBR02,자산5분위별 자산 및 부채 현황 (상대표준오차),930001,101,년,2012,2017,,,"자산,부채",자산5분위별
DT_1HDBR03,순자산5분위별 자산 및 부채 현황 (상대표준오차),930001,101,년,2012,2017,,,"자산,부채",순자산5분위별
DT_1HDCA02_HF,"주택종류별 자산, 부채, 소득 현황",930001,101,년,2010,2011,,,"자산,부채,소득",주택종류별
DT_1HDCA03_HF,"입주형태별 자산, 부채, 소득 현황",930001,101,년,2010,2011,,,"자산,부채,소득",입주형태별
DT_1HDCA04_HF,"가구원수별 자산, 부채, 소득 현황",930001,101,년,2010,2011,,,"자산,부채,소득",가구원수별
DT_1HDCA05_HF,"가구주 성별 자산, 부채, 소득 현황",930001,101,년,2010,2011,,,"가구주,자산,부채,소득",성별
DT_1HDCA06_HF,"가구주연령계층별(10세) 자산, 부채, 소득 현황",930001,101,년,2010,2011,,,"자산,부채,소득",가구주연령계층별
DT_1HDCA07_HF,"가구주 혼인상태별 자산, 부채, 소득 현황",930001,101,년,2010,2011,,,"자산,부채,소득",가구주혼인상태별
DT_1HDCA08_HF,"가구주 교육정도별 자산, 부채, 소득 현황",930001,101,년,2010,2011,,,"자산,부채,소득",교육정도별
DT_1HDCA09_HF,"가구주 종사상지위별 자산, 부채, 소득 현황",930001,101,년,2010,2011,,,"자산,부채,소득",가구주종사상지위별
DT_1HDCA10_HF,"소득5분위별 자산, 부채, 소득 현황",930001,101,년,2010,2011,,,"자산,부채,소득",소득5분위별
DT_1HDCA11_HF,"자산5분위별 자산, 부채, 소득 현황",930001,101,년,2010,2011,,,"자산,부채,소득",자산5분위별
DT_1HDCA12_HF,"순자산5분위별 자산, 부채, 소득 현황",930001,101,년,2010,2011,,,"자산,부채,소득",순자산5분위별
DT_1HDCA13_HF,"소득5분위별 가구주 종사상지위별 자산, 부채, 소득 현황",930001,101,년,2010,2011,,,"가구주,자산,부채,소득","소득5분위별,가구주종사상지위별"
DT_1HDCA14_HF,"소득5분위별 자산5분위별 자산, 부채, 소득 현황",930001,101,년,2010,2011,,,"자산,부채,소득","소득5분위별,자산5분위별"
DT_1HDCA15_HF,"소득5분위별 순자산5분위별 자산, 부채, 소득 현황",930001,101,년,2010,2011,,,"자산,부채,소득","소득5분위별,순자산5분위별"
DT_1HDCB01_HF,가구주연령계층별(10세) 가계재무건전성,930001,101,년,2010,2011,,,가구주연령계층별가계재무건전성,가구주연령계층별
DT_1HDCB02_HF,가구주종사상지위별 가계재무건전성,930001,101,년,2010,2011,,,"가구주종사상지위,가계재무건전성",가구주종사상지위별
DT_1HDCB03_HF,소득5분위별 가계재무건전성,930001,101,년,2010,2011,,,가계재무건전성,소득5분위별
DT_1HDCB04_HF,자산5분위별 가계재무건전성,930001,101,년,2010,2011,,,가계재무건전성,자산5분위별
DT_1HDCB05_HF,순자산5분위별 가계재무건전성,930001,101,년,2010,2011,,,가계재무건전성,순자산5분위별
DT_1HDFC01_HF,가구주 연령계층별 담보부채 상세현황,930001,101,년,2010,2011,,,"가구주,담보부채",가구주연령계층별
DT_1HDFC02_HF,가구주 종사상지위별 담보부채 상세현황,930001,101,년,2010,2011,,,"가구주,담보부채",가구주종사상지위별
DT_1HDFC03_HF,소득5분위별 담보부채 상세현황,930001,101,년,2010,2011,,,담보부채,소득5분위별
DT_1HDFC04_HF,자산5분위별 담보부채 상세현황,930001,101,년,2010,2011,,,담보부채,자산5분위별
DT_1HDFC05_HF,순자산5분위별 담보부채 상세현황,930001,101,년,2010,2011,,,"순자산5분위별,담보부채",순자산5분위별
DT_1HDFE01_HF,가구주 연령계층별(10세) 신용부채 상세현황,930001,101,년,2010,2011,,,신용부채,가구주연령계층별
DT_1HDFE02_HF,가구주 종사상지위별 신용부채 상세현황,930001,101,년,2010,2011,,,신용부채,가구주종사상지위별
DT_1HDFE03_HF,소득5분위별 신용부채 상세현황,930001,101,년,2010,2011,,,신용부채,소득5분위별
DT_1HDFE04_HF,자산5분위별 신용부채 상세현황,930001,101,년,2010,2011,,,신용부채,자산5분위별
DT_1HDFE05_HF,순자산5분위별 신용부채 상세현황,930001,101,년,2010,2011,,,신용부채,순자산5분위별
DT_1HDLA01,개인특성별 종사상지위별 개인소득,930001,101,년,2012,2013,,,종사상지위별개인소득,"개인특성별,종사상지위별"
DT_1HDLA02,개인특성별 산업별 개인소득,930001,101,년,2012,2013,,,개인소득,"개인특성별,산업별"
DT_1HDLA03,개인특성별 직업별 개인소득,930001,101,년,2012,2013,,,개인소득,"개인특성별,직업별"
DT_1HDLA04,개인특성별 근속기간별 개인소득,930001,101,년,2012,2013,,,개인소득,"개인특성별,근속기간별"
DT_1HDLA05,개인특성별 소득분위별 개인소득,930001,101,년,2012,2013,,,개인소득,"개인특성별,소득분위별"
DT_1HDLA06,개인특성별 소득구간별 평소취업자,930001,101,년,2012,2013,,,"소득구간별,평소취업자","개인특성별,소득구간별"
DT_1HDLC01,개인특성별 경제활동상태별 15세이상 인구,930001,101,년,2012,2013,,15세이상,경제활동상태별인구,"개인특성별,경제활동상태별"
DT_1HDLC02,개인특성별 산업별 평소 취업자,930001,101,년,2012,2013,,,취업자,"개인특성별,산업별"
DT_1HDLC03,개인특성별 직업별 평소취업자,930001,101,년,2012,2013,,,"직업,개인특성","개인특성별,직업별"
DT_1HDLC04,개인특성별 주당근로시간별 평소 취업자,930001,101,년,2012,2013,,,취업자,"개인특성별,주당근로시간별"
DT_1HDLC05,개인특성별 종사상지위별 평소취업자,930001,101,년,2012,2013,,,"종사상지위,개인특성","개인특성별,종사상지위별"
DT_1HDLC06,개인특성별 종사자규모별 평소 취업자,930001,101,년,2012,2013,,,취업자,"개인특성별,종사자규모별"
DT_1HDLC07,개인특성별 근속기간별 평소취업자,930001,101,년,2012,2013,,,평소취업자,"개인특성별,근속기간별"
DT_1HDLC08,개인특성별 이직사유별 평소취업자,930001,101,년,2012,2013,,,평소취업자,"개인특성별,이직사유별"
DT_1HDLC09,개인특성별 직장이동 횟수별 평소취업자,930001,101,년,2012,2013,,,"직장이동횟수,평소취업자","개인특성별,직장이동횟수별"
DT_1HDLC10,개인특성별 구직기간별 평소구직자,930001,101,년,2012,2013,,,평소구직자,"개인특성별,구직기간별"
DT_1HDLC11,개인특성별 활동상태별 평소 비경제활동인구,930001,101,년,2012,2013,,,비경제활동인구,"개인특성별,활동상태별"
DT_1HDLD01,개인특성별 아동보육별 아동,930001,101,년,2012,2013,,,아동,"개인특성별,아동보육별"
DT_1HDLD02,개인특성별 활동제약별 인구,930001,101,년,2012,2012,,,활동제약별인구,"활동제약별,개인특성별"
DT_1HDLD03,개인특성별 간호수발자별 인구,930001,101,년,2012,2012,,,간호수발자인구,"개인특성별,간호수발자별"
DT_1HDLD04,개인특성별 노후준비별 인구(만40세 이상),930001,101,년,2012,2012,,40세 이상,인구,"개인특성별,노후준비별"
DT_1HDLE01,가구특성별 빈곤율,930001,101,년,2012,2016,,,"가구,빈곤율",가구특성별
DT_1HDLE02,개인특성별 빈곤율,930001,101,년,2012,2016,,,빈곤율,개인특성별
DT_1HDLE03,"균등화 처분가능소득의 분위별 평균, 점유율 및 경계값",930001,101,년,2012,2016,,,처분가능소득,분위별
DT_1HDLF05,소득분배지표,930001,101,년,2011,2021,,,소득분배,"소득원천별,소득항목별"
DT_1HDLF06,소득분배지표(연령계층별),930001,101,년,2011,2021,,,소득분배지표,연령계층별
DT_1HDLF07,소득분배지표(성별),930001,101,년,2011,2021,,,"소득분배지표,성별",성별
DT_1LC1101,연간소득 계층별 자산현황,930001,101,5년,2006,2006,,,자산현황,계층별
DT_1LC1103,연간소득 5분위별 자산현황,930001,101,5년,2006,2006,,,자산현황,소득분위별
DT_1LC1108,가구주 성별 자산현황,930001,101,5년,2006,2006,,,"가구주,자산현황",성별
DT_1LC1109,가구주 연령계층별 자산현황,930001,101,5년,2006,2006,,,"자산,가구주",가구주연령계층별
DT_1LC1110,가구주 교육정도별 자산현황,930001,101,5년,2006,2006,,,자산현황,교육정도별
DT_1LC1113,입주형태별 자산현황,930001,101,5년,2006,2006,,,자산현황,입주형태별
DT_1LC1114,주택종류별 자산현황,930001,101,5년,2006,2006,,,자산현황,주택종류별
DT_1LC1123,부동산소유여부별 자산현황,930001,101,5년,2006,2006,,,자산현황,부동산소유여부별
DT_1LD1101,연간소득 계층별 자산현황,930001,101,5년,2006,2006,,,자산현황,계층별
DT_1LD1103,연간소득 5분위별 자산현황,930001,101,5년,2006,2006,,,자산현황,소득분위별
DT_1LD1108,가주주 성별 자산현황,930001,101,5년,2006,2006,,,자산현황,성별
DT_1LD1109,가구주 연령계층별 자산현황,930001,101,5년,2006,2006,,,"자산,가구주",가구주연령계층별
DT_1LD1110,가구주 교육정도별 자산현황,930001,101,5년,2006,2006,,,자산현황,교육정도별
DT_1LD1113,입주형태별 자산현황,930001,101,5년,2006,2006,,,자산현황,입주형태별
DT_1LD1114,주택종류별 자산현황,930001,101,5년,2006,2006,,,자산현황,주택종류별
DT_1LD1123,부동산소유여부별 자산현황,930001,101,5년,2006,2006,,,자산현황,부동산소유여부별
INH_1HDAA01_01,가구소득(시도): 2017년~2022년,930001,101,년,2017,2022,,,가구소득,"행정구역별,연도별"
INH_1HDAA01_02,가구 자산 및 부채(시도): 2017년~2022년,930001,101,년,2017,2022,,,"가구,자산,부채",행정구역별
INH_1HD_AAA01_01,가구소득(시도): 2022년 이후,930001,101,년,2021,2023,,,가구소득,행정구역별
INH_1HD_AAA01_02,가구 자산 및 부채(시도): 2022년 이후,930001,101,년,2021,2023,,,"가구,자산,부채",행정구역별
DT_1A02001,성별 · 연령별 귀농가구원,930002,101,년,2013,2023,,,귀농가구원,"성별,연령별"
DT_1A02002,시도별(시군별) · 성별 귀농가구원,930002,101,년,2013,2023,,,귀농가구원,"행정구역별,성별"
DT_1A02003,시도별(시군별) · 연령별 귀농가구원,930002,101,년,2013,2023,,,귀농가구원,"행정구역별,연령별"
DT_1A02004,시도별 · 연령별 · 겸업여부 귀농인,930002,101,년,2013,2023,,,귀농인,"행정구역별,연령별,겸업여부별"
DT_1A02005,시도별 · 전 거주지역별 귀농가구원,930002,101,년,2013,2023,,,귀농가구원,"행정구역별,거주지형태별"
DT_1A02006,시도별 · 이동유형별 귀농가구원,930002,101,년,2013,2023,,,귀농가구원,"행정구역별,이동유형별"
DT_1A02007,시도별 · 성별 · 연령별 귀농가구주,930002,101,년,2013,2023,,,귀농가구주,"시도별,성별,연령별"
DT_1A02008,시도별(시군별) · 가구원수별 귀농가구,930002,101,년,2013,2023,,,귀농가구,"행정구역별,가구원수별"
DT_1A02009,시도별(시군별) · 가구 구성형태별 귀농가구,930002,101,년,2013,2023,,,귀농가구,"행정구역별,가구구성형태별"
DT_1A02010,시도별 · 작물별 작물재배 귀농가구,930002,101,년,2013,2023,,,귀농가구,"시도별,작물별"
DT_1A02011,시도별 · 작물별 가구당 평균 재배면적,930002,101,년,2013,2023,,,작물별가구당평균재배면적,"시도별,작물별"
DT_1A02012,시도별 · 재배면적규모별 작물재배 귀농가구,930002,101,년,2013,2023,,,작물재배귀농가구,"행정구역별,재배면적규모별"
DT_1A02013,시도별 · 농지경영형태별 작물재배 귀농가구,930002,101,년,2013,2023,,,귀농가구,"시도별,농지경영형태별"
DT_1A02014,성별 · 연령별 귀촌인,930002,101,년,2013,2023,,,귀촌인,"성별,연령별"
DT_1A02015,시도별(시군별) · 성별 귀촌인,930002,101,년,2013,2023,,,귀촌인,"행정구역별,성별"
DT_1A02016,시도별(시군별) · 연령별 귀촌인,930002,101,년,2013,2023,,,귀촌인,"행정구역별,연령별"
DT_1A02017,시도별 · 전 거주지역별 귀촌인,930002,101,년,2013,2023,,,귀촌인,"행정구역별,전거주지역별"
DT_1A02018,시도별 · 이동유형별 귀촌인,930002,101,년,2013,2023,,,귀촌인,"행정구역별,이동유형별"
DT_1A02019,시도별 · 성별 · 연령별 귀촌가구주,930002,101,년,2013,2023,,,귀촌가구주,"행정구역별,성별,연령별"
DT_1A02020,시도별(시군별) · 가구원수별 귀촌가구,930002,101,년,2013,2023,,,귀촌가구,"행정구역별,가구원수별"
DT_1A02021,시도별(시군별) · 가구 구성형태별 귀촌가구,930002,101,년,2013,2023,,,귀촌가구,"행정구역별,가구구성형태별"
DT_1A02022,성별 · 연령별 귀어가구원,930002,101,년,2013,2023,,,귀어가구원,"성별,연령별"
DT_1A02023,시도별 · 성별 귀어가구원,930002,101,년,2013,2023,,,귀어가구원,"시도별,성별"
DT_1A02024,시도별 · 연령별 귀어가구원,930002,101,년,2013,2023,,,귀어가구원,"행정구역별,연령별"
DT_1A02025,시도별 · 연령별 · 겸업여부 귀어인,930002,101,년,2013,2023,,,귀어인,"행정구역별,연령별,겸업여부별"
DT_1A02026,시도별 · 전 거주지역별 귀어가구원,930002,101,년,2013,2023,,,귀어가구원,"행정구역별,전거주지역별"
DT_1A02027,시도별 · 이동유형별 귀어가구원,930002,101,년,2013,2023,,,귀어가구원,"행정구역별,이동유형별"
DT_1A02028,시도별 · 성별 · 연령별 귀어가구주,930002,101,년,2013,2023,,,귀어가구주,"행정구역별,성별,연령별"
DT_1A02029,시도별 · 가구원수별 귀어가구,930002,101,년,2013,2023,,,귀어가구,"행정구역별,가구원수별"
DT_1A02030,시도별 · 가구 구성형태별 귀어가구,930002,101,년,2013,2023,,,귀어가구,"행정구역별,가구구성형태별"
DT_1A02031,시도별 · 가축별 축산 귀농가구,930002,101,년,2017,2023,,,귀농가구,"행정구역별,축산별"
DT_1A02032,시도별 · 전입사유별 귀촌가구,930002,101,년,2017,2023,,,귀촌가구,"행정구역별,전입사유별"
DT_1A02033,시도별 · 업종별 귀어인,930002,101,년,2017,2023,,,귀어인,"시도별,업종별"
DT_1A02034,성별 · 연령별 귀산촌인,930002,101,년,2018,2023,,,귀산촌인,"성별,연령별"
DT_1A02035,시도별(시군별) · 성별 귀산촌인,930002,101,년,2018,2023,,,귀산촌인,"행정구역별,성별"
DT_1A02036,시도별(시군별) · 연령별 귀산촌인,930002,101,년,2018,2023,,,귀산촌인,"행정구역별,연령별"
DT_1A02037,시도별 · 전 거주지역별 귀산촌인,930002,101,년,2018,2023,,,귀산촌인,"행정구역별,거주지별"
DT_1A02038,시도별 · 이동유형별 귀산촌인,930002,101,년,2018,2023,,,귀산촌인,"행정구역별,이동유형별"
DT_1A02039,시도별 · 성별 · 연령별 귀산촌가구주,930002,101,년,2018,2023,,,귀산촌가구주,"시도별,성별,연령별"
DT_1A02040,시도별(시군별) · 가구원수별 귀산촌가구,930002,101,년,2018,2023,,,귀산촌가구,"행정구역별,가구원수별"
DT_1A02041,시도별(시군별) · 가구 구성형태별 귀산촌가구,930002,101,년,2018,2023,,,귀산촌가구,"행정구역별,가구구성형태별"
DT_1A02042,시도별 · 전입사유별 귀산촌가구,930002,101,년,2018,2023,,,귀산촌가구,"시도별,전입사유별"
